h,k,l,intensity_exp,intensity_exp_err,intensity_sim,normalised_intensity_exp
0.0,-0.111111111111111,0.0,0.0,0.0,0.003803186,0.0
0.0,-0.222222222222222,0.0,0.0,0.0,0.04429685,0.0
0.0,-0.333333333333333,0.0,0.0,0.0,0.0281889,0.0
0.0,-0.444444444444444,0.0,0.0,0.0,0.19750337,0.0
0.0,-0.555555555555556,0.0,0.0,0.0,0.0038680378,0.0
0.0,-0.666666666666667,0.0,0.0,0.0,0.065995805,0.0
0.0,-0.777777777777778,0.0,0.0,0.0,0.026408143,0.0
0.0,-0.888888888888889,0.0,1.72320564623419,0.0,0.13691162,0.041787570021460385
0.0,-1.11111111111111,0.0,0.0,0.0,0.10244653,0.0
0.0,-1.22222222222222,0.0,0.0,0.0,0.004569295,0.0
0.0,-1.33333333333333,0.0,0.391262726229631,0.0,0.096443966,0.00948808321562694
0.0,-1.44444444444444,0.0,0.0,0.0,0.0025527377,0.0
0.0,-1.55555555555556,0.0,0.0,0.0,0.012374837,0.0
0.0,-1.66666666666667,0.0,0.0,0.0,0.0030224514,0.0
0.0,-1.77777777777778,0.0,178.033015491396,0.0,0.3405195,4.317283382419575
0.0,-1.88888888888889,0.0,0.0,0.0,0.012829167,0.0
0.0,-2.11111111111111,0.0,0.0,0.0,0.010389791,0.0
0.0,-2.22222222222222,0.0,0.0,0.0,0.049350653,0.0
0.0,-2.33333333333333,0.0,15.8712996311208,0.0,0.007475198,0.3848774788525179
0.0,-2.44444444444444,0.0,0.0,0.0,0.04644949,0.0
0.0,-2.55555555555556,0.0,0.0,0.0,0.023525417,0.0
0.0,-2.66666666666667,0.0,0.824367156681975,0.0,0.06427038,0.019990823706109533
0.0,-2.77777777777778,0.0,0.0,0.0,0.0044059763,0.0
0.0,-2.88888888888889,0.0,0.0,0.0,0.070208706,0.0
0.0,-3.11111111111111,0.0,0.0,0.0,0.06902579,0.0
0.0,-3.22222222222222,0.0,0.0,0.0,0.00069980073,0.0
0.0,-3.33333333333333,0.0,2.49197608789587,0.0,0.026016533,0.06043017877310358
0.0,-3.44444444444444,0.0,0.0,0.0,0.007787372,0.0
0.0,-3.55555555555556,0.0,23.7481817590712,0.0,0.02693071,0.5758911075461322
0.0,-3.66666666666667,0.0,12.7556851483147,0.0,0.0005122545,0.3093241294048443
0.0,-3.77777777777778,0.0,0.0,0.0,0.04516201,0.0
0.0,-3.88888888888889,0.0,0.0,0.0,0.0030704427,0.0
0.0,-4.11111111111111,0.0,0.0,0.0,0.00040593115,0.0
0.0,-4.22222222222222,0.0,0.0,0.0,0.023703504,0.0
0.0,-4.33333333333333,0.0,8.26027457878463,0.0,0.0029744573,0.20031085849317207
0.0,-4.44444444444444,0.0,0.0,0.0,0.014277107,0.0
0.0,-4.55555555555556,0.0,0.0,0.0,0.0046528326,0.0
0.0,-4.66666666666667,0.0,0.0,0.0,0.037049178,0.0
0.0,-4.77777777777778,0.0,0.0,0.0,7.857251e-05,0.0
0.0,-4.88888888888889,0.0,0.0,0.0,0.03087025,0.0
0.0,-0.0,0.111111111111111,0.0,0.0,4.911684,0.0
0.0,-0.111111111111111,0.111111111111111,0.0,0.0,0.0011524078,0.0
0.0,-0.222222222222222,0.111111111111111,0.0,0.0,0.030482743,0.0
0.0,-0.333333333333333,0.111111111111111,0.0,0.0,0.01497812,0.0
0.0,-0.444444444444444,0.111111111111111,0.0,0.0,0.1326447,0.0
0.0,-0.555555555555556,0.111111111111111,0.0,0.0,0.0026528782,0.0
0.0,-0.666666666666667,0.111111111111111,0.0,0.0,0.04278771,0.0
0.0,-0.777777777777778,0.111111111111111,0.0,0.0,0.018079588,0.0
0.0,-0.888888888888889,0.111111111111111,0.0,0.0,0.094422385,0.0
0.0,-1.0,0.111111111111111,0.0,0.0,0.010924013,0.0
0.0,-1.11111111111111,0.111111111111111,0.0,0.0,0.060041256,0.0
0.0,-1.22222222222222,0.111111111111111,0.0,0.0,0.0053337757,0.0
0.0,-1.33333333333333,0.111111111111111,0.0,0.0,0.068465844,0.0
0.0,-1.44444444444444,0.111111111111111,0.0,0.0,0.005029227,0.0
0.0,-1.55555555555556,0.111111111111111,0.0,0.0,0.0066836025,0.0
0.0,-1.66666666666667,0.111111111111111,0.0,0.0,0.0018095316,0.0
0.0,-1.77777777777778,0.111111111111111,0.0,0.0,0.23509344,0.0
0.0,-1.88888888888889,0.111111111111111,0.0,0.0,0.0069339704,0.0
0.0,-2.0,0.111111111111111,0.0,0.0,0.03022317,0.0
0.0,-2.11111111111111,0.111111111111111,0.0,0.0,0.0062028635,0.0
0.0,-2.22222222222222,0.111111111111111,0.0,0.0,0.04000564,0.0
0.0,-2.33333333333333,0.111111111111111,0.0,0.0,0.004477981,0.0
0.0,-2.44444444444444,0.111111111111111,0.0,0.0,0.030634347,0.0
0.0,-2.55555555555556,0.111111111111111,0.0,0.0,0.020806955,0.0
0.0,-2.66666666666667,0.111111111111111,0.0,0.0,0.045773596,0.0
0.0,-2.77777777777778,0.111111111111111,0.0,0.0,0.0022703658,0.0
0.0,-2.88888888888889,0.111111111111111,0.0,0.0,0.06268368,0.0
0.0,-3.0,0.111111111111111,0.0,0.0,0.0030235362,0.0
0.0,-3.11111111111111,0.111111111111111,0.0,0.0,0.048603505,0.0
0.0,-3.22222222222222,0.111111111111111,0.0,0.0,0.00058689754,0.0
0.0,-3.33333333333333,0.111111111111111,0.0,0.0,0.018974818,0.0
0.0,-3.44444444444444,0.111111111111111,0.0,0.0,0.006183801,0.0
0.0,-3.55555555555556,0.111111111111111,0.0,0.0,0.014874721,0.0
0.0,-3.66666666666667,0.111111111111111,0.0,0.0,0.0007688026,0.0
0.0,-3.77777777777778,0.111111111111111,0.0,0.0,0.029933061,0.0
0.0,-3.88888888888889,0.111111111111111,0.0,0.0,0.0006046711,0.0
0.0,-4.0,0.111111111111111,0.0,0.0,0.024278203,0.0
0.0,-4.11111111111111,0.111111111111111,0.0,0.0,0.000103149876,0.0
0.0,-4.22222222222222,0.111111111111111,0.0,0.0,0.018948361,0.0
0.0,-4.33333333333333,0.111111111111111,0.0,0.0,0.0021981022,0.0
0.0,-4.44444444444444,0.111111111111111,0.0,0.0,0.009918233,0.0
0.0,-4.55555555555556,0.111111111111111,0.0,0.0,0.0034321602,0.0
0.0,-4.66666666666667,0.111111111111111,0.0,0.0,0.024711745,0.0
0.0,-4.77777777777778,0.111111111111111,0.0,0.0,0.00044789637,0.0
0.0,-4.88888888888889,0.111111111111111,0.0,0.0,0.019537106,0.0
0.0,-5.0,0.111111111111111,0.0,0.0,0.002128699,0.0
0.0,-0.0,0.222222222222222,0.0,0.0,1.0915685,0.0
0.0,-0.111111111111111,0.222222222222222,0.0,0.0,0.0009233431,0.0
0.0,-0.222222222222222,0.222222222222222,0.0,0.0,0.0076396717,0.0
0.0,-0.333333333333333,0.222222222222222,0.0,0.0,0.007503726,0.0
0.0,-0.444444444444444,0.222222222222222,0.0,0.0,0.038154807,0.0
0.0,-0.555555555555556,0.222222222222222,0.0,0.0,0.004077978,0.0
0.0,-0.666666666666667,0.222222222222222,0.0,0.0,0.0065008732,0.0
0.0,-0.777777777777778,0.222222222222222,0.0,0.0,0.00093188626,0.0
0.0,-0.888888888888889,0.222222222222222,0.0,0.0,0.04078638,0.0
0.0,-1.0,0.222222222222222,0.0,0.0,0.0041498826,0.0
0.0,-1.11111111111111,0.222222222222222,0.0,0.0,0.012013047,0.0
0.0,-1.22222222222222,0.222222222222222,0.0,0.0,0.002376939,0.0
0.0,-1.33333333333333,0.222222222222222,0.0,0.0,0.011511459,0.0
0.0,-1.44444444444444,0.222222222222222,0.0,0.0,0.003459262,0.0
0.0,-1.55555555555556,0.222222222222222,0.0,0.0,0.0057166032,0.0
0.0,-1.66666666666667,0.222222222222222,0.0,0.0,0.0015757215,0.0
0.0,-1.77777777777778,0.222222222222222,0.0,0.0,0.06425047,0.0
0.0,-1.88888888888889,0.222222222222222,0.0,0.0,0.0049242093,0.0
0.0,-2.0,0.222222222222222,0.0,0.0,0.004638018,0.0
0.0,-2.11111111111111,0.222222222222222,0.0,0.0,0.003553877,0.0
0.0,-2.22222222222222,0.222222222222222,0.0,0.0,0.02288675,0.0
0.0,-2.33333333333333,0.222222222222222,0.0,0.0,0.0011160864,0.0
0.0,-2.44444444444444,0.222222222222222,0.0,0.0,0.00635698,0.0
0.0,-2.55555555555556,0.222222222222222,0.0,0.0,0.008450941,0.0
0.0,-2.66666666666667,0.222222222222222,0.0,0.0,0.017896619,0.0
0.0,-2.77777777777778,0.222222222222222,0.0,0.0,0.0014097565,0.0
0.0,-2.88888888888889,0.222222222222222,0.0,0.0,0.020173881,0.0
0.0,-3.0,0.222222222222222,0.0,0.0,0.0031860338,0.0
0.0,-3.11111111111111,0.222222222222222,0.0,0.0,0.007862162,0.0
0.0,-3.22222222222222,0.222222222222222,0.0,0.0,0.0016365112,0.0
0.0,-3.33333333333333,0.222222222222222,0.0,0.0,0.0074001746,0.0
0.0,-3.44444444444444,0.222222222222222,0.0,0.0,0.002180872,0.0
0.0,-3.55555555555556,0.222222222222222,0.0,0.0,0.002861215,0.0
0.0,-3.66666666666667,0.222222222222222,0.0,0.0,0.001188216,0.0
0.0,-3.77777777777778,0.222222222222222,0.0,0.0,0.004781177,0.0
0.0,-3.88888888888889,0.222222222222222,0.0,0.0,0.0001747125,0.0
0.0,-4.0,0.222222222222222,0.0,0.0,0.004954554,0.0
0.0,-4.11111111111111,0.222222222222222,0.0,0.0,9.07003e-05,0.0
0.0,-4.22222222222222,0.222222222222222,0.0,0.0,0.0036625734,0.0
0.0,-4.33333333333333,0.222222222222222,0.0,0.0,0.0016883838,0.0
0.0,-4.44444444444444,0.222222222222222,0.0,0.0,0.0017511514,0.0
0.0,-4.55555555555556,0.222222222222222,0.0,0.0,0.00076568784,0.0
0.0,-4.66666666666667,0.222222222222222,0.0,0.0,0.0061482866,0.0
0.0,-4.77777777777778,0.222222222222222,0.0,0.0,0.0009299179,0.0
0.0,-4.88888888888889,0.222222222222222,0.0,0.0,0.003248386,0.0
0.0,-5.0,0.222222222222222,0.0,0.0,0.0018563578,0.0
0.0,-0.0,0.333333333333333,0.0,0.0,0.0021391034,0.0
0.0,-0.111111111111111,0.333333333333333,0.0,0.0,0.0015971073,0.0
0.0,-0.222222222222222,0.333333333333333,0.0,0.0,0.0011029418,0.0
0.0,-0.333333333333333,0.333333333333333,0.0,0.0,0.007883456,0.0
0.0,-0.444444444444444,0.333333333333333,0.0,0.0,0.0034133408,0.0
0.0,-0.555555555555556,0.333333333333333,0.0,0.0,0.009811913,0.0
0.0,-0.666666666666667,0.333333333333333,0.0,0.0,0.004445378,0.0
0.0,-0.777777777777778,0.333333333333333,0.0,0.0,0.00838228,0.0
0.0,-0.888888888888889,0.333333333333333,0.0,0.0,0.012076718,0.0
0.0,-1.0,0.333333333333333,0.0,0.0,0.023190102,0.0
0.0,-1.11111111111111,0.333333333333333,0.0,0.0,0.0005826967,0.0
0.0,-1.22222222222222,0.333333333333333,0.0,0.0,0.00014360489,0.0
0.0,-1.33333333333333,0.333333333333333,0.0,0.0,0.0021163747,0.0
0.0,-1.44444444444444,0.333333333333333,0.0,0.0,0.00062323123,0.0
0.0,-1.55555555555556,0.333333333333333,0.0,0.0,0.007103096,0.0
0.0,-1.66666666666667,0.333333333333333,0.0,0.0,0.0013872474,0.0
0.0,-1.77777777777778,0.333333333333333,0.0,0.0,0.0013415796,0.0
0.0,-1.88888888888889,0.333333333333333,0.0,0.0,0.0080782855,0.0
0.0,-2.0,0.333333333333333,0.0,0.0,0.0017874102,0.0
0.0,-2.11111111111111,0.333333333333333,0.0,0.0,0.0027991873,0.0
0.0,-2.22222222222222,0.333333333333333,0.0,0.0,0.011216827,0.0
0.0,-2.33333333333333,0.333333333333333,0.0,0.0,0.0027950003,0.0
0.0,-2.44444444444444,0.333333333333333,0.0,0.0,3.1651838e-05,0.0
0.0,-2.55555555555556,0.333333333333333,0.0,0.0,0.0010541638,0.0
0.0,-2.66666666666667,0.333333333333333,0.0,0.0,0.0018982154,0.0
0.0,-2.77777777777778,0.333333333333333,0.0,0.0,0.0045807143,0.0
0.0,-2.88888888888889,0.333333333333333,0.0,0.0,0.00015221503,0.0
0.0,-3.0,0.333333333333333,0.0,0.0,0.0030636515,0.0
0.0,-3.11111111111111,0.333333333333333,0.0,0.0,0.0014863883,0.0
0.0,-3.22222222222222,0.333333333333333,0.0,0.0,0.0033639283,0.0
0.0,-3.33333333333333,0.333333333333333,0.0,0.0,0.0018759293,0.0
0.0,-3.44444444444444,0.333333333333333,0.0,0.0,0.00041071523,0.0
0.0,-3.55555555555556,0.333333333333333,0.0,0.0,3.1031737e-05,0.0
0.0,-3.66666666666667,0.333333333333333,0.0,0.0,0.0019013636,0.0
0.0,-3.77777777777778,0.333333333333333,0.0,0.0,0.0014300016,0.0
0.0,-3.88888888888889,0.333333333333333,0.0,0.0,0.00038299535,0.0
0.0,-4.0,0.333333333333333,0.0,0.0,0.000494386,0.0
0.0,-4.11111111111111,0.333333333333333,0.0,0.0,0.00024259348,0.0
0.0,-4.22222222222222,0.333333333333333,0.0,0.0,0.0009015749,0.0
0.0,-4.33333333333333,0.333333333333333,0.0,0.0,0.002250801,0.0
0.0,-4.44444444444444,0.333333333333333,0.0,0.0,0.0004479728,0.0
0.0,-4.55555555555556,0.333333333333333,0.0,0.0,0.0020553693,0.0
0.0,-4.66666666666667,0.333333333333333,0.0,0.0,0.00022056885,0.0
0.0,-4.77777777777778,0.333333333333333,0.0,0.0,0.0008708718,0.0
0.0,-4.88888888888889,0.333333333333333,0.0,0.0,0.00063852465,0.0
0.0,-5.0,0.333333333333333,0.0,0.0,0.0041009123,0.0
0.0,-0.0,0.444444444444444,0.0,0.0,0.0940329,0.0
0.0,-0.111111111111111,0.444444444444444,0.0,0.0,0.0041307355,0.0
0.0,-0.222222222222222,0.444444444444444,0.0,0.0,0.0027284545,0.0
0.0,-0.333333333333333,0.444444444444444,0.0,0.0,0.004416812,0.0
0.0,-0.444444444444444,0.444444444444444,0.0,0.0,0.0035152682,0.0
0.0,-0.555555555555556,0.444444444444444,0.0,0.0,0.010251578,0.0
0.0,-0.666666666666667,0.444444444444444,0.0,0.0,0.007503361,0.0
0.0,-0.777777777777778,0.444444444444444,0.0,0.0,0.014711225,0.0
0.0,-0.888888888888889,0.444444444444444,0.0,0.0,0.0024428826,0.0
0.0,-1.0,0.444444444444444,0.0,0.0,0.05000648,0.0
0.0,-1.11111111111111,0.444444444444444,0.0,0.0,0.0048721964,0.0
0.0,-1.22222222222222,0.444444444444444,0.0,0.0,0.00038407158,0.0
0.0,-1.33333333333333,0.444444444444444,0.0,0.0,0.01080231,0.0
0.0,-1.44444444444444,0.444444444444444,0.0,0.0,0.0018266124,0.0
0.0,-1.55555555555556,0.444444444444444,0.0,0.0,0.0055146674,0.0
0.0,-1.66666666666667,0.444444444444444,0.0,0.0,0.0027648492,0.0
0.0,-1.77777777777778,0.444444444444444,0.0,0.0,0.012587478,0.0
0.0,-1.88888888888889,0.444444444444444,0.0,0.0,0.0042953305,0.0
0.0,-2.0,0.444444444444444,0.0,0.0,0.008793869,0.0
0.0,-2.11111111111111,0.444444444444444,0.0,0.0,0.00074333925,0.0
0.0,-2.22222222222222,0.444444444444444,0.0,0.0,0.0051998473,0.0
0.0,-2.33333333333333,0.444444444444444,0.0,0.0,0.0072113685,0.0
0.0,-2.44444444444444,0.444444444444444,0.0,0.0,0.00039372293,0.0
0.0,-2.55555555555556,0.444444444444444,0.0,0.0,0.00046117455,0.0
0.0,-2.66666666666667,0.444444444444444,0.0,0.0,0.0022215964,0.0
0.0,-2.77777777777778,0.444444444444444,0.0,0.0,0.0070700743,0.0
0.0,-2.88888888888889,0.444444444444444,0.0,0.0,0.003578894,0.0
0.0,-3.0,0.444444444444444,0.0,0.0,0.001459985,0.0
0.0,-3.11111111111111,0.444444444444444,0.0,0.0,0.008183418,0.0
0.0,-3.22222222222222,0.444444444444444,0.0,0.0,0.0026893343,0.0
0.0,-3.33333333333333,0.444444444444444,0.0,0.0,0.0012177201,0.0
0.0,-3.44444444444444,0.444444444444444,0.0,0.0,0.002597667,0.0
0.0,-3.55555555555556,0.444444444444444,0.0,0.0,0.0014812837,0.0
0.0,-3.66666666666667,0.444444444444444,0.0,0.0,0.0015050673,0.0
0.0,-3.77777777777778,0.444444444444444,0.0,0.0,0.005957421,0.0
0.0,-3.88888888888889,0.444444444444444,0.0,0.0,0.00064200885,0.0
0.0,-4.0,0.444444444444444,0.0,0.0,0.002904771,0.0
0.0,-4.11111111111111,0.444444444444444,0.0,0.0,0.0006323153,0.0
0.0,-4.22222222222222,0.444444444444444,0.0,0.0,0.004725463,0.0
0.0,-4.33333333333333,0.444444444444444,0.0,0.0,0.0029460385,0.0
0.0,-4.44444444444444,0.444444444444444,0.0,0.0,0.0020619256,0.0
0.0,-4.55555555555556,0.444444444444444,0.0,0.0,0.002296013,0.0
0.0,-4.66666666666667,0.444444444444444,0.0,0.0,0.00020588988,0.0
0.0,-4.77777777777778,0.444444444444444,0.0,0.0,0.00089124264,0.0
0.0,-4.88888888888889,0.444444444444444,0.0,0.0,0.0041733067,0.0
0.0,-5.0,0.444444444444444,0.0,0.0,0.00759651,0.0
0.0,-0.0,0.555555555555556,0.0,0.0,0.022710893,0.0
0.0,-0.111111111111111,0.555555555555556,0.0,0.0,0.002429196,0.0
0.0,-0.222222222222222,0.555555555555556,0.0,0.0,0.0014871063,0.0
0.0,-0.333333333333333,0.555555555555556,0.0,0.0,7.29806e-05,0.0
0.0,-0.444444444444444,0.555555555555556,0.0,0.0,0.00606084,0.0
0.0,-0.555555555555556,0.555555555555556,0.0,0.0,0.004631738,0.0
0.0,-0.666666666666667,0.555555555555556,0.0,0.0,0.006557989,0.0
0.0,-0.777777777777778,0.555555555555556,0.0,0.0,0.0055338326,0.0
0.0,-0.888888888888889,0.555555555555556,0.0,0.0,0.0010576918,0.0
0.0,-1.0,0.555555555555556,0.0,0.0,0.023915542,0.0
0.0,-1.11111111111111,0.555555555555556,0.0,0.0,0.008391388,0.0
0.0,-1.22222222222222,0.555555555555556,0.0,0.0,0.0011482611,0.0
0.0,-1.33333333333333,0.555555555555556,0.0,0.0,0.0049031433,0.0
0.0,-1.44444444444444,0.555555555555556,0.0,0.0,0.0038109405,0.0
0.0,-1.55555555555556,0.555555555555556,0.0,0.0,0.001874223,0.0
0.0,-1.66666666666667,0.555555555555556,0.0,0.0,0.0032889456,0.0
0.0,-1.77777777777778,0.555555555555556,0.0,0.0,0.0238275,0.0
0.0,-1.88888888888889,0.555555555555556,0.0,0.0,0.00020932753,0.0
0.0,-2.0,0.555555555555556,0.0,0.0,0.011782058,0.0
0.0,-2.11111111111111,0.555555555555556,0.0,0.0,0.00018810593,0.0
0.0,-2.22222222222222,0.555555555555556,0.0,0.0,0.002099833,0.0
0.0,-2.33333333333333,0.555555555555556,0.0,0.0,0.004775316,0.0
0.0,-2.44444444444444,0.555555555555556,0.0,0.0,0.0014867476,0.0
0.0,-2.55555555555556,0.555555555555556,0.0,0.0,0.0012943405,0.0
0.0,-2.66666666666667,0.555555555555556,0.0,0.0,0.006381253,0.0
0.0,-2.77777777777778,0.555555555555556,0.0,0.0,0.0037013597,0.0
0.0,-2.88888888888889,0.555555555555556,0.0,0.0,0.0027879793,0.0
0.0,-3.0,0.555555555555556,0.0,0.0,0.008152716,0.0
0.0,-3.11111111111111,0.555555555555556,0.0,0.0,0.0050642905,0.0
0.0,-3.22222222222222,0.555555555555556,0.0,0.0,0.00044092897,0.0
0.0,-3.33333333333333,0.555555555555556,0.0,0.0,0.0013904371,0.0
0.0,-3.44444444444444,0.555555555555556,0.0,0.0,0.0035188787,0.0
0.0,-3.55555555555556,0.555555555555556,0.0,0.0,0.0030871502,0.0
0.0,-3.66666666666667,0.555555555555556,0.0,0.0,0.000659914,0.0
0.0,-3.77777777777778,0.555555555555556,0.0,0.0,0.0044537275,0.0
0.0,-3.88888888888889,0.555555555555556,0.0,0.0,0.0007655476,0.0
0.0,-4.0,0.555555555555556,0.0,0.0,0.00428768,0.0
0.0,-4.11111111111111,0.555555555555556,0.0,0.0,0.00017873164,0.0
0.0,-4.22222222222222,0.555555555555556,0.0,0.0,0.004505437,0.0
0.0,-4.33333333333333,0.555555555555556,0.0,0.0,0.0016052639,0.0
0.0,-4.44444444444444,0.555555555555556,0.0,0.0,0.00078016164,0.0
0.0,-4.55555555555556,0.555555555555556,0.0,0.0,0.00035007266,0.0
0.0,-4.66666666666667,0.555555555555556,0.0,0.0,0.00039055664,0.0
0.0,-4.77777777777778,0.555555555555556,0.0,0.0,0.0013864499,0.0
0.0,-4.88888888888889,0.555555555555556,0.0,0.0,0.0031094113,0.0
0.0,-5.0,0.555555555555556,0.0,0.0,0.009102444,0.0
0.0,-0.0,0.666666666666667,0.0,0.0,0.054405913,0.0
0.0,-0.111111111111111,0.666666666666667,0.0,0.0,0.0015062953,0.0
0.0,-0.222222222222222,0.666666666666667,0.0,0.0,0.0026831974,0.0
0.0,-0.333333333333333,0.666666666666667,0.0,0.0,0.0084293345,0.0
0.0,-0.444444444444444,0.666666666666667,0.0,0.0,0.008843936,0.0
0.0,-0.555555555555556,0.666666666666667,0.0,0.0,0.002440593,0.0
0.0,-0.666666666666667,0.666666666666667,0.0,0.0,0.006283971,0.0
0.0,-0.777777777777778,0.666666666666667,0.0,0.0,0.0036979904,0.0
0.0,-0.888888888888889,0.666666666666667,0.0,0.0,0.002229388,0.0
0.0,-1.0,0.666666666666667,0.0,0.0,0.006476531,0.0
0.0,-1.11111111111111,0.666666666666667,0.0,0.0,0.012262479,0.0
0.0,-1.22222222222222,0.666666666666667,0.0,0.0,0.0018038651,0.0
0.0,-1.33333333333333,0.666666666666667,0.0,0.0,0.0001678058,0.0
0.0,-1.44444444444444,0.666666666666667,0.0,0.0,0.0039929426,0.0
0.0,-1.55555555555556,0.666666666666667,0.0,0.0,0.00021893716,0.0
0.0,-1.66666666666667,0.666666666666667,0.0,0.0,0.00032877238,0.0
0.0,-1.77777777777778,0.666666666666667,0.0,0.0,0.015173167,0.0
0.0,-1.88888888888889,0.666666666666667,0.0,0.0,0.00792067,0.0
0.0,-2.0,0.666666666666667,0.0,0.0,0.014258899,0.0
0.0,-2.11111111111111,0.666666666666667,0.0,0.0,0.0026653055,0.0
0.0,-2.22222222222222,0.666666666666667,0.0,0.0,0.0022401947,0.0
0.0,-2.33333333333333,0.666666666666667,0.0,0.0,0.0015114229,0.0
0.0,-2.44444444444444,0.666666666666667,0.0,0.0,0.0021307655,0.0
0.0,-2.55555555555556,0.666666666666667,0.0,0.0,0.0016903473,0.0
0.0,-2.66666666666667,0.666666666666667,0.0,0.0,0.0040526604,0.0
0.0,-2.77777777777778,0.666666666666667,0.0,0.0,0.006141922,0.0
0.0,-2.88888888888889,0.666666666666667,0.0,0.0,0.0014891316,0.0
0.0,-3.0,0.666666666666667,0.0,0.0,0.020271502,0.0
0.0,-3.11111111111111,0.666666666666667,0.0,0.0,0.0012738123,0.0
0.0,-3.22222222222222,0.666666666666667,0.0,0.0,0.00053149473,0.0
0.0,-3.33333333333333,0.666666666666667,0.0,0.0,0.0014774513,0.0
0.0,-3.44444444444444,0.666666666666667,0.0,0.0,0.0009197305,0.0
0.0,-3.55555555555556,0.666666666666667,0.0,0.0,0.00084611523,0.0
0.0,-3.66666666666667,0.666666666666667,0.0,0.0,0.00016336508,0.0
0.0,-3.77777777777778,0.666666666666667,0.0,0.0,0.001754317,0.0
0.0,-3.88888888888889,0.666666666666667,0.0,0.0,0.0071610785,0.0
0.0,-4.0,0.666666666666667,0.0,0.0,0.001847072,0.0
0.0,-4.11111111111111,0.666666666666667,0.0,0.0,0.0010357654,0.0
0.0,-4.22222222222222,0.666666666666667,0.0,0.0,0.0022393886,0.0
0.0,-4.33333333333333,0.666666666666667,0.0,0.0,0.00010750758,0.0
0.0,-4.44444444444444,0.666666666666667,0.0,0.0,4.7848396e-05,0.0
0.0,-4.55555555555556,0.666666666666667,0.0,0.0,0.0016700933,0.0
0.0,-4.66666666666667,0.666666666666667,0.0,0.0,0.0008340705,0.0
0.0,-4.77777777777778,0.666666666666667,0.0,0.0,0.0012550983,0.0
0.0,-4.88888888888889,0.666666666666667,0.0,0.0,0.00051437045,0.0
0.0,-5.0,0.666666666666667,0.0,0.0,0.007443618,0.0
0.0,-0.0,0.777777777777778,0.0,0.0,0.098997205,0.0
0.0,-0.111111111111111,0.777777777777778,0.0,0.0,0.0044565373,0.0
0.0,-0.222222222222222,0.777777777777778,0.0,0.0,0.0032947655,0.0
0.0,-0.333333333333333,0.777777777777778,0.0,0.0,0.015642798,0.0
0.0,-0.444444444444444,0.777777777777778,0.0,0.0,0.011566703,0.0
0.0,-0.555555555555556,0.777777777777778,0.0,0.0,0.002524767,0.0
0.0,-0.666666666666667,0.777777777777778,0.0,0.0,0.004285905,0.0
0.0,-0.777777777777778,0.777777777777778,0.0,0.0,0.007749141,0.0
0.0,-0.888888888888889,0.777777777777778,0.0,0.0,0.0034093978,0.0
0.0,-1.0,0.777777777777778,0.0,0.0,0.035932038,0.0
0.0,-1.11111111111111,0.777777777777778,0.0,0.0,0.012374997,0.0
0.0,-1.22222222222222,0.777777777777778,0.0,0.0,0.0009394637,0.0
0.0,-1.33333333333333,0.777777777777778,0.0,0.0,0.00043256223,0.0
0.0,-1.44444444444444,0.777777777777778,0.0,0.0,0.0044903895,0.0
0.0,-1.55555555555556,0.777777777777778,0.0,0.0,0.00016316769,0.0
0.0,-1.66666666666667,0.777777777777778,0.0,0.0,0.0034922275,0.0
0.0,-1.77777777777778,0.777777777777778,0.0,0.0,0.0043000174,0.0
0.0,-1.88888888888889,0.777777777777778,0.0,0.0,0.016377386,0.0
0.0,-2.0,0.777777777777778,0.0,0.0,0.012414174,0.0
0.0,-2.11111111111111,0.777777777777778,0.0,0.0,0.0035212939,0.0
0.0,-2.22222222222222,0.777777777777778,0.0,0.0,0.0029461682,0.0
0.0,-2.33333333333333,0.777777777777778,0.0,0.0,0.0029631793,0.0
0.0,-2.44444444444444,0.777777777777778,0.0,0.0,0.00075229537,0.0
0.0,-2.55555555555556,0.777777777777778,0.0,0.0,0.001558076,0.0
0.0,-2.66666666666667,0.777777777777778,0.0,0.0,0.002117385,0.0
0.0,-2.77777777777778,0.777777777777778,0.0,0.0,0.014730547,0.0
0.0,-2.88888888888889,0.777777777777778,0.0,0.0,0.0038381778,0.0
0.0,-3.0,0.777777777777778,0.0,0.0,0.01931136,0.0
0.0,-3.11111111111111,0.777777777777778,0.0,0.0,0.0009316424,0.0
0.0,-3.22222222222222,0.777777777777778,0.0,0.0,0.001145985,0.0
0.0,-3.33333333333333,0.777777777777778,0.0,0.0,0.0014560996,0.0
0.0,-3.44444444444444,0.777777777777778,0.0,0.0,0.0034540908,0.0
0.0,-3.55555555555556,0.777777777777778,0.0,0.0,0.00092551304,0.0
0.0,-3.66666666666667,0.777777777777778,0.0,0.0,0.00037235356,0.0
0.0,-3.77777777777778,0.777777777777778,0.0,0.0,0.00026756153,0.0
0.0,-3.88888888888889,0.777777777777778,0.0,0.0,0.013646064,0.0
0.0,-4.0,0.777777777777778,0.0,0.0,0.0011682141,0.0
0.0,-4.11111111111111,0.777777777777778,0.0,0.0,0.0026103028,0.0
0.0,-4.22222222222222,0.777777777777778,0.0,0.0,0.00038780912,0.0
0.0,-4.33333333333333,0.777777777777778,0.0,0.0,0.0006608933,0.0
0.0,-4.44444444444444,0.777777777777778,0.0,0.0,0.000723531,0.0
0.0,-4.55555555555556,0.777777777777778,0.0,0.0,0.0036781158,0.0
0.0,-4.66666666666667,0.777777777777778,0.0,0.0,0.0007431624,0.0
0.0,-4.77777777777778,0.777777777777778,0.0,0.0,0.00032039083,0.0
0.0,-4.88888888888889,0.777777777777778,0.0,0.0,9.1016576e-05,0.0
0.0,-5.0,0.777777777777778,0.0,0.0,0.003895015,0.0
0.0,-0.0,0.888888888888889,0.0,0.0,0.04285782,0.0
0.0,-0.111111111111111,0.888888888888889,0.0,0.0,0.0027756335,0.0
0.0,-0.222222222222222,0.888888888888889,0.0,0.0,0.00048558792,0.0
0.0,-0.333333333333333,0.888888888888889,0.0,0.0,0.0091948975,0.0
0.0,-0.444444444444444,0.888888888888889,0.0,0.0,0.014154024,0.0
0.0,-0.555555555555556,0.888888888888889,0.0,0.0,0.0058933855,0.0
0.0,-0.666666666666667,0.888888888888889,0.0,0.0,0.0029361057,0.0
0.0,-0.777777777777778,0.888888888888889,0.0,0.0,0.005159823,0.0
0.0,-0.888888888888889,0.888888888888889,0.0,0.0,0.006288669,0.0
0.0,-1.0,0.888888888888889,0.0,0.0,0.047643106,0.0
0.0,-1.11111111111111,0.888888888888889,0.0,0.0,0.007495008,0.0
0.0,-1.22222222222222,0.888888888888889,0.0,0.0,0.00023053211,0.0
0.0,-1.33333333333333,0.888888888888889,0.0,0.0,0.0020894324,0.0
0.0,-1.44444444444444,0.888888888888889,0.0,0.0,0.005930949,0.0
0.0,-1.55555555555556,0.888888888888889,0.0,0.0,0.0011948086,0.0
0.0,-1.66666666666667,0.888888888888889,0.0,0.0,0.007969618,0.0
0.0,-1.77777777777778,0.888888888888889,0.0,0.0,0.004375391,0.0
0.0,-1.88888888888889,0.888888888888889,0.0,0.0,0.008342343,0.0
0.0,-2.0,0.888888888888889,0.0,0.0,0.007904394,0.0
0.0,-2.11111111111111,0.888888888888889,0.0,0.0,0.00072656525,0.0
0.0,-2.22222222222222,0.888888888888889,0.0,0.0,0.0017925303,0.0
0.0,-2.33333333333333,0.888888888888889,0.0,0.0,0.00054943503,0.0
0.0,-2.44444444444444,0.888888888888889,0.0,0.0,0.0012929077,0.0
0.0,-2.55555555555556,0.888888888888889,0.0,0.0,0.0029573538,0.0
0.0,-2.66666666666667,0.888888888888889,0.0,0.0,0.0012008629,0.0
0.0,-2.77777777777778,0.888888888888889,0.0,0.0,0.016650282,0.0
0.0,-2.88888888888889,0.888888888888889,0.0,0.0,0.0020946162,0.0
0.0,-3.0,0.888888888888889,0.0,0.0,0.007227757,0.0
0.0,-3.11111111111111,0.888888888888889,0.0,0.0,0.00082758954,0.0
0.0,-3.22222222222222,0.888888888888889,0.0,0.0,0.0001666843,0.0
0.0,-3.33333333333333,0.888888888888889,0.0,0.0,0.0013528278,0.0
0.0,-3.44444444444444,0.888888888888889,0.0,0.0,0.009285927,0.0
0.0,-3.55555555555556,0.888888888888889,0.0,0.0,0.006175555,0.0
0.0,-3.66666666666667,0.888888888888889,0.0,0.0,0.00069400406,0.0
0.0,-3.77777777777778,0.888888888888889,0.0,0.0,0.00019866381,0.0
0.0,-3.88888888888889,0.888888888888889,0.0,0.0,0.008879421,0.0
0.0,-4.0,0.888888888888889,0.0,0.0,0.005175877,0.0
0.0,-4.11111111111111,0.888888888888889,0.0,0.0,0.0030405642,0.0
0.0,-4.22222222222222,0.888888888888889,0.0,0.0,0.00028316275,0.0
0.0,-4.33333333333333,0.888888888888889,0.0,0.0,0.0010202341,0.0
0.0,-4.44444444444444,0.888888888888889,0.0,0.0,0.0011742752,0.0
0.0,-4.55555555555556,0.888888888888889,0.0,0.0,0.0024982872,0.0
0.0,-4.66666666666667,0.888888888888889,0.0,0.0,0.0007590572,0.0
0.0,-4.77777777777778,0.888888888888889,0.0,0.0,2.7235796e-05,0.0
0.0,-4.88888888888889,0.888888888888889,0.0,0.0,0.0006008271,0.0
0.0,-5.0,0.888888888888889,0.0,0.0,0.000944422,0.0
0.0,-0.111111111111111,1.0,0.0,0.0,0.0008624127,0.0
0.0,-0.222222222222222,1.0,0.0,0.0,0.003725777,0.0
0.0,-0.333333333333333,1.0,0.0,0.0,0.003407286,0.0
0.0,-0.444444444444444,1.0,0.0,0.0,0.010126846,0.0
0.0,-0.555555555555556,1.0,0.0,0.0,0.006602114,0.0
0.0,-0.666666666666667,1.0,0.0,0.0,0.001204807,0.0
0.0,-0.777777777777778,1.0,0.0,0.0,0.004058013,0.0
0.0,-0.888888888888889,1.0,0.0,0.0,0.013006272,0.0
0.0,-1.11111111111111,1.0,0.0,0.0,0.0075234566,0.0
0.0,-1.22222222222222,1.0,0.0,0.0,0.0016134607,0.0
0.0,-1.33333333333333,1.0,0.0,0.0,0.0070327334,0.0
0.0,-1.44444444444444,1.0,0.0,0.0,0.010715769,0.0
0.0,-1.55555555555556,1.0,0.0,0.0,0.00992633,0.0
0.0,-1.66666666666667,1.0,0.0,0.0,0.0049322294,0.0
0.0,-1.77777777777778,1.0,0.0,0.0,0.0057576452,0.0
0.0,-1.88888888888889,1.0,0.0,0.0,0.00041925168,0.0
0.0,-2.11111111111111,1.0,0.0,0.0,0.00055889133,0.0
0.0,-2.22222222222222,1.0,0.0,0.0,0.0023037253,0.0
0.0,-2.33333333333333,1.0,0.0,0.0,0.002375628,0.0
0.0,-2.44444444444444,1.0,0.0,0.0,0.002177323,0.0
0.0,-2.55555555555556,1.0,0.0,0.0,0.008308895,0.0
0.0,-2.66666666666667,1.0,0.0,0.0,7.362561e-05,0.0
0.0,-2.77777777777778,1.0,0.0,0.0,0.011991863,0.0
0.0,-2.88888888888889,1.0,0.0,0.0,0.000121019526,0.0
0.0,-3.11111111111111,1.0,0.0,0.0,0.001148214,0.0
0.0,-3.22222222222222,1.0,0.0,0.0,0.0009780395,0.0
0.0,-3.33333333333333,1.0,0.0,0.0,0.0014337708,0.0
0.0,-3.44444444444444,1.0,0.0,0.0,0.007840444,0.0
0.0,-3.55555555555556,1.0,0.0,0.0,0.008073214,0.0
0.0,-3.66666666666667,1.0,0.0,0.0,0.00039740617,0.0
0.0,-3.77777777777778,1.0,0.0,0.0,0.00077758636,0.0
0.0,-3.88888888888889,1.0,0.0,0.0,0.0028442051,0.0
0.0,-4.11111111111111,1.0,0.0,0.0,0.0032943839,0.0
0.0,-4.22222222222222,1.0,0.0,0.0,0.002721543,0.0
0.0,-4.33333333333333,1.0,0.0,0.0,0.00066456257,0.0
0.0,-4.44444444444444,1.0,0.0,0.0,0.0015220921,0.0
0.0,-4.55555555555556,1.0,0.0,0.0,0.0007467662,0.0
0.0,-4.66666666666667,1.0,0.0,0.0,0.0012755404,0.0
0.0,-4.77777777777778,1.0,0.0,0.0,0.00030846588,0.0
0.0,-4.88888888888889,1.0,0.0,0.0,0.0009986764,0.0
0.0,-0.0,1.11111111111111,0.0,0.0,0.025065875,0.0
0.0,-0.111111111111111,1.11111111111111,0.0,0.0,0.00018622963,0.0
0.0,-0.222222222222222,1.11111111111111,0.0,0.0,0.012448153,0.0
0.0,-0.333333333333333,1.11111111111111,0.0,0.0,0.0015477248,0.0
0.0,-0.444444444444444,1.11111111111111,0.0,0.0,0.005974066,0.0
0.0,-0.555555555555556,1.11111111111111,0.0,0.0,0.005196061,0.0
0.0,-0.666666666666667,1.11111111111111,0.0,0.0,0.0009911119,0.0
0.0,-0.777777777777778,1.11111111111111,0.0,0.0,0.0075263805,0.0
0.0,-0.888888888888889,1.11111111111111,0.0,0.0,0.01755264,0.0
0.0,-1.0,1.11111111111111,0.0,0.0,0.025027484,0.0
0.0,-1.11111111111111,1.11111111111111,0.0,0.0,0.008647736,0.0
0.0,-1.22222222222222,1.11111111111111,0.0,0.0,0.00071724947,0.0
0.0,-1.33333333333333,1.11111111111111,0.0,0.0,0.01172892,0.0
0.0,-1.44444444444444,1.11111111111111,0.0,0.0,0.016997157,0.0
0.0,-1.55555555555556,1.11111111111111,0.0,0.0,0.02335381,0.0
0.0,-1.66666666666667,1.11111111111111,0.0,0.0,0.0011787239,0.0
0.0,-1.77777777777778,1.11111111111111,0.0,0.0,0.004690827,0.0
0.0,-1.88888888888889,1.11111111111111,0.0,0.0,0.0060961028,0.0
0.0,-2.0,1.11111111111111,0.0,0.0,0.0054246234,0.0
0.0,-2.11111111111111,1.11111111111111,0.0,0.0,0.0014230767,0.0
0.0,-2.22222222222222,1.11111111111111,0.0,0.0,0.0072542867,0.0
0.0,-2.33333333333333,1.11111111111111,0.0,0.0,0.0051612165,0.0
0.0,-2.44444444444444,1.11111111111111,0.0,0.0,0.002748071,0.0
0.0,-2.55555555555556,1.11111111111111,0.0,0.0,0.011956249,0.0
0.0,-2.66666666666667,1.11111111111111,0.0,0.0,0.0003637897,0.0
0.0,-2.77777777777778,1.11111111111111,0.0,0.0,0.0066313064,0.0
0.0,-2.88888888888889,1.11111111111111,0.0,0.0,0.0031822075,0.0
0.0,-3.0,1.11111111111111,0.0,0.0,0.00041721138,0.0
0.0,-3.11111111111111,1.11111111111111,0.0,0.0,0.0024288846,0.0
0.0,-3.22222222222222,1.11111111111111,0.0,0.0,0.0031513614,0.0
0.0,-3.33333333333333,1.11111111111111,0.0,0.0,0.0017504451,0.0
0.0,-3.44444444444444,1.11111111111111,0.0,0.0,0.0021479558,0.0
0.0,-3.55555555555556,1.11111111111111,0.0,0.0,0.004502574,0.0
0.0,-3.66666666666667,1.11111111111111,0.0,0.0,7.783145e-05,0.0
0.0,-3.77777777777778,1.11111111111111,0.0,0.0,0.0006672194,0.0
0.0,-3.88888888888889,1.11111111111111,0.0,0.0,0.0014044514,0.0
0.0,-4.0,1.11111111111111,0.0,0.0,0.009005536,0.0
0.0,-4.11111111111111,1.11111111111111,0.0,0.0,0.002826315,0.0
0.0,-4.22222222222222,1.11111111111111,0.0,0.0,0.004016715,0.0
0.0,-4.33333333333333,1.11111111111111,0.0,0.0,0.0006941145,0.0
0.0,-4.44444444444444,1.11111111111111,0.0,0.0,0.001828491,0.0
0.0,-4.55555555555556,1.11111111111111,0.0,0.0,0.00026521034,0.0
0.0,-4.66666666666667,1.11111111111111,0.0,0.0,0.0014932355,0.0
0.0,-4.77777777777778,1.11111111111111,0.0,0.0,0.0003887244,0.0
0.0,-4.88888888888889,1.11111111111111,0.0,0.0,0.0011099183,0.0
0.0,-5.0,1.11111111111111,0.0,0.0,0.00018207473,0.0
0.0,-0.0,1.22222222222222,0.0,0.0,0.023338258,0.0
0.0,-0.111111111111111,1.22222222222222,0.0,0.0,0.0004244859,0.0
0.0,-0.222222222222222,1.22222222222222,0.0,0.0,0.010292753,0.0
0.0,-0.333333333333333,1.22222222222222,0.0,0.0,0.0011797929,0.0
0.0,-0.444444444444444,1.22222222222222,0.0,0.0,0.009615233,0.0
0.0,-0.555555555555556,1.22222222222222,0.0,0.0,0.0076634726,0.0
0.0,-0.666666666666667,1.22222222222222,0.0,0.0,0.0018093388,0.0
0.0,-0.777777777777778,1.22222222222222,0.0,0.0,0.007514924,0.0
0.0,-0.888888888888889,1.22222222222222,0.0,0.0,0.010930102,0.0
0.0,-1.0,1.22222222222222,0.0,0.0,0.013549423,0.0
0.0,-1.11111111111111,1.22222222222222,0.0,0.0,0.0024029776,0.0
0.0,-1.22222222222222,1.22222222222222,0.0,0.0,0.00028702506,0.0
0.0,-1.33333333333333,1.22222222222222,0.0,0.0,0.01020145,0.0
0.0,-1.44444444444444,1.22222222222222,0.0,0.0,0.012569312,0.0
0.0,-1.55555555555556,1.22222222222222,0.0,0.0,0.023997495,0.0
0.0,-1.66666666666667,1.22222222222222,0.0,0.0,0.00089297077,0.0
0.0,-1.77777777777778,1.22222222222222,0.0,0.0,0.0018661899,0.0
0.0,-1.88888888888889,1.22222222222222,0.0,0.0,0.009187373,0.0
0.0,-2.0,1.22222222222222,0.0,0.0,0.0080583505,0.0
0.0,-2.11111111111111,1.22222222222222,0.0,0.0,0.00017518605,0.0
0.0,-2.22222222222222,1.22222222222222,0.0,0.0,0.0074923486,0.0
0.0,-2.33333333333333,1.22222222222222,0.0,0.0,0.0010436415,0.0
0.0,-2.44444444444444,1.22222222222222,0.0,0.0,0.004261094,0.0
0.0,-2.55555555555556,1.22222222222222,0.0,0.0,0.009586245,0.0
0.0,-2.66666666666667,1.22222222222222,0.0,0.0,0.0015884598,0.0
0.0,-2.77777777777778,1.22222222222222,0.0,0.0,0.0021592486,0.0
0.0,-2.88888888888889,1.22222222222222,0.0,0.0,0.005204129,0.0
0.0,-3.0,1.22222222222222,0.0,0.0,0.001220661,0.0
0.0,-3.11111111111111,1.22222222222222,0.0,0.0,0.001949286,0.0
0.0,-3.22222222222222,1.22222222222222,0.0,0.0,0.001971036,0.0
0.0,-3.33333333333333,1.22222222222222,0.0,0.0,0.0021277773,0.0
0.0,-3.44444444444444,1.22222222222222,0.0,0.0,3.73152e-05,0.0
0.0,-3.55555555555556,1.22222222222222,0.0,0.0,0.0010877716,0.0
0.0,-3.66666666666667,1.22222222222222,0.0,0.0,0.00040733165,0.0
0.0,-3.77777777777778,1.22222222222222,0.0,0.0,0.0006429745,0.0
0.0,-3.88888888888889,1.22222222222222,0.0,0.0,0.0005970597,0.0
0.0,-4.0,1.22222222222222,0.0,0.0,0.00419869,0.0
0.0,-4.11111111111111,1.22222222222222,0.0,0.0,0.0011838463,0.0
0.0,-4.22222222222222,1.22222222222222,0.0,0.0,0.0017116952,0.0
0.0,-4.33333333333333,1.22222222222222,0.0,0.0,0.0015417578,0.0
0.0,-4.44444444444444,1.22222222222222,0.0,0.0,0.0015960536,0.0
0.0,-4.55555555555556,1.22222222222222,0.0,0.0,0.00010796182,0.0
0.0,-4.66666666666667,1.22222222222222,0.0,0.0,0.00086781365,0.0
0.0,-4.77777777777778,1.22222222222222,0.0,0.0,0.00038036256,0.0
0.0,-4.88888888888889,1.22222222222222,0.0,0.0,0.0007340693,0.0
0.0,-5.0,1.22222222222222,0.0,0.0,0.00036902179,0.0
0.0,-0.0,1.33333333333333,0.0,0.0,0.02654812,0.0
0.0,-0.111111111111111,1.33333333333333,0.0,0.0,0.00098951,0.0
0.0,-0.222222222222222,1.33333333333333,0.0,0.0,0.002541108,0.0
0.0,-0.333333333333333,1.33333333333333,0.0,0.0,0.0041621877,0.0
0.0,-0.444444444444444,1.33333333333333,0.0,0.0,0.01134688,0.0
0.0,-0.555555555555556,1.33333333333333,0.0,0.0,0.005222142,0.0
0.0,-0.666666666666667,1.33333333333333,0.0,0.0,0.0031073014,0.0
0.0,-0.777777777777778,1.33333333333333,0.0,0.0,0.0053965645,0.0
0.0,-0.888888888888889,1.33333333333333,0.0,0.0,0.0018629404,0.0
0.0,-1.0,1.33333333333333,0.0,0.0,0.0039705364,0.0
0.0,-1.11111111111111,1.33333333333333,0.0,0.0,0.00052231376,0.0
0.0,-1.22222222222222,1.33333333333333,0.0,0.0,0.0027566804,0.0
0.0,-1.33333333333333,1.33333333333333,0.0,0.0,0.006412422,0.0
0.0,-1.44444444444444,1.33333333333333,0.0,0.0,0.002049433,0.0
0.0,-1.55555555555556,1.33333333333333,0.0,0.0,0.009481713,0.0
0.0,-1.66666666666667,1.33333333333333,0.0,0.0,0.00042439648,0.0
0.0,-1.77777777777778,1.33333333333333,0.0,0.0,0.00010274285,0.0
0.0,-1.88888888888889,1.33333333333333,0.0,0.0,0.005463668,0.0
0.0,-2.0,1.33333333333333,0.0,0.0,0.009346815,0.0
0.0,-2.11111111111111,1.33333333333333,0.0,0.0,0.004780572,0.0
0.0,-2.22222222222222,1.33333333333333,0.0,0.0,0.0021116708,0.0
0.0,-2.33333333333333,1.33333333333333,0.0,0.0,0.0019747785,0.0
0.0,-2.44444444444444,1.33333333333333,0.0,0.0,0.003285306,0.0
0.0,-2.55555555555556,1.33333333333333,0.0,0.0,0.005348049,0.0
0.0,-2.66666666666667,1.33333333333333,0.0,0.0,0.0040087067,0.0
0.0,-2.77777777777778,1.33333333333333,0.0,0.0,5.1203315e-05,0.0
0.0,-2.88888888888889,1.33333333333333,0.0,0.0,0.0031874294,0.0
0.0,-3.0,1.33333333333333,0.0,0.0,0.0063155037,0.0
0.0,-3.11111111111111,1.33333333333333,0.0,0.0,0.00053146365,0.0
0.0,-3.22222222222222,1.33333333333333,0.0,0.0,0.0002169637,0.0
0.0,-3.33333333333333,1.33333333333333,0.0,0.0,0.0031276457,0.0
0.0,-3.44444444444444,1.33333333333333,0.0,0.0,3.326478e-05,0.0
0.0,-3.55555555555556,1.33333333333333,0.0,0.0,0.00023032771,0.0
0.0,-3.66666666666667,1.33333333333333,0.0,0.0,0.0012152763,0.0
0.0,-3.77777777777778,1.33333333333333,0.0,0.0,0.001817939,0.0
0.0,-3.88888888888889,1.33333333333333,0.0,0.0,0.00019830244,0.0
0.0,-4.0,1.33333333333333,0.0,0.0,0.0024653154,0.0
0.0,-4.11111111111111,1.33333333333333,0.0,0.0,7.9389356e-05,0.0
0.0,-4.22222222222222,1.33333333333333,0.0,0.0,6.578902e-05,0.0
0.0,-4.33333333333333,1.33333333333333,0.0,0.0,0.0033048,0.0
0.0,-4.44444444444444,1.33333333333333,0.0,0.0,0.0010813124,0.0
0.0,-4.55555555555556,1.33333333333333,0.0,0.0,0.00018257475,0.0
0.0,-4.66666666666667,1.33333333333333,0.0,0.0,0.00014693075,0.0
0.0,-4.77777777777778,1.33333333333333,0.0,0.0,0.00021933687,0.0
0.0,-4.88888888888889,1.33333333333333,0.0,0.0,0.00030027493,0.0
0.0,-5.0,1.33333333333333,0.0,0.0,0.00030844825,0.0
0.0,-0.0,1.44444444444444,0.0,0.0,0.055806883,0.0
0.0,-0.111111111111111,1.44444444444444,0.0,0.0,0.00067758904,0.0
0.0,-0.222222222222222,1.44444444444444,0.0,0.0,0.00041014436,0.0
0.0,-0.333333333333333,1.44444444444444,0.0,0.0,0.012949134,0.0
0.0,-0.444444444444444,1.44444444444444,0.0,0.0,0.010704925,0.0
0.0,-0.555555555555556,1.44444444444444,0.0,0.0,0.006940067,0.0
0.0,-0.666666666666667,1.44444444444444,0.0,0.0,0.008067109,0.0
0.0,-0.777777777777778,1.44444444444444,0.0,0.0,0.0034797871,0.0
0.0,-0.888888888888889,1.44444444444444,0.0,0.0,0.00274461,0.0
0.0,-1.0,1.44444444444444,0.0,0.0,0.028477028,0.0
0.0,-1.11111111111111,1.44444444444444,0.0,0.0,0.004236529,0.0
0.0,-1.22222222222222,1.44444444444444,0.0,0.0,0.0052086823,0.0
0.0,-1.33333333333333,1.44444444444444,0.0,0.0,0.007358371,0.0
0.0,-1.44444444444444,1.44444444444444,0.0,0.0,0.0002534144,0.0
0.0,-1.55555555555556,1.44444444444444,0.0,0.0,0.00021391426,0.0
0.0,-1.66666666666667,1.44444444444444,0.0,0.0,6.8585214e-05,0.0
0.0,-1.77777777777778,1.44444444444444,0.0,0.0,0.0035498862,0.0
0.0,-1.88888888888889,1.44444444444444,0.0,0.0,0.0027487352,0.0
0.0,-2.0,1.44444444444444,0.0,0.0,0.0069382377,0.0
0.0,-2.11111111111111,1.44444444444444,0.0,0.0,0.015132178,0.0
0.0,-2.22222222222222,1.44444444444444,0.0,0.0,0.007834358,0.0
0.0,-2.33333333333333,1.44444444444444,0.0,0.0,0.005793385,0.0
0.0,-2.44444444444444,1.44444444444444,0.0,0.0,0.0019575078,0.0
0.0,-2.55555555555556,1.44444444444444,0.0,0.0,0.0016533509,0.0
0.0,-2.66666666666667,1.44444444444444,0.0,0.0,0.008983508,0.0
0.0,-2.77777777777778,1.44444444444444,0.0,0.0,0.000707374,0.0
0.0,-2.88888888888889,1.44444444444444,0.0,0.0,0.0010450137,0.0
0.0,-3.0,1.44444444444444,0.0,0.0,0.012745435,0.0
0.0,-3.11111111111111,1.44444444444444,0.0,0.0,0.0018312677,0.0
0.0,-3.22222222222222,1.44444444444444,0.0,0.0,0.00058576616,0.0
0.0,-3.33333333333333,1.44444444444444,0.0,0.0,0.0061997543,0.0
0.0,-3.44444444444444,1.44444444444444,0.0,0.0,0.00041761182,0.0
0.0,-3.55555555555556,1.44444444444444,0.0,0.0,0.0010603492,0.0
0.0,-3.66666666666667,1.44444444444444,0.0,0.0,0.0012401203,0.0
0.0,-3.77777777777778,1.44444444444444,0.0,0.0,0.004509129,0.0
0.0,-3.88888888888889,1.44444444444444,0.0,0.0,0.00030337845,0.0
0.0,-4.0,1.44444444444444,0.0,0.0,0.0039099753,0.0
0.0,-4.11111111111111,1.44444444444444,0.0,0.0,8.76135e-05,0.0
0.0,-4.22222222222222,1.44444444444444,0.0,0.0,0.001162296,0.0
0.0,-4.33333333333333,1.44444444444444,0.0,0.0,0.0052904296,0.0
0.0,-4.44444444444444,1.44444444444444,0.0,0.0,0.0008121407,0.0
0.0,-4.55555555555556,1.44444444444444,0.0,0.0,0.0011253268,0.0
0.0,-4.66666666666667,1.44444444444444,0.0,0.0,9.721405e-06,0.0
0.0,-4.77777777777778,1.44444444444444,0.0,0.0,0.0004293175,0.0
0.0,-4.88888888888889,1.44444444444444,0.0,0.0,0.00019512478,0.0
0.0,-5.0,1.44444444444444,0.0,0.0,0.00021795003,0.0
0.0,-0.0,1.55555555555556,0.0,0.0,0.04788381,0.0
0.0,-0.111111111111111,1.55555555555556,0.0,0.0,0.005993269,0.0
0.0,-0.222222222222222,1.55555555555556,0.0,0.0,0.0005798318,0.0
0.0,-0.333333333333333,1.55555555555556,0.0,0.0,0.016716788,0.0
0.0,-0.444444444444444,1.55555555555556,0.0,0.0,0.005364698,0.0
0.0,-0.555555555555556,1.55555555555556,0.0,0.0,0.013311318,0.0
0.0,-0.666666666666667,1.55555555555556,0.0,0.0,0.01181406,0.0
0.0,-0.777777777777778,1.55555555555556,0.0,0.0,0.0024590918,0.0
0.0,-0.888888888888889,1.55555555555556,0.0,0.0,0.0038551076,0.0
0.0,-1.0,1.55555555555556,0.0,0.0,0.046946716,0.0
0.0,-1.11111111111111,1.55555555555556,0.0,0.0,0.0059080613,0.0
0.0,-1.22222222222222,1.55555555555556,0.0,0.0,0.0066769295,0.0
0.0,-1.33333333333333,1.55555555555556,0.0,0.0,0.007616423,0.0
0.0,-1.44444444444444,1.55555555555556,0.0,0.0,0.00040093315,0.0
0.0,-1.55555555555556,1.55555555555556,0.0,0.0,0.0039847842,0.0
0.0,-1.66666666666667,1.55555555555556,0.0,0.0,0.00044338926,0.0
0.0,-1.77777777777778,1.55555555555556,0.0,0.0,0.0042003533,0.0
0.0,-1.88888888888889,1.55555555555556,0.0,0.0,0.00208854,0.0
0.0,-2.0,1.55555555555556,0.0,0.0,0.0032606772,0.0
0.0,-2.11111111111111,1.55555555555556,0.0,0.0,0.015899714,0.0
0.0,-2.22222222222222,1.55555555555556,0.0,0.0,0.011360138,0.0
0.0,-2.33333333333333,1.55555555555556,0.0,0.0,0.0059210346,0.0
0.0,-2.44444444444444,1.55555555555556,0.0,0.0,0.0019281697,0.0
0.0,-2.55555555555556,1.55555555555556,0.0,0.0,0.0007733471,0.0
0.0,-2.66666666666667,1.55555555555556,0.0,0.0,0.0133619765,0.0
0.0,-2.77777777777778,1.55555555555556,0.0,0.0,0.0013217834,0.0
0.0,-2.88888888888889,1.55555555555556,0.0,0.0,0.0003517342,0.0
0.0,-3.0,1.55555555555556,0.0,0.0,0.012082474,0.0
0.0,-3.11111111111111,1.55555555555556,0.0,0.0,0.002197213,0.0
0.0,-3.22222222222222,1.55555555555556,0.0,0.0,0.00062398834,0.0
0.0,-3.33333333333333,1.55555555555556,0.0,0.0,0.0077339024,0.0
0.0,-3.44444444444444,1.55555555555556,0.0,0.0,0.0026871443,0.0
0.0,-3.55555555555556,1.55555555555556,0.0,0.0,0.0013360465,0.0
0.0,-3.66666666666667,1.55555555555556,0.0,0.0,0.00034144334,0.0
0.0,-3.77777777777778,1.55555555555556,0.0,0.0,0.004792268,0.0
0.0,-3.88888888888889,1.55555555555556,0.0,0.0,0.00053448556,0.0
0.0,-4.0,1.55555555555556,0.0,0.0,0.0011669463,0.0
0.0,-4.11111111111111,1.55555555555556,0.0,0.0,0.00010587321,0.0
0.0,-4.22222222222222,1.55555555555556,0.0,0.0,0.0016845064,0.0
0.0,-4.33333333333333,1.55555555555556,0.0,0.0,0.0056205164,0.0
0.0,-4.44444444444444,1.55555555555556,0.0,0.0,0.00042725808,0.0
0.0,-4.55555555555556,1.55555555555556,0.0,0.0,0.0018599139,0.0
0.0,-4.66666666666667,1.55555555555556,0.0,0.0,6.986079e-05,0.0
0.0,-4.77777777777778,1.55555555555556,0.0,0.0,0.0006012706,0.0
0.0,-4.88888888888889,1.55555555555556,0.0,0.0,0.0002557057,0.0
0.0,-5.0,1.55555555555556,0.0,0.0,0.00033260311,0.0
0.0,-0.0,1.66666666666667,0.0,0.0,0.012661269,0.0
0.0,-0.111111111111111,1.66666666666667,0.0,0.0,0.0071806693,0.0
0.0,-0.222222222222222,1.66666666666667,0.0,0.0,0.0013401886,0.0
0.0,-0.333333333333333,1.66666666666667,0.0,0.0,0.00644866,0.0
0.0,-0.444444444444444,1.66666666666667,0.0,0.0,0.0021615606,0.0
0.0,-0.555555555555556,1.66666666666667,0.0,0.0,0.010426885,0.0
0.0,-0.666666666666667,1.66666666666667,0.0,0.0,0.00700792,0.0
0.0,-0.777777777777778,1.66666666666667,0.0,0.0,0.0032837624,0.0
0.0,-0.888888888888889,1.66666666666667,0.0,0.0,0.00054714887,0.0
0.0,-1.0,1.66666666666667,0.0,0.0,0.027028749,0.0
0.0,-1.11111111111111,1.66666666666667,0.0,0.0,0.007280056,0.0
0.0,-1.22222222222222,1.66666666666667,0.0,0.0,0.005475102,0.0
0.0,-1.33333333333333,1.66666666666667,0.0,0.0,0.003601356,0.0
0.0,-1.44444444444444,1.66666666666667,0.0,0.0,0.0045916997,0.0
0.0,-1.55555555555556,1.66666666666667,0.0,0.0,0.0066513806,0.0
0.0,-1.66666666666667,1.66666666666667,0.0,0.0,0.00094300206,0.0
0.0,-1.77777777777778,1.66666666666667,0.0,0.0,0.0019564664,0.0
0.0,-1.88888888888889,1.66666666666667,0.0,0.0,0.0017386655,0.0
0.0,-2.0,1.66666666666667,0.0,0.0,0.00089949364,0.0
0.0,-2.11111111111111,1.66666666666667,0.0,0.0,0.004948289,0.0
0.0,-2.22222222222222,1.66666666666667,0.0,0.0,0.0045992373,0.0
0.0,-2.33333333333333,1.66666666666667,0.0,0.0,0.004297253,0.0
0.0,-2.44444444444444,1.66666666666667,0.0,0.0,0.0022510379,0.0
0.0,-2.55555555555556,1.66666666666667,0.0,0.0,0.0025832993,0.0
0.0,-2.66666666666667,1.66666666666667,0.0,0.0,0.011088637,0.0
0.0,-2.77777777777778,1.66666666666667,0.0,0.0,0.0013675605,0.0
0.0,-2.88888888888889,1.66666666666667,0.0,0.0,0.0012126021,0.0
0.0,-3.0,1.66666666666667,0.0,0.0,0.0052116513,0.0
0.0,-3.11111111111111,1.66666666666667,0.0,0.0,0.0008892907,0.0
0.0,-3.22222222222222,1.66666666666667,0.0,0.0,0.0016771841,0.0
0.0,-3.33333333333333,1.66666666666667,0.0,0.0,0.004043698,0.0
0.0,-3.44444444444444,1.66666666666667,0.0,0.0,0.004486884,0.0
0.0,-3.55555555555556,1.66666666666667,0.0,0.0,0.00063390774,0.0
0.0,-3.66666666666667,1.66666666666667,0.0,0.0,0.00032000046,0.0
0.0,-3.77777777777778,1.66666666666667,0.0,0.0,0.0015545328,0.0
0.0,-3.88888888888889,1.66666666666667,0.0,0.0,0.0002886914,0.0
0.0,-4.0,1.66666666666667,0.0,0.0,0.0013190658,0.0
0.0,-4.11111111111111,1.66666666666667,0.0,0.0,0.00015472711,0.0
0.0,-4.22222222222222,1.66666666666667,0.0,0.0,0.00019717932,0.0
0.0,-4.33333333333333,1.66666666666667,0.0,0.0,0.003686589,0.0
0.0,-4.44444444444444,1.66666666666667,0.0,0.0,7.438128e-05,0.0
0.0,-4.55555555555556,1.66666666666667,0.0,0.0,0.00068111165,0.0
0.0,-4.66666666666667,1.66666666666667,0.0,0.0,2.3172928e-05,0.0
0.0,-4.77777777777778,1.66666666666667,0.0,0.0,0.0019291255,0.0
0.0,-4.88888888888889,1.66666666666667,0.0,0.0,0.00018266498,0.0
0.0,-5.0,1.66666666666667,0.0,0.0,6.6806715e-05,0.0
0.0,-0.0,1.77777777777778,0.0,0.0,0.027397653,0.0
0.0,-0.111111111111111,1.77777777777778,0.0,0.0,0.0006704971,0.0
0.0,-0.222222222222222,1.77777777777778,0.0,0.0,0.00072970864,0.0
0.0,-0.333333333333333,1.77777777777778,0.0,0.0,7.991684e-05,0.0
0.0,-0.444444444444444,1.77777777777778,0.0,0.0,0.005995534,0.0
0.0,-0.555555555555556,1.77777777777778,0.0,0.0,0.004271521,0.0
0.0,-0.666666666666667,1.77777777777778,0.0,0.0,0.004512983,0.0
0.0,-0.777777777777778,1.77777777777778,0.0,0.0,0.005331991,0.0
0.0,-0.888888888888889,1.77777777777778,0.0,0.0,0.0005493259,0.0
0.0,-1.0,1.77777777777778,0.0,0.0,0.006387475,0.0
0.0,-1.11111111111111,1.77777777777778,0.0,0.0,0.0056589013,0.0
0.0,-1.22222222222222,1.77777777777778,0.0,0.0,0.00309935,0.0
0.0,-1.33333333333333,1.77777777777778,0.0,0.0,0.0010386223,0.0
0.0,-1.44444444444444,1.77777777777778,0.0,0.0,0.020774331,0.0
0.0,-1.55555555555556,1.77777777777778,0.0,0.0,0.0058472543,0.0
0.0,-1.66666666666667,1.77777777777778,0.0,0.0,0.0018697993,0.0
0.0,-1.77777777777778,1.77777777777778,0.0,0.0,0.004365135,0.0
0.0,-1.88888888888889,1.77777777777778,0.0,0.0,0.0008588505,0.0
0.0,-2.0,1.77777777777778,0.0,0.0,0.00039282368,0.0
0.0,-2.11111111111111,1.77777777777778,0.0,0.0,0.00078784314,0.0
0.0,-2.22222222222222,1.77777777777778,0.0,0.0,0.0071380264,0.0
0.0,-2.33333333333333,1.77777777777778,0.0,0.0,0.001893917,0.0
0.0,-2.44444444444444,1.77777777777778,0.0,0.0,0.0066168928,0.0
0.0,-2.55555555555556,1.77777777777778,0.0,0.0,0.00408361,0.0
0.0,-2.66666666666667,1.77777777777778,0.0,0.0,0.0056002294,0.0
0.0,-2.77777777777778,1.77777777777778,0.0,0.0,0.0023651745,0.0
0.0,-2.88888888888889,1.77777777777778,0.0,0.0,0.00272035,0.0
0.0,-3.0,1.77777777777778,0.0,0.0,0.0011718667,0.0
0.0,-3.11111111111111,1.77777777777778,0.0,0.0,0.0020820152,0.0
0.0,-3.22222222222222,1.77777777777778,0.0,0.0,0.003848044,0.0
0.0,-3.33333333333333,1.77777777777778,0.0,0.0,0.0037462462,0.0
0.0,-3.44444444444444,1.77777777777778,0.0,0.0,0.003029742,0.0
0.0,-3.55555555555556,1.77777777777778,0.0,0.0,0.00012094494,0.0
0.0,-3.66666666666667,1.77777777777778,0.0,0.0,0.0019721265,0.0
0.0,-3.77777777777778,1.77777777777778,0.0,0.0,0.0008522871,0.0
0.0,-3.88888888888889,1.77777777777778,0.0,0.0,1.59095e-05,0.0
0.0,-4.0,1.77777777777778,0.0,0.0,0.008083594,0.0
0.0,-4.11111111111111,1.77777777777778,0.0,0.0,0.00047564195,0.0
0.0,-4.22222222222222,1.77777777777778,0.0,0.0,0.0012542007,0.0
0.0,-4.33333333333333,1.77777777777778,0.0,0.0,0.0015878935,0.0
0.0,-4.44444444444444,1.77777777777778,0.0,0.0,0.0007713715,0.0
0.0,-4.55555555555556,1.77777777777778,0.0,0.0,0.00025482243,0.0
0.0,-4.66666666666667,1.77777777777778,0.0,0.0,2.3951601e-05,0.0
0.0,-4.77777777777778,1.77777777777778,0.0,0.0,0.0040583587,0.0
0.0,-4.88888888888889,1.77777777777778,0.0,0.0,5.4736927e-05,0.0
0.0,-5.0,1.77777777777778,0.0,0.0,0.0003025981,0.0
0.0,-0.0,1.88888888888889,0.0,0.0,0.058049414,0.0
0.0,-0.111111111111111,1.88888888888889,0.0,0.0,0.0029158725,0.0
0.0,-0.222222222222222,1.88888888888889,0.0,0.0,0.0011514582,0.0
0.0,-0.333333333333333,1.88888888888889,0.0,0.0,0.00045667667,0.0
0.0,-0.444444444444444,1.88888888888889,0.0,0.0,0.0044306796,0.0
0.0,-0.555555555555556,1.88888888888889,0.0,0.0,0.0016585639,0.0
0.0,-0.666666666666667,1.88888888888889,0.0,0.0,0.0024022036,0.0
0.0,-0.777777777777778,1.88888888888889,0.0,0.0,0.0075097233,0.0
0.0,-0.888888888888889,1.88888888888889,0.0,0.0,0.0014011202,0.0
0.0,-1.0,1.88888888888889,0.0,0.0,0.0010304525,0.0
0.0,-1.11111111111111,1.88888888888889,0.0,0.0,0.0015880963,0.0
0.0,-1.22222222222222,1.88888888888889,0.0,0.0,0.003697043,0.0
0.0,-1.33333333333333,1.88888888888889,0.0,0.0,0.0002430836,0.0
0.0,-1.44444444444444,1.88888888888889,0.0,0.0,0.030727487,0.0
0.0,-1.55555555555556,1.88888888888889,0.0,0.0,0.011851572,0.0
0.0,-1.66666666666667,1.88888888888889,0.0,0.0,0.0023139976,0.0
0.0,-1.77777777777778,1.88888888888889,0.0,0.0,0.0045724236,0.0
0.0,-1.88888888888889,1.88888888888889,0.0,0.0,0.0004575788,0.0
0.0,-2.0,1.88888888888889,0.0,0.0,0.0007770816,0.0
0.0,-2.11111111111111,1.88888888888889,0.0,0.0,0.0053807423,0.0
0.0,-2.22222222222222,1.88888888888889,0.0,0.0,0.00947425,0.0
0.0,-2.33333333333333,1.88888888888889,0.0,0.0,0.0001579894,0.0
0.0,-2.44444444444444,1.88888888888889,0.0,0.0,0.00871484,0.0
0.0,-2.55555555555556,1.88888888888889,0.0,0.0,0.0056686145,0.0
0.0,-2.66666666666667,1.88888888888889,0.0,0.0,0.0033667206,0.0
0.0,-2.77777777777778,1.88888888888889,0.0,0.0,0.0016013598,0.0
0.0,-2.88888888888889,1.88888888888889,0.0,0.0,0.0024713618,0.0
0.0,-3.0,1.88888888888889,0.0,0.0,0.0019309663,0.0
0.0,-3.11111111111111,1.88888888888889,0.0,0.0,0.0025547005,0.0
0.0,-3.22222222222222,1.88888888888889,0.0,0.0,0.004437127,0.0
0.0,-3.33333333333333,1.88888888888889,0.0,0.0,0.0058276188,0.0
0.0,-3.44444444444444,1.88888888888889,0.0,0.0,0.00057200604,0.0
0.0,-3.55555555555556,1.88888888888889,0.0,0.0,0.00013576687,0.0
0.0,-3.66666666666667,1.88888888888889,0.0,0.0,0.0036662614,0.0
0.0,-3.77777777777778,1.88888888888889,0.0,0.0,0.0019018366,0.0
0.0,-3.88888888888889,1.88888888888889,0.0,0.0,0.00089393073,0.0
0.0,-4.0,1.88888888888889,0.0,0.0,0.00782307,0.0
0.0,-4.11111111111111,1.88888888888889,0.0,0.0,0.00051107444,0.0
0.0,-4.22222222222222,1.88888888888889,0.0,0.0,0.0045700143,0.0
0.0,-4.33333333333333,1.88888888888889,0.0,0.0,0.0006594835,0.0
0.0,-4.44444444444444,1.88888888888889,0.0,0.0,0.0011092377,0.0
0.0,-4.55555555555556,1.88888888888889,0.0,0.0,0.0014966148,0.0
0.0,-4.66666666666667,1.88888888888889,0.0,0.0,0.00014583279,0.0
0.0,-4.77777777777778,1.88888888888889,0.0,0.0,0.003388727,0.0
0.0,-4.88888888888889,1.88888888888889,0.0,0.0,0.00038148797,0.0
0.0,-0.111111111111111,2.0,0.0,0.0,0.009668966,0.0
0.0,-0.222222222222222,2.0,0.0,0.0,0.008339079,0.0
0.0,-0.333333333333333,2.0,0.0,0.0,0.0015299319,0.0
0.0,-0.444444444444444,2.0,0.0,0.0,0.005628782,0.0
0.0,-0.555555555555556,2.0,0.0,0.0,0.0037688604,0.0
0.0,-0.666666666666667,2.0,0.0,0.0,0.00030396684,0.0
0.0,-0.777777777777778,2.0,0.0,0.0,0.00716347,0.0
0.0,-0.888888888888889,2.0,0.0,0.0,0.0010533199,0.0
0.0,-1.11111111111111,2.0,0.0,0.0,0.005128742,0.0
0.0,-1.22222222222222,2.0,0.0,0.0,0.007665089,0.0
0.0,-1.33333333333333,2.0,0.0,0.0,0.00013380288,0.0
0.0,-1.44444444444444,2.0,0.0,0.0,0.021151654,0.0
0.0,-1.55555555555556,2.0,0.0,0.0,0.020912865,0.0
0.0,-1.66666666666667,2.0,0.0,0.0,0.0010756793,0.0
0.0,-1.77777777777778,2.0,0.0,0.0,0.0017572752,0.0
0.0,-1.88888888888889,2.0,0.0,0.0,0.002808145,0.0
0.0,-2.11111111111111,2.0,0.0,0.0,0.0053645056,0.0
0.0,-2.22222222222222,2.0,0.0,0.0,0.0029602824,0.0
0.0,-2.33333333333333,2.0,0.0,0.0,0.0004984348,0.0
0.0,-2.44444444444444,2.0,0.0,0.0,0.004860584,0.0
0.0,-2.55555555555556,2.0,0.0,0.0,0.0076851505,0.0
0.0,-2.66666666666667,2.0,0.0,0.0,0.0025539785,0.0
0.0,-2.77777777777778,2.0,0.0,0.0,0.00051603385,0.0
0.0,-2.88888888888889,2.0,0.0,0.0,0.002716134,0.0
0.0,-3.11111111111111,2.0,0.0,0.0,0.0015535966,0.0
0.0,-3.22222222222222,2.0,0.0,0.0,0.0047826953,0.0
0.0,-3.33333333333333,2.0,0.0,0.0,0.0020238825,0.0
0.0,-3.44444444444444,2.0,0.0,0.0,0.0004041575,0.0
0.0,-3.55555555555556,2.0,0.0,0.0,0.00029634684,0.0
0.0,-3.66666666666667,2.0,0.0,0.0,0.003743319,0.0
0.0,-3.77777777777778,2.0,0.0,0.0,0.00093290536,0.0
0.0,-3.88888888888889,2.0,0.0,0.0,0.0025385246,0.0
0.0,-4.11111111111111,2.0,0.0,0.0,0.0004764504,0.0
0.0,-4.22222222222222,2.0,0.0,0.0,0.004674845,0.0
0.0,-4.33333333333333,2.0,0.0,0.0,0.00045780977,0.0
0.0,-4.44444444444444,2.0,0.0,0.0,0.0003507893,0.0
0.0,-4.55555555555556,2.0,0.0,0.0,0.0017614412,0.0
0.0,-4.66666666666667,2.0,0.0,0.0,0.0013222841,0.0
0.0,-4.77777777777778,2.0,0.0,0.0,0.0013734208,0.0
0.0,-4.88888888888889,2.0,0.0,0.0,0.0011628644,0.0
0.0,-0.0,2.11111111111111,0.0,0.0,0.015511568,0.0
0.0,-0.111111111111111,2.11111111111111,0.0,0.0,0.009330368,0.0
0.0,-0.222222222222222,2.11111111111111,0.0,0.0,0.016371809,0.0
0.0,-0.333333333333333,2.11111111111111,0.0,0.0,0.009222795,0.0
0.0,-0.444444444444444,2.11111111111111,0.0,0.0,0.010321657,0.0
0.0,-0.555555555555556,2.11111111111111,0.0,0.0,0.00817466,0.0
0.0,-0.666666666666667,2.11111111111111,0.0,0.0,0.0055868686,0.0
0.0,-0.777777777777778,2.11111111111111,0.0,0.0,0.0051985644,0.0
0.0,-0.888888888888889,2.11111111111111,0.0,0.0,0.0016349958,0.0
0.0,-1.0,2.11111111111111,0.0,0.0,0.0020505653,0.0
0.0,-1.11111111111111,2.11111111111111,0.0,0.0,0.020676784,0.0
0.0,-1.22222222222222,2.11111111111111,0.0,0.0,0.012089208,0.0
0.0,-1.33333333333333,2.11111111111111,0.0,0.0,0.0007049871,0.0
0.0,-1.44444444444444,2.11111111111111,0.0,0.0,0.004947729,0.0
0.0,-1.55555555555556,2.11111111111111,0.0,0.0,0.023177218,0.0
0.0,-1.66666666666667,2.11111111111111,0.0,0.0,0.00023420606,0.0
0.0,-1.77777777777778,2.11111111111111,0.0,0.0,0.005255142,0.0
0.0,-1.88888888888889,2.11111111111111,0.0,0.0,0.008892326,0.0
0.0,-2.0,2.11111111111111,0.0,0.0,0.010519617,0.0
0.0,-2.11111111111111,2.11111111111111,0.0,0.0,0.006372126,0.0
0.0,-2.22222222222222,2.11111111111111,0.0,0.0,4.865801e-06,0.0
0.0,-2.33333333333333,2.11111111111111,0.0,0.0,0.0012819185,0.0
0.0,-2.44444444444444,2.11111111111111,0.0,0.0,0.005910943,0.0
0.0,-2.55555555555556,2.11111111111111,0.0,0.0,0.008184787,0.0
0.0,-2.66666666666667,2.11111111111111,0.0,0.0,0.0012873784,0.0
0.0,-2.77777777777778,2.11111111111111,0.0,0.0,0.0022239191,0.0
0.0,-2.88888888888889,2.11111111111111,0.0,0.0,0.0052370466,0.0
0.0,-3.0,2.11111111111111,0.0,0.0,0.02185174,0.0
0.0,-3.11111111111111,2.11111111111111,0.0,0.0,0.001994004,0.0
0.0,-3.22222222222222,2.11111111111111,0.0,0.0,0.004881907,0.0
0.0,-3.33333333333333,2.11111111111111,0.0,0.0,3.2489737e-05,0.0
0.0,-3.44444444444444,2.11111111111111,0.0,0.0,0.0015618644,0.0
0.0,-3.55555555555556,2.11111111111111,0.0,0.0,0.0016123396,0.0
0.0,-3.66666666666667,2.11111111111111,0.0,0.0,0.0033522972,0.0
0.0,-3.77777777777778,2.11111111111111,0.0,0.0,0.00014748226,0.0
0.0,-3.88888888888889,2.11111111111111,0.0,0.0,0.0032642356,0.0
0.0,-4.0,2.11111111111111,0.0,0.0,0.0018936994,0.0
0.0,-4.11111111111111,2.11111111111111,0.0,0.0,0.00069823046,0.0
0.0,-4.22222222222222,2.11111111111111,0.0,0.0,0.0023800759,0.0
0.0,-4.33333333333333,2.11111111111111,0.0,0.0,0.00053493254,0.0
0.0,-4.44444444444444,2.11111111111111,0.0,0.0,0.0010929335,0.0
0.0,-4.55555555555556,2.11111111111111,0.0,0.0,0.0023935132,0.0
0.0,-4.66666666666667,2.11111111111111,0.0,0.0,0.0029932715,0.0
0.0,-4.77777777777778,2.11111111111111,0.0,0.0,0.0033713372,0.0
0.0,-4.88888888888889,2.11111111111111,0.0,0.0,0.002466182,0.0
0.0,-5.0,2.11111111111111,0.0,0.0,0.0020032853,0.0
0.0,-0.0,2.22222222222222,0.0,0.0,0.020198552,0.0
0.0,-0.111111111111111,2.22222222222222,0.0,0.0,0.00524431,0.0
0.0,-0.222222222222222,2.22222222222222,0.0,0.0,0.012399132,0.0
0.0,-0.333333333333333,2.22222222222222,0.0,0.0,0.015040485,0.0
0.0,-0.444444444444444,2.22222222222222,0.0,0.0,0.006967435,0.0
0.0,-0.555555555555556,2.22222222222222,0.0,0.0,0.014642961,0.0
0.0,-0.666666666666667,2.22222222222222,0.0,0.0,0.00695247,0.0
0.0,-0.777777777777778,2.22222222222222,0.0,0.0,0.0034518703,0.0
0.0,-0.888888888888889,2.22222222222222,0.0,0.0,0.0037180083,0.0
0.0,-1.0,2.22222222222222,0.0,0.0,0.001212109,0.0
0.0,-1.11111111111111,2.22222222222222,0.0,0.0,0.029861009,0.0
0.0,-1.22222222222222,2.22222222222222,0.0,0.0,0.0137208225,0.0
0.0,-1.33333333333333,2.22222222222222,0.0,0.0,0.0007561407,0.0
0.0,-1.44444444444444,2.22222222222222,0.0,0.0,0.00085221854,0.0
0.0,-1.55555555555556,2.22222222222222,0.0,0.0,0.017829243,0.0
0.0,-1.66666666666667,2.22222222222222,0.0,0.0,0.0019342733,0.0
0.0,-1.77777777777778,2.22222222222222,0.0,0.0,0.009665996,0.0
0.0,-1.88888888888889,2.22222222222222,0.0,0.0,0.014860947,0.0
0.0,-2.0,2.22222222222222,0.0,0.0,0.010710391,0.0
0.0,-2.11111111111111,2.22222222222222,0.0,0.0,0.011898956,0.0
0.0,-2.22222222222222,2.22222222222222,0.0,0.0,0.00025056978,0.0
0.0,-2.33333333333333,2.22222222222222,0.0,0.0,0.00014815868,0.0
0.0,-2.44444444444444,2.22222222222222,0.0,0.0,0.009130092,0.0
0.0,-2.55555555555556,2.22222222222222,0.0,0.0,0.005357712,0.0
0.0,-2.66666666666667,2.22222222222222,0.0,0.0,0.0008357873,0.0
0.0,-2.77777777777778,2.22222222222222,0.0,0.0,0.002534067,0.0
0.0,-2.88888888888889,2.22222222222222,0.0,0.0,0.004908666,0.0
0.0,-3.0,2.22222222222222,0.0,0.0,0.039530084,0.0
0.0,-3.11111111111111,2.22222222222222,0.0,0.0,0.0020709352,0.0
0.0,-3.22222222222222,2.22222222222222,0.0,0.0,0.0025581252,0.0
0.0,-3.33333333333333,2.22222222222222,0.0,0.0,0.00030459592,0.0
0.0,-3.44444444444444,2.22222222222222,0.0,0.0,0.0015216315,0.0
0.0,-3.55555555555556,2.22222222222222,0.0,0.0,0.002707551,0.0
0.0,-3.66666666666667,2.22222222222222,0.0,0.0,0.0035764845,0.0
0.0,-3.77777777777778,2.22222222222222,0.0,0.0,0.00023690914,0.0
0.0,-3.88888888888889,2.22222222222222,0.0,0.0,0.0026553138,0.0
0.0,-4.0,2.22222222222222,0.0,0.0,0.0023777108,0.0
0.0,-4.11111111111111,2.22222222222222,0.0,0.0,0.0010669478,0.0
0.0,-4.22222222222222,2.22222222222222,0.0,0.0,0.0011546144,0.0
0.0,-4.33333333333333,2.22222222222222,0.0,0.0,0.0013344537,0.0
0.0,-4.44444444444444,2.22222222222222,0.0,0.0,0.002295824,0.0
0.0,-4.55555555555556,2.22222222222222,0.0,0.0,0.0026746842,0.0
0.0,-4.66666666666667,2.22222222222222,0.0,0.0,0.0023603449,0.0
0.0,-4.77777777777778,2.22222222222222,0.0,0.0,0.008049441,0.0
0.0,-4.88888888888889,2.22222222222222,0.0,0.0,0.0034228172,0.0
0.0,-5.0,2.22222222222222,0.0,0.0,0.00071775535,0.0
0.0,-0.0,2.33333333333333,0.0,0.0,0.003645648,0.0
0.0,-0.111111111111111,2.33333333333333,0.0,0.0,0.0016955824,0.0
0.0,-0.222222222222222,2.33333333333333,0.0,0.0,0.0035436149,0.0
0.0,-0.333333333333333,2.33333333333333,0.0,0.0,0.01164664,0.0
0.0,-0.444444444444444,2.33333333333333,0.0,0.0,0.0044622873,0.0
0.0,-0.555555555555556,2.33333333333333,0.0,0.0,0.014650114,0.0
0.0,-0.666666666666667,2.33333333333333,0.0,0.0,0.0053379796,0.0
0.0,-0.777777777777778,2.33333333333333,0.0,0.0,0.0016210868,0.0
0.0,-0.888888888888889,2.33333333333333,0.0,0.0,0.005625345,0.0
0.0,-1.0,2.33333333333333,0.0,0.0,0.00056956906,0.0
0.0,-1.11111111111111,2.33333333333333,0.0,0.0,0.017659584,0.0
0.0,-1.22222222222222,2.33333333333333,0.0,0.0,0.007421938,0.0
0.0,-1.33333333333333,2.33333333333333,0.0,0.0,0.0015293946,0.0
0.0,-1.44444444444444,2.33333333333333,0.0,0.0,0.0038228633,0.0
0.0,-1.55555555555556,2.33333333333333,0.0,0.0,0.0069353003,0.0
0.0,-1.66666666666667,2.33333333333333,0.0,0.0,0.0020835053,0.0
0.0,-1.77777777777778,2.33333333333333,0.0,0.0,0.007857862,0.0
0.0,-1.88888888888889,2.33333333333333,0.0,0.0,0.011417017,0.0
0.0,-2.0,2.33333333333333,0.0,0.0,0.0055279857,0.0
0.0,-2.11111111111111,2.33333333333333,0.0,0.0,0.010086651,0.0
0.0,-2.22222222222222,2.33333333333333,0.0,0.0,0.000658696,0.0
0.0,-2.33333333333333,2.33333333333333,0.0,0.0,0.0011239783,0.0
0.0,-2.44444444444444,2.33333333333333,0.0,0.0,0.0065304874,0.0
0.0,-2.55555555555556,2.33333333333333,0.0,0.0,0.0010900984,0.0
0.0,-2.66666666666667,2.33333333333333,0.0,0.0,0.00016220381,0.0
0.0,-2.77777777777778,2.33333333333333,0.0,0.0,0.0014112798,0.0
0.0,-2.88888888888889,2.33333333333333,0.0,0.0,0.0014472778,0.0
0.0,-3.0,2.33333333333333,0.0,0.0,0.025723012,0.0
0.0,-3.11111111111111,2.33333333333333,0.0,0.0,0.00082609896,0.0
0.0,-3.22222222222222,2.33333333333333,0.0,0.0,0.0002352234,0.0
0.0,-3.33333333333333,2.33333333333333,0.0,0.0,5.3470754e-05,0.0
0.0,-3.44444444444444,2.33333333333333,0.0,0.0,0.0010125035,0.0
0.0,-3.55555555555556,2.33333333333333,0.0,0.0,0.0007787271,0.0
0.0,-3.66666666666667,2.33333333333333,0.0,0.0,0.0023541725,0.0
0.0,-3.77777777777778,2.33333333333333,0.0,0.0,0.00017169703,0.0
0.0,-3.88888888888889,2.33333333333333,0.0,0.0,0.0016216799,0.0
0.0,-4.0,2.33333333333333,0.0,0.0,0.004203129,0.0
0.0,-4.11111111111111,2.33333333333333,0.0,0.0,0.0014087433,0.0
0.0,-4.22222222222222,2.33333333333333,0.0,0.0,0.00094107044,0.0
0.0,-4.33333333333333,2.33333333333333,0.0,0.0,0.0019170707,0.0
0.0,-4.44444444444444,2.33333333333333,0.0,0.0,0.0016509873,0.0
0.0,-4.55555555555556,2.33333333333333,0.0,0.0,0.0013248917,0.0
0.0,-4.66666666666667,2.33333333333333,0.0,0.0,0.0007195964,0.0
0.0,-4.77777777777778,2.33333333333333,0.0,0.0,0.006481925,0.0
0.0,-4.88888888888889,2.33333333333333,0.0,0.0,0.0024678886,0.0
0.0,-5.0,2.33333333333333,0.0,0.0,1.1939731e-05,0.0
0.0,-0.0,2.44444444444444,0.0,0.0,0.02900682,0.0
0.0,-0.111111111111111,2.44444444444444,0.0,0.0,0.0006060503,0.0
0.0,-0.222222222222222,2.44444444444444,0.0,0.0,0.0025392142,0.0
0.0,-0.333333333333333,2.44444444444444,0.0,0.0,0.005909619,0.0
0.0,-0.444444444444444,2.44444444444444,0.0,0.0,0.009241949,0.0
0.0,-0.555555555555556,2.44444444444444,0.0,0.0,0.0047797067,0.0
0.0,-0.666666666666667,2.44444444444444,0.0,0.0,0.0048755053,0.0
0.0,-0.777777777777778,2.44444444444444,0.0,0.0,0.002901684,0.0
0.0,-0.888888888888889,2.44444444444444,0.0,0.0,0.004421054,0.0
0.0,-1.0,2.44444444444444,0.0,0.0,0.0016064777,0.0
0.0,-1.11111111111111,2.44444444444444,0.0,0.0,0.0033902035,0.0
0.0,-1.22222222222222,2.44444444444444,0.0,0.0,0.00040629442,0.0
0.0,-1.33333333333333,2.44444444444444,0.0,0.0,0.0033446364,0.0
0.0,-1.44444444444444,2.44444444444444,0.0,0.0,0.0012807023,0.0
0.0,-1.55555555555556,2.44444444444444,0.0,0.0,0.0005429776,0.0
0.0,-1.66666666666667,2.44444444444444,0.0,0.0,0.0004492993,0.0
0.0,-1.77777777777778,2.44444444444444,0.0,0.0,0.0039987806,0.0
0.0,-1.88888888888889,2.44444444444444,0.0,0.0,0.0014984187,0.0
0.0,-2.0,2.44444444444444,0.0,0.0,0.0025064123,0.0
0.0,-2.11111111111111,2.44444444444444,0.0,0.0,0.0021275312,0.0
0.0,-2.22222222222222,2.44444444444444,0.0,0.0,0.0031350937,0.0
0.0,-2.33333333333333,2.44444444444444,0.0,0.0,0.004138775,0.0
0.0,-2.44444444444444,2.44444444444444,0.0,0.0,0.0030170002,0.0
0.0,-2.55555555555556,2.44444444444444,0.0,0.0,0.00049183134,0.0
0.0,-2.66666666666667,2.44444444444444,0.0,0.0,0.00044605994,0.0
0.0,-2.77777777777778,2.44444444444444,0.0,0.0,0.0008168715,0.0
0.0,-2.88888888888889,2.44444444444444,0.0,0.0,0.0014362471,0.0
0.0,-3.0,2.44444444444444,0.0,0.0,0.003197496,0.0
0.0,-3.11111111111111,2.44444444444444,0.0,0.0,0.00056903355,0.0
0.0,-3.22222222222222,2.44444444444444,0.0,0.0,0.0002776673,0.0
0.0,-3.33333333333333,2.44444444444444,0.0,0.0,0.000483628,0.0
0.0,-3.44444444444444,2.44444444444444,0.0,0.0,0.0011869782,0.0
0.0,-3.55555555555556,2.44444444444444,0.0,0.0,0.0012468626,0.0
0.0,-3.66666666666667,2.44444444444444,0.0,0.0,0.00046769154,0.0
0.0,-3.77777777777778,2.44444444444444,0.0,0.0,0.00014436594,0.0
0.0,-3.88888888888889,2.44444444444444,0.0,0.0,0.0010502469,0.0
0.0,-4.0,2.44444444444444,0.0,0.0,0.0047433707,0.0
0.0,-4.11111111111111,2.44444444444444,0.0,0.0,0.0012902489,0.0
0.0,-4.22222222222222,2.44444444444444,0.0,0.0,0.0008519365,0.0
0.0,-4.33333333333333,2.44444444444444,0.0,0.0,0.0011652607,0.0
0.0,-4.44444444444444,2.44444444444444,0.0,0.0,0.00035478367,0.0
0.0,-4.55555555555556,2.44444444444444,0.0,0.0,0.00036643964,0.0
0.0,-4.66666666666667,2.44444444444444,0.0,0.0,0.00038043558,0.0
0.0,-4.77777777777778,2.44444444444444,0.0,0.0,0.0010867601,0.0
0.0,-4.88888888888889,2.44444444444444,0.0,0.0,0.0010801,0.0
0.0,-5.0,2.44444444444444,0.0,0.0,0.0007472405,0.0
0.0,-0.0,2.55555555555556,0.0,0.0,0.09886702,0.0
0.0,-0.111111111111111,2.55555555555556,0.0,0.0,0.0026176036,0.0
0.0,-0.222222222222222,2.55555555555556,0.0,0.0,0.005943654,0.0
0.0,-0.333333333333333,2.55555555555556,0.0,0.0,0.003975418,0.0
0.0,-0.444444444444444,2.55555555555556,0.0,0.0,0.01633484,0.0
0.0,-0.555555555555556,2.55555555555556,0.0,0.0,0.00017599577,0.0
0.0,-0.666666666666667,2.55555555555556,0.0,0.0,0.0028591845,0.0
0.0,-0.777777777777778,2.55555555555556,0.0,0.0,0.004925334,0.0
0.0,-0.888888888888889,2.55555555555556,0.0,0.0,0.0023991382,0.0
0.0,-1.0,2.55555555555556,0.0,0.0,0.0019550272,0.0
0.0,-1.11111111111111,2.55555555555556,0.0,0.0,0.0045250496,0.0
0.0,-1.22222222222222,2.55555555555556,0.0,0.0,0.00866215,0.0
0.0,-1.33333333333333,2.55555555555556,0.0,0.0,0.004637683,0.0
0.0,-1.44444444444444,2.55555555555556,0.0,0.0,0.0054101716,0.0
0.0,-1.55555555555556,2.55555555555556,0.0,0.0,0.0038778866,0.0
0.0,-1.66666666666667,2.55555555555556,0.0,0.0,0.00062579336,0.0
0.0,-1.77777777777778,2.55555555555556,0.0,0.0,0.0016242742,0.0
0.0,-1.88888888888889,2.55555555555556,0.0,0.0,0.0039290334,0.0
0.0,-2.0,2.55555555555556,0.0,0.0,0.0008490605,0.0
0.0,-2.11111111111111,2.55555555555556,0.0,0.0,0.0004339746,0.0
0.0,-2.22222222222222,2.55555555555556,0.0,0.0,0.0044629904,0.0
0.0,-2.33333333333333,2.55555555555556,0.0,0.0,0.0043693795,0.0
0.0,-2.44444444444444,2.55555555555556,0.0,0.0,0.0004186068,0.0
0.0,-2.55555555555556,2.55555555555556,0.0,0.0,0.002349488,0.0
0.0,-2.66666666666667,2.55555555555556,0.0,0.0,0.0017427574,0.0
0.0,-2.77777777777778,2.55555555555556,0.0,0.0,0.00033169196,0.0
0.0,-2.88888888888889,2.55555555555556,0.0,0.0,0.0042915656,0.0
0.0,-3.0,2.55555555555556,0.0,0.0,0.0037751338,0.0
0.0,-3.11111111111111,2.55555555555556,0.0,0.0,0.0013208869,0.0
0.0,-3.22222222222222,2.55555555555556,0.0,0.0,0.00036358702,0.0
0.0,-3.33333333333333,2.55555555555556,0.0,0.0,1.6411777e-05,0.0
0.0,-3.44444444444444,2.55555555555556,0.0,0.0,0.0016436295,0.0
0.0,-3.55555555555556,2.55555555555556,0.0,0.0,0.00400506,0.0
0.0,-3.66666666666667,2.55555555555556,0.0,0.0,0.0014520449,0.0
0.0,-3.77777777777778,2.55555555555556,0.0,0.0,0.00021897652,0.0
0.0,-3.88888888888889,2.55555555555556,0.0,0.0,0.0012656802,0.0
0.0,-4.0,2.55555555555556,0.0,0.0,0.0021083152,0.0
0.0,-4.11111111111111,2.55555555555556,0.0,0.0,0.00087057287,0.0
0.0,-4.22222222222222,2.55555555555556,0.0,0.0,0.001177228,0.0
0.0,-4.33333333333333,2.55555555555556,0.0,0.0,0.00034440993,0.0
0.0,-4.44444444444444,2.55555555555556,0.0,0.0,0.00011017331,0.0
0.0,-4.55555555555556,2.55555555555556,0.0,0.0,7.626604e-05,0.0
0.0,-4.66666666666667,2.55555555555556,0.0,0.0,0.00027260595,0.0
0.0,-4.77777777777778,2.55555555555556,0.0,0.0,0.0002823511,0.0
0.0,-4.88888888888889,2.55555555555556,0.0,0.0,0.0011576293,0.0
0.0,-5.0,2.55555555555556,0.0,0.0,0.002774549,0.0
0.0,-0.0,2.66666666666667,1.82135196854016,0.0,0.098005965,0.04416760883149581
0.0,-0.111111111111111,2.66666666666667,0.0,0.0,0.005270793,0.0
0.0,-0.222222222222222,2.66666666666667,0.0,0.0,0.0056956806,0.0
0.0,-0.333333333333333,2.66666666666667,0.0,0.0,0.003863804,0.0
0.0,-0.444444444444444,2.66666666666667,0.0,0.0,0.020675765,0.0
0.0,-0.555555555555556,2.66666666666667,0.0,0.0,0.00018474869,0.0
0.0,-0.666666666666667,2.66666666666667,0.0,0.0,0.00075536966,0.0
0.0,-0.777777777777778,2.66666666666667,0.0,0.0,0.0016504232,0.0
0.0,-0.888888888888889,2.66666666666667,183.729554632013,0.0,0.0056728977,4.455423904845748
0.0,-1.0,2.66666666666667,0.0,0.0,0.0050277677,0.0
0.0,-1.11111111111111,2.66666666666667,0.0,0.0,0.009294937,0.0
0.0,-1.22222222222222,2.66666666666667,0.0,0.0,0.013405702,0.0
0.0,-1.33333333333333,2.66666666666667,0.0,0.0,0.0042277584,0.0
0.0,-1.44444444444444,2.66666666666667,0.0,0.0,0.01781892,0.0
0.0,-1.55555555555556,2.66666666666667,0.0,0.0,0.007481266,0.0
0.0,-1.66666666666667,2.66666666666667,0.0,0.0,0.0018988597,0.0
0.0,-1.77777777777778,2.66666666666667,1.01282839856335,0.0,0.0007868464,0.024560990568468482
0.0,-1.88888888888889,2.66666666666667,0.0,0.0,0.011180151,0.0
0.0,-2.0,2.66666666666667,0.0,0.0,0.0002471773,0.0
0.0,-2.11111111111111,2.66666666666667,0.0,0.0,0.0025122561,0.0
0.0,-2.22222222222222,2.66666666666667,0.0,0.0,0.0033860349,0.0
0.0,-2.33333333333333,2.66666666666667,0.0,0.0,0.004447148,0.0
0.0,-2.44444444444444,2.66666666666667,0.0,0.0,0.0009063252,0.0
0.0,-2.55555555555556,2.66666666666667,0.0,0.0,0.0011205296,0.0
0.0,-2.66666666666667,2.66666666666667,48.4059377287224,0.0,0.0016945474,1.1738393016027393
0.0,-2.77777777777778,2.66666666666667,0.0,0.0,0.0016224172,0.0
0.0,-2.88888888888889,2.66666666666667,0.0,0.0,0.00399676,0.0
0.0,-3.0,2.66666666666667,0.0,0.0,0.0054421085,0.0
0.0,-3.11111111111111,2.66666666666667,0.0,0.0,0.0005851698,0.0
0.0,-3.22222222222222,2.66666666666667,0.0,0.0,0.00016188835,0.0
0.0,-3.33333333333333,2.66666666666667,0.0,0.0,0.0013298718,0.0
0.0,-3.44444444444444,2.66666666666667,0.0,0.0,0.0020496952,0.0
0.0,-3.55555555555556,2.66666666666667,0.0,0.0,0.0020469858,0.0
0.0,-3.66666666666667,2.66666666666667,0.0,0.0,0.0021055383,0.0
0.0,-3.77777777777778,2.66666666666667,0.0,0.0,6.836417e-05,0.0
0.0,-3.88888888888889,2.66666666666667,0.0,0.0,0.0007576183,0.0
0.0,-4.0,2.66666666666667,0.0,0.0,0.0011327779,0.0
0.0,-4.11111111111111,2.66666666666667,0.0,0.0,0.00074204395,0.0
0.0,-4.22222222222222,2.66666666666667,0.0,0.0,0.0017508116,0.0
0.0,-4.33333333333333,2.66666666666667,0.0,0.0,7.3266754e-05,0.0
0.0,-4.44444444444444,2.66666666666667,8.37775453253164,0.0,0.0009764699,0.20315973599310913
0.0,-4.55555555555556,2.66666666666667,0.0,0.0,0.00039235197,0.0
0.0,-4.66666666666667,2.66666666666667,0.0,0.0,0.00027526752,0.0
0.0,-4.77777777777778,2.66666666666667,0.0,0.0,0.00080836547,0.0
0.0,-4.88888888888889,2.66666666666667,0.0,0.0,0.0011570596,0.0
0.0,-0.0,2.77777777777778,0.0,0.0,0.04449474,0.0
0.0,-0.111111111111111,2.77777777777778,0.0,0.0,0.00851997,0.0
0.0,-0.222222222222222,2.77777777777778,0.0,0.0,0.0012094955,0.0
0.0,-0.333333333333333,2.77777777777778,0.0,0.0,0.0019102759,0.0
0.0,-0.444444444444444,2.77777777777778,0.0,0.0,0.01967208,0.0
0.0,-0.555555555555556,2.77777777777778,0.0,0.0,0.004835324,0.0
0.0,-0.666666666666667,2.77777777777778,0.0,0.0,0.0013697624,0.0
0.0,-0.777777777777778,2.77777777777778,0.0,0.0,0.0016556588,0.0
0.0,-0.888888888888889,2.77777777777778,0.0,0.0,0.013235493,0.0
0.0,-1.0,2.77777777777778,0.0,0.0,0.02228756,0.0
0.0,-1.11111111111111,2.77777777777778,0.0,0.0,0.0050425986,0.0
0.0,-1.22222222222222,2.77777777777778,0.0,0.0,0.003542269,0.0
0.0,-1.33333333333333,2.77777777777778,0.0,0.0,0.0022543096,0.0
0.0,-1.44444444444444,2.77777777777778,0.0,0.0,0.019593919,0.0
0.0,-1.55555555555556,2.77777777777778,0.0,0.0,0.010415944,0.0
0.0,-1.66666666666667,2.77777777777778,0.0,0.0,0.0018643241,0.0
0.0,-1.77777777777778,2.77777777777778,0.0,0.0,0.0007488475,0.0
0.0,-1.88888888888889,2.77777777777778,0.0,0.0,0.0050684186,0.0
0.0,-2.0,2.77777777777778,0.0,0.0,0.0050774384,0.0
0.0,-2.11111111111111,2.77777777777778,0.0,0.0,0.000318912,0.0
0.0,-2.22222222222222,2.77777777777778,0.0,0.0,0.0021818941,0.0
0.0,-2.33333333333333,2.77777777777778,0.0,0.0,0.010525864,0.0
0.0,-2.44444444444444,2.77777777777778,0.0,0.0,0.00459764,0.0
0.0,-2.55555555555556,2.77777777777778,0.0,0.0,0.00017796506,0.0
0.0,-2.66666666666667,2.77777777777778,0.0,0.0,0.002093957,0.0
0.0,-2.77777777777778,2.77777777777778,0.0,0.0,0.0056770924,0.0
0.0,-2.88888888888889,2.77777777777778,0.0,0.0,0.0017204623,0.0
0.0,-3.0,2.77777777777778,0.0,0.0,0.00025753447,0.0
0.0,-3.11111111111111,2.77777777777778,0.0,0.0,0.0003659026,0.0
0.0,-3.22222222222222,2.77777777777778,0.0,0.0,0.0014130587,0.0
0.0,-3.33333333333333,2.77777777777778,0.0,0.0,0.001744583,0.0
0.0,-3.44444444444444,2.77777777777778,0.0,0.0,0.0019433224,0.0
0.0,-3.55555555555556,2.77777777777778,0.0,0.0,0.0005382449,0.0
0.0,-3.66666666666667,2.77777777777778,0.0,0.0,0.0021583142,0.0
0.0,-3.77777777777778,2.77777777777778,0.0,0.0,0.0012304079,0.0
0.0,-3.88888888888889,2.77777777777778,0.0,0.0,0.0003352339,0.0
0.0,-4.0,2.77777777777778,0.0,0.0,0.0006628023,0.0
0.0,-4.11111111111111,2.77777777777778,0.0,0.0,0.0024527693,0.0
0.0,-4.22222222222222,2.77777777777778,0.0,0.0,0.0014134271,0.0
0.0,-4.33333333333333,2.77777777777778,0.0,0.0,0.00020418048,0.0
0.0,-4.44444444444444,2.77777777777778,0.0,0.0,0.0025407365,0.0
0.0,-4.55555555555556,2.77777777777778,0.0,0.0,0.0016871337,0.0
0.0,-4.66666666666667,2.77777777777778,0.0,0.0,0.0004090381,0.0
0.0,-4.77777777777778,2.77777777777778,0.0,0.0,0.00014979785,0.0
0.0,-4.88888888888889,2.77777777777778,0.0,0.0,0.00046854178,0.0
0.0,-5.0,2.77777777777778,0.0,0.0,0.00017800288,0.0
0.0,-0.0,2.88888888888889,0.0,0.0,0.014791485,0.0
0.0,-0.111111111111111,2.88888888888889,0.0,0.0,0.0145869,0.0
0.0,-0.222222222222222,2.88888888888889,0.0,0.0,0.007713965,0.0
0.0,-0.333333333333333,2.88888888888889,0.0,0.0,0.00020358828,0.0
0.0,-0.444444444444444,2.88888888888889,0.0,0.0,0.014898651,0.0
0.0,-0.555555555555556,2.88888888888889,0.0,0.0,0.02038846,0.0
0.0,-0.666666666666667,2.88888888888889,0.0,0.0,0.0029691132,0.0
0.0,-0.777777777777778,2.88888888888889,0.0,0.0,0.010124709,0.0
0.0,-0.888888888888889,2.88888888888889,0.0,0.0,0.014742481,0.0
0.0,-1.0,2.88888888888889,0.0,0.0,0.056859672,0.0
0.0,-1.11111111111111,2.88888888888889,0.0,0.0,0.00012599534,0.0
0.0,-1.22222222222222,2.88888888888889,0.0,0.0,0.003429811,0.0
0.0,-1.33333333333333,2.88888888888889,0.0,0.0,0.00053302187,0.0
0.0,-1.44444444444444,2.88888888888889,0.0,0.0,0.012481857,0.0
0.0,-1.55555555555556,2.88888888888889,0.0,0.0,0.013175299,0.0
0.0,-1.66666666666667,2.88888888888889,0.0,0.0,0.00028866288,0.0
0.0,-1.77777777777778,2.88888888888889,0.0,0.0,0.0004048173,0.0
0.0,-1.88888888888889,2.88888888888889,0.0,0.0,0.008252546,0.0
0.0,-2.0,2.88888888888889,0.0,0.0,0.011490812,0.0
0.0,-2.11111111111111,2.88888888888889,0.0,0.0,0.0026872337,0.0
0.0,-2.22222222222222,2.88888888888889,0.0,0.0,0.00082457584,0.0
0.0,-2.33333333333333,2.88888888888889,0.0,0.0,0.02189762,0.0
0.0,-2.44444444444444,2.88888888888889,0.0,0.0,0.0053088404,0.0
0.0,-2.55555555555556,2.88888888888889,0.0,0.0,0.003125203,0.0
0.0,-2.66666666666667,2.88888888888889,0.0,0.0,0.004180818,0.0
0.0,-2.77777777777778,2.88888888888889,0.0,0.0,0.011016492,0.0
0.0,-2.88888888888889,2.88888888888889,0.0,0.0,0.0024552343,0.0
0.0,-3.0,2.88888888888889,0.0,0.0,0.0061043017,0.0
0.0,-3.11111111111111,2.88888888888889,0.0,0.0,0.0029437994,0.0
0.0,-3.22222222222222,2.88888888888889,0.0,0.0,0.0026297166,0.0
0.0,-3.33333333333333,2.88888888888889,0.0,0.0,0.0015572414,0.0
0.0,-3.44444444444444,2.88888888888889,0.0,0.0,0.0016563169,0.0
0.0,-3.55555555555556,2.88888888888889,0.0,0.0,0.0027875963,0.0
0.0,-3.66666666666667,2.88888888888889,0.0,0.0,0.0064297966,0.0
0.0,-3.77777777777778,2.88888888888889,0.0,0.0,0.0058281785,0.0
0.0,-3.88888888888889,2.88888888888889,0.0,0.0,0.0053800805,0.0
0.0,-4.0,2.88888888888889,0.0,0.0,0.00013328272,0.0
0.0,-4.11111111111111,2.88888888888889,0.0,0.0,0.0061896895,0.0
0.0,-4.22222222222222,2.88888888888889,0.0,0.0,0.0006363957,0.0
0.0,-4.33333333333333,2.88888888888889,0.0,0.0,0.0025650142,0.0
0.0,-4.44444444444444,2.88888888888889,0.0,0.0,0.005324247,0.0
0.0,-4.55555555555556,2.88888888888889,0.0,0.0,0.0033350382,0.0
0.0,-4.66666666666667,2.88888888888889,0.0,0.0,5.9099533e-05,0.0
0.0,-4.77777777777778,2.88888888888889,0.0,0.0,0.0019206684,0.0
0.0,-4.88888888888889,2.88888888888889,0.0,0.0,0.0012944408,0.0
0.0,-5.0,2.88888888888889,0.0,0.0,0.0039063673,0.0
0.0,-0.111111111111111,3.0,0.0,0.0,0.01716159,0.0
0.0,-0.222222222222222,3.0,0.0,0.0,0.025031393,0.0
0.0,-0.333333333333333,3.0,0.623556213838503,0.0,0.001243591,0.015121177791540234
0.0,-0.444444444444444,3.0,0.0,0.0,0.010299823,0.0
0.0,-0.555555555555556,3.0,0.0,0.0,0.02962155,0.0
0.0,-0.666666666666667,3.0,0.838318106995126,0.0,0.0025791577,0.020329132899995193
0.0,-0.777777777777778,3.0,0.0,0.0,0.011917145,0.0
0.0,-0.888888888888889,3.0,0.0,0.0,0.008599019,0.0
0.0,-1.11111111111111,3.0,0.0,0.0,0.001426882,0.0
0.0,-1.22222222222222,3.0,0.0,0.0,0.009008683,0.0
0.0,-1.33333333333333,3.0,21.4514036959861,0.0,8.567597e-05,0.5201944619689396
0.0,-1.44444444444444,3.0,0.0,0.0,0.008113917,0.0
0.0,-1.55555555555556,3.0,0.0,0.0,0.012092302,0.0
0.0,-1.66666666666667,3.0,0.0,0.0,0.0005794202,0.0
0.0,-1.77777777777778,3.0,0.0,0.0,0.0006024831,0.0
0.0,-1.88888888888889,3.0,0.0,0.0,0.024014559,0.0
0.0,-2.11111111111111,3.0,0.0,0.0,0.007311298,0.0
0.0,-2.22222222222222,3.0,0.0,0.0,0.0012371612,0.0
0.0,-2.33333333333333,3.0,10.4561577972336,0.0,0.028344842,0.25356081386002877
0.0,-2.44444444444444,3.0,0.0,0.0,0.0032542732,0.0
0.0,-2.55555555555556,3.0,0.0,0.0,0.004149023,0.0
0.0,-2.66666666666667,3.0,18.252333634513,0.0,0.0057688924,0.44261732282161526
0.0,-2.77777777777778,3.0,0.0,0.0,0.012951608,0.0
0.0,-2.88888888888889,3.0,0.0,0.0,0.0043632253,0.0
0.0,-3.11111111111111,3.0,0.0,0.0,0.0044147274,0.0
0.0,-3.22222222222222,3.0,0.0,0.0,0.0021602083,0.0
0.0,-3.33333333333333,3.0,26.1663715443613,0.0,0.0057193288,0.6345319756275598
0.0,-3.44444444444444,3.0,0.0,0.0,0.0017997909,0.0
0.0,-3.55555555555556,3.0,0.0,0.0,0.0025734424,0.0
0.0,-3.66666666666667,3.0,0.0,0.0,0.008330625,0.0
0.0,-3.77777777777778,3.0,0.0,0.0,0.008248024,0.0
0.0,-3.88888888888889,3.0,0.0,0.0,0.010714349,0.0
0.0,-4.11111111111111,3.0,0.0,0.0,0.007295698,0.0
0.0,-4.22222222222222,3.0,0.0,0.0,0.0005461436,0.0
0.0,-4.33333333333333,3.0,11.5809197118571,0.0,0.005517558,0.2808361813517238
0.0,-4.44444444444444,3.0,0.0,0.0,0.0074702026,0.0
0.0,-4.55555555555556,3.0,0.0,0.0,0.0038047465,0.0
0.0,-4.66666666666667,3.0,8.38183444175402,0.0,0.00023705482,0.20325867339659545
0.0,-4.77777777777778,3.0,0.0,0.0,0.004313242,0.0
0.0,-4.88888888888889,3.0,0.0,0.0,0.0027647314,0.0
0.0,-0.0,3.11111111111111,0.0,0.0,0.017102852,0.0
0.0,-0.111111111111111,3.11111111111111,0.0,0.0,0.00921648,0.0
0.0,-0.222222222222222,3.11111111111111,0.0,0.0,0.023796216,0.0
0.0,-0.333333333333333,3.11111111111111,0.0,0.0,0.0016520829,0.0
0.0,-0.444444444444444,3.11111111111111,0.0,0.0,0.009487542,0.0
0.0,-0.555555555555556,3.11111111111111,0.0,0.0,0.01886398,0.0
0.0,-0.666666666666667,3.11111111111111,0.0,0.0,0.0019127715,0.0
0.0,-0.777777777777778,3.11111111111111,0.0,0.0,0.0025094051,0.0
0.0,-0.888888888888889,3.11111111111111,0.0,0.0,0.004477665,0.0
0.0,-1.0,3.11111111111111,0.0,0.0,0.044270292,0.0
0.0,-1.11111111111111,3.11111111111111,0.0,0.0,0.001739064,0.0
0.0,-1.22222222222222,3.11111111111111,0.0,0.0,0.0060473974,0.0
0.0,-1.33333333333333,3.11111111111111,0.0,0.0,0.00040260828,0.0
0.0,-1.44444444444444,3.11111111111111,0.0,0.0,0.006290387,0.0
0.0,-1.55555555555556,3.11111111111111,0.0,0.0,0.0096316375,0.0
0.0,-1.66666666666667,3.11111111111111,0.0,0.0,0.0040736017,0.0
0.0,-1.77777777777778,3.11111111111111,0.0,0.0,0.0022944808,0.0
0.0,-1.88888888888889,3.11111111111111,0.0,0.0,0.019084258,0.0
0.0,-2.0,3.11111111111111,0.0,0.0,0.0013344308,0.0
0.0,-2.11111111111111,3.11111111111111,0.0,0.0,0.004072286,0.0
0.0,-2.22222222222222,3.11111111111111,0.0,0.0,0.003327538,0.0
0.0,-2.33333333333333,3.11111111111111,0.0,0.0,0.019757845,0.0
0.0,-2.44444444444444,3.11111111111111,0.0,0.0,0.0014207528,0.0
0.0,-2.55555555555556,3.11111111111111,0.0,0.0,0.001474344,0.0
0.0,-2.66666666666667,3.11111111111111,0.0,0.0,0.0047372384,0.0
0.0,-2.77777777777778,3.11111111111111,0.0,0.0,0.008020092,0.0
0.0,-2.88888888888889,3.11111111111111,0.0,0.0,0.0032428233,0.0
0.0,-3.0,3.11111111111111,0.0,0.0,0.014162517,0.0
0.0,-3.11111111111111,3.11111111111111,0.0,0.0,0.0030544172,0.0
0.0,-3.22222222222222,3.11111111111111,0.0,0.0,0.0011985516,0.0
0.0,-3.33333333333333,3.11111111111111,0.0,0.0,0.008119719,0.0
0.0,-3.44444444444444,3.11111111111111,0.0,0.0,0.0019307836,0.0
0.0,-3.55555555555556,3.11111111111111,0.0,0.0,0.0007099632,0.0
0.0,-3.66666666666667,3.11111111111111,0.0,0.0,0.003683808,0.0
0.0,-3.77777777777778,3.11111111111111,0.0,0.0,0.004670954,0.0
0.0,-3.88888888888889,3.11111111111111,0.0,0.0,0.0060986467,0.0
0.0,-4.0,3.11111111111111,0.0,0.0,0.0012819603,0.0
0.0,-4.11111111111111,3.11111111111111,0.0,0.0,0.004019535,0.0
0.0,-4.22222222222222,3.11111111111111,0.0,0.0,0.0005179627,0.0
0.0,-4.33333333333333,3.11111111111111,0.0,0.0,0.0040412624,0.0
0.0,-4.44444444444444,3.11111111111111,0.0,0.0,0.006050636,0.0
0.0,-4.55555555555556,3.11111111111111,0.0,0.0,0.0020801565,0.0
0.0,-4.66666666666667,3.11111111111111,0.0,0.0,0.0007303198,0.0
0.0,-4.77777777777778,3.11111111111111,0.0,0.0,0.0035878138,0.0
0.0,-4.88888888888889,3.11111111111111,0.0,0.0,0.002303055,0.0
0.0,-5.0,3.11111111111111,0.0,0.0,0.0076919007,0.0
0.0,-0.0,3.22222222222222,0.0,0.0,0.05953079,0.0
0.0,-0.111111111111111,3.22222222222222,0.0,0.0,0.00048128207,0.0
0.0,-0.222222222222222,3.22222222222222,0.0,0.0,0.0074189533,0.0
0.0,-0.333333333333333,3.22222222222222,0.0,0.0,0.0002554194,0.0
0.0,-0.444444444444444,3.22222222222222,0.0,0.0,0.008407935,0.0
0.0,-0.555555555555556,3.22222222222222,0.0,0.0,0.004120778,0.0
0.0,-0.666666666666667,3.22222222222222,0.0,0.0,0.0021879713,0.0
0.0,-0.777777777777778,3.22222222222222,0.0,0.0,0.0017520556,0.0
0.0,-0.888888888888889,3.22222222222222,0.0,0.0,0.0060245586,0.0
0.0,-1.0,3.22222222222222,0.0,0.0,0.005994025,0.0
0.0,-1.11111111111111,3.22222222222222,0.0,0.0,0.0016720484,0.0
0.0,-1.22222222222222,3.22222222222222,0.0,0.0,0.0014619011,0.0
0.0,-1.33333333333333,3.22222222222222,0.0,0.0,0.0019179231,0.0
0.0,-1.44444444444444,3.22222222222222,0.0,0.0,0.0054759355,0.0
0.0,-1.55555555555556,3.22222222222222,0.0,0.0,0.008031379,0.0
0.0,-1.66666666666667,3.22222222222222,0.0,0.0,0.012195337,0.0
0.0,-1.77777777777778,3.22222222222222,0.0,0.0,0.0039441343,0.0
0.0,-1.88888888888889,3.22222222222222,0.0,0.0,0.003464967,0.0
0.0,-2.0,3.22222222222222,0.0,0.0,0.0003057319,0.0
0.0,-2.11111111111111,3.22222222222222,0.0,0.0,0.00056281243,0.0
0.0,-2.22222222222222,3.22222222222222,0.0,0.0,0.0019001781,0.0
0.0,-2.33333333333333,3.22222222222222,0.0,0.0,0.0038640115,0.0
0.0,-2.44444444444444,3.22222222222222,0.0,0.0,0.0002504726,0.0
0.0,-2.55555555555556,3.22222222222222,0.0,0.0,0.0002963366,0.0
0.0,-2.66666666666667,3.22222222222222,0.0,0.0,0.001482399,0.0
0.0,-2.77777777777778,3.22222222222222,0.0,0.0,0.0020966332,0.0
0.0,-2.88888888888889,3.22222222222222,0.0,0.0,0.002588955,0.0
0.0,-3.0,3.22222222222222,0.0,0.0,0.0020453625,0.0
0.0,-3.11111111111111,3.22222222222222,0.0,0.0,0.0018828771,0.0
0.0,-3.22222222222222,3.22222222222222,0.0,0.0,0.0013681821,0.0
0.0,-3.33333333333333,3.22222222222222,0.0,0.0,0.003922598,0.0
0.0,-3.44444444444444,3.22222222222222,0.0,0.0,0.0010072507,0.0
0.0,-3.55555555555556,3.22222222222222,0.0,0.0,0.0004024639,0.0
0.0,-3.66666666666667,3.22222222222222,0.0,0.0,0.00071555015,0.0
0.0,-3.77777777777778,3.22222222222222,0.0,0.0,0.0012518957,0.0
0.0,-3.88888888888889,3.22222222222222,0.0,0.0,0.0007580684,0.0
0.0,-4.0,3.22222222222222,0.0,0.0,0.0003537395,0.0
0.0,-4.11111111111111,3.22222222222222,0.0,0.0,0.0021424938,0.0
0.0,-4.22222222222222,3.22222222222222,0.0,0.0,0.0010343348,0.0
0.0,-4.33333333333333,3.22222222222222,0.0,0.0,0.0007994377,0.0
0.0,-4.44444444444444,3.22222222222222,0.0,0.0,0.0034627083,0.0
0.0,-4.55555555555556,3.22222222222222,0.0,0.0,0.00029634373,0.0
0.0,-4.66666666666667,3.22222222222222,0.0,0.0,8.781499e-05,0.0
0.0,-4.77777777777778,3.22222222222222,0.0,0.0,0.0018338338,0.0
0.0,-4.88888888888889,3.22222222222222,0.0,0.0,0.001306165,0.0
0.0,-0.0,3.33333333333333,0.0,0.0,0.089793324,0.0
0.0,-0.111111111111111,3.33333333333333,0.0,0.0,0.0038340427,0.0
0.0,-0.222222222222222,3.33333333333333,0.0,0.0,0.001151683,0.0
0.0,-0.333333333333333,3.33333333333333,0.0,0.0,0.004647343,0.0
0.0,-0.444444444444444,3.33333333333333,0.0,0.0,0.0030396136,0.0
0.0,-0.555555555555556,3.33333333333333,0.0,0.0,0.00038799772,0.0
0.0,-0.666666666666667,3.33333333333333,0.0,0.0,0.0036687711,0.0
0.0,-0.777777777777778,3.33333333333333,0.0,0.0,0.011206856,0.0
0.0,-0.888888888888889,3.33333333333333,0.0,0.0,0.009481212,0.0
0.0,-1.0,3.33333333333333,0.0,0.0,0.001680013,0.0
0.0,-1.11111111111111,3.33333333333333,0.0,0.0,0.006516558,0.0
0.0,-1.22222222222222,3.33333333333333,0.0,0.0,0.0015240071,0.0
0.0,-1.33333333333333,3.33333333333333,0.0,0.0,0.0045550903,0.0
0.0,-1.44444444444444,3.33333333333333,0.0,0.0,0.004832876,0.0
0.0,-1.55555555555556,3.33333333333333,0.0,0.0,0.006896899,0.0
0.0,-1.66666666666667,3.33333333333333,0.0,0.0,0.021107506,0.0
0.0,-1.77777777777778,3.33333333333333,0.0,0.0,0.0033776914,0.0
0.0,-1.88888888888889,3.33333333333333,0.0,0.0,0.0004936496,0.0
0.0,-2.0,3.33333333333333,0.0,0.0,0.0014116643,0.0
0.0,-2.11111111111111,3.33333333333333,0.0,0.0,3.8184815e-05,0.0
0.0,-2.22222222222222,3.33333333333333,0.0,0.0,0.0016126139,0.0
0.0,-2.33333333333333,3.33333333333333,0.0,0.0,0.001308815,0.0
0.0,-2.44444444444444,3.33333333333333,0.0,0.0,8.81637e-05,0.0
0.0,-2.55555555555556,3.33333333333333,0.0,0.0,0.001356584,0.0
0.0,-2.66666666666667,3.33333333333333,0.0,0.0,0.00011870611,0.0
0.0,-2.77777777777778,3.33333333333333,0.0,0.0,0.0007880651,0.0
0.0,-2.88888888888889,3.33333333333333,0.0,0.0,0.0050211446,0.0
0.0,-3.0,3.33333333333333,0.0,0.0,0.003386516,0.0
0.0,-3.11111111111111,3.33333333333333,0.0,0.0,0.0012448474,0.0
0.0,-3.22222222222222,3.33333333333333,0.0,0.0,0.0030363516,0.0
0.0,-3.33333333333333,3.33333333333333,0.0,0.0,0.00035912715,0.0
0.0,-3.44444444444444,3.33333333333333,0.0,0.0,0.0004817209,0.0
0.0,-3.55555555555556,3.33333333333333,0.0,0.0,0.00064239535,0.0
0.0,-3.66666666666667,3.33333333333333,0.0,0.0,0.0019022282,0.0
0.0,-3.77777777777778,3.33333333333333,0.0,0.0,0.00030820345,0.0
0.0,-3.88888888888889,3.33333333333333,0.0,0.0,0.004181722,0.0
0.0,-4.0,3.33333333333333,0.0,0.0,0.0003207025,0.0
0.0,-4.11111111111111,3.33333333333333,0.0,0.0,0.0047137295,0.0
0.0,-4.22222222222222,3.33333333333333,0.0,0.0,0.0013554151,0.0
0.0,-4.33333333333333,3.33333333333333,0.0,0.0,4.3101376e-05,0.0
0.0,-4.44444444444444,3.33333333333333,0.0,0.0,0.0022979744,0.0
0.0,-4.55555555555556,3.33333333333333,0.0,0.0,0.00025792723,0.0
0.0,-4.66666666666667,3.33333333333333,0.0,0.0,0.0009832554,0.0
0.0,-4.77777777777778,3.33333333333333,0.0,0.0,0.0024819332,0.0
0.0,-4.88888888888889,3.33333333333333,0.0,0.0,0.001192469,0.0
0.0,-5.0,3.33333333333333,0.0,0.0,0.0028961322,0.0
0.0,-0.0,3.44444444444444,0.0,0.0,0.055731427,0.0
0.0,-0.111111111111111,3.44444444444444,0.0,0.0,0.01168409,0.0
0.0,-0.222222222222222,3.44444444444444,0.0,0.0,0.0023964231,0.0
0.0,-0.333333333333333,3.44444444444444,0.0,0.0,0.008579087,0.0
0.0,-0.444444444444444,3.44444444444444,0.0,0.0,0.001078141,0.0
0.0,-0.555555555555556,3.44444444444444,0.0,0.0,0.0032279356,0.0
0.0,-0.666666666666667,3.44444444444444,0.0,0.0,0.0052586244,0.0
0.0,-0.777777777777778,3.44444444444444,0.0,0.0,0.012746576,0.0
0.0,-0.888888888888889,3.44444444444444,0.0,0.0,0.011243993,0.0
0.0,-1.0,3.44444444444444,0.0,0.0,0.006623633,0.0
0.0,-1.11111111111111,3.44444444444444,0.0,0.0,0.009615582,0.0
0.0,-1.22222222222222,3.44444444444444,0.0,0.0,0.005221788,0.0
0.0,-1.33333333333333,3.44444444444444,0.0,0.0,0.007293713,0.0
0.0,-1.44444444444444,3.44444444444444,0.0,0.0,0.0045389105,0.0
0.0,-1.55555555555556,3.44444444444444,0.0,0.0,0.0058784923,0.0
0.0,-1.66666666666667,3.44444444444444,0.0,0.0,0.018700222,0.0
0.0,-1.77777777777778,3.44444444444444,0.0,0.0,0.00335297,0.0
0.0,-1.88888888888889,3.44444444444444,0.0,0.0,0.0026174188,0.0
0.0,-2.0,3.44444444444444,0.0,0.0,0.0024629235,0.0
0.0,-2.11111111111111,3.44444444444444,0.0,0.0,0.0007151364,0.0
0.0,-2.22222222222222,3.44444444444444,0.0,0.0,0.0061945654,0.0
0.0,-2.33333333333333,3.44444444444444,0.0,0.0,0.01018999,0.0
0.0,-2.44444444444444,3.44444444444444,0.0,0.0,0.00051153847,0.0
0.0,-2.55555555555556,3.44444444444444,0.0,0.0,0.0028988875,0.0
0.0,-2.66666666666667,3.44444444444444,0.0,0.0,0.001967346,0.0
0.0,-2.77777777777778,3.44444444444444,0.0,0.0,0.00027545338,0.0
0.0,-2.88888888888889,3.44444444444444,0.0,0.0,0.0049438053,0.0
0.0,-3.0,3.44444444444444,0.0,0.0,0.01720444,0.0
0.0,-3.11111111111111,3.44444444444444,0.0,0.0,0.0002985253,0.0
0.0,-3.22222222222222,3.44444444444444,0.0,0.0,0.0063400907,0.0
0.0,-3.33333333333333,3.44444444444444,0.0,0.0,0.0010612824,0.0
0.0,-3.44444444444444,3.44444444444444,0.0,0.0,0.0012753181,0.0
0.0,-3.55555555555556,3.44444444444444,0.0,0.0,0.0018763484,0.0
0.0,-3.66666666666667,3.44444444444444,0.0,0.0,0.0030817417,0.0
0.0,-3.77777777777778,3.44444444444444,0.0,0.0,0.00015558422,0.0
0.0,-3.88888888888889,3.44444444444444,0.0,0.0,0.008112747,0.0
0.0,-4.0,3.44444444444444,0.0,0.0,0.0011904506,0.0
0.0,-4.11111111111111,3.44444444444444,0.0,0.0,0.0065237843,0.0
0.0,-4.22222222222222,3.44444444444444,0.0,0.0,0.00077247975,0.0
0.0,-4.33333333333333,3.44444444444444,0.0,0.0,1.2694304e-05,0.0
0.0,-4.44444444444444,3.44444444444444,0.0,0.0,0.0021549016,0.0
0.0,-4.55555555555556,3.44444444444444,0.0,0.0,0.00014147485,0.0
0.0,-4.66666666666667,3.44444444444444,0.0,0.0,0.004221165,0.0
0.0,-4.77777777777778,3.44444444444444,0.0,0.0,0.00400047,0.0
0.0,-4.88888888888889,3.44444444444444,0.0,0.0,0.001006213,0.0
0.0,-5.0,3.44444444444444,0.0,0.0,0.007941494,0.0
0.0,-0.0,3.55555555555556,0.0,0.0,0.011382687,0.0
0.0,-0.111111111111111,3.55555555555556,0.0,0.0,0.009639885,0.0
0.0,-0.222222222222222,3.55555555555556,0.0,0.0,0.012803885,0.0
0.0,-0.333333333333333,3.55555555555556,0.0,0.0,0.0028580402,0.0
0.0,-0.444444444444444,3.55555555555556,0.0,0.0,0.002934372,0.0
0.0,-0.555555555555556,3.55555555555556,0.0,0.0,0.006529192,0.0
0.0,-0.666666666666667,3.55555555555556,0.0,0.0,0.008674961,0.0
0.0,-0.777777777777778,3.55555555555556,0.0,0.0,0.008014283,0.0
0.0,-0.888888888888889,3.55555555555556,0.0,0.0,0.009491796,0.0
0.0,-1.0,3.55555555555556,0.0,0.0,0.008386745,0.0
0.0,-1.11111111111111,3.55555555555556,0.0,0.0,0.0051935385,0.0
0.0,-1.22222222222222,3.55555555555556,0.0,0.0,0.006474994,0.0
0.0,-1.33333333333333,3.55555555555556,0.0,0.0,0.0075065102,0.0
0.0,-1.44444444444444,3.55555555555556,0.0,0.0,0.00602972,0.0
0.0,-1.55555555555556,3.55555555555556,0.0,0.0,0.0055603446,0.0
0.0,-1.66666666666667,3.55555555555556,0.0,0.0,0.008419187,0.0
0.0,-1.77777777777778,3.55555555555556,0.0,0.0,0.0041917195,0.0
0.0,-1.88888888888889,3.55555555555556,0.0,0.0,0.0028692011,0.0
0.0,-2.0,3.55555555555556,0.0,0.0,0.0031282774,0.0
0.0,-2.11111111111111,3.55555555555556,0.0,0.0,0.0013335459,0.0
0.0,-2.22222222222222,3.55555555555556,0.0,0.0,0.0064132125,0.0
0.0,-2.33333333333333,3.55555555555556,0.0,0.0,0.013456117,0.0
0.0,-2.44444444444444,3.55555555555556,0.0,0.0,9.5178104e-05,0.0
0.0,-2.55555555555556,3.55555555555556,0.0,0.0,0.005274057,0.0
0.0,-2.66666666666667,3.55555555555556,0.0,0.0,0.002614625,0.0
0.0,-2.77777777777778,3.55555555555556,0.0,0.0,0.00095331465,0.0
0.0,-2.88888888888889,3.55555555555556,0.0,0.0,0.0018279591,0.0
0.0,-3.0,3.55555555555556,0.0,0.0,0.015983857,0.0
0.0,-3.11111111111111,3.55555555555556,0.0,0.0,0.00018863262,0.0
0.0,-3.22222222222222,3.55555555555556,0.0,0.0,0.010322389,0.0
0.0,-3.33333333333333,3.55555555555556,0.0,0.0,0.0024159965,0.0
0.0,-3.44444444444444,3.55555555555556,0.0,0.0,0.0009782335,0.0
0.0,-3.55555555555556,3.55555555555556,0.0,0.0,0.0037622177,0.0
0.0,-3.66666666666667,3.55555555555556,0.0,0.0,0.0031413895,0.0
0.0,-3.77777777777778,3.55555555555556,0.0,0.0,0.00013723894,0.0
0.0,-3.88888888888889,3.55555555555556,0.0,0.0,0.0066440147,0.0
0.0,-4.0,3.55555555555556,0.0,0.0,0.0020452314,0.0
0.0,-4.11111111111111,3.55555555555556,0.0,0.0,0.003792062,0.0
0.0,-4.22222222222222,3.55555555555556,0.0,0.0,0.00061391306,0.0
0.0,-4.33333333333333,3.55555555555556,0.0,0.0,0.00012898486,0.0
0.0,-4.44444444444444,3.55555555555556,0.0,0.0,0.0025819887,0.0
0.0,-4.55555555555556,3.55555555555556,0.0,0.0,8.7706234e-05,0.0
0.0,-4.66666666666667,3.55555555555556,0.0,0.0,0.004396134,0.0
0.0,-4.77777777777778,3.55555555555556,0.0,0.0,0.0022606868,0.0
0.0,-4.88888888888889,3.55555555555556,0.0,0.0,0.0005235401,0.0
0.0,-5.0,3.55555555555556,0.0,0.0,0.008378387,0.0
0.0,-0.0,3.66666666666667,0.0,0.0,0.008781334,0.0
0.0,-0.111111111111111,3.66666666666667,0.0,0.0,0.002039432,0.0
0.0,-0.222222222222222,3.66666666666667,0.0,0.0,0.024112597,0.0
0.0,-0.333333333333333,3.66666666666667,0.0,0.0,0.00047642406,0.0
0.0,-0.444444444444444,3.66666666666667,0.0,0.0,0.0012854985,0.0
0.0,-0.555555555555556,3.66666666666667,0.0,0.0,0.0070037954,0.0
0.0,-0.666666666666667,3.66666666666667,0.0,0.0,0.01439602,0.0
0.0,-0.777777777777778,3.66666666666667,0.0,0.0,0.0060459347,0.0
0.0,-0.888888888888889,3.66666666666667,0.0,0.0,0.0047037904,0.0
0.0,-1.0,3.66666666666667,0.0,0.0,0.008781441,0.0
0.0,-1.11111111111111,3.66666666666667,0.0,0.0,0.0004470945,0.0
0.0,-1.22222222222222,3.66666666666667,0.0,0.0,0.00467897,0.0
0.0,-1.33333333333333,3.66666666666667,0.0,0.0,0.0072481465,0.0
0.0,-1.44444444444444,3.66666666666667,0.0,0.0,0.0052144816,0.0
0.0,-1.55555555555556,3.66666666666667,0.0,0.0,0.0054902327,0.0
0.0,-1.66666666666667,3.66666666666667,0.0,0.0,0.0025511114,0.0
0.0,-1.77777777777778,3.66666666666667,0.0,0.0,0.0013517588,0.0
0.0,-1.88888888888889,3.66666666666667,0.0,0.0,0.0015868098,0.0
0.0,-2.0,3.66666666666667,0.0,0.0,0.0018285927,0.0
0.0,-2.11111111111111,3.66666666666667,0.0,0.0,7.377023e-05,0.0
0.0,-2.22222222222222,3.66666666666667,0.0,0.0,0.0027841062,0.0
0.0,-2.33333333333333,3.66666666666667,0.0,0.0,0.008041248,0.0
0.0,-2.44444444444444,3.66666666666667,0.0,0.0,0.00036047475,0.0
0.0,-2.55555555555556,3.66666666666667,0.0,0.0,0.008544631,0.0
0.0,-2.66666666666667,3.66666666666667,0.0,0.0,0.0014683274,0.0
0.0,-2.77777777777778,3.66666666666667,0.0,0.0,0.0057833022,0.0
0.0,-2.88888888888889,3.66666666666667,0.0,0.0,0.00016808565,0.0
0.0,-3.0,3.66666666666667,0.0,0.0,0.0037055297,0.0
0.0,-3.11111111111111,3.66666666666667,0.0,0.0,0.00033820464,0.0
0.0,-3.22222222222222,3.66666666666667,0.0,0.0,0.012584544,0.0
0.0,-3.33333333333333,3.66666666666667,0.0,0.0,0.0015985454,0.0
0.0,-3.44444444444444,3.66666666666667,0.0,0.0,0.0005355515,0.0
0.0,-3.55555555555556,3.66666666666667,0.0,0.0,0.0037043707,0.0
0.0,-3.66666666666667,3.66666666666667,0.0,0.0,0.0015824419,0.0
0.0,-3.77777777777778,3.66666666666667,0.0,0.0,0.00011504837,0.0
0.0,-3.88888888888889,3.66666666666667,0.0,0.0,0.0032369383,0.0
0.0,-4.0,3.66666666666667,0.0,0.0,0.0012624401,0.0
0.0,-4.11111111111111,3.66666666666667,0.0,0.0,0.00056467036,0.0
0.0,-4.22222222222222,3.66666666666667,0.0,0.0,0.0010614519,0.0
0.0,-4.33333333333333,3.66666666666667,0.0,0.0,0.0001453934,0.0
0.0,-4.44444444444444,3.66666666666667,0.0,0.0,0.0019838493,0.0
0.0,-4.55555555555556,3.66666666666667,0.0,0.0,0.00059120834,0.0
0.0,-4.66666666666667,3.66666666666667,0.0,0.0,0.0015612164,0.0
0.0,-4.77777777777778,3.66666666666667,0.0,0.0,0.00027955073,0.0
0.0,-4.88888888888889,3.66666666666667,0.0,0.0,0.00013775702,0.0
0.0,-5.0,3.66666666666667,0.0,0.0,0.0060131825,0.0
0.0,-0.0,3.77777777777778,0.0,0.0,0.020345788,0.0
0.0,-0.111111111111111,3.77777777777778,0.0,0.0,0.0002755472,0.0
0.0,-0.222222222222222,3.77777777777778,0.0,0.0,0.021047026,0.0
0.0,-0.333333333333333,3.77777777777778,0.0,0.0,0.0021444776,0.0
0.0,-0.444444444444444,3.77777777777778,0.0,0.0,0.0031065103,0.0
0.0,-0.555555555555556,3.77777777777778,0.0,0.0,0.0038286452,0.0
0.0,-0.666666666666667,3.77777777777778,0.0,0.0,0.011772435,0.0
0.0,-0.777777777777778,3.77777777777778,0.0,0.0,0.0069461567,0.0
0.0,-0.888888888888889,3.77777777777778,0.0,0.0,0.001185712,0.0
0.0,-1.0,3.77777777777778,0.0,0.0,0.0074332035,0.0
0.0,-1.11111111111111,3.77777777777778,0.0,0.0,0.002708694,0.0
0.0,-1.22222222222222,3.77777777777778,0.0,0.0,0.0076842066,0.0
0.0,-1.33333333333333,3.77777777777778,0.0,0.0,0.007530087,0.0
0.0,-1.44444444444444,3.77777777777778,0.0,0.0,0.0047743074,0.0
0.0,-1.55555555555556,3.77777777777778,0.0,0.0,0.0039523374,0.0
0.0,-1.66666666666667,3.77777777777778,0.0,0.0,0.0007112192,0.0
0.0,-1.77777777777778,3.77777777777778,0.0,0.0,0.0012478858,0.0
0.0,-1.88888888888889,3.77777777777778,0.0,0.0,0.00027932966,0.0
0.0,-2.0,3.77777777777778,0.0,0.0,0.0014856965,0.0
0.0,-2.11111111111111,3.77777777777778,0.0,0.0,0.001531203,0.0
0.0,-2.22222222222222,3.77777777777778,0.0,0.0,0.0018925023,0.0
0.0,-2.33333333333333,3.77777777777778,0.0,0.0,0.0010504521,0.0
0.0,-2.44444444444444,3.77777777777778,0.0,0.0,0.0010837737,0.0
0.0,-2.55555555555556,3.77777777777778,0.0,0.0,0.007240079,0.0
0.0,-2.66666666666667,3.77777777777778,0.0,0.0,0.00034135688,0.0
0.0,-2.77777777777778,3.77777777777778,0.0,0.0,0.0067961677,0.0
0.0,-2.88888888888889,3.77777777777778,0.0,0.0,1.3443771e-05,0.0
0.0,-3.0,3.77777777777778,0.0,0.0,0.0006154483,0.0
0.0,-3.11111111111111,3.77777777777778,0.0,0.0,6.059312e-06,0.0
0.0,-3.22222222222222,3.77777777777778,0.0,0.0,0.010789742,0.0
0.0,-3.33333333333333,3.77777777777778,0.0,0.0,0.00018544357,0.0
0.0,-3.44444444444444,3.77777777777778,0.0,0.0,0.0014850702,0.0
0.0,-3.55555555555556,3.77777777777778,0.0,0.0,0.0019879753,0.0
0.0,-3.66666666666667,3.77777777777778,0.0,0.0,0.00040380622,0.0
0.0,-3.77777777777778,3.77777777777778,0.0,0.0,0.00022014449,0.0
0.0,-3.88888888888889,3.77777777777778,0.0,0.0,0.0017174984,0.0
0.0,-4.0,3.77777777777778,0.0,0.0,8.5479005e-05,0.0
0.0,-4.11111111111111,3.77777777777778,0.0,0.0,0.00047026138,0.0
0.0,-4.22222222222222,3.77777777777778,0.0,0.0,0.0014409603,0.0
0.0,-4.33333333333333,3.77777777777778,0.0,0.0,0.0001299783,0.0
0.0,-4.44444444444444,3.77777777777778,0.0,0.0,0.00090100407,0.0
0.0,-4.55555555555556,3.77777777777778,0.0,0.0,0.0003815459,0.0
0.0,-4.66666666666667,3.77777777777778,0.0,0.0,0.00016986977,0.0
0.0,-4.77777777777778,3.77777777777778,0.0,0.0,0.0009809278,0.0
0.0,-4.88888888888889,3.77777777777778,0.0,0.0,0.0004231676,0.0
0.0,-5.0,3.77777777777778,0.0,0.0,0.0035446016,0.0
0.0,-0.0,3.88888888888889,0.0,0.0,0.07765224,0.0
0.0,-0.111111111111111,3.88888888888889,0.0,0.0,0.0034848184,0.0
0.0,-0.222222222222222,3.88888888888889,0.0,0.0,0.013851474,0.0
0.0,-0.333333333333333,3.88888888888889,0.0,0.0,0.0014980286,0.0
0.0,-0.444444444444444,3.88888888888889,0.0,0.0,0.013652556,0.0
0.0,-0.555555555555556,3.88888888888889,0.0,0.0,0.0044073504,0.0
0.0,-0.666666666666667,3.88888888888889,0.0,0.0,0.0020932672,0.0
0.0,-0.777777777777778,3.88888888888889,0.0,0.0,0.005800709,0.0
0.0,-0.888888888888889,3.88888888888889,0.0,0.0,0.0030558172,0.0
0.0,-1.0,3.88888888888889,0.0,0.0,0.02297234,0.0
0.0,-1.11111111111111,3.88888888888889,0.0,0.0,0.006201216,0.0
0.0,-1.22222222222222,3.88888888888889,0.0,0.0,0.01000319,0.0
0.0,-1.33333333333333,3.88888888888889,0.0,0.0,0.0030664725,0.0
0.0,-1.44444444444444,3.88888888888889,0.0,0.0,0.0072832466,0.0
0.0,-1.55555555555556,3.88888888888889,0.0,0.0,0.0020772654,0.0
0.0,-1.66666666666667,3.88888888888889,0.0,0.0,0.00021496817,0.0
0.0,-1.77777777777778,3.88888888888889,0.0,0.0,0.006866479,0.0
0.0,-1.88888888888889,3.88888888888889,0.0,0.0,0.00019559187,0.0
0.0,-2.0,3.88888888888889,0.0,0.0,0.0013101781,0.0
0.0,-2.11111111111111,3.88888888888889,0.0,0.0,0.0037682513,0.0
0.0,-2.22222222222222,3.88888888888889,0.0,0.0,0.0015690913,0.0
0.0,-2.33333333333333,3.88888888888889,0.0,0.0,0.0031993324,0.0
0.0,-2.44444444444444,3.88888888888889,0.0,0.0,0.0008117398,0.0
0.0,-2.55555555555556,3.88888888888889,0.0,0.0,0.0012961623,0.0
0.0,-2.66666666666667,3.88888888888889,0.0,0.0,0.00055734377,0.0
0.0,-2.77777777777778,3.88888888888889,0.0,0.0,0.0031755266,0.0
0.0,-2.88888888888889,3.88888888888889,0.0,0.0,0.00033631065,0.0
0.0,-3.0,3.88888888888889,0.0,0.0,0.00054612674,0.0
0.0,-3.11111111111111,3.88888888888889,0.0,0.0,0.001316183,0.0
0.0,-3.22222222222222,3.88888888888889,0.0,0.0,0.004818489,0.0
0.0,-3.33333333333333,3.88888888888889,0.0,0.0,0.00010511731,0.0
0.0,-3.44444444444444,3.88888888888889,0.0,0.0,0.0026889176,0.0
0.0,-3.55555555555556,3.88888888888889,0.0,0.0,0.0012150416,0.0
0.0,-3.66666666666667,3.88888888888889,0.0,0.0,0.0011294378,0.0
0.0,-3.77777777777778,3.88888888888889,0.0,0.0,1.9820412e-05,0.0
0.0,-3.88888888888889,3.88888888888889,0.0,0.0,0.0015884348,0.0
0.0,-4.0,3.88888888888889,0.0,0.0,0.0029934528,0.0
0.0,-4.11111111111111,3.88888888888889,0.0,0.0,0.0018870672,0.0
0.0,-4.22222222222222,3.88888888888889,0.0,0.0,0.0009667752,0.0
0.0,-4.33333333333333,3.88888888888889,0.0,0.0,0.0012614316,0.0
0.0,-4.44444444444444,3.88888888888889,0.0,0.0,0.0004061379,0.0
0.0,-4.55555555555556,3.88888888888889,0.0,0.0,5.591133e-07,0.0
0.0,-4.66666666666667,3.88888888888889,0.0,0.0,0.0005106212,0.0
0.0,-4.77777777777778,3.88888888888889,0.0,0.0,0.0012005232,0.0
0.0,-4.88888888888889,3.88888888888889,0.0,0.0,0.0024336153,0.0
0.0,-5.0,3.88888888888889,0.0,0.0,0.0024796848,0.0
0.0,-0.111111111111111,4.0,0.0,0.0,0.0069995825,0.0
0.0,-0.222222222222222,4.0,0.0,0.0,0.008030362,0.0
0.0,-0.333333333333333,4.0,0.0,0.0,0.0014710965,0.0
0.0,-0.444444444444444,4.0,0.0,0.0,0.01983731,0.0
0.0,-0.555555555555556,4.0,0.0,0.0,0.010309643,0.0
0.0,-0.666666666666667,4.0,0.0,0.0,0.0011559074,0.0
0.0,-0.777777777777778,4.0,0.0,0.0,0.0015057987,0.0
0.0,-0.888888888888889,4.0,0.0,0.0,0.008047458,0.0
0.0,-1.11111111111111,4.0,0.0,0.0,0.004709924,0.0
0.0,-1.22222222222222,4.0,0.0,0.0,0.005489759,0.0
0.0,-1.33333333333333,4.0,0.0,0.0,0.001373431,0.0
0.0,-1.44444444444444,4.0,0.0,0.0,0.005099857,0.0
0.0,-1.55555555555556,4.0,0.0,0.0,0.0016476043,0.0
0.0,-1.66666666666667,4.0,0.0,0.0,0.0013179757,0.0
0.0,-1.77777777777778,4.0,0.0,0.0,0.008683224,0.0
0.0,-1.88888888888889,4.0,0.0,0.0,0.0018921498,0.0
0.0,-2.11111111111111,4.0,0.0,0.0,0.0015026189,0.0
0.0,-2.22222222222222,4.0,0.0,0.0,0.0017661727,0.0
0.0,-2.33333333333333,4.0,0.0,0.0,0.014662271,0.0
0.0,-2.44444444444444,4.0,0.0,0.0,0.002224793,0.0
0.0,-2.55555555555556,4.0,0.0,0.0,0.0028442105,0.0
0.0,-2.66666666666667,4.0,0.0,0.0,0.0022057954,0.0
0.0,-2.77777777777778,4.0,0.0,0.0,0.004885269,0.0
0.0,-2.88888888888889,4.0,0.0,0.0,0.0017435623,0.0
0.0,-3.11111111111111,4.0,0.0,0.0,0.0031591863,0.0
0.0,-3.22222222222222,4.0,0.0,0.0,0.0009724956,0.0
0.0,-3.33333333333333,4.0,0.0,0.0,0.0012599275,0.0
0.0,-3.44444444444444,4.0,0.0,0.0,0.003290239,0.0
0.0,-3.55555555555556,4.0,0.0,0.0,0.0018528206,0.0
0.0,-3.66666666666667,4.0,0.0,0.0,0.0010075642,0.0
0.0,-3.77777777777778,4.0,0.0,0.0,0.0013565759,0.0
0.0,-3.88888888888889,4.0,0.0,0.0,0.00074060954,0.0
0.0,-4.11111111111111,4.0,0.0,0.0,0.0026747913,0.0
0.0,-4.22222222222222,4.0,0.0,0.0,0.00060608983,0.0
0.0,-4.33333333333333,4.0,0.0,0.0,0.0013755503,0.0
0.0,-4.44444444444444,4.0,0.0,0.0,0.0004178609,0.0
0.0,-4.55555555555556,4.0,0.0,0.0,0.00036258742,0.0
0.0,-4.66666666666667,4.0,0.0,0.0,0.001039533,0.0
0.0,-4.77777777777778,4.0,0.0,0.0,0.00055915373,0.0
0.0,-4.88888888888889,4.0,0.0,0.0,0.0048669903,0.0
0.0,-0.0,4.11111111111111,0.0,0.0,0.126465,0.0
0.0,-0.111111111111111,4.11111111111111,0.0,0.0,0.0086068,0.0
0.0,-0.222222222222222,4.11111111111111,0.0,0.0,0.0029533228,0.0
0.0,-0.333333333333333,4.11111111111111,0.0,0.0,0.0010980488,0.0
0.0,-0.444444444444444,4.11111111111111,0.0,0.0,0.012586307,0.0
0.0,-0.555555555555556,4.11111111111111,0.0,0.0,0.009059752,0.0
0.0,-0.666666666666667,4.11111111111111,0.0,0.0,0.006365368,0.0
0.0,-0.777777777777778,4.11111111111111,0.0,0.0,0.00042334548,0.0
0.0,-0.888888888888889,4.11111111111111,0.0,0.0,0.0075642634,0.0
0.0,-1.0,4.11111111111111,0.0,0.0,0.034253087,0.0
0.0,-1.11111111111111,4.11111111111111,0.0,0.0,0.0023976478,0.0
0.0,-1.22222222222222,4.11111111111111,0.0,0.0,0.0032369643,0.0
0.0,-1.33333333333333,4.11111111111111,0.0,0.0,0.0040980643,0.0
0.0,-1.44444444444444,4.11111111111111,0.0,0.0,0.0028050372,0.0
0.0,-1.55555555555556,4.11111111111111,0.0,0.0,0.0022189773,0.0
0.0,-1.66666666666667,4.11111111111111,0.0,0.0,0.0017900502,0.0
0.0,-1.77777777777778,4.11111111111111,0.0,0.0,0.0054043913,0.0
0.0,-1.88888888888889,4.11111111111111,0.0,0.0,0.006245005,0.0
0.0,-2.0,4.11111111111111,0.0,0.0,0.0040968843,0.0
0.0,-2.11111111111111,4.11111111111111,0.0,0.0,0.0019269529,0.0
0.0,-2.22222222222222,4.11111111111111,0.0,0.0,0.0029149102,0.0
0.0,-2.33333333333333,4.11111111111111,0.0,0.0,0.015065277,0.0
0.0,-2.44444444444444,4.11111111111111,0.0,0.0,0.0042567523,0.0
0.0,-2.55555555555556,4.11111111111111,0.0,0.0,0.008125474,0.0
0.0,-2.66666666666667,4.11111111111111,0.0,0.0,0.0016128955,0.0
0.0,-2.77777777777778,4.11111111111111,0.0,0.0,0.0051161624,0.0
0.0,-2.88888888888889,4.11111111111111,0.0,0.0,0.0039172005,0.0
0.0,-3.0,4.11111111111111,0.0,0.0,0.0022282535,0.0
0.0,-3.11111111111111,4.11111111111111,0.0,0.0,0.0020982376,0.0
0.0,-3.22222222222222,4.11111111111111,0.0,0.0,0.0031363666,0.0
0.0,-3.33333333333333,4.11111111111111,0.0,0.0,0.0030233108,0.0
0.0,-3.44444444444444,4.11111111111111,0.0,0.0,0.0026975232,0.0
0.0,-3.55555555555556,4.11111111111111,0.0,0.0,0.0022047737,0.0
0.0,-3.66666666666667,4.11111111111111,0.0,0.0,0.0007891605,0.0
0.0,-3.77777777777778,4.11111111111111,0.0,0.0,0.0026473412,0.0
0.0,-3.88888888888889,4.11111111111111,0.0,0.0,0.00031465857,0.0
0.0,-4.0,4.11111111111111,0.0,0.0,0.00772013,0.0
0.0,-4.11111111111111,4.11111111111111,0.0,0.0,0.002308357,0.0
0.0,-4.22222222222222,4.11111111111111,0.0,0.0,0.0013089019,0.0
0.0,-4.33333333333333,4.11111111111111,0.0,0.0,0.0004503807,0.0
0.0,-4.44444444444444,4.11111111111111,0.0,0.0,0.0011974097,0.0
0.0,-4.55555555555556,4.11111111111111,0.0,0.0,0.0007825307,0.0
0.0,-4.66666666666667,4.11111111111111,0.0,0.0,0.0008562789,0.0
0.0,-4.77777777777778,4.11111111111111,0.0,0.0,0.0002899279,0.0
0.0,-4.88888888888889,4.11111111111111,0.0,0.0,0.003936742,0.0
0.0,-5.0,4.11111111111111,0.0,0.0,0.0019662916,0.0
0.0,-0.0,4.22222222222222,0.0,0.0,0.037510928,0.0
0.0,-0.111111111111111,4.22222222222222,0.0,0.0,0.004787023,0.0
0.0,-0.222222222222222,4.22222222222222,0.0,0.0,0.00082750386,0.0
0.0,-0.333333333333333,4.22222222222222,0.0,0.0,0.00074378215,0.0
0.0,-0.444444444444444,4.22222222222222,0.0,0.0,0.0024662875,0.0
0.0,-0.555555555555556,4.22222222222222,0.0,0.0,0.002810266,0.0
0.0,-0.666666666666667,4.22222222222222,0.0,0.0,0.008024997,0.0
0.0,-0.777777777777778,4.22222222222222,0.0,0.0,0.0027411464,0.0
0.0,-0.888888888888889,4.22222222222222,0.0,0.0,0.0019005906,0.0
0.0,-1.0,4.22222222222222,0.0,0.0,0.007234522,0.0
0.0,-1.11111111111111,4.22222222222222,0.0,0.0,0.0030204505,0.0
0.0,-1.22222222222222,4.22222222222222,0.0,0.0,0.005255311,0.0
0.0,-1.33333333333333,4.22222222222222,0.0,0.0,0.001925305,0.0
0.0,-1.44444444444444,4.22222222222222,0.0,0.0,0.005868939,0.0
0.0,-1.55555555555556,4.22222222222222,0.0,0.0,0.0045071854,0.0
0.0,-1.66666666666667,4.22222222222222,0.0,0.0,0.000562778,0.0
0.0,-1.77777777777778,4.22222222222222,0.0,0.0,0.0029854355,0.0
0.0,-1.88888888888889,4.22222222222222,0.0,0.0,0.010658592,0.0
0.0,-2.0,4.22222222222222,0.0,0.0,0.0027667598,0.0
0.0,-2.11111111111111,4.22222222222222,0.0,0.0,0.0064108367,0.0
0.0,-2.22222222222222,4.22222222222222,0.0,0.0,0.0013516754,0.0
0.0,-2.33333333333333,4.22222222222222,0.0,0.0,0.002869751,0.0
0.0,-2.44444444444444,4.22222222222222,0.0,0.0,0.0038142847,0.0
0.0,-2.55555555555556,4.22222222222222,0.0,0.0,0.006355331,0.0
0.0,-2.66666666666667,4.22222222222222,0.0,0.0,0.00019251548,0.0
0.0,-2.77777777777778,4.22222222222222,0.0,0.0,0.00074056076,0.0
0.0,-2.88888888888889,4.22222222222222,0.0,0.0,0.0037352433,0.0
0.0,-3.0,4.22222222222222,0.0,0.0,0.0015391717,0.0
0.0,-3.11111111111111,4.22222222222222,0.0,0.0,0.00020931433,0.0
0.0,-3.22222222222222,4.22222222222222,0.0,0.0,0.003587889,0.0
0.0,-3.33333333333333,4.22222222222222,0.0,0.0,0.0026582065,0.0
0.0,-3.44444444444444,4.22222222222222,0.0,0.0,0.0008474823,0.0
0.0,-3.55555555555556,4.22222222222222,0.0,0.0,0.0012485592,0.0
0.0,-3.66666666666667,4.22222222222222,0.0,0.0,0.0013158014,0.0
0.0,-3.77777777777778,4.22222222222222,0.0,0.0,0.001405637,0.0
0.0,-3.88888888888889,4.22222222222222,0.0,0.0,0.0010722664,0.0
0.0,-4.0,4.22222222222222,0.0,0.0,0.0033444955,0.0
0.0,-4.11111111111111,4.22222222222222,0.0,0.0,0.001081226,0.0
0.0,-4.22222222222222,4.22222222222222,0.0,0.0,0.0019162453,0.0
0.0,-4.33333333333333,4.22222222222222,0.0,0.0,0.00021017273,0.0
0.0,-4.44444444444444,4.22222222222222,0.0,0.0,0.0017482669,0.0
0.0,-4.55555555555556,4.22222222222222,0.0,0.0,0.00048027557,0.0
0.0,-4.66666666666667,4.22222222222222,0.0,0.0,0.00043844915,0.0
0.0,-4.77777777777778,4.22222222222222,0.0,0.0,0.00030146338,0.0
0.0,-4.88888888888889,4.22222222222222,0.0,0.0,0.0009448962,0.0
0.0,-0.0,4.33333333333333,0.0,0.0,0.0043720193,0.0
0.0,-0.111111111111111,4.33333333333333,0.0,0.0,0.00096897845,0.0
0.0,-0.222222222222222,4.33333333333333,0.0,0.0,0.0008370675,0.0
0.0,-0.333333333333333,4.33333333333333,0.0,0.0,0.0031461902,0.0
0.0,-0.444444444444444,4.33333333333333,0.0,0.0,0.0019462677,0.0
0.0,-0.555555555555556,4.33333333333333,0.0,0.0,0.0067231674,0.0
0.0,-0.666666666666667,4.33333333333333,0.0,0.0,0.005152771,0.0
0.0,-0.777777777777778,4.33333333333333,0.0,0.0,0.0058968603,0.0
0.0,-0.888888888888889,4.33333333333333,0.0,0.0,0.002778496,0.0
0.0,-1.0,4.33333333333333,0.0,0.0,0.0024265416,0.0
0.0,-1.11111111111111,4.33333333333333,0.0,0.0,0.006696721,0.0
0.0,-1.22222222222222,4.33333333333333,0.0,0.0,0.0059570214,0.0
0.0,-1.33333333333333,4.33333333333333,0.0,0.0,3.5422556e-05,0.0
0.0,-1.44444444444444,4.33333333333333,0.0,0.0,0.009361072,0.0
0.0,-1.55555555555556,4.33333333333333,0.0,0.0,0.008556136,0.0
0.0,-1.66666666666667,4.33333333333333,0.0,0.0,4.0383726e-05,0.0
0.0,-1.77777777777778,4.33333333333333,0.0,0.0,0.0014474068,0.0
0.0,-1.88888888888889,4.33333333333333,0.0,0.0,0.012433071,0.0
0.0,-2.0,4.33333333333333,0.0,0.0,0.0025850995,0.0
0.0,-2.11111111111111,4.33333333333333,0.0,0.0,0.0066093914,0.0
0.0,-2.22222222222222,4.33333333333333,0.0,0.0,0.00010630322,0.0
0.0,-2.33333333333333,4.33333333333333,0.0,0.0,0.0037147368,0.0
0.0,-2.44444444444444,4.33333333333333,0.0,0.0,0.005393255,0.0
0.0,-2.55555555555556,4.33333333333333,0.0,0.0,0.0035482848,0.0
0.0,-2.66666666666667,4.33333333333333,0.0,0.0,0.0014008846,0.0
0.0,-2.77777777777778,4.33333333333333,0.0,0.0,0.0018236459,0.0
0.0,-2.88888888888889,4.33333333333333,0.0,0.0,0.0010838575,0.0
0.0,-3.0,4.33333333333333,0.0,0.0,0.00087491155,0.0
0.0,-3.11111111111111,4.33333333333333,0.0,0.0,0.0005935184,0.0
0.0,-3.22222222222222,4.33333333333333,0.0,0.0,0.000730755,0.0
0.0,-3.33333333333333,4.33333333333333,0.0,0.0,0.001650222,0.0
0.0,-3.44444444444444,4.33333333333333,0.0,0.0,0.0007086101,0.0
0.0,-3.55555555555556,4.33333333333333,0.0,0.0,0.0002599253,0.0
0.0,-3.66666666666667,4.33333333333333,0.0,0.0,0.002481274,0.0
0.0,-3.77777777777778,4.33333333333333,0.0,0.0,0.0002777482,0.0
0.0,-3.88888888888889,4.33333333333333,0.0,0.0,0.00096461247,0.0
0.0,-4.0,4.33333333333333,0.0,0.0,0.0017437104,0.0
0.0,-4.11111111111111,4.33333333333333,0.0,0.0,0.0005085135,0.0
0.0,-4.22222222222222,4.33333333333333,0.0,0.0,0.0015872228,0.0
0.0,-4.33333333333333,4.33333333333333,0.0,0.0,0.0006973362,0.0
0.0,-4.44444444444444,4.33333333333333,0.0,0.0,0.0014194711,0.0
0.0,-4.55555555555556,4.33333333333333,0.0,0.0,1.927999e-05,0.0
0.0,-4.66666666666667,4.33333333333333,0.0,0.0,0.0005350514,0.0
0.0,-4.77777777777778,4.33333333333333,0.0,0.0,0.00041013886,0.0
0.0,-4.88888888888889,4.33333333333333,0.0,0.0,5.3826843e-05,0.0
0.0,-5.0,4.33333333333333,0.0,0.0,0.008532479,0.0
0.0,-0.0,4.44444444444444,0.0,0.0,0.014477245,0.0
0.0,-0.111111111111111,4.44444444444444,0.0,0.0,0.005064696,0.0
0.0,-0.222222222222222,4.44444444444444,0.0,0.0,0.003529337,0.0
0.0,-0.333333333333333,4.44444444444444,0.0,0.0,0.0077130483,0.0
0.0,-0.444444444444444,4.44444444444444,0.0,0.0,0.006214561,0.0
0.0,-0.555555555555556,4.44444444444444,0.0,0.0,0.011928648,0.0
0.0,-0.666666666666667,4.44444444444444,0.0,0.0,0.009692169,0.0
0.0,-0.777777777777778,4.44444444444444,0.0,0.0,0.0075942557,0.0
0.0,-0.888888888888889,4.44444444444444,0.0,0.0,0.0068700057,0.0
0.0,-1.0,4.44444444444444,0.0,0.0,0.021574827,0.0
0.0,-1.11111111111111,4.44444444444444,0.0,0.0,0.008558878,0.0
0.0,-1.22222222222222,4.44444444444444,0.0,0.0,0.0036609136,0.0
0.0,-1.33333333333333,4.44444444444444,0.0,0.0,0.001406723,0.0
0.0,-1.44444444444444,4.44444444444444,0.0,0.0,0.010690012,0.0
0.0,-1.55555555555556,4.44444444444444,0.0,0.0,0.012787166,0.0
0.0,-1.66666666666667,4.44444444444444,0.0,0.0,0.00050997647,0.0
0.0,-1.77777777777778,4.44444444444444,0.0,0.0,0.0005805057,0.0
0.0,-1.88888888888889,4.44444444444444,0.0,0.0,0.011898002,0.0
0.0,-2.0,4.44444444444444,0.0,0.0,0.005626124,0.0
0.0,-2.11111111111111,4.44444444444444,0.0,0.0,0.0041120956,0.0
0.0,-2.22222222222222,4.44444444444444,0.0,0.0,0.0023611335,0.0
0.0,-2.33333333333333,4.44444444444444,0.0,0.0,0.012540229,0.0
0.0,-2.44444444444444,4.44444444444444,0.0,0.0,0.008762663,0.0
0.0,-2.55555555555556,4.44444444444444,0.0,0.0,0.0039320895,0.0
0.0,-2.66666666666667,4.44444444444444,0.0,0.0,0.009826386,0.0
0.0,-2.77777777777778,4.44444444444444,0.0,0.0,0.0040029045,0.0
0.0,-2.88888888888889,4.44444444444444,0.0,0.0,2.5034175e-05,0.0
0.0,-3.0,4.44444444444444,0.0,0.0,0.0025699392,0.0
0.0,-3.11111111111111,4.44444444444444,0.0,0.0,0.0020723604,0.0
0.0,-3.22222222222222,4.44444444444444,0.0,0.0,0.00042273686,0.0
0.0,-3.33333333333333,4.44444444444444,0.0,0.0,0.0006736679,0.0
0.0,-3.44444444444444,4.44444444444444,0.0,0.0,0.0032351452,0.0
0.0,-3.55555555555556,4.44444444444444,0.0,0.0,0.00046532985,0.0
0.0,-3.66666666666667,4.44444444444444,0.0,0.0,0.0041706804,0.0
0.0,-3.77777777777778,4.44444444444444,0.0,0.0,0.00010308971,0.0
0.0,-3.88888888888889,4.44444444444444,0.0,0.0,0.00051475386,0.0
0.0,-4.0,4.44444444444444,0.0,0.0,0.004041981,0.0
0.0,-4.11111111111111,4.44444444444444,0.0,0.0,0.0017257193,0.0
0.0,-4.22222222222222,4.44444444444444,0.0,0.0,0.0011019645,0.0
0.0,-4.33333333333333,4.44444444444444,0.0,0.0,0.0036074615,0.0
0.0,-4.44444444444444,4.44444444444444,0.0,0.0,0.0024582702,0.0
0.0,-4.55555555555556,4.44444444444444,0.0,0.0,0.0003359069,0.0
0.0,-4.66666666666667,4.44444444444444,0.0,0.0,0.0015869138,0.0
0.0,-4.77777777777778,4.44444444444444,0.0,0.0,0.00051285373,0.0
0.0,-4.88888888888889,4.44444444444444,0.0,0.0,0.00038796477,0.0
0.0,-5.0,4.44444444444444,0.0,0.0,0.009197981,0.0
0.0,-0.0,4.55555555555556,0.0,0.0,0.038757272,0.0
0.0,-0.111111111111111,4.55555555555556,0.0,0.0,0.007444116,0.0
0.0,-0.222222222222222,4.55555555555556,0.0,0.0,0.009441469,0.0
0.0,-0.333333333333333,4.55555555555556,0.0,0.0,0.0041649668,0.0
0.0,-0.444444444444444,4.55555555555556,0.0,0.0,0.004754181,0.0
0.0,-0.555555555555556,4.55555555555556,0.0,0.0,0.0078244805,0.0
0.0,-0.666666666666667,4.55555555555556,0.0,0.0,0.023961915,0.0
0.0,-0.777777777777778,4.55555555555556,0.0,0.0,0.005174855,0.0
0.0,-0.888888888888889,4.55555555555556,0.0,0.0,0.0055395826,0.0
0.0,-1.0,4.55555555555556,0.0,0.0,0.024930516,0.0
0.0,-1.11111111111111,4.55555555555556,0.0,0.0,0.0054579535,0.0
0.0,-1.22222222222222,4.55555555555556,0.0,0.0,0.001661294,0.0
0.0,-1.33333333333333,4.55555555555556,0.0,0.0,0.0019699363,0.0
0.0,-1.44444444444444,4.55555555555556,0.0,0.0,0.008615516,0.0
0.0,-1.55555555555556,4.55555555555556,0.0,0.0,0.016655494,0.0
0.0,-1.66666666666667,4.55555555555556,0.0,0.0,0.0007828314,0.0
0.0,-1.77777777777778,4.55555555555556,0.0,0.0,0.0020068304,0.0
0.0,-1.88888888888889,4.55555555555556,0.0,0.0,0.008827169,0.0
0.0,-2.0,4.55555555555556,0.0,0.0,0.010578787,0.0
0.0,-2.11111111111111,4.55555555555556,0.0,0.0,0.0030037863,0.0
0.0,-2.22222222222222,4.55555555555556,0.0,0.0,0.0023981293,0.0
0.0,-2.33333333333333,4.55555555555556,0.0,0.0,0.009319985,0.0
0.0,-2.44444444444444,4.55555555555556,0.0,0.0,0.006940278,0.0
0.0,-2.55555555555556,4.55555555555556,0.0,0.0,0.004275713,0.0
0.0,-2.66666666666667,4.55555555555556,0.0,0.0,0.016906045,0.0
0.0,-2.77777777777778,4.55555555555556,0.0,0.0,0.0026288384,0.0
0.0,-2.88888888888889,4.55555555555556,0.0,0.0,0.0007928504,0.0
0.0,-3.0,4.55555555555556,0.0,0.0,0.0068175695,0.0
0.0,-3.11111111111111,4.55555555555556,0.0,0.0,0.0024140207,0.0
0.0,-3.22222222222222,4.55555555555556,0.0,0.0,0.0008424627,0.0
0.0,-3.33333333333333,4.55555555555556,0.0,0.0,0.0021488757,0.0
0.0,-3.44444444444444,4.55555555555556,0.0,0.0,0.0028054477,0.0
0.0,-3.55555555555556,4.55555555555556,0.0,0.0,0.0017991377,0.0
0.0,-3.66666666666667,4.55555555555556,0.0,0.0,0.003959008,0.0
0.0,-3.77777777777778,4.55555555555556,0.0,0.0,0.00012251113,0.0
0.0,-3.88888888888889,4.55555555555556,0.0,0.0,0.00069423084,0.0
0.0,-4.0,4.55555555555556,0.0,0.0,0.007628275,0.0
0.0,-4.11111111111111,4.55555555555556,0.0,0.0,0.0017554689,0.0
0.0,-4.22222222222222,4.55555555555556,0.0,0.0,0.0009343103,0.0
0.0,-4.33333333333333,4.55555555555556,0.0,0.0,0.0061655454,0.0
0.0,-4.44444444444444,4.55555555555556,0.0,0.0,0.004548755,0.0
0.0,-4.55555555555556,4.55555555555556,0.0,0.0,0.00084485183,0.0
0.0,-4.66666666666667,4.55555555555556,0.0,0.0,0.0035726263,0.0
0.0,-4.77777777777778,4.55555555555556,0.0,0.0,0.00038226423,0.0
0.0,-4.88888888888889,4.55555555555556,0.0,0.0,0.00030632812,0.0
0.0,-5.0,4.55555555555556,0.0,0.0,0.004407556,0.0
0.0,-0.0,4.66666666666667,0.0,0.0,0.0785398,0.0
0.0,-0.111111111111111,4.66666666666667,0.0,0.0,0.0037336096,0.0
0.0,-0.222222222222222,4.66666666666667,0.0,0.0,0.010336416,0.0
0.0,-0.333333333333333,4.66666666666667,0.0,0.0,0.0011873905,0.0
0.0,-0.444444444444444,4.66666666666667,0.0,0.0,0.0012566949,0.0
0.0,-0.555555555555556,4.66666666666667,0.0,0.0,0.0031168167,0.0
0.0,-0.666666666666667,4.66666666666667,0.0,0.0,0.025368115,0.0
0.0,-0.777777777777778,4.66666666666667,0.0,0.0,0.002979331,0.0
0.0,-0.888888888888889,4.66666666666667,0.0,0.0,0.0026998094,0.0
0.0,-1.0,4.66666666666667,0.0,0.0,0.008076124,0.0
0.0,-1.11111111111111,4.66666666666667,0.0,0.0,0.0024810126,0.0
0.0,-1.22222222222222,4.66666666666667,0.0,0.0,0.002124947,0.0
0.0,-1.33333333333333,4.66666666666667,0.0,0.0,0.0021611678,0.0
0.0,-1.44444444444444,4.66666666666667,0.0,0.0,0.0051509878,0.0
0.0,-1.55555555555556,4.66666666666667,0.0,0.0,0.015542439,0.0
0.0,-1.66666666666667,4.66666666666667,0.0,0.0,0.0012669008,0.0
0.0,-1.77777777777778,4.66666666666667,0.0,0.0,0.002779646,0.0
0.0,-1.88888888888889,4.66666666666667,0.0,0.0,0.0042657545,0.0
0.0,-2.0,4.66666666666667,0.0,0.0,0.009608379,0.0
0.0,-2.11111111111111,4.66666666666667,0.0,0.0,0.0017909419,0.0
0.0,-2.22222222222222,4.66666666666667,0.0,0.0,0.00023534978,0.0
0.0,-2.33333333333333,4.66666666666667,0.0,0.0,0.0015404122,0.0
0.0,-2.44444444444444,4.66666666666667,0.0,0.0,0.0043209894,0.0
0.0,-2.55555555555556,4.66666666666667,0.0,0.0,0.00358326,0.0
0.0,-2.66666666666667,4.66666666666667,0.0,0.0,0.008496453,0.0
0.0,-2.77777777777778,4.66666666666667,0.0,0.0,0.0010100825,0.0
0.0,-2.88888888888889,4.66666666666667,0.0,0.0,0.0011954987,0.0
0.0,-3.0,4.66666666666667,0.0,0.0,0.0067055067,0.0
0.0,-3.11111111111111,4.66666666666667,0.0,0.0,0.0014803273,0.0
0.0,-3.22222222222222,4.66666666666667,0.0,0.0,0.00024654734,0.0
0.0,-3.33333333333333,4.66666666666667,0.0,0.0,0.0039444664,0.0
0.0,-3.44444444444444,4.66666666666667,0.0,0.0,0.001518481,0.0
0.0,-3.55555555555556,4.66666666666667,0.0,0.0,0.0025842856,0.0
0.0,-3.66666666666667,4.66666666666667,0.0,0.0,0.0016536365,0.0
0.0,-3.77777777777778,4.66666666666667,0.0,0.0,6.401663e-06,0.0
0.0,-3.88888888888889,4.66666666666667,0.0,0.0,0.00093328464,0.0
0.0,-4.0,4.66666666666667,0.0,0.0,0.006842893,0.0
0.0,-4.11111111111111,4.66666666666667,0.0,0.0,2.482826e-05,0.0
0.0,-4.22222222222222,4.66666666666667,0.0,0.0,0.0011782805,0.0
0.0,-4.33333333333333,4.66666666666667,0.0,0.0,0.0044141132,0.0
0.0,-4.44444444444444,4.66666666666667,0.0,0.0,0.0023539548,0.0
0.0,-4.55555555555556,4.66666666666667,0.0,0.0,0.00011997087,0.0
0.0,-4.66666666666667,4.66666666666667,0.0,0.0,0.004784645,0.0
0.0,-4.77777777777778,4.66666666666667,0.0,0.0,0.00033240693,0.0
0.0,-4.88888888888889,4.66666666666667,0.0,0.0,0.00014013713,0.0
0.0,-5.0,4.66666666666667,0.0,0.0,0.00051095703,0.0
0.0,-0.0,4.77777777777778,0.0,0.0,0.07997405,0.0
0.0,-0.111111111111111,4.77777777777778,0.0,0.0,0.0020113117,0.0
0.0,-0.222222222222222,4.77777777777778,0.0,0.0,0.0051833075,0.0
0.0,-0.333333333333333,4.77777777777778,0.0,0.0,0.0072559416,0.0
0.0,-0.444444444444444,4.77777777777778,0.0,0.0,0.002121779,0.0
0.0,-0.555555555555556,4.77777777777778,0.0,0.0,0.0015835783,0.0
0.0,-0.666666666666667,4.77777777777778,0.0,0.0,0.012000461,0.0
0.0,-0.777777777777778,4.77777777777778,0.0,0.0,0.0012947792,0.0
0.0,-0.888888888888889,4.77777777777778,0.0,0.0,0.001152854,0.0
0.0,-1.0,4.77777777777778,0.0,0.0,0.000802268,0.0
0.0,-1.11111111111111,4.77777777777778,0.0,0.0,0.0015214263,0.0
0.0,-1.22222222222222,4.77777777777778,0.0,0.0,0.0060025975,0.0
0.0,-1.33333333333333,4.77777777777778,0.0,0.0,0.0011035209,0.0
0.0,-1.44444444444444,4.77777777777778,0.0,0.0,0.00843355,0.0
0.0,-1.55555555555556,4.77777777777778,0.0,0.0,0.012583796,0.0
0.0,-1.66666666666667,4.77777777777778,0.0,0.0,0.0009563677,0.0
0.0,-1.77777777777778,4.77777777777778,0.0,0.0,0.0011263401,0.0
0.0,-1.88888888888889,4.77777777777778,0.0,0.0,0.004049019,0.0
0.0,-2.0,4.77777777777778,0.0,0.0,0.005062536,0.0
0.0,-2.11111111111111,4.77777777777778,0.0,0.0,0.00075902225,0.0
0.0,-2.22222222222222,4.77777777777778,0.0,0.0,0.0002293647,0.0
0.0,-2.33333333333333,4.77777777777778,0.0,0.0,0.0009787307,0.0
0.0,-2.44444444444444,4.77777777777778,0.0,0.0,0.0077703916,0.0
0.0,-2.55555555555556,4.77777777777778,0.0,0.0,0.00313574,0.0
0.0,-2.66666666666667,4.77777777777778,0.0,0.0,0.0012214897,0.0
0.0,-2.77777777777778,4.77777777777778,0.0,0.0,0.000129104,0.0
0.0,-2.88888888888889,4.77777777777778,0.0,0.0,0.0010717235,0.0
0.0,-3.0,4.77777777777778,0.0,0.0,0.0006108629,0.0
0.0,-3.11111111111111,4.77777777777778,0.0,0.0,0.0008358785,0.0
0.0,-3.22222222222222,4.77777777777778,0.0,0.0,3.7366313e-05,0.0
0.0,-3.33333333333333,4.77777777777778,0.0,0.0,0.0017360265,0.0
0.0,-3.44444444444444,4.77777777777778,0.0,0.0,0.004138976,0.0
0.0,-3.55555555555556,4.77777777777778,0.0,0.0,0.0007441681,0.0
0.0,-3.66666666666667,4.77777777777778,0.0,0.0,0.0007056854,0.0
0.0,-3.77777777777778,4.77777777777778,0.0,0.0,0.00049593113,0.0
0.0,-3.88888888888889,4.77777777777778,0.0,0.0,0.0024344302,0.0
0.0,-4.0,4.77777777777778,0.0,0.0,0.00506756,0.0
0.0,-4.11111111111111,4.77777777777778,0.0,0.0,0.0026059402,0.0
0.0,-4.22222222222222,4.77777777777778,0.0,0.0,0.002357087,0.0
0.0,-4.33333333333333,4.77777777777778,0.0,0.0,0.0020780507,0.0
0.0,-4.44444444444444,4.77777777777778,0.0,0.0,0.00020845901,0.0
0.0,-4.55555555555556,4.77777777777778,0.0,0.0,0.000903316,0.0
0.0,-4.66666666666667,4.77777777777778,0.0,0.0,0.0044351057,0.0
0.0,-4.77777777777778,4.77777777777778,0.0,0.0,0.001126116,0.0
0.0,-4.88888888888889,4.77777777777778,0.0,0.0,0.00048495192,0.0
0.0,-5.0,4.77777777777778,0.0,0.0,0.0012294052,0.0
0.0,-0.0,4.88888888888889,0.0,0.0,0.03332937,0.0
0.0,-0.111111111111111,4.88888888888889,0.0,0.0,0.0033788413,0.0
0.0,-0.222222222222222,4.88888888888889,0.0,0.0,0.004571984,0.0
0.0,-0.333333333333333,4.88888888888889,0.0,0.0,0.0066683223,0.0
0.0,-0.444444444444444,4.88888888888889,0.0,0.0,0.0025843317,0.0
0.0,-0.555555555555556,4.88888888888889,0.0,0.0,0.0013125987,0.0
0.0,-0.666666666666667,4.88888888888889,0.0,0.0,0.0029300163,0.0
0.0,-0.777777777777778,4.88888888888889,0.0,0.0,0.0004495291,0.0
0.0,-0.888888888888889,4.88888888888889,0.0,0.0,0.002466422,0.0
0.0,-1.0,4.88888888888889,0.0,0.0,0.004815136,0.0
0.0,-1.11111111111111,4.88888888888889,0.0,0.0,0.0019069934,0.0
0.0,-1.22222222222222,4.88888888888889,0.0,0.0,0.0073141474,0.0
0.0,-1.33333333333333,4.88888888888889,0.0,0.0,0.0009021741,0.0
0.0,-1.44444444444444,4.88888888888889,0.0,0.0,0.016881023,0.0
0.0,-1.55555555555556,4.88888888888889,0.0,0.0,0.014869241,0.0
0.0,-1.66666666666667,4.88888888888889,0.0,0.0,2.3620789e-05,0.0
0.0,-1.77777777777778,4.88888888888889,0.0,0.0,0.00077271,0.0
0.0,-1.88888888888889,4.88888888888889,0.0,0.0,0.008940256,0.0
0.0,-2.0,4.88888888888889,0.0,0.0,0.0058446643,0.0
0.0,-2.11111111111111,4.88888888888889,0.0,0.0,0.0006277412,0.0
0.0,-2.22222222222222,4.88888888888889,0.0,0.0,9.2815804e-05,0.0
0.0,-2.33333333333333,4.88888888888889,0.0,0.0,0.0053251227,0.0
0.0,-2.44444444444444,4.88888888888889,0.0,0.0,0.013150556,0.0
0.0,-2.55555555555556,4.88888888888889,0.0,0.0,0.0061490857,0.0
0.0,-2.66666666666667,4.88888888888889,0.0,0.0,0.0024373676,0.0
0.0,-2.77777777777778,4.88888888888889,0.0,0.0,0.0011400583,0.0
0.0,-2.88888888888889,4.88888888888889,0.0,0.0,0.0007150426,0.0
0.0,-3.0,4.88888888888889,0.0,0.0,0.004548824,0.0
0.0,-3.11111111111111,4.88888888888889,0.0,0.0,0.00082661904,0.0
0.0,-3.22222222222222,4.88888888888889,0.0,0.0,0.00027395436,0.0
0.0,-3.33333333333333,4.88888888888889,0.0,0.0,0.0021686363,0.0
0.0,-3.44444444444444,4.88888888888889,0.0,0.0,0.0055927,0.0
0.0,-3.55555555555556,4.88888888888889,0.0,0.0,0.00045027232,0.0
0.0,-3.66666666666667,4.88888888888889,0.0,0.0,0.0024950653,0.0
0.0,-3.77777777777778,4.88888888888889,0.0,0.0,0.0019316575,0.0
0.0,-3.88888888888889,4.88888888888889,0.0,0.0,0.0036534667,0.0
0.0,-4.0,4.88888888888889,0.0,0.0,0.012136744,0.0
0.0,-4.11111111111111,4.88888888888889,0.0,0.0,0.0064966525,0.0
0.0,-4.22222222222222,4.88888888888889,0.0,0.0,0.0037479694,0.0
0.0,-4.33333333333333,4.88888888888889,0.0,0.0,0.0014909948,0.0
0.0,-4.44444444444444,4.88888888888889,0.0,0.0,0.0049205385,0.0
0.0,-4.55555555555556,4.88888888888889,0.0,0.0,0.0040241946,0.0
0.0,-4.66666666666667,4.88888888888889,0.0,0.0,0.0035198145,0.0
0.0,-4.77777777777778,4.88888888888889,0.0,0.0,0.0028473916,0.0
0.0,-4.88888888888889,4.88888888888889,0.0,0.0,0.0017498041,0.0
0.0,-5.0,4.88888888888889,0.0,0.0,0.0019380798,0.0
0.0,-0.111111111111111,5.0,0.0,0.0,0.007814938,0.0
0.0,-0.222222222222222,5.0,0.0,0.0,0.006241223,0.0
0.0,-0.333333333333333,5.0,0.0,0.0,0.001374384,0.0
0.0,-0.444444444444444,5.0,0.0,0.0,0.0007747693,0.0
0.0,-0.555555555555556,5.0,0.0,0.0,0.0026271914,0.0
0.0,-0.666666666666667,5.0,0.0,0.0,0.0028570946,0.0
0.0,-0.777777777777778,5.0,0.0,0.0,0.008328998,0.0
0.0,-0.888888888888889,5.0,0.0,0.0,0.0039385105,0.0
0.0,-1.11111111111111,5.0,0.0,0.0,0.0024986903,0.0
0.0,-1.22222222222222,5.0,0.0,0.0,0.0038569244,0.0
0.0,-1.33333333333333,5.0,0.0,0.0,0.0013724851,0.0
0.0,-1.44444444444444,5.0,0.0,0.0,0.019799598,0.0
0.0,-1.55555555555556,5.0,0.0,0.0,0.01280317,0.0
0.0,-1.66666666666667,5.0,0.0,0.0,0.0011258093,0.0
0.0,-1.77777777777778,5.0,0.0,0.0,0.0031966723,0.0
0.0,-1.88888888888889,5.0,0.0,0.0,0.008555406,0.0
0.0,-2.11111111111111,5.0,0.0,0.0,0.000883115,0.0
0.0,-2.22222222222222,5.0,0.0,0.0,0.0009081123,0.0
0.0,-2.33333333333333,5.0,0.0,0.0,0.005012457,0.0
0.0,-2.44444444444444,5.0,0.0,0.0,0.013410564,0.0
0.0,-2.55555555555556,5.0,0.0,0.0,0.011488739,0.0
0.0,-2.66666666666667,5.0,0.0,0.0,0.0011602358,0.0
0.0,-2.77777777777778,5.0,0.0,0.0,0.0022980596,0.0
0.0,-2.88888888888889,5.0,0.0,0.0,0.0012787571,0.0
0.0,-3.11111111111111,5.0,0.0,0.0,0.0003113222,0.0
0.0,-3.22222222222222,5.0,0.0,0.0,0.00047618535,0.0
0.0,-3.33333333333333,5.0,0.0,0.0,0.003958944,0.0
0.0,-3.44444444444444,5.0,0.0,0.0,0.003556047,0.0
0.0,-3.55555555555556,5.0,0.0,0.0,0.0030460833,0.0
0.0,-3.66666666666667,5.0,0.0,0.0,0.0036672358,0.0
0.0,-3.77777777777778,5.0,0.0,0.0,0.0021177544,0.0
0.0,-3.88888888888889,5.0,0.0,0.0,0.0021943261,0.0
0.0,-4.11111111111111,5.0,0.0,0.0,0.0036591461,0.0
0.0,-4.22222222222222,5.0,0.0,0.0,0.003512257,0.0
0.0,-4.33333333333333,5.0,0.0,0.0,0.0025184962,0.0
0.0,-4.44444444444444,5.0,0.0,0.0,0.008138129,0.0
0.0,-4.55555555555556,5.0,0.0,0.0,0.0052735424,0.0
0.0,-4.66666666666667,5.0,0.0,0.0,0.0016176718,0.0
0.0,-4.77777777777778,5.0,0.0,0.0,0.0034738802,0.0
0.0,-4.88888888888889,5.0,0.0,0.0,0.002998765,0.0
0.0,-0.0,5.11111111111111,0.0,0.0,0.04244415,0.0
0.0,-0.111111111111111,5.11111111111111,0.0,0.0,0.0081972545,0.0
0.0,-0.222222222222222,5.11111111111111,0.0,0.0,0.004733535,0.0
0.0,-0.333333333333333,5.11111111111111,0.0,0.0,0.00040300385,0.0
0.0,-0.444444444444444,5.11111111111111,0.0,0.0,0.0033598389,0.0
0.0,-0.555555555555556,5.11111111111111,0.0,0.0,0.0067659323,0.0
0.0,-0.666666666666667,5.11111111111111,0.0,0.0,0.0048992466,0.0
0.0,-0.777777777777778,5.11111111111111,0.0,0.0,0.0134283025,0.0
0.0,-0.888888888888889,5.11111111111111,0.0,0.0,0.002448601,0.0
0.0,-1.0,5.11111111111111,0.0,0.0,0.00022132501,0.0
0.0,-1.11111111111111,5.11111111111111,0.0,0.0,0.0015581764,0.0
0.0,-1.22222222222222,5.11111111111111,0.0,0.0,0.0046327855,0.0
0.0,-1.33333333333333,5.11111111111111,0.0,0.0,0.0012636252,0.0
0.0,-1.44444444444444,5.11111111111111,0.0,0.0,0.014266994,0.0
0.0,-1.55555555555556,5.11111111111111,0.0,0.0,0.004519293,0.0
0.0,-1.66666666666667,5.11111111111111,0.0,0.0,0.0038347119,0.0
0.0,-1.77777777777778,5.11111111111111,0.0,0.0,0.0040625725,0.0
0.0,-1.88888888888889,5.11111111111111,0.0,0.0,0.0015582095,0.0
0.0,-2.0,5.11111111111111,0.0,0.0,0.00651405,0.0
0.0,-2.11111111111111,5.11111111111111,0.0,0.0,0.0015121035,0.0
0.0,-2.22222222222222,5.11111111111111,0.0,0.0,0.004527654,0.0
0.0,-2.33333333333333,5.11111111111111,0.0,0.0,0.0007244444,0.0
0.0,-2.44444444444444,5.11111111111111,0.0,0.0,0.009328975,0.0
0.0,-2.55555555555556,5.11111111111111,0.0,0.0,0.010706028,0.0
0.0,-2.66666666666667,5.11111111111111,0.0,0.0,2.4450883e-05,0.0
0.0,-2.77777777777778,5.11111111111111,0.0,0.0,0.001250262,0.0
0.0,-2.88888888888889,5.11111111111111,0.0,0.0,0.0043156985,0.0
0.0,-3.0,5.11111111111111,0.0,0.0,0.0066678766,0.0
0.0,-3.11111111111111,5.11111111111111,0.0,0.0,5.6765213e-05,0.0
0.0,-3.22222222222222,5.11111111111111,0.0,0.0,0.00021507885,0.0
0.0,-3.33333333333333,5.11111111111111,0.0,0.0,0.0031416782,0.0
0.0,-3.44444444444444,5.11111111111111,0.0,0.0,0.0017800776,0.0
0.0,-3.55555555555556,5.11111111111111,0.0,0.0,0.003154376,0.0
0.0,-3.66666666666667,5.11111111111111,0.0,0.0,0.0018369685,0.0
0.0,-3.77777777777778,5.11111111111111,0.0,0.0,0.0013611593,0.0
0.0,-3.88888888888889,5.11111111111111,0.0,0.0,0.0009892746,0.0
0.0,-4.0,5.11111111111111,0.0,0.0,0.015561955,0.0
0.0,-4.11111111111111,5.11111111111111,0.0,0.0,0.0003333995,0.0
0.0,-4.22222222222222,5.11111111111111,0.0,0.0,0.002163385,0.0
0.0,-4.33333333333333,5.11111111111111,0.0,0.0,0.0057303174,0.0
0.0,-4.44444444444444,5.11111111111111,0.0,0.0,0.0048363325,0.0
0.0,-4.55555555555556,5.11111111111111,0.0,0.0,0.004137443,0.0
0.0,-4.66666666666667,5.11111111111111,0.0,0.0,3.115176e-05,0.0
0.0,-4.77777777777778,5.11111111111111,0.0,0.0,0.0026068124,0.0
0.0,-4.88888888888889,5.11111111111111,0.0,0.0,0.0027435278,0.0
0.0,-5.0,5.11111111111111,0.0,0.0,0.0024438875,0.0
0.0,-0.0,5.22222222222222,0.0,0.0,0.095351964,0.0
0.0,-0.111111111111111,5.22222222222222,0.0,0.0,0.003446934,0.0
0.0,-0.222222222222222,5.22222222222222,0.0,0.0,0.0023510144,0.0
0.0,-0.333333333333333,5.22222222222222,0.0,0.0,0.00061992364,0.0
0.0,-0.444444444444444,5.22222222222222,0.0,0.0,0.007803502,0.0
0.0,-0.555555555555556,5.22222222222222,0.0,0.0,0.010104501,0.0
0.0,-0.666666666666667,5.22222222222222,0.0,0.0,0.005562376,0.0
0.0,-0.777777777777778,5.22222222222222,0.0,0.0,0.0060018576,0.0
0.0,-0.888888888888889,5.22222222222222,0.0,0.0,0.001872353,0.0
0.0,-1.0,5.22222222222222,0.0,0.0,0.00067400327,0.0
0.0,-1.11111111111111,5.22222222222222,0.0,0.0,0.00058455666,0.0
0.0,-1.22222222222222,5.22222222222222,0.0,0.0,0.006018854,0.0
0.0,-1.33333333333333,5.22222222222222,0.0,0.0,0.0072637647,0.0
0.0,-1.44444444444444,5.22222222222222,0.0,0.0,0.0051386184,0.0
0.0,-1.55555555555556,5.22222222222222,0.0,0.0,0.00015707979,0.0
0.0,-1.66666666666667,5.22222222222222,0.0,0.0,0.0039517493,0.0
0.0,-1.77777777777778,5.22222222222222,0.0,0.0,0.0044483067,0.0
0.0,-1.88888888888889,5.22222222222222,0.0,0.0,0.0014295228,0.0
0.0,-2.0,5.22222222222222,0.0,0.0,0.0056031384,0.0
0.0,-2.11111111111111,5.22222222222222,0.0,0.0,0.0005017836,0.0
0.0,-2.22222222222222,5.22222222222222,0.0,0.0,0.005119082,0.0
0.0,-2.33333333333333,5.22222222222222,0.0,0.0,0.00054867193,0.0
0.0,-2.44444444444444,5.22222222222222,0.0,0.0,0.005637145,0.0
0.0,-2.55555555555556,5.22222222222222,0.0,0.0,0.005434442,0.0
0.0,-2.66666666666667,5.22222222222222,0.0,0.0,7.57541e-05,0.0
0.0,-2.77777777777778,5.22222222222222,0.0,0.0,0.00043435046,0.0
0.0,-2.88888888888889,5.22222222222222,0.0,0.0,0.0071906922,0.0
0.0,-3.0,5.22222222222222,0.0,0.0,0.0003334427,0.0
0.0,-3.11111111111111,5.22222222222222,0.0,0.0,0.0007112294,0.0
0.0,-3.22222222222222,5.22222222222222,0.0,0.0,0.00014715666,0.0
0.0,-3.33333333333333,5.22222222222222,0.0,0.0,0.0020251814,0.0
0.0,-3.44444444444444,5.22222222222222,0.0,0.0,0.0038356986,0.0
0.0,-3.55555555555556,5.22222222222222,0.0,0.0,0.0029557007,0.0
0.0,-3.66666666666667,5.22222222222222,0.0,0.0,0.0010565302,0.0
0.0,-3.77777777777778,5.22222222222222,0.0,0.0,0.0017191726,0.0
0.0,-3.88888888888889,5.22222222222222,0.0,0.0,0.0011719862,0.0
0.0,-4.0,5.22222222222222,0.0,0.0,0.008870561,0.0
0.0,-4.11111111111111,5.22222222222222,0.0,0.0,0.0014086027,0.0
0.0,-4.22222222222222,5.22222222222222,0.0,0.0,0.0017989228,0.0
0.0,-4.33333333333333,5.22222222222222,0.0,0.0,0.0067230975,0.0
0.0,-4.44444444444444,5.22222222222222,0.0,0.0,0.0018240951,0.0
0.0,-4.55555555555556,5.22222222222222,0.0,0.0,0.0027272059,0.0
0.0,-4.66666666666667,5.22222222222222,0.0,0.0,0.0007629671,0.0
0.0,-4.77777777777778,5.22222222222222,0.0,0.0,0.0027157662,0.0
0.0,-4.88888888888889,5.22222222222222,0.0,0.0,0.0010489512,0.0
0.0,-5.0,5.22222222222222,0.0,0.0,0.0016628004,0.0
0.0,-0.0,5.33333333333333,62.8239175238295,0.0,0.118661754,1.523473915192067
0.0,-0.111111111111111,5.33333333333333,0.0,0.0,0.0025393593,0.0
0.0,-0.222222222222222,5.33333333333333,0.0,0.0,0.0006409238,0.0
0.0,-0.333333333333333,5.33333333333333,0.0,0.0,0.0065090787,0.0
0.0,-0.444444444444444,5.33333333333333,0.0,0.0,0.005589375,0.0
0.0,-0.555555555555556,5.33333333333333,0.0,0.0,0.008727977,0.0
0.0,-0.666666666666667,5.33333333333333,0.0,0.0,0.003831542,0.0
0.0,-0.777777777777778,5.33333333333333,0.0,0.0,0.0026434772,0.0
0.0,-0.888888888888889,5.33333333333333,1.1568321858837,0.0,0.001752883,0.02805306846361415
0.0,-1.0,5.33333333333333,0.0,0.0,0.0009273779,0.0
0.0,-1.11111111111111,5.33333333333333,0.0,0.0,0.0005209438,0.0
0.0,-1.22222222222222,5.33333333333333,0.0,0.0,0.0035904297,0.0
0.0,-1.33333333333333,5.33333333333333,0.0,0.0,0.01258832,0.0
0.0,-1.44444444444444,5.33333333333333,0.0,0.0,0.0013518421,0.0
0.0,-1.55555555555556,5.33333333333333,0.0,0.0,0.0006326065,0.0
0.0,-1.66666666666667,5.33333333333333,0.0,0.0,0.0011919225,0.0
0.0,-1.77777777777778,5.33333333333333,93.4330899450033,0.0,0.0064574727,2.265743381778368
0.0,-1.88888888888889,5.33333333333333,0.0,0.0,0.0066044354,0.0
0.0,-2.0,5.33333333333333,0.0,0.0,0.0036261023,0.0
0.0,-2.11111111111111,5.33333333333333,0.0,0.0,0.00083370745,0.0
0.0,-2.22222222222222,5.33333333333333,0.0,0.0,0.0015111959,0.0
0.0,-2.33333333333333,5.33333333333333,0.0,0.0,0.0024184631,0.0
0.0,-2.44444444444444,5.33333333333333,0.0,0.0,0.0025250781,0.0
0.0,-2.55555555555556,5.33333333333333,0.0,0.0,0.004088651,0.0
0.0,-2.66666666666667,5.33333333333333,0.0,0.0,6.241018e-05,0.0
0.0,-2.77777777777778,5.33333333333333,0.0,0.0,0.00022464248,0.0
0.0,-2.88888888888889,5.33333333333333,0.0,0.0,0.0053388877,0.0
0.0,-3.0,5.33333333333333,0.0,0.0,0.004017512,0.0
0.0,-3.11111111111111,5.33333333333333,0.0,0.0,0.00074531505,0.0
0.0,-3.22222222222222,5.33333333333333,0.0,0.0,0.0006066574,0.0
0.0,-3.33333333333333,5.33333333333333,0.0,0.0,0.0012486153,0.0
0.0,-3.44444444444444,5.33333333333333,0.0,0.0,0.0068971813,0.0
0.0,-3.55555555555556,5.33333333333333,14.050193712983,0.0,0.0032046724,0.34071583671944833
0.0,-3.66666666666667,5.33333333333333,0.0,0.0,0.003054877,0.0
0.0,-3.77777777777778,5.33333333333333,0.0,0.0,0.001611758,0.0
0.0,-3.88888888888889,5.33333333333333,0.0,0.0,0.00040562713,0.0
0.0,-4.0,5.33333333333333,0.0,0.0,0.0033148078,0.0
0.0,-4.11111111111111,5.33333333333333,0.0,0.0,0.0012127036,0.0
0.0,-4.22222222222222,5.33333333333333,0.0,0.0,0.0016716209,0.0
0.0,-4.33333333333333,5.33333333333333,0.0,0.0,0.0041253027,0.0
0.0,-4.44444444444444,5.33333333333333,0.0,0.0,0.0006578627,0.0
0.0,-4.55555555555556,5.33333333333333,0.0,0.0,0.0009847236,0.0
0.0,-4.66666666666667,5.33333333333333,0.0,0.0,0.000987638,0.0
0.0,-4.77777777777778,5.33333333333333,0.0,0.0,0.0025151412,0.0
0.0,-4.88888888888889,5.33333333333333,0.0,0.0,2.1495562e-05,0.0
0.0,-5.0,5.33333333333333,0.0,0.0,0.0047808844,0.0
0.0,-0.0,5.44444444444444,0.0,0.0,0.07380213,0.0
0.0,-0.111111111111111,5.44444444444444,0.0,0.0,0.0028533307,0.0
0.0,-0.222222222222222,5.44444444444444,0.0,0.0,0.000104002036,0.0
0.0,-0.333333333333333,5.44444444444444,0.0,0.0,0.012490388,0.0
0.0,-0.444444444444444,5.44444444444444,0.0,0.0,0.00200259,0.0
0.0,-0.555555555555556,5.44444444444444,0.0,0.0,0.0057085874,0.0
0.0,-0.666666666666667,5.44444444444444,0.0,0.0,0.00085619104,0.0
0.0,-0.777777777777778,5.44444444444444,0.0,0.0,0.0046740742,0.0
0.0,-0.888888888888889,5.44444444444444,0.0,0.0,0.0005648779,0.0
0.0,-1.0,5.44444444444444,0.0,0.0,0.01262085,0.0
0.0,-1.11111111111111,5.44444444444444,0.0,0.0,0.0011881008,0.0
0.0,-1.22222222222222,5.44444444444444,0.0,0.0,0.0014121581,0.0
0.0,-1.33333333333333,5.44444444444444,0.0,0.0,0.008022699,0.0
0.0,-1.44444444444444,5.44444444444444,0.0,0.0,0.00044956594,0.0
0.0,-1.55555555555556,5.44444444444444,0.0,0.0,0.0010899338,0.0
0.0,-1.66666666666667,5.44444444444444,0.0,0.0,0.00044628154,0.0
0.0,-1.77777777777778,5.44444444444444,0.0,0.0,0.0067466674,0.0
0.0,-1.88888888888889,5.44444444444444,0.0,0.0,0.0041324794,0.0
0.0,-2.0,5.44444444444444,0.0,0.0,0.001183735,0.0
0.0,-2.11111111111111,5.44444444444444,0.0,0.0,0.0027893211,0.0
0.0,-2.22222222222222,5.44444444444444,0.0,0.0,6.902223e-05,0.0
0.0,-2.33333333333333,5.44444444444444,0.0,0.0,0.0037532854,0.0
0.0,-2.44444444444444,5.44444444444444,0.0,0.0,0.00037094657,0.0
0.0,-2.55555555555556,5.44444444444444,0.0,0.0,0.0038712039,0.0
0.0,-2.66666666666667,5.44444444444444,0.0,0.0,0.00066951883,0.0
0.0,-2.77777777777778,5.44444444444444,0.0,0.0,0.0014291194,0.0
0.0,-2.88888888888889,5.44444444444444,0.0,0.0,0.0016059618,0.0
0.0,-3.0,5.44444444444444,0.0,0.0,0.0037448772,0.0
0.0,-3.11111111111111,5.44444444444444,0.0,0.0,0.0003426355,0.0
0.0,-3.22222222222222,5.44444444444444,0.0,0.0,0.00022149523,0.0
0.0,-3.33333333333333,5.44444444444444,0.0,0.0,0.00029509843,0.0
0.0,-3.44444444444444,5.44444444444444,0.0,0.0,0.0057565384,0.0
0.0,-3.55555555555556,5.44444444444444,0.0,0.0,0.0013761071,0.0
0.0,-3.66666666666667,5.44444444444444,0.0,0.0,0.0023841031,0.0
0.0,-3.77777777777778,5.44444444444444,0.0,0.0,0.0007465396,0.0
0.0,-3.88888888888889,5.44444444444444,0.0,0.0,0.000112922266,0.0
0.0,-4.0,5.44444444444444,0.0,0.0,0.0007752364,0.0
0.0,-4.11111111111111,5.44444444444444,0.0,0.0,0.00011388026,0.0
0.0,-4.22222222222222,5.44444444444444,0.0,0.0,0.00044314645,0.0
0.0,-4.33333333333333,5.44444444444444,0.0,0.0,0.0017033217,0.0
0.0,-4.44444444444444,5.44444444444444,0.0,0.0,1.646414e-05,0.0
0.0,-4.55555555555556,5.44444444444444,0.0,0.0,0.00052149175,0.0
0.0,-4.66666666666667,5.44444444444444,0.0,0.0,0.0001378801,0.0
0.0,-4.77777777777778,5.44444444444444,0.0,0.0,0.00077040645,0.0
0.0,-4.88888888888889,5.44444444444444,0.0,0.0,0.0006517146,0.0
0.0,-5.0,5.44444444444444,0.0,0.0,0.0055241077,0.0
0.0,-0.0,5.55555555555556,0.0,0.0,0.023715926,0.0
0.0,-0.111111111111111,5.55555555555556,0.0,0.0,0.0037632934,0.0
0.0,-0.222222222222222,5.55555555555556,0.0,0.0,0.0029462897,0.0
0.0,-0.333333333333333,5.55555555555556,0.0,0.0,0.006178877,0.0
0.0,-0.444444444444444,5.55555555555556,0.0,0.0,0.0035004378,0.0
0.0,-0.555555555555556,5.55555555555556,0.0,0.0,0.007614104,0.0
0.0,-0.666666666666667,5.55555555555556,0.0,0.0,2.5534471e-05,0.0
0.0,-0.777777777777778,5.55555555555556,0.0,0.0,0.0072063347,0.0
0.0,-0.888888888888889,5.55555555555556,0.0,0.0,0.0001970916,0.0
0.0,-1.0,5.55555555555556,0.0,0.0,0.017783942,0.0
0.0,-1.11111111111111,5.55555555555556,0.0,0.0,0.0021558364,0.0
0.0,-1.22222222222222,5.55555555555556,0.0,0.0,0.0005293059,0.0
0.0,-1.33333333333333,5.55555555555556,0.0,0.0,0.002309795,0.0
0.0,-1.44444444444444,5.55555555555556,0.0,0.0,0.0008276185,0.0
0.0,-1.55555555555556,5.55555555555556,0.0,0.0,0.0001554664,0.0
0.0,-1.66666666666667,5.55555555555556,0.0,0.0,0.0018930967,0.0
0.0,-1.77777777777778,5.55555555555556,0.0,0.0,0.0049839206,0.0
0.0,-1.88888888888889,5.55555555555556,0.0,0.0,0.00019064172,0.0
0.0,-2.0,5.55555555555556,0.0,0.0,2.164484e-05,0.0
0.0,-2.11111111111111,5.55555555555556,0.0,0.0,0.0010442534,0.0
0.0,-2.22222222222222,5.55555555555556,0.0,0.0,0.0017823029,0.0
0.0,-2.33333333333333,5.55555555555556,0.0,0.0,0.0043295026,0.0
0.0,-2.44444444444444,5.55555555555556,0.0,0.0,4.69335e-05,0.0
0.0,-2.55555555555556,5.55555555555556,0.0,0.0,0.0014677203,0.0
0.0,-2.66666666666667,5.55555555555556,0.0,0.0,0.0020238056,0.0
0.0,-2.77777777777778,5.55555555555556,0.0,0.0,0.003914036,0.0
0.0,-2.88888888888889,5.55555555555556,0.0,0.0,0.0015642272,0.0
0.0,-3.0,5.55555555555556,0.0,0.0,0.0006697608,0.0
0.0,-3.11111111111111,5.55555555555556,0.0,0.0,0.00017408562,0.0
0.0,-3.22222222222222,5.55555555555556,0.0,0.0,0.0003035061,0.0
0.0,-3.33333333333333,5.55555555555556,0.0,0.0,8.082311e-05,0.0
0.0,-3.44444444444444,5.55555555555556,0.0,0.0,0.0027331149,0.0
0.0,-3.55555555555556,5.55555555555556,0.0,0.0,0.00054567726,0.0
0.0,-3.66666666666667,5.55555555555556,0.0,0.0,0.00023616814,0.0
0.0,-3.77777777777778,5.55555555555556,0.0,0.0,0.0011260809,0.0
0.0,-3.88888888888889,5.55555555555556,0.0,0.0,0.0010177278,0.0
0.0,-4.0,5.55555555555556,0.0,0.0,0.0001258575,0.0
0.0,-4.11111111111111,5.55555555555556,0.0,0.0,0.0008033834,0.0
0.0,-4.22222222222222,5.55555555555556,0.0,0.0,0.00017561394,0.0
0.0,-4.33333333333333,5.55555555555556,0.0,0.0,0.0003107226,0.0
0.0,-4.44444444444444,5.55555555555556,0.0,0.0,0.001169372,0.0
0.0,-4.55555555555556,5.55555555555556,0.0,0.0,0.0027091806,0.0
0.0,-4.66666666666667,5.55555555555556,0.0,0.0,6.3944135e-05,0.0
0.0,-4.77777777777778,5.55555555555556,0.0,0.0,0.0002496427,0.0
0.0,-4.88888888888889,5.55555555555556,0.0,0.0,0.00091868924,0.0
0.0,-5.0,5.55555555555556,0.0,0.0,0.0016323748,0.0
0.0,-0.0,5.66666666666667,0.0,0.0,0.0050037564,0.0
0.0,-0.111111111111111,5.66666666666667,0.0,0.0,0.0051170974,0.0
0.0,-0.222222222222222,5.66666666666667,0.0,0.0,0.008657554,0.0
0.0,-0.333333333333333,5.66666666666667,0.0,0.0,0.00428778,0.0
0.0,-0.444444444444444,5.66666666666667,0.0,0.0,0.0055178185,0.0
0.0,-0.555555555555556,5.66666666666667,0.0,0.0,0.010609046,0.0
0.0,-0.666666666666667,5.66666666666667,0.0,0.0,0.00049075653,0.0
0.0,-0.777777777777778,5.66666666666667,0.0,0.0,0.0108871795,0.0
0.0,-0.888888888888889,5.66666666666667,0.0,0.0,0.0013881432,0.0
0.0,-1.0,5.66666666666667,0.0,0.0,0.006059389,0.0
0.0,-1.11111111111111,5.66666666666667,0.0,0.0,0.0027660937,0.0
0.0,-1.22222222222222,5.66666666666667,0.0,0.0,0.000117851916,0.0
0.0,-1.33333333333333,5.66666666666667,0.0,0.0,0.0021358752,0.0
0.0,-1.44444444444444,5.66666666666667,0.0,0.0,0.0060288184,0.0
0.0,-1.55555555555556,5.66666666666667,0.0,0.0,0.00051212596,0.0
0.0,-1.66666666666667,5.66666666666667,0.0,0.0,0.0013422598,0.0
0.0,-1.77777777777778,5.66666666666667,0.0,0.0,0.00277526,0.0
0.0,-1.88888888888889,5.66666666666667,0.0,0.0,0.0012634088,0.0
0.0,-2.0,5.66666666666667,0.0,0.0,0.0038840333,0.0
0.0,-2.11111111111111,5.66666666666667,0.0,0.0,0.00069010985,0.0
0.0,-2.22222222222222,5.66666666666667,0.0,0.0,0.0025526353,0.0
0.0,-2.33333333333333,5.66666666666667,0.0,0.0,0.0012324287,0.0
0.0,-2.44444444444444,5.66666666666667,0.0,0.0,0.00030103646,0.0
0.0,-2.55555555555556,5.66666666666667,0.0,0.0,1.268186e-05,0.0
0.0,-2.66666666666667,5.66666666666667,0.0,0.0,0.0032101723,0.0
0.0,-2.77777777777778,5.66666666666667,0.0,0.0,0.0027798195,0.0
0.0,-2.88888888888889,5.66666666666667,0.0,0.0,0.0024278194,0.0
0.0,-3.0,5.66666666666667,0.0,0.0,0.004906804,0.0
0.0,-3.11111111111111,5.66666666666667,0.0,0.0,9.403892e-05,0.0
0.0,-3.22222222222222,5.66666666666667,0.0,0.0,0.0021531414,0.0
0.0,-3.33333333333333,5.66666666666667,0.0,0.0,0.00076799176,0.0
0.0,-3.44444444444444,5.66666666666667,0.0,0.0,0.0014151549,0.0
0.0,-3.55555555555556,5.66666666666667,0.0,0.0,0.0008732412,0.0
0.0,-3.66666666666667,5.66666666666667,0.0,0.0,0.0003684628,0.0
0.0,-3.77777777777778,5.66666666666667,0.0,0.0,0.000742769,0.0
0.0,-3.88888888888889,5.66666666666667,0.0,0.0,0.0006563995,0.0
0.0,-4.0,5.66666666666667,0.0,0.0,0.004260944,0.0
0.0,-4.11111111111111,5.66666666666667,0.0,0.0,0.0010503408,0.0
0.0,-4.22222222222222,5.66666666666667,0.0,0.0,0.0014604978,0.0
0.0,-4.33333333333333,5.66666666666667,0.0,0.0,0.00022992374,0.0
0.0,-4.44444444444444,5.66666666666667,0.0,0.0,0.0015623507,0.0
0.0,-4.55555555555556,5.66666666666667,0.0,0.0,0.0029590689,0.0
0.0,-4.66666666666667,5.66666666666667,0.0,0.0,0.00044339855,0.0
0.0,-4.77777777777778,5.66666666666667,0.0,0.0,0.0016082966,0.0
0.0,-4.88888888888889,5.66666666666667,0.0,0.0,0.00092095474,0.0
0.0,-5.0,5.66666666666667,0.0,0.0,0.0002757366,0.0
0.0,-0.0,5.77777777777778,0.0,0.0,0.0040859487,0.0
0.0,-0.111111111111111,5.77777777777778,0.0,0.0,0.004186519,0.0
0.0,-0.222222222222222,5.77777777777778,0.0,0.0,0.015051557,0.0
0.0,-0.333333333333333,5.77777777777778,0.0,0.0,0.009187102,0.0
0.0,-0.444444444444444,5.77777777777778,0.0,0.0,0.0025537475,0.0
0.0,-0.555555555555556,5.77777777777778,0.0,0.0,0.0041478733,0.0
0.0,-0.666666666666667,5.77777777777778,0.0,0.0,0.0012348237,0.0
0.0,-0.777777777777778,5.77777777777778,0.0,0.0,0.005718488,0.0
0.0,-0.888888888888889,5.77777777777778,0.0,0.0,0.0021724107,0.0
0.0,-1.0,5.77777777777778,0.0,0.0,0.010337909,0.0
0.0,-1.11111111111111,5.77777777777778,0.0,0.0,0.0023453697,0.0
0.0,-1.22222222222222,5.77777777777778,0.0,0.0,0.00016936095,0.0
0.0,-1.33333333333333,5.77777777777778,0.0,0.0,0.0028672798,0.0
0.0,-1.44444444444444,5.77777777777778,0.0,0.0,0.0071465657,0.0
0.0,-1.55555555555556,5.77777777777778,0.0,0.0,0.003689433,0.0
0.0,-1.66666666666667,5.77777777777778,0.0,0.0,0.0005378438,0.0
0.0,-1.77777777777778,5.77777777777778,0.0,0.0,0.00074152567,0.0
0.0,-1.88888888888889,5.77777777777778,0.0,0.0,0.00070129515,0.0
0.0,-2.0,5.77777777777778,0.0,0.0,0.016492166,0.0
0.0,-2.11111111111111,5.77777777777778,0.0,0.0,0.0030419182,0.0
0.0,-2.22222222222222,5.77777777777778,0.0,0.0,0.0013221266,0.0
0.0,-2.33333333333333,5.77777777777778,0.0,0.0,0.00091067574,0.0
0.0,-2.44444444444444,5.77777777777778,0.0,0.0,0.003911134,0.0
0.0,-2.55555555555556,5.77777777777778,0.0,0.0,0.00090603146,0.0
0.0,-2.66666666666667,5.77777777777778,0.0,0.0,0.0028526566,0.0
0.0,-2.77777777777778,5.77777777777778,0.0,0.0,0.00043452496,0.0
0.0,-2.88888888888889,5.77777777777778,0.0,0.0,0.0014494205,0.0
0.0,-3.0,5.77777777777778,0.0,0.0,0.011254054,0.0
0.0,-3.11111111111111,5.77777777777778,0.0,0.0,0.00027787915,0.0
0.0,-3.22222222222222,5.77777777777778,0.0,0.0,0.0023397983,0.0
0.0,-3.33333333333333,5.77777777777778,0.0,0.0,0.0017712914,0.0
0.0,-3.44444444444444,5.77777777777778,0.0,0.0,0.00400069,0.0
0.0,-3.55555555555556,5.77777777777778,0.0,0.0,0.0006601265,0.0
0.0,-3.66666666666667,5.77777777777778,0.0,0.0,0.0014482581,0.0
0.0,-3.77777777777778,5.77777777777778,0.0,0.0,0.00016431614,0.0
0.0,-3.88888888888889,5.77777777777778,0.0,0.0,0.00019762389,0.0
0.0,-4.0,5.77777777777778,0.0,0.0,0.007483089,0.0
0.0,-4.11111111111111,5.77777777777778,0.0,0.0,0.00029040736,0.0
0.0,-4.22222222222222,5.77777777777778,0.0,0.0,0.0015814677,0.0
0.0,-4.33333333333333,5.77777777777778,0.0,0.0,0.0011351594,0.0
0.0,-4.44444444444444,5.77777777777778,0.0,0.0,0.0002729305,0.0
0.0,-4.55555555555556,5.77777777777778,0.0,0.0,0.0016965783,0.0
0.0,-4.66666666666667,5.77777777777778,0.0,0.0,0.0014388466,0.0
0.0,-4.77777777777778,5.77777777777778,0.0,0.0,0.0030365053,0.0
0.0,-4.88888888888889,5.77777777777778,0.0,0.0,0.0014186007,0.0
0.0,-5.0,5.77777777777778,0.0,0.0,5.2554762e-05,0.0
0.0,-0.0,5.88888888888889,0.0,0.0,0.023398766,0.0
0.0,-0.111111111111111,5.88888888888889,0.0,0.0,0.0061396887,0.0
0.0,-0.222222222222222,5.88888888888889,0.0,0.0,0.019492803,0.0
0.0,-0.333333333333333,5.88888888888889,0.0,0.0,0.006004814,0.0
0.0,-0.444444444444444,5.88888888888889,0.0,0.0,0.001055347,0.0
0.0,-0.555555555555556,5.88888888888889,0.0,0.0,0.0015806144,0.0
0.0,-0.666666666666667,5.88888888888889,0.0,0.0,0.0029126557,0.0
0.0,-0.777777777777778,5.88888888888889,0.0,0.0,0.00025708717,0.0
0.0,-0.888888888888889,5.88888888888889,0.0,0.0,0.0009239519,0.0
0.0,-1.0,5.88888888888889,0.0,0.0,0.014776529,0.0
0.0,-1.11111111111111,5.88888888888889,0.0,0.0,0.0011752341,0.0
0.0,-1.22222222222222,5.88888888888889,0.0,0.0,0.001608341,0.0
0.0,-1.33333333333333,5.88888888888889,0.0,0.0,0.0026456201,0.0
0.0,-1.44444444444444,5.88888888888889,0.0,0.0,0.007524742,0.0
0.0,-1.55555555555556,5.88888888888889,0.0,0.0,0.008088854,0.0
0.0,-1.66666666666667,5.88888888888889,0.0,0.0,0.0044435784,0.0
0.0,-1.77777777777778,5.88888888888889,0.0,0.0,0.00051951257,0.0
0.0,-1.88888888888889,5.88888888888889,0.0,0.0,0.0002762399,0.0
0.0,-2.0,5.88888888888889,0.0,0.0,0.02572067,0.0
0.0,-2.11111111111111,5.88888888888889,0.0,0.0,0.0025551445,0.0
0.0,-2.22222222222222,5.88888888888889,0.0,0.0,0.00063683686,0.0
0.0,-2.33333333333333,5.88888888888889,0.0,0.0,0.0069533414,0.0
0.0,-2.44444444444444,5.88888888888889,0.0,0.0,0.008782372,0.0
0.0,-2.55555555555556,5.88888888888889,0.0,0.0,0.0024810703,0.0
0.0,-2.66666666666667,5.88888888888889,0.0,0.0,0.0014573118,0.0
0.0,-2.77777777777778,5.88888888888889,0.0,0.0,0.0014049044,0.0
0.0,-2.88888888888889,5.88888888888889,0.0,0.0,0.0008838926,0.0
0.0,-3.0,5.88888888888889,0.0,0.0,0.008113159,0.0
0.0,-3.11111111111111,5.88888888888889,0.0,0.0,0.0014945,0.0
0.0,-3.22222222222222,5.88888888888889,0.0,0.0,0.00067957025,0.0
0.0,-3.33333333333333,5.88888888888889,0.0,0.0,0.0045854975,0.0
0.0,-3.44444444444444,5.88888888888889,0.0,0.0,0.008685962,0.0
0.0,-3.55555555555556,5.88888888888889,0.0,0.0,0.000874896,0.0
0.0,-3.66666666666667,5.88888888888889,0.0,0.0,0.0022658694,0.0
0.0,-3.77777777777778,5.88888888888889,0.0,0.0,0.0008434691,0.0
0.0,-3.88888888888889,5.88888888888889,0.0,0.0,0.0015429135,0.0
0.0,-4.0,5.88888888888889,0.0,0.0,0.00228426,0.0
0.0,-4.11111111111111,5.88888888888889,0.0,0.0,0.0001351135,0.0
0.0,-4.22222222222222,5.88888888888889,0.0,0.0,0.0016869266,0.0
0.0,-4.33333333333333,5.88888888888889,0.0,0.0,0.0013351182,0.0
0.0,-4.44444444444444,5.88888888888889,0.0,0.0,0.00022070533,0.0
0.0,-4.55555555555556,5.88888888888889,0.0,0.0,0.00097251404,0.0
0.0,-4.66666666666667,5.88888888888889,0.0,0.0,0.0016616639,0.0
0.0,-4.77777777777778,5.88888888888889,0.0,0.0,0.003792936,0.0
0.0,-4.88888888888889,5.88888888888889,0.0,0.0,0.0012092482,0.0
0.0,-5.0,5.88888888888889,0.0,0.0,0.001577147,0.0
0.0,-0.111111111111111,6.0,0.0,0.0,0.010017266,0.0
0.0,-0.222222222222222,6.0,0.0,0.0,0.017376343,0.0
0.0,-0.333333333333333,6.0,0.299711212914666,0.0,0.001444769,0.007267967884888386
0.0,-0.444444444444444,6.0,0.0,0.0,0.008589498,0.0
0.0,-0.555555555555556,6.0,0.0,0.0,0.005830303,0.0
0.0,-0.666666666666667,6.0,0.0,0.0,0.004143726,0.0
0.0,-0.777777777777778,6.0,0.0,0.0,0.0043751434,0.0
0.0,-0.888888888888889,6.0,0.0,0.0,0.0016827999,0.0
0.0,-1.11111111111111,6.0,0.0,0.0,0.0013894904,0.0
0.0,-1.22222222222222,6.0,0.0,0.0,0.0031686185,0.0
0.0,-1.33333333333333,6.0,0.0,0.0,0.0042850217,0.0
0.0,-1.44444444444444,6.0,0.0,0.0,0.013971341,0.0
0.0,-1.55555555555556,6.0,0.0,0.0,0.009319106,0.0
0.0,-1.66666666666667,6.0,15.9240026328592,0.0,0.008422749,0.3861555215401665
0.0,-1.77777777777778,6.0,0.0,0.0,0.0018047286,0.0
0.0,-1.88888888888889,6.0,0.0,0.0,0.002912844,0.0
0.0,-2.11111111111111,6.0,0.0,0.0,0.0007360552,0.0
0.0,-2.22222222222222,6.0,0.0,0.0,0.0004179406,0.0
0.0,-2.33333333333333,6.0,30.4228306031153,0.0,0.008475214,0.7377506955463717
0.0,-2.44444444444444,6.0,0.0,0.0,0.008040439,0.0
0.0,-2.55555555555556,6.0,0.0,0.0,0.003134713,0.0
0.0,-2.66666666666667,6.0,1.59206653296651,0.0,0.00060908636,0.038607459226094154
0.0,-2.77777777777778,6.0,0.0,0.0,0.0031197076,0.0
0.0,-2.88888888888889,6.0,0.0,0.0,0.0017248789,0.0
0.0,-3.11111111111111,6.0,0.0,0.0,0.003717567,0.0
0.0,-3.22222222222222,6.0,0.0,0.0,3.3889813e-05,0.0
0.0,-3.33333333333333,6.0,7.463286183786,0.0,0.009046468,0.18098396710613535
0.0,-3.44444444444444,6.0,0.0,0.0,0.008368843,0.0
0.0,-3.55555555555556,6.0,0.0,0.0,0.002261586,0.0
0.0,-3.66666666666667,6.0,18.2613417167162,0.0,0.0035580313,0.4428357679425722
0.0,-3.77777777777778,6.0,0.0,0.0,0.00060476543,0.0
0.0,-3.88888888888889,6.0,0.0,0.0,0.0021235824,0.0
0.0,-4.11111111111111,6.0,0.0,0.0,0.0009256368,0.0
0.0,-4.22222222222222,6.0,0.0,0.0,0.002387726,0.0
0.0,-4.33333333333333,6.0,18.9706527289405,0.0,0.00063932163,0.4600364912892549
0.0,-4.44444444444444,6.0,0.0,0.0,0.00091186096,0.0
0.0,-4.55555555555556,6.0,0.0,0.0,7.4456846e-05,0.0
0.0,-4.66666666666667,6.0,0.0,0.0,0.0005700117,0.0
0.0,-4.77777777777778,6.0,0.0,0.0,0.0032134491,0.0
0.0,-4.88888888888889,6.0,0.0,0.0,0.0023849306,0.0
0.0,-0.0,6.11111111111111,0.0,0.0,0.030014789,0.0
0.0,-0.111111111111111,6.11111111111111,0.0,0.0,0.006378932,0.0
0.0,-0.222222222222222,6.11111111111111,0.0,0.0,0.010049631,0.0
0.0,-0.333333333333333,6.11111111111111,0.0,0.0,0.0013112607,0.0
0.0,-0.444444444444444,6.11111111111111,0.0,0.0,0.011619378,0.0
0.0,-0.555555555555556,6.11111111111111,0.0,0.0,0.0019702353,0.0
0.0,-0.666666666666667,6.11111111111111,0.0,0.0,0.004515317,0.0
0.0,-0.777777777777778,6.11111111111111,0.0,0.0,0.005242789,0.0
0.0,-0.888888888888889,6.11111111111111,0.0,0.0,0.0068054735,0.0
0.0,-1.0,6.11111111111111,0.0,0.0,0.022037363,0.0
0.0,-1.11111111111111,6.11111111111111,0.0,0.0,0.0024751783,0.0
0.0,-1.22222222222222,6.11111111111111,0.0,0.0,0.005141645,0.0
0.0,-1.33333333333333,6.11111111111111,0.0,0.0,0.0044064634,0.0
0.0,-1.44444444444444,6.11111111111111,0.0,0.0,0.01561887,0.0
0.0,-1.55555555555556,6.11111111111111,0.0,0.0,0.0064077256,0.0
0.0,-1.66666666666667,6.11111111111111,0.0,0.0,0.0061551286,0.0
0.0,-1.77777777777778,6.11111111111111,0.0,0.0,0.0016054714,0.0
0.0,-1.88888888888889,6.11111111111111,0.0,0.0,0.0035982372,0.0
0.0,-2.0,6.11111111111111,0.0,0.0,0.0032713762,0.0
0.0,-2.11111111111111,6.11111111111111,0.0,0.0,0.00023931894,0.0
0.0,-2.22222222222222,6.11111111111111,0.0,0.0,0.0004946977,0.0
0.0,-2.33333333333333,6.11111111111111,0.0,0.0,0.003345959,0.0
0.0,-2.44444444444444,6.11111111111111,0.0,0.0,0.0040225363,0.0
0.0,-2.55555555555556,6.11111111111111,0.0,0.0,0.0029975586,0.0
0.0,-2.66666666666667,6.11111111111111,0.0,0.0,0.00047431176,0.0
0.0,-2.77777777777778,6.11111111111111,0.0,0.0,0.0030663707,0.0
0.0,-2.88888888888889,6.11111111111111,0.0,0.0,0.0032834616,0.0
0.0,-3.0,6.11111111111111,0.0,0.0,0.0015640864,0.0
0.0,-3.11111111111111,6.11111111111111,0.0,0.0,0.0035703683,0.0
0.0,-3.22222222222222,6.11111111111111,0.0,0.0,0.0005546558,0.0
0.0,-3.33333333333333,6.11111111111111,0.0,0.0,0.009166168,0.0
0.0,-3.44444444444444,6.11111111111111,0.0,0.0,0.003796332,0.0
0.0,-3.55555555555556,6.11111111111111,0.0,0.0,0.0033302712,0.0
0.0,-3.66666666666667,6.11111111111111,0.0,0.0,0.0037504227,0.0
0.0,-3.77777777777778,6.11111111111111,0.0,0.0,0.0002584634,0.0
0.0,-3.88888888888889,6.11111111111111,0.0,0.0,0.0008724913,0.0
0.0,-4.0,6.11111111111111,0.0,0.0,0.0036906367,0.0
0.0,-4.11111111111111,6.11111111111111,0.0,0.0,0.001708489,0.0
0.0,-4.22222222222222,6.11111111111111,0.0,0.0,0.0015135282,0.0
0.0,-4.33333333333333,6.11111111111111,0.0,0.0,0.00024234,0.0
0.0,-4.44444444444444,6.11111111111111,0.0,0.0,0.0004601663,0.0
0.0,-4.55555555555556,6.11111111111111,0.0,0.0,0.00072486495,0.0
0.0,-4.66666666666667,6.11111111111111,0.0,0.0,0.0003290742,0.0
0.0,-4.77777777777778,6.11111111111111,0.0,0.0,0.0011608553,0.0
0.0,-4.88888888888889,6.11111111111111,0.0,0.0,0.0032950589,0.0
0.0,-5.0,6.11111111111111,0.0,0.0,0.009245871,0.0
0.0,-0.0,6.22222222222222,0.0,0.0,0.018221276,0.0
0.0,-0.111111111111111,6.22222222222222,0.0,0.0,0.00448176,0.0
0.0,-0.222222222222222,6.22222222222222,0.0,0.0,0.0026378033,0.0
0.0,-0.333333333333333,6.22222222222222,0.0,0.0,0.0029833855,0.0
0.0,-0.444444444444444,6.22222222222222,0.0,0.0,0.0032839773,0.0
0.0,-0.555555555555556,6.22222222222222,0.0,0.0,0.0060538934,0.0
0.0,-0.666666666666667,6.22222222222222,0.0,0.0,0.0040871953,0.0
0.0,-0.777777777777778,6.22222222222222,0.0,0.0,0.002167109,0.0
0.0,-0.888888888888889,6.22222222222222,0.0,0.0,0.010118946,0.0
0.0,-1.0,6.22222222222222,0.0,0.0,0.016464535,0.0
0.0,-1.11111111111111,6.22222222222222,0.0,0.0,0.0023561625,0.0
0.0,-1.22222222222222,6.22222222222222,0.0,0.0,0.007967415,0.0
0.0,-1.33333333333333,6.22222222222222,0.0,0.0,0.002365601,0.0
0.0,-1.44444444444444,6.22222222222222,0.0,0.0,0.008888605,0.0
0.0,-1.55555555555556,6.22222222222222,0.0,0.0,0.002191602,0.0
0.0,-1.66666666666667,6.22222222222222,0.0,0.0,0.0019042213,0.0
0.0,-1.77777777777778,6.22222222222222,0.0,0.0,0.0005289093,0.0
0.0,-1.88888888888889,6.22222222222222,0.0,0.0,0.0018405095,0.0
0.0,-2.0,6.22222222222222,0.0,0.0,0.00021241877,0.0
0.0,-2.11111111111111,6.22222222222222,0.0,0.0,0.0015881833,0.0
0.0,-2.22222222222222,6.22222222222222,0.0,0.0,0.0022841655,0.0
0.0,-2.33333333333333,6.22222222222222,0.0,0.0,0.0003971156,0.0
0.0,-2.44444444444444,6.22222222222222,0.0,0.0,0.0010937296,0.0
0.0,-2.55555555555556,6.22222222222222,0.0,0.0,0.0024752305,0.0
0.0,-2.66666666666667,6.22222222222222,0.0,0.0,0.00053406105,0.0
0.0,-2.77777777777778,6.22222222222222,0.0,0.0,0.0011068321,0.0
0.0,-2.88888888888889,6.22222222222222,0.0,0.0,0.002171749,0.0
0.0,-3.0,6.22222222222222,0.0,0.0,0.009849849,0.0
0.0,-3.11111111111111,6.22222222222222,0.0,0.0,0.0008143872,0.0
0.0,-3.22222222222222,6.22222222222222,0.0,0.0,0.0014142949,0.0
0.0,-3.33333333333333,6.22222222222222,0.0,0.0,0.0032291936,0.0
0.0,-3.44444444444444,6.22222222222222,0.0,0.0,0.0013105688,0.0
0.0,-3.55555555555556,6.22222222222222,0.0,0.0,0.0028751115,0.0
0.0,-3.66666666666667,6.22222222222222,0.0,0.0,0.0027067873,0.0
0.0,-3.77777777777778,6.22222222222222,0.0,0.0,0.00022650689,0.0
0.0,-3.88888888888889,6.22222222222222,0.0,0.0,0.0015423711,0.0
0.0,-4.0,6.22222222222222,0.0,0.0,0.003375306,0.0
0.0,-4.11111111111111,6.22222222222222,0.0,0.0,0.0023208866,0.0
0.0,-4.22222222222222,6.22222222222222,0.0,0.0,0.00028183885,0.0
0.0,-4.33333333333333,6.22222222222222,0.0,0.0,0.0009998402,0.0
0.0,-4.44444444444444,6.22222222222222,0.0,0.0,0.00052501576,0.0
0.0,-4.55555555555556,6.22222222222222,0.0,0.0,0.00070952467,0.0
0.0,-4.66666666666667,6.22222222222222,0.0,0.0,0.0017295536,0.0
0.0,-4.77777777777778,6.22222222222222,0.0,0.0,0.00016708288,0.0
0.0,-4.88888888888889,6.22222222222222,0.0,0.0,0.0009012272,0.0
0.0,-5.0,6.22222222222222,0.0,0.0,0.004729494,0.0
0.0,-0.0,6.33333333333333,0.0,0.0,0.007772037,0.0
0.0,-0.111111111111111,6.33333333333333,0.0,0.0,0.018577294,0.0
0.0,-0.222222222222222,6.33333333333333,0.0,0.0,0.0007829708,0.0
0.0,-0.333333333333333,6.33333333333333,0.0,0.0,0.004112503,0.0
0.0,-0.444444444444444,6.33333333333333,0.0,0.0,0.0045108544,0.0
0.0,-0.555555555555556,6.33333333333333,0.0,0.0,0.021680214,0.0
0.0,-0.666666666666667,6.33333333333333,0.0,0.0,0.0025555464,0.0
0.0,-0.777777777777778,6.33333333333333,0.0,0.0,0.0023960264,0.0
0.0,-0.888888888888889,6.33333333333333,0.0,0.0,0.0072615957,0.0
0.0,-1.0,6.33333333333333,0.0,0.0,0.018464655,0.0
0.0,-1.11111111111111,6.33333333333333,0.0,0.0,0.0022035283,0.0
0.0,-1.22222222222222,6.33333333333333,0.0,0.0,0.0073495843,0.0
0.0,-1.33333333333333,6.33333333333333,0.0,0.0,0.0033495645,0.0
0.0,-1.44444444444444,6.33333333333333,0.0,0.0,0.0034496372,0.0
0.0,-1.55555555555556,6.33333333333333,0.0,0.0,0.0026645656,0.0
0.0,-1.66666666666667,6.33333333333333,0.0,0.0,0.00017420885,0.0
0.0,-1.77777777777778,6.33333333333333,0.0,0.0,5.126649e-05,0.0
0.0,-1.88888888888889,6.33333333333333,0.0,0.0,0.0062241754,0.0
0.0,-2.0,6.33333333333333,0.0,0.0,7.421395e-05,0.0
0.0,-2.11111111111111,6.33333333333333,0.0,0.0,0.0051872474,0.0
0.0,-2.22222222222222,6.33333333333333,0.0,0.0,0.002480216,0.0
0.0,-2.33333333333333,6.33333333333333,0.0,0.0,0.0020590657,0.0
0.0,-2.44444444444444,6.33333333333333,0.0,0.0,0.00045627638,0.0
0.0,-2.55555555555556,6.33333333333333,0.0,0.0,0.0013877924,0.0
0.0,-2.66666666666667,6.33333333333333,0.0,0.0,0.0004885723,0.0
0.0,-2.77777777777778,6.33333333333333,0.0,0.0,0.0014595854,0.0
0.0,-2.88888888888889,6.33333333333333,0.0,0.0,0.0003644994,0.0
0.0,-3.0,6.33333333333333,0.0,0.0,0.018696833,0.0
0.0,-3.11111111111111,6.33333333333333,0.0,0.0,0.0013320539,0.0
0.0,-3.22222222222222,6.33333333333333,0.0,0.0,0.0026184856,0.0
0.0,-3.33333333333333,6.33333333333333,0.0,0.0,3.6906924e-05,0.0
0.0,-3.44444444444444,6.33333333333333,0.0,0.0,0.0013692467,0.0
0.0,-3.55555555555556,6.33333333333333,0.0,0.0,0.0018703633,0.0
0.0,-3.66666666666667,6.33333333333333,0.0,0.0,0.0043615657,0.0
0.0,-3.77777777777778,6.33333333333333,0.0,0.0,0.00035309582,0.0
0.0,-3.88888888888889,6.33333333333333,0.0,0.0,0.005140064,0.0
0.0,-4.0,6.33333333333333,0.0,0.0,0.001132443,0.0
0.0,-4.11111111111111,6.33333333333333,0.0,0.0,0.0040842234,0.0
0.0,-4.22222222222222,6.33333333333333,0.0,0.0,9.705324e-05,0.0
0.0,-4.33333333333333,6.33333333333333,0.0,0.0,0.0017618551,0.0
0.0,-4.44444444444444,6.33333333333333,0.0,0.0,0.008185263,0.0
0.0,-4.55555555555556,6.33333333333333,0.0,0.0,0.0059852796,0.0
0.0,-4.66666666666667,6.33333333333333,0.0,0.0,0.0037749242,0.0
0.0,-4.77777777777778,6.33333333333333,0.0,0.0,0.0021485523,0.0
0.0,-4.88888888888889,6.33333333333333,0.0,0.0,0.00042546343,0.0
0.0,-5.0,6.33333333333333,0.0,0.0,0.0010869765,0.0
0.0,-0.0,6.44444444444444,0.0,0.0,0.010130647,0.0
0.0,-0.111111111111111,6.44444444444444,0.0,0.0,0.03032229,0.0
0.0,-0.222222222222222,6.44444444444444,0.0,0.0,0.002503306,0.0
0.0,-0.333333333333333,6.44444444444444,0.0,0.0,0.0033140245,0.0
0.0,-0.444444444444444,6.44444444444444,0.0,0.0,0.02066436,0.0
0.0,-0.555555555555556,6.44444444444444,0.0,0.0,0.023816284,0.0
0.0,-0.666666666666667,6.44444444444444,0.0,0.0,0.0011416756,0.0
0.0,-0.777777777777778,6.44444444444444,0.0,0.0,0.0026803776,0.0
0.0,-0.888888888888889,6.44444444444444,0.0,0.0,0.0030904643,0.0
0.0,-1.0,6.44444444444444,0.0,0.0,0.04974042,0.0
0.0,-1.11111111111111,6.44444444444444,0.0,0.0,0.0033560668,0.0
0.0,-1.22222222222222,6.44444444444444,0.0,0.0,0.0060666013,0.0
0.0,-1.33333333333333,6.44444444444444,0.0,0.0,0.0058903666,0.0
0.0,-1.44444444444444,6.44444444444444,0.0,0.0,0.0026077842,0.0
0.0,-1.55555555555556,6.44444444444444,0.0,0.0,0.0075453403,0.0
0.0,-1.66666666666667,6.44444444444444,0.0,0.0,0.0001140233,0.0
0.0,-1.77777777777778,6.44444444444444,0.0,0.0,1.150079e-06,0.0
0.0,-1.88888888888889,6.44444444444444,0.0,0.0,0.016218808,0.0
0.0,-2.0,6.44444444444444,0.0,0.0,0.00040788102,0.0
0.0,-2.11111111111111,6.44444444444444,0.0,0.0,0.008127271,0.0
0.0,-2.22222222222222,6.44444444444444,0.0,0.0,0.0047208974,0.0
0.0,-2.33333333333333,6.44444444444444,0.0,0.0,0.007711007,0.0
0.0,-2.44444444444444,6.44444444444444,0.0,0.0,0.0010126027,0.0
0.0,-2.55555555555556,6.44444444444444,0.0,0.0,0.0013882987,0.0
0.0,-2.66666666666667,6.44444444444444,0.0,0.0,3.7983235e-05,0.0
0.0,-2.77777777777778,6.44444444444444,0.0,0.0,0.006924894,0.0
0.0,-2.88888888888889,6.44444444444444,0.0,0.0,0.0034139908,0.0
0.0,-3.0,6.44444444444444,0.0,0.0,0.022672933,0.0
0.0,-3.11111111111111,6.44444444444444,0.0,0.0,0.0048021777,0.0
0.0,-3.22222222222222,6.44444444444444,0.0,0.0,0.0040890793,0.0
0.0,-3.33333333333333,6.44444444444444,0.0,0.0,0.0003678198,0.0
0.0,-3.44444444444444,6.44444444444444,0.0,0.0,0.0010528767,0.0
0.0,-3.55555555555556,6.44444444444444,0.0,0.0,0.001220141,0.0
0.0,-3.66666666666667,6.44444444444444,0.0,0.0,0.0059449864,0.0
0.0,-3.77777777777778,6.44444444444444,0.0,0.0,0.00096768537,0.0
0.0,-3.88888888888889,6.44444444444444,0.0,0.0,0.0069329757,0.0
0.0,-4.0,6.44444444444444,0.0,0.0,4.2998196e-05,0.0
0.0,-4.11111111111111,6.44444444444444,0.0,0.0,0.006026455,0.0
0.0,-4.22222222222222,6.44444444444444,0.0,0.0,0.00033933512,0.0
0.0,-4.33333333333333,6.44444444444444,0.0,0.0,0.0014157129,0.0
0.0,-4.44444444444444,6.44444444444444,0.0,0.0,0.018305928,0.0
0.0,-4.55555555555556,6.44444444444444,0.0,0.0,0.016589226,0.0
0.0,-4.66666666666667,6.44444444444444,0.0,0.0,0.004762528,0.0
0.0,-4.77777777777778,6.44444444444444,0.0,0.0,0.0045364774,0.0
0.0,-4.88888888888889,6.44444444444444,0.0,0.0,0.003218724,0.0
0.0,-5.0,6.44444444444444,0.0,0.0,0.0002560269,0.0
0.0,-0.0,6.55555555555556,0.0,0.0,0.0051421244,0.0
0.0,-0.111111111111111,6.55555555555556,0.0,0.0,0.023564115,0.0
0.0,-0.222222222222222,6.55555555555556,0.0,0.0,0.0014826495,0.0
0.0,-0.333333333333333,6.55555555555556,0.0,0.0,0.0028226795,0.0
0.0,-0.444444444444444,6.55555555555556,0.0,0.0,0.02352802,0.0
0.0,-0.555555555555556,6.55555555555556,0.0,0.0,0.012555846,0.0
0.0,-0.666666666666667,6.55555555555556,0.0,0.0,0.00058178534,0.0
0.0,-0.777777777777778,6.55555555555556,0.0,0.0,0.0013577556,0.0
0.0,-0.888888888888889,6.55555555555556,0.0,0.0,0.0017807399,0.0
0.0,-1.0,6.55555555555556,0.0,0.0,0.067387186,0.0
0.0,-1.11111111111111,6.55555555555556,0.0,0.0,0.0037089717,0.0
0.0,-1.22222222222222,6.55555555555556,0.0,0.0,0.007264033,0.0
0.0,-1.33333333333333,6.55555555555556,0.0,0.0,0.0046718977,0.0
0.0,-1.44444444444444,6.55555555555556,0.0,0.0,0.0033361854,0.0
0.0,-1.55555555555556,6.55555555555556,0.0,0.0,0.00861482,0.0
0.0,-1.66666666666667,6.55555555555556,0.0,0.0,0.0006810986,0.0
0.0,-1.77777777777778,6.55555555555556,0.0,0.0,0.00017530928,0.0
0.0,-1.88888888888889,6.55555555555556,0.0,0.0,0.017213235,0.0
0.0,-2.0,6.55555555555556,0.0,0.0,0.0002968554,0.0
0.0,-2.11111111111111,6.55555555555556,0.0,0.0,0.006217206,0.0
0.0,-2.22222222222222,6.55555555555556,0.0,0.0,0.008614812,0.0
0.0,-2.33333333333333,6.55555555555556,0.0,0.0,0.012734936,0.0
0.0,-2.44444444444444,6.55555555555556,0.0,0.0,0.0013890227,0.0
0.0,-2.55555555555556,6.55555555555556,0.0,0.0,0.0021411264,0.0
0.0,-2.66666666666667,6.55555555555556,0.0,0.0,0.00041056896,0.0
0.0,-2.77777777777778,6.55555555555556,0.0,0.0,0.008976184,0.0
0.0,-2.88888888888889,6.55555555555556,0.0,0.0,0.0044665076,0.0
0.0,-3.0,6.55555555555556,0.0,0.0,0.020545246,0.0
0.0,-3.11111111111111,6.55555555555556,0.0,0.0,0.00403817,0.0
0.0,-3.22222222222222,6.55555555555556,0.0,0.0,0.0044502337,0.0
0.0,-3.33333333333333,6.55555555555556,0.0,0.0,0.0007497664,0.0
0.0,-3.44444444444444,6.55555555555556,0.0,0.0,0.00014417508,0.0
0.0,-3.55555555555556,6.55555555555556,0.0,0.0,0.0008323788,0.0
0.0,-3.66666666666667,6.55555555555556,0.0,0.0,0.005436832,0.0
0.0,-3.77777777777778,6.55555555555556,0.0,0.0,0.0007043872,0.0
0.0,-3.88888888888889,6.55555555555556,0.0,0.0,0.0047840006,0.0
0.0,-4.0,6.55555555555556,0.0,0.0,0.00020679783,0.0
0.0,-4.11111111111111,6.55555555555556,0.0,0.0,0.0050348938,0.0
0.0,-4.22222222222222,6.55555555555556,0.0,0.0,0.00053599686,0.0
0.0,-4.33333333333333,6.55555555555556,0.0,0.0,0.00083042646,0.0
0.0,-4.44444444444444,6.55555555555556,0.0,0.0,0.0133792395,0.0
0.0,-4.55555555555556,6.55555555555556,0.0,0.0,0.013898484,0.0
0.0,-4.66666666666667,6.55555555555556,0.0,0.0,0.003979039,0.0
0.0,-4.77777777777778,6.55555555555556,0.0,0.0,0.003908268,0.0
0.0,-5.0,6.55555555555556,0.0,0.0,0.00015333088,0.0
0.0,-0.0,6.66666666666667,0.0,0.0,0.008463268,0.0
0.0,-0.111111111111111,6.66666666666667,0.0,0.0,0.011691275,0.0
0.0,-0.222222222222222,6.66666666666667,0.0,0.0,0.00043407324,0.0
0.0,-0.333333333333333,6.66666666666667,0.0,0.0,0.0029581324,0.0
0.0,-0.444444444444444,6.66666666666667,0.0,0.0,0.009677941,0.0
0.0,-0.555555555555556,6.66666666666667,0.0,0.0,0.0037807033,0.0
0.0,-0.666666666666667,6.66666666666667,0.0,0.0,0.0005972974,0.0
0.0,-0.777777777777778,6.66666666666667,0.0,0.0,0.00022286999,0.0
0.0,-0.888888888888889,6.66666666666667,0.0,0.0,0.0028112838,0.0
0.0,-1.0,6.66666666666667,0.0,0.0,0.04539486,0.0
0.0,-1.11111111111111,6.66666666666667,0.0,0.0,0.0022489969,0.0
0.0,-1.22222222222222,6.66666666666667,0.0,0.0,0.005666183,0.0
0.0,-1.33333333333333,6.66666666666667,0.0,0.0,0.0010782973,0.0
0.0,-1.44444444444444,6.66666666666667,0.0,0.0,0.0046967394,0.0
0.0,-1.55555555555556,6.66666666666667,0.0,0.0,0.005029841,0.0
0.0,-1.66666666666667,6.66666666666667,0.0,0.0,0.0012612306,0.0
0.0,-1.77777777777778,6.66666666666667,0.0,0.0,0.0018316105,0.0
0.0,-1.88888888888889,6.66666666666667,0.0,0.0,0.009498999,0.0
0.0,-2.0,6.66666666666667,0.0,0.0,0.0004462355,0.0
0.0,-2.11111111111111,6.66666666666667,0.0,0.0,0.0022983477,0.0
0.0,-2.22222222222222,6.66666666666667,0.0,0.0,0.0055648964,0.0
0.0,-2.33333333333333,6.66666666666667,0.0,0.0,0.008796642,0.0
0.0,-2.44444444444444,6.66666666666667,0.0,0.0,0.0034990495,0.0
0.0,-2.55555555555556,6.66666666666667,0.0,0.0,0.0010625303,0.0
0.0,-2.66666666666667,6.66666666666667,0.0,0.0,0.0011928009,0.0
0.0,-2.77777777777778,6.66666666666667,0.0,0.0,0.0045352043,0.0
0.0,-2.88888888888889,6.66666666666667,0.0,0.0,0.00051455124,0.0
0.0,-3.0,6.66666666666667,0.0,0.0,0.013194825,0.0
0.0,-3.11111111111111,6.66666666666667,0.0,0.0,0.0006610975,0.0
0.0,-3.22222222222222,6.66666666666667,0.0,0.0,0.0035388065,0.0
0.0,-3.33333333333333,6.66666666666667,0.0,0.0,0.0017151356,0.0
0.0,-3.44444444444444,6.66666666666667,0.0,0.0,0.0003101772,0.0
0.0,-3.55555555555556,6.66666666666667,0.0,0.0,0.000683151,0.0
0.0,-3.66666666666667,6.66666666666667,0.0,0.0,0.005047052,0.0
0.0,-3.77777777777778,6.66666666666667,0.0,0.0,0.00010355923,0.0
0.0,-3.88888888888889,6.66666666666667,0.0,0.0,0.0021224322,0.0
0.0,-4.0,6.66666666666667,0.0,0.0,0.00028449888,0.0
0.0,-4.11111111111111,6.66666666666667,0.0,0.0,0.0019483507,0.0
0.0,-4.22222222222222,6.66666666666667,0.0,0.0,0.0012824773,0.0
0.0,-4.33333333333333,6.66666666666667,0.0,0.0,0.00041084833,0.0
0.0,-4.44444444444444,6.66666666666667,0.0,0.0,0.0021598262,0.0
0.0,-4.55555555555556,6.66666666666667,0.0,0.0,0.0026507857,0.0
0.0,-4.66666666666667,6.66666666666667,0.0,0.0,0.0029887222,0.0
0.0,-4.77777777777778,6.66666666666667,0.0,0.0,0.0014788926,0.0
0.0,-4.88888888888889,6.66666666666667,0.0,0.0,0.0019025364,0.0
0.0,-5.0,6.66666666666667,0.0,0.0,0.00031308725,0.0
0.0,-0.0,6.77777777777778,0.0,0.0,0.03639202,0.0
0.0,-0.111111111111111,6.77777777777778,0.0,0.0,0.005665981,0.0
0.0,-0.222222222222222,6.77777777777778,0.0,0.0,7.762532e-05,0.0
0.0,-0.333333333333333,6.77777777777778,0.0,0.0,0.0037888756,0.0
0.0,-0.444444444444444,6.77777777777778,0.0,0.0,0.006365194,0.0
0.0,-0.555555555555556,6.77777777777778,0.0,0.0,0.0010422881,0.0
0.0,-0.666666666666667,6.77777777777778,0.0,0.0,0.0016047867,0.0
0.0,-0.777777777777778,6.77777777777778,0.0,0.0,0.003261619,0.0
0.0,-0.888888888888889,6.77777777777778,0.0,0.0,0.005068808,0.0
0.0,-1.0,6.77777777777778,0.0,0.0,0.015924258,0.0
0.0,-1.11111111111111,6.77777777777778,0.0,0.0,0.001250776,0.0
0.0,-1.22222222222222,6.77777777777778,0.0,0.0,0.006459625,0.0
0.0,-1.33333333333333,6.77777777777778,0.0,0.0,0.0009584847,0.0
0.0,-1.44444444444444,6.77777777777778,0.0,0.0,0.005739533,0.0
0.0,-1.55555555555556,6.77777777777778,0.0,0.0,0.0020803309,0.0
0.0,-1.66666666666667,6.77777777777778,0.0,0.0,0.00095255964,0.0
0.0,-1.77777777777778,6.77777777777778,0.0,0.0,0.0036225938,0.0
0.0,-1.88888888888889,6.77777777777778,0.0,0.0,0.0043080123,0.0
0.0,-2.0,6.77777777777778,0.0,0.0,0.0021173726,0.0
0.0,-2.11111111111111,6.77777777777778,0.0,0.0,0.0006656509,0.0
0.0,-2.22222222222222,6.77777777777778,0.0,0.0,0.0015211939,0.0
0.0,-2.33333333333333,6.77777777777778,0.0,0.0,0.0017392633,0.0
0.0,-2.44444444444444,6.77777777777778,0.0,0.0,0.0068357587,0.0
0.0,-2.55555555555556,6.77777777777778,0.0,0.0,0.0019329801,0.0
0.0,-2.66666666666667,6.77777777777778,0.0,0.0,0.0015507396,0.0
0.0,-2.77777777777778,6.77777777777778,0.0,0.0,0.0013024833,0.0
0.0,-2.88888888888889,6.77777777777778,0.0,0.0,0.0016059845,0.0
0.0,-3.0,6.77777777777778,0.0,0.0,0.00505365,0.0
0.0,-3.11111111111111,6.77777777777778,0.0,0.0,0.0006735132,0.0
0.0,-3.22222222222222,6.77777777777778,0.0,0.0,0.002672457,0.0
0.0,-3.33333333333333,6.77777777777778,0.0,0.0,0.0020410658,0.0
0.0,-3.44444444444444,6.77777777777778,0.0,0.0,0.00075443543,0.0
0.0,-3.55555555555556,6.77777777777778,0.0,0.0,0.0010606038,0.0
0.0,-3.66666666666667,6.77777777777778,0.0,0.0,0.0045458,0.0
0.0,-3.77777777777778,6.77777777777778,0.0,0.0,0.00019414825,0.0
0.0,-3.88888888888889,6.77777777777778,0.0,0.0,0.0011499476,0.0
0.0,-4.0,6.77777777777778,0.0,0.0,0.00017054881,0.0
0.0,-4.11111111111111,6.77777777777778,0.0,0.0,0.00040726198,0.0
0.0,-4.22222222222222,6.77777777777778,0.0,0.0,0.0023925211,0.0
0.0,-4.33333333333333,6.77777777777778,0.0,0.0,0.001019134,0.0
0.0,-4.44444444444444,6.77777777777778,0.0,0.0,0.0008048558,0.0
0.0,-4.55555555555556,6.77777777777778,0.0,0.0,0.00075747806,0.0
0.0,-4.66666666666667,6.77777777777778,0.0,0.0,0.0024666556,0.0
0.0,-4.77777777777778,6.77777777777778,0.0,0.0,0.00029097227,0.0
0.0,-5.0,6.77777777777778,0.0,0.0,0.0011671402,0.0
0.0,-0.0,6.88888888888889,0.0,0.0,0.030177634,0.0
0.0,-0.111111111111111,6.88888888888889,0.0,0.0,0.0035728998,0.0
0.0,-0.222222222222222,6.88888888888889,0.0,0.0,0.0011278752,0.0
0.0,-0.333333333333333,6.88888888888889,0.0,0.0,0.0073789917,0.0
0.0,-0.444444444444444,6.88888888888889,0.0,0.0,0.012802064,0.0
0.0,-0.555555555555556,6.88888888888889,0.0,0.0,0.0033072117,0.0
0.0,-0.666666666666667,6.88888888888889,0.0,0.0,0.0015839923,0.0
0.0,-0.777777777777778,6.88888888888889,0.0,0.0,0.006057553,0.0
0.0,-0.888888888888889,6.88888888888889,0.0,0.0,0.005472976,0.0
0.0,-1.0,6.88888888888889,0.0,0.0,0.0059820754,0.0
0.0,-1.11111111111111,6.88888888888889,0.0,0.0,0.0019712027,0.0
0.0,-1.22222222222222,6.88888888888889,0.0,0.0,0.014897392,0.0
0.0,-1.33333333333333,6.88888888888889,0.0,0.0,0.0034143862,0.0
0.0,-1.44444444444444,6.88888888888889,0.0,0.0,0.0054803025,0.0
0.0,-1.55555555555556,6.88888888888889,0.0,0.0,0.0009708171,0.0
0.0,-1.66666666666667,6.88888888888889,0.0,0.0,0.00013548839,0.0
0.0,-1.77777777777778,6.88888888888889,0.0,0.0,0.0021579158,0.0
0.0,-1.88888888888889,6.88888888888889,0.0,0.0,0.002149692,0.0
0.0,-2.0,6.88888888888889,0.0,0.0,0.0037202064,0.0
0.0,-2.11111111111111,6.88888888888889,0.0,0.0,0.00016944874,0.0
0.0,-2.22222222222222,6.88888888888889,0.0,0.0,0.0009561477,0.0
0.0,-2.33333333333333,6.88888888888889,0.0,0.0,0.0014469591,0.0
0.0,-2.44444444444444,6.88888888888889,0.0,0.0,0.004258966,0.0
0.0,-2.55555555555556,6.88888888888889,0.0,0.0,0.0045203045,0.0
0.0,-2.66666666666667,6.88888888888889,0.0,0.0,0.0010583311,0.0
0.0,-2.77777777777778,6.88888888888889,0.0,0.0,0.0021464997,0.0
0.0,-2.88888888888889,6.88888888888889,0.0,0.0,0.0049731396,0.0
0.0,-3.0,6.88888888888889,0.0,0.0,0.0016125946,0.0
0.0,-3.11111111111111,6.88888888888889,0.0,0.0,0.0024736873,0.0
0.0,-3.22222222222222,6.88888888888889,0.0,0.0,0.0012446891,0.0
0.0,-3.33333333333333,6.88888888888889,0.0,0.0,0.0010515351,0.0
0.0,-3.44444444444444,6.88888888888889,0.0,0.0,0.00029609166,0.0
0.0,-3.55555555555556,6.88888888888889,0.0,0.0,0.0012121142,0.0
0.0,-3.66666666666667,6.88888888888889,0.0,0.0,0.003023204,0.0
0.0,-3.77777777777778,6.88888888888889,0.0,0.0,0.00075087836,0.0
0.0,-3.88888888888889,6.88888888888889,0.0,0.0,0.0014160341,0.0
0.0,-4.0,6.88888888888889,0.0,0.0,0.0003077344,0.0
0.0,-4.11111111111111,6.88888888888889,0.0,0.0,0.0012299496,0.0
0.0,-4.22222222222222,6.88888888888889,0.0,0.0,0.0020327773,0.0
0.0,-4.33333333333333,6.88888888888889,0.0,0.0,0.0024536392,0.0
0.0,-4.44444444444444,6.88888888888889,0.0,0.0,0.0017137391,0.0
0.0,-4.55555555555556,6.88888888888889,0.0,0.0,0.0040730056,0.0
0.0,-4.66666666666667,6.88888888888889,0.0,0.0,0.0010905882,0.0
0.0,-4.77777777777778,6.88888888888889,0.0,0.0,0.00025323418,0.0
0.0,-4.88888888888889,6.88888888888889,0.0,0.0,0.00023726923,0.0
0.0,-0.111111111111111,7.0,0.0,0.0,0.0016419803,0.0
0.0,-0.222222222222222,7.0,0.0,0.0,0.0035643745,0.0
0.0,-0.333333333333333,7.0,0.0,0.0,0.0047385325,0.0
0.0,-0.444444444444444,7.0,0.0,0.0,0.012729848,0.0
0.0,-0.555555555555556,7.0,0.0,0.0,0.010164021,0.0
0.0,-0.666666666666667,7.0,0.0,0.0,0.0008069917,0.0
0.0,-0.777777777777778,7.0,0.0,0.0,0.0020648097,0.0
0.0,-0.888888888888889,7.0,0.0,0.0,0.003921984,0.0
0.0,-1.11111111111111,7.0,0.0,0.0,0.0038913775,0.0
0.0,-1.22222222222222,7.0,0.0,0.0,0.018346228,0.0
0.0,-1.33333333333333,7.0,0.0,0.0,0.0027197972,0.0
0.0,-1.44444444444444,7.0,0.0,0.0,0.003490935,0.0
0.0,-1.55555555555556,7.0,0.0,0.0,1.8109922e-05,0.0
0.0,-1.66666666666667,7.0,0.0,0.0,0.00021033347,0.0
0.0,-1.77777777777778,7.0,0.0,0.0,0.00091525685,0.0
0.0,-1.88888888888889,7.0,0.0,0.0,0.00088210247,0.0
0.0,-2.11111111111111,7.0,0.0,0.0,8.929279e-05,0.0
0.0,-2.22222222222222,7.0,0.0,0.0,0.0004529997,0.0
0.0,-2.33333333333333,7.0,0.0,0.0,0.0047531817,0.0
0.0,-2.44444444444444,7.0,0.0,0.0,0.00012314144,0.0
0.0,-2.55555555555556,7.0,0.0,0.0,0.003296163,0.0
0.0,-2.66666666666667,7.0,0.0,0.0,0.0006641943,0.0
0.0,-2.77777777777778,7.0,0.0,0.0,0.0029172522,0.0
0.0,-2.88888888888889,7.0,0.0,0.0,0.002072306,0.0
0.0,-3.11111111111111,7.0,0.0,0.0,0.0034930683,0.0
0.0,-3.22222222222222,7.0,0.0,0.0,0.0015458863,0.0
0.0,-3.33333333333333,7.0,0.0,0.0,0.00024026388,0.0
0.0,-3.44444444444444,7.0,0.0,0.0,0.0007933045,0.0
0.0,-3.55555555555556,7.0,0.0,0.0,0.0004623037,0.0
0.0,-3.66666666666667,7.0,0.0,0.0,0.0011527506,0.0
0.0,-3.77777777777778,7.0,0.0,0.0,0.0011176735,0.0
0.0,-3.88888888888889,7.0,0.0,0.0,0.0017284291,0.0
0.0,-4.11111111111111,7.0,0.0,0.0,0.0022396236,0.0
0.0,-4.22222222222222,7.0,0.0,0.0,0.00063696917,0.0
0.0,-4.33333333333333,7.0,0.0,0.0,0.0021409455,0.0
0.0,-4.44444444444444,7.0,0.0,0.0,0.00048481775,0.0
0.0,-4.55555555555556,7.0,0.0,0.0,0.0036590558,0.0
0.0,-4.66666666666667,7.0,0.0,0.0,6.016828e-05,0.0
0.0,-4.77777777777778,7.0,0.0,0.0,0.00036341598,0.0
0.0,-4.88888888888889,7.0,0.0,0.0,0.000765812,0.0
0.0,-0.0,7.11111111111111,0.0,0.0,0.0276321,0.0
0.0,-0.111111111111111,7.11111111111111,0.0,0.0,0.000114535964,0.0
0.0,-0.222222222222222,7.11111111111111,0.0,0.0,0.00227601,0.0
0.0,-0.333333333333333,7.11111111111111,0.0,0.0,0.00012551568,0.0
0.0,-0.444444444444444,7.11111111111111,0.0,0.0,0.007814248,0.0
0.0,-0.555555555555556,7.11111111111111,0.0,0.0,0.014094517,0.0
0.0,-0.666666666666667,7.11111111111111,0.0,0.0,0.0020101115,0.0
0.0,-0.777777777777778,7.11111111111111,0.0,0.0,0.00074006326,0.0
0.0,-0.888888888888889,7.11111111111111,0.0,0.0,0.004789608,0.0
0.0,-1.0,7.11111111111111,0.0,0.0,0.0058155567,0.0
0.0,-1.11111111111111,7.11111111111111,0.0,0.0,0.005733275,0.0
0.0,-1.22222222222222,7.11111111111111,0.0,0.0,0.011334864,0.0
0.0,-1.33333333333333,7.11111111111111,0.0,0.0,0.0005965697,0.0
0.0,-1.44444444444444,7.11111111111111,0.0,0.0,0.0010477108,0.0
0.0,-1.55555555555556,7.11111111111111,0.0,0.0,0.00068793993,0.0
0.0,-1.66666666666667,7.11111111111111,0.0,0.0,0.00050471775,0.0
0.0,-1.77777777777778,7.11111111111111,0.0,0.0,0.0024737525,0.0
0.0,-1.88888888888889,7.11111111111111,0.0,0.0,0.0009347038,0.0
0.0,-2.0,7.11111111111111,0.0,0.0,0.00026444503,0.0
0.0,-2.11111111111111,7.11111111111111,0.0,0.0,0.001102501,0.0
0.0,-2.22222222222222,7.11111111111111,0.0,0.0,0.00073190004,0.0
0.0,-2.33333333333333,7.11111111111111,0.0,0.0,0.006041106,0.0
0.0,-2.44444444444444,7.11111111111111,0.0,0.0,0.002879859,0.0
0.0,-2.55555555555556,7.11111111111111,0.0,0.0,0.0019414526,0.0
0.0,-2.66666666666667,7.11111111111111,0.0,0.0,0.0009977751,0.0
0.0,-2.77777777777778,7.11111111111111,0.0,0.0,0.0012995007,0.0
0.0,-2.88888888888889,7.11111111111111,0.0,0.0,0.000180754,0.0
0.0,-3.0,7.11111111111111,0.0,0.0,0.004160646,0.0
0.0,-3.11111111111111,7.11111111111111,0.0,0.0,0.0034083165,0.0
0.0,-3.22222222222222,7.11111111111111,0.0,0.0,0.005029003,0.0
0.0,-3.33333333333333,7.11111111111111,0.0,0.0,0.0015653039,0.0
0.0,-3.44444444444444,7.11111111111111,0.0,0.0,0.0027854969,0.0
0.0,-3.55555555555556,7.11111111111111,0.0,0.0,3.0819352e-05,0.0
0.0,-3.66666666666667,7.11111111111111,0.0,0.0,5.54567e-05,0.0
0.0,-3.77777777777778,7.11111111111111,0.0,0.0,0.0007427378,0.0
0.0,-3.88888888888889,7.11111111111111,0.0,0.0,0.0013138579,0.0
0.0,-4.0,7.11111111111111,0.0,0.0,0.00049114163,0.0
0.0,-4.11111111111111,7.11111111111111,0.0,0.0,0.0014811617,0.0
0.0,-4.22222222222222,7.11111111111111,0.0,0.0,7.516844e-05,0.0
0.0,-4.33333333333333,7.11111111111111,0.0,0.0,0.00061643345,0.0
0.0,-4.44444444444444,7.11111111111111,0.0,0.0,0.0002680321,0.0
0.0,-4.55555555555556,7.11111111111111,0.0,0.0,0.00089329644,0.0
0.0,-4.66666666666667,7.11111111111111,0.0,0.0,4.3844448e-05,0.0
0.0,-4.77777777777778,7.11111111111111,0.0,0.0,0.00034139724,0.0
0.0,-4.88888888888889,7.11111111111111,0.0,0.0,0.0014477118,0.0
0.0,-5.0,7.11111111111111,0.0,0.0,0.0009632531,0.0
0.0,-0.0,7.22222222222222,0.0,0.0,0.0496509,0.0
0.0,-0.111111111111111,7.22222222222222,0.0,0.0,0.000202774,0.0
0.0,-0.222222222222222,7.22222222222222,0.0,0.0,0.0003969455,0.0
0.0,-0.333333333333333,7.22222222222222,0.0,0.0,0.000819577,0.0
0.0,-0.444444444444444,7.22222222222222,0.0,0.0,0.0030216603,0.0
0.0,-0.555555555555556,7.22222222222222,0.0,0.0,0.010694004,0.0
0.0,-0.666666666666667,7.22222222222222,0.0,0.0,0.001513101,0.0
0.0,-0.777777777777778,7.22222222222222,0.0,0.0,0.002774878,0.0
0.0,-0.888888888888889,7.22222222222222,0.0,0.0,0.007233128,0.0
0.0,-1.0,7.22222222222222,0.0,0.0,0.0015515344,0.0
0.0,-1.11111111111111,7.22222222222222,0.0,0.0,0.0059532356,0.0
0.0,-1.22222222222222,7.22222222222222,0.0,0.0,0.0051300623,0.0
0.0,-1.33333333333333,7.22222222222222,0.0,0.0,0.00023323213,0.0
0.0,-1.44444444444444,7.22222222222222,0.0,0.0,1.4807873e-05,0.0
0.0,-1.55555555555556,7.22222222222222,0.0,0.0,0.0005296873,0.0
0.0,-1.66666666666667,7.22222222222222,0.0,0.0,0.0004111316,0.0
0.0,-1.77777777777778,7.22222222222222,0.0,0.0,0.003876252,0.0
0.0,-1.88888888888889,7.22222222222222,0.0,0.0,0.0019945086,0.0
0.0,-2.0,7.22222222222222,0.0,0.0,0.00029749874,0.0
0.0,-2.11111111111111,7.22222222222222,0.0,0.0,0.002024396,0.0
0.0,-2.22222222222222,7.22222222222222,0.0,0.0,0.0010646137,0.0
0.0,-2.33333333333333,7.22222222222222,0.0,0.0,0.003925913,0.0
0.0,-2.44444444444444,7.22222222222222,0.0,0.0,0.0027215981,0.0
0.0,-2.55555555555556,7.22222222222222,0.0,0.0,0.0023556012,0.0
0.0,-2.66666666666667,7.22222222222222,0.0,0.0,0.00079126086,0.0
0.0,-2.77777777777778,7.22222222222222,0.0,0.0,0.00016893292,0.0
0.0,-2.88888888888889,7.22222222222222,0.0,0.0,0.0033382939,0.0
0.0,-3.0,7.22222222222222,0.0,0.0,0.0044047073,0.0
0.0,-3.11111111111111,7.22222222222222,0.0,0.0,0.0018021462,0.0
0.0,-3.22222222222222,7.22222222222222,0.0,0.0,0.0038807408,0.0
0.0,-3.33333333333333,7.22222222222222,0.0,0.0,0.0019724541,0.0
0.0,-3.44444444444444,7.22222222222222,0.0,0.0,0.0037579848,0.0
0.0,-3.55555555555556,7.22222222222222,0.0,0.0,0.0003642895,0.0
0.0,-3.66666666666667,7.22222222222222,0.0,0.0,0.0003432538,0.0
0.0,-3.77777777777778,7.22222222222222,0.0,0.0,0.00094407884,0.0
0.0,-3.88888888888889,7.22222222222222,0.0,0.0,0.00047668646,0.0
0.0,-4.0,7.22222222222222,0.0,0.0,0.00038037603,0.0
0.0,-4.11111111111111,7.22222222222222,0.0,0.0,0.00016777309,0.0
0.0,-4.22222222222222,7.22222222222222,0.0,0.0,8.613799e-06,0.0
0.0,-4.33333333333333,7.22222222222222,0.0,0.0,0.00034503176,0.0
0.0,-4.44444444444444,7.22222222222222,0.0,0.0,0.0006456362,0.0
0.0,-4.55555555555556,7.22222222222222,0.0,0.0,0.0013985303,0.0
0.0,-4.66666666666667,7.22222222222222,0.0,0.0,0.0004752205,0.0
0.0,-4.77777777777778,7.22222222222222,0.0,0.0,8.122076e-05,0.0
0.0,-4.88888888888889,7.22222222222222,0.0,0.0,0.00077580696,0.0
0.0,-5.0,7.22222222222222,0.0,0.0,0.00048023765,0.0
0.0,-0.0,7.33333333333333,0.0,0.0,0.04443108,0.0
0.0,-0.111111111111111,7.33333333333333,0.0,0.0,0.00012201245,0.0
0.0,-0.222222222222222,7.33333333333333,0.0,0.0,0.0025674854,0.0
0.0,-0.333333333333333,7.33333333333333,0.0,0.0,4.2648935e-05,0.0
0.0,-0.444444444444444,7.33333333333333,0.0,0.0,0.0010355389,0.0
0.0,-0.555555555555556,7.33333333333333,0.0,0.0,0.008423155,0.0
0.0,-0.666666666666667,7.33333333333333,0.0,0.0,0.0002439626,0.0
0.0,-0.777777777777778,7.33333333333333,0.0,0.0,0.00087082863,0.0
0.0,-0.888888888888889,7.33333333333333,0.0,0.0,0.0056820684,0.0
0.0,-1.0,7.33333333333333,0.0,0.0,0.00040159255,0.0
0.0,-1.11111111111111,7.33333333333333,0.0,0.0,0.004737773,0.0
0.0,-1.22222222222222,7.33333333333333,0.0,0.0,0.0030934229,0.0
0.0,-1.33333333333333,7.33333333333333,0.0,0.0,0.0002491624,0.0
0.0,-1.44444444444444,7.33333333333333,0.0,0.0,0.0013917005,0.0
0.0,-1.55555555555556,7.33333333333333,0.0,0.0,0.001037766,0.0
0.0,-1.66666666666667,7.33333333333333,0.0,0.0,0.00095908716,0.0
0.0,-1.77777777777778,7.33333333333333,0.0,0.0,0.0038563206,0.0
0.0,-1.88888888888889,7.33333333333333,0.0,0.0,0.0029040219,0.0
0.0,-2.0,7.33333333333333,0.0,0.0,1.6170448e-05,0.0
0.0,-2.11111111111111,7.33333333333333,0.0,0.0,0.0016531456,0.0
0.0,-2.22222222222222,7.33333333333333,0.0,0.0,0.0007612487,0.0
0.0,-2.33333333333333,7.33333333333333,0.0,0.0,0.0010001766,0.0
0.0,-2.44444444444444,7.33333333333333,0.0,0.0,0.000102559716,0.0
0.0,-2.55555555555556,7.33333333333333,0.0,0.0,0.0018656672,0.0
0.0,-2.66666666666667,7.33333333333333,0.0,0.0,0.00043332533,0.0
0.0,-2.77777777777778,7.33333333333333,0.0,0.0,0.00027082383,0.0
0.0,-2.88888888888889,7.33333333333333,0.0,0.0,0.0037206993,0.0
0.0,-3.0,7.33333333333333,0.0,0.0,0.001980574,0.0
0.0,-3.11111111111111,7.33333333333333,0.0,0.0,0.00012481709,0.0
0.0,-3.22222222222222,7.33333333333333,0.0,0.0,0.00015120214,0.0
0.0,-3.33333333333333,7.33333333333333,0.0,0.0,0.000725549,0.0
0.0,-3.44444444444444,7.33333333333333,0.0,0.0,0.0030789024,0.0
0.0,-3.55555555555556,7.33333333333333,0.0,0.0,0.00016766877,0.0
0.0,-3.66666666666667,7.33333333333333,0.0,0.0,0.00034149116,0.0
0.0,-3.77777777777778,7.33333333333333,0.0,0.0,0.002674125,0.0
0.0,-3.88888888888889,7.33333333333333,0.0,0.0,8.991409e-06,0.0
0.0,-4.0,7.33333333333333,0.0,0.0,0.0007386658,0.0
0.0,-4.11111111111111,7.33333333333333,0.0,0.0,0.00016578542,0.0
0.0,-4.22222222222222,7.33333333333333,0.0,0.0,2.5477993e-06,0.0
0.0,-4.33333333333333,7.33333333333333,0.0,0.0,0.0011044953,0.0
0.0,-4.44444444444444,7.33333333333333,0.0,0.0,0.0012830142,0.0
0.0,-4.55555555555556,7.33333333333333,0.0,0.0,0.0034747862,0.0
0.0,-4.66666666666667,7.33333333333333,0.0,0.0,0.0021746012,0.0
0.0,-4.77777777777778,7.33333333333333,0.0,0.0,1.525948e-05,0.0
0.0,-4.88888888888889,7.33333333333333,0.0,0.0,0.0001806281,0.0
0.0,-5.0,7.33333333333333,0.0,0.0,0.00046960017,0.0
0.0,-0.0,7.44444444444444,0.0,0.0,0.024251675,0.0
0.0,-0.111111111111111,7.44444444444444,0.0,0.0,0.0011304503,0.0
0.0,-0.222222222222222,7.44444444444444,0.0,0.0,0.005106348,0.0
0.0,-0.333333333333333,7.44444444444444,0.0,0.0,0.003331877,0.0
0.0,-0.444444444444444,7.44444444444444,0.0,0.0,0.0033317963,0.0
0.0,-0.555555555555556,7.44444444444444,0.0,0.0,0.008028644,0.0
0.0,-0.666666666666667,7.44444444444444,0.0,0.0,0.000350374,0.0
0.0,-0.777777777777778,7.44444444444444,0.0,0.0,0.0019547427,0.0
0.0,-0.888888888888889,7.44444444444444,0.0,0.0,0.001863989,0.0
0.0,-1.0,7.44444444444444,0.0,0.0,0.0016106231,0.0
0.0,-1.11111111111111,7.44444444444444,0.0,0.0,0.004527048,0.0
0.0,-1.22222222222222,7.44444444444444,0.0,0.0,0.0014868712,0.0
0.0,-1.33333333333333,7.44444444444444,0.0,0.0,0.00049896043,0.0
0.0,-1.44444444444444,7.44444444444444,0.0,0.0,0.0054812427,0.0
0.0,-1.55555555555556,7.44444444444444,0.0,0.0,0.0053265565,0.0
0.0,-1.66666666666667,7.44444444444444,0.0,0.0,0.0018267697,0.0
0.0,-1.77777777777778,7.44444444444444,0.0,0.0,0.0028821875,0.0
0.0,-1.88888888888889,7.44444444444444,0.0,0.0,0.002349384,0.0
0.0,-2.0,7.44444444444444,0.0,0.0,0.005006457,0.0
0.0,-2.11111111111111,7.44444444444444,0.0,0.0,0.0007484273,0.0
0.0,-2.22222222222222,7.44444444444444,0.0,0.0,0.0014309655,0.0
0.0,-2.33333333333333,7.44444444444444,0.0,0.0,0.0020686858,0.0
0.0,-2.44444444444444,7.44444444444444,0.0,0.0,0.0022147854,0.0
0.0,-2.55555555555556,7.44444444444444,0.0,0.0,0.0019531283,0.0
0.0,-2.66666666666667,7.44444444444444,0.0,0.0,0.001602484,0.0
0.0,-2.77777777777778,7.44444444444444,0.0,0.0,0.0022260568,0.0
0.0,-2.88888888888889,7.44444444444444,0.0,0.0,0.0011407939,0.0
0.0,-3.0,7.44444444444444,0.0,0.0,0.002139533,0.0
0.0,-3.11111111111111,7.44444444444444,0.0,0.0,0.0010435804,0.0
0.0,-3.22222222222222,7.44444444444444,0.0,0.0,0.0033698094,0.0
0.0,-3.33333333333333,7.44444444444444,0.0,0.0,0.00088357367,0.0
0.0,-3.44444444444444,7.44444444444444,0.0,0.0,0.002187999,0.0
0.0,-3.55555555555556,7.44444444444444,0.0,0.0,0.00019763857,0.0
0.0,-3.66666666666667,7.44444444444444,0.0,0.0,0.00048529194,0.0
0.0,-3.77777777777778,7.44444444444444,0.0,0.0,0.0047089597,0.0
0.0,-3.88888888888889,7.44444444444444,0.0,0.0,0.0007610229,0.0
0.0,-4.0,7.44444444444444,0.0,0.0,0.0051455046,0.0
0.0,-4.11111111111111,7.44444444444444,0.0,0.0,0.0003658303,0.0
0.0,-4.22222222222222,7.44444444444444,0.0,0.0,7.888066e-05,0.0
0.0,-4.33333333333333,7.44444444444444,0.0,0.0,0.00080782396,0.0
0.0,-4.44444444444444,7.44444444444444,0.0,0.0,0.0014505541,0.0
0.0,-4.55555555555556,7.44444444444444,0.0,0.0,0.0044996245,0.0
0.0,-4.66666666666667,7.44444444444444,0.0,0.0,0.0028325645,0.0
0.0,-4.77777777777778,7.44444444444444,0.0,0.0,5.250095e-05,0.0
0.0,-4.88888888888889,7.44444444444444,0.0,0.0,0.0012949092,0.0
0.0,-5.0,7.44444444444444,0.0,0.0,0.00037461496,0.0
0.0,-0.0,7.55555555555556,0.0,0.0,0.012078148,0.0
0.0,-0.111111111111111,7.55555555555556,0.0,0.0,0.0028139208,0.0
0.0,-0.222222222222222,7.55555555555556,0.0,0.0,0.0039694402,0.0
0.0,-0.333333333333333,7.55555555555556,0.0,0.0,0.008505501,0.0
0.0,-0.444444444444444,7.55555555555556,0.0,0.0,0.0034298128,0.0
0.0,-0.555555555555556,7.55555555555556,0.0,0.0,0.003625244,0.0
0.0,-0.666666666666667,7.55555555555556,0.0,0.0,0.0020537658,0.0
0.0,-0.777777777777778,7.55555555555556,0.0,0.0,0.006818579,0.0
0.0,-0.888888888888889,7.55555555555556,0.0,0.0,0.0009819602,0.0
0.0,-1.0,7.55555555555556,0.0,0.0,0.0018890213,0.0
0.0,-1.11111111111111,7.55555555555556,0.0,0.0,0.0052504316,0.0
0.0,-1.22222222222222,7.55555555555556,0.0,0.0,0.000436139,0.0
0.0,-1.33333333333333,7.55555555555556,0.0,0.0,0.0003674304,0.0
0.0,-1.44444444444444,7.55555555555556,0.0,0.0,0.007877518,0.0
0.0,-1.55555555555556,7.55555555555556,0.0,0.0,0.007265564,0.0
0.0,-1.66666666666667,7.55555555555556,0.0,0.0,0.0042993817,0.0
0.0,-1.77777777777778,7.55555555555556,0.0,0.0,0.0013236875,0.0
0.0,-1.88888888888889,7.55555555555556,0.0,0.0,0.0012838758,0.0
0.0,-2.0,7.55555555555556,0.0,0.0,0.012762433,0.0
0.0,-2.11111111111111,7.55555555555556,0.0,0.0,0.001988635,0.0
0.0,-2.22222222222222,7.55555555555556,0.0,0.0,0.0014178052,0.0
0.0,-2.33333333333333,7.55555555555556,0.0,0.0,0.004352472,0.0
0.0,-2.44444444444444,7.55555555555556,0.0,0.0,0.0026648613,0.0
0.0,-2.55555555555556,7.55555555555556,0.0,0.0,0.0028046384,0.0
0.0,-2.66666666666667,7.55555555555556,0.0,0.0,0.0033963462,0.0
0.0,-2.77777777777778,7.55555555555556,0.0,0.0,0.0058792816,0.0
0.0,-2.88888888888889,7.55555555555556,0.0,0.0,0.00027308063,0.0
0.0,-3.0,7.55555555555556,0.0,0.0,0.0034441322,0.0
0.0,-3.11111111111111,7.55555555555556,0.0,0.0,0.0042012674,0.0
0.0,-3.22222222222222,7.55555555555556,0.0,0.0,0.006882373,0.0
0.0,-3.33333333333333,7.55555555555556,0.0,0.0,0.0010479547,0.0
0.0,-3.44444444444444,7.55555555555556,0.0,0.0,0.0016470379,0.0
0.0,-3.55555555555556,7.55555555555556,0.0,0.0,0.00067577924,0.0
0.0,-3.66666666666667,7.55555555555556,0.0,0.0,0.0049263923,0.0
0.0,-3.77777777777778,7.55555555555556,0.0,0.0,0.0049795043,0.0
0.0,-3.88888888888889,7.55555555555556,0.0,0.0,0.0011990158,0.0
0.0,-4.0,7.55555555555556,0.0,0.0,0.0066679567,0.0
0.0,-4.11111111111111,7.55555555555556,0.0,0.0,0.00027185853,0.0
0.0,-4.22222222222222,7.55555555555556,0.0,0.0,0.001027157,0.0
0.0,-4.33333333333333,7.55555555555556,0.0,0.0,0.00017315529,0.0
0.0,-4.44444444444444,7.55555555555556,0.0,0.0,0.0010318663,0.0
0.0,-4.55555555555556,7.55555555555556,0.0,0.0,0.006148236,0.0
0.0,-4.66666666666667,7.55555555555556,0.0,0.0,0.0012748167,0.0
0.0,-4.77777777777778,7.55555555555556,0.0,0.0,0.00015736937,0.0
0.0,-0.0,7.66666666666667,0.0,0.0,0.018421054,0.0
0.0,-0.111111111111111,7.66666666666667,0.0,0.0,0.0009986497,0.0
0.0,-0.222222222222222,7.66666666666667,0.0,0.0,0.0013932614,0.0
0.0,-0.333333333333333,7.66666666666667,0.0,0.0,0.007843494,0.0
0.0,-0.444444444444444,7.66666666666667,0.0,0.0,0.0006194515,0.0
0.0,-0.555555555555556,7.66666666666667,0.0,0.0,0.00020047935,0.0
0.0,-0.666666666666667,7.66666666666667,0.0,0.0,0.0031384095,0.0
0.0,-0.777777777777778,7.66666666666667,0.0,0.0,0.0047128736,0.0
0.0,-0.888888888888889,7.66666666666667,0.0,0.0,0.0006557284,0.0
0.0,-1.0,7.66666666666667,0.0,0.0,0.00072922045,0.0
0.0,-1.11111111111111,7.66666666666667,0.0,0.0,0.00458818,0.0
0.0,-1.22222222222222,7.66666666666667,0.0,0.0,8.976566e-05,0.0
0.0,-1.33333333333333,7.66666666666667,0.0,0.0,0.00078148115,0.0
0.0,-1.44444444444444,7.66666666666667,0.0,0.0,0.005510045,0.0
0.0,-1.55555555555556,7.66666666666667,0.0,0.0,0.004957822,0.0
0.0,-1.66666666666667,7.66666666666667,0.0,0.0,0.0044263103,0.0
0.0,-1.77777777777778,7.66666666666667,0.0,0.0,0.0011079495,0.0
0.0,-1.88888888888889,7.66666666666667,0.0,0.0,0.0015666313,0.0
0.0,-2.0,7.66666666666667,0.0,0.0,0.005379586,0.0
0.0,-2.11111111111111,7.66666666666667,0.0,0.0,0.005160113,0.0
0.0,-2.22222222222222,7.66666666666667,0.0,0.0,0.0020548918,0.0
0.0,-2.33333333333333,7.66666666666667,0.0,0.0,0.0017295001,0.0
0.0,-2.44444444444444,7.66666666666667,0.0,0.0,0.0007080058,0.0
0.0,-2.55555555555556,7.66666666666667,0.0,0.0,0.002625327,0.0
0.0,-2.66666666666667,7.66666666666667,0.0,0.0,0.0029397677,0.0
0.0,-2.77777777777778,7.66666666666667,0.0,0.0,0.005733704,0.0
0.0,-2.88888888888889,7.66666666666667,0.0,0.0,0.00039965461,0.0
0.0,-3.0,7.66666666666667,0.0,0.0,0.00131331,0.0
0.0,-3.11111111111111,7.66666666666667,0.0,0.0,0.0044613555,0.0
0.0,-3.22222222222222,7.66666666666667,0.0,0.0,0.004482484,0.0
0.0,-3.33333333333333,7.66666666666667,0.0,0.0,0.00011232291,0.0
0.0,-3.44444444444444,7.66666666666667,0.0,0.0,0.0012750647,0.0
0.0,-3.55555555555556,7.66666666666667,0.0,0.0,0.00038204694,0.0
0.0,-3.66666666666667,7.66666666666667,0.0,0.0,0.006032328,0.0
0.0,-3.77777777777778,7.66666666666667,0.0,0.0,0.0027558212,0.0
0.0,-3.88888888888889,7.66666666666667,0.0,0.0,0.0004141374,0.0
0.0,-4.0,7.66666666666667,0.0,0.0,0.0032408608,0.0
0.0,-4.11111111111111,7.66666666666667,0.0,0.0,0.0009867033,0.0
0.0,-4.22222222222222,7.66666666666667,0.0,0.0,0.0023076881,0.0
0.0,-4.33333333333333,7.66666666666667,0.0,0.0,0.00087444804,0.0
0.0,-4.44444444444444,7.66666666666667,0.0,0.0,0.0006230977,0.0
0.0,-4.55555555555556,7.66666666666667,0.0,0.0,0.0051912866,0.0
0.0,-4.66666666666667,7.66666666666667,0.0,0.0,0.00011745904,0.0
0.0,-4.77777777777778,7.66666666666667,0.0,0.0,0.00072378607,0.0
0.0,-0.0,7.77777777777778,0.0,0.0,0.025979308,0.0
0.0,-0.111111111111111,7.77777777777778,0.0,0.0,0.0005019706,0.0
0.0,-0.222222222222222,7.77777777777778,0.0,0.0,0.0020263803,0.0
0.0,-0.333333333333333,7.77777777777778,0.0,0.0,0.0047777495,0.0
0.0,-0.444444444444444,7.77777777777778,0.0,0.0,0.00032367266,0.0
0.0,-0.555555555555556,7.77777777777778,0.0,0.0,0.0003325409,0.0
0.0,-0.666666666666667,7.77777777777778,0.0,0.0,0.0012246539,0.0
0.0,-0.777777777777778,7.77777777777778,0.0,0.0,4.4156797e-05,0.0
0.0,-0.888888888888889,7.77777777777778,0.0,0.0,0.0011955119,0.0
0.0,-1.0,7.77777777777778,0.0,0.0,0.0004208548,0.0
0.0,-1.11111111111111,7.77777777777778,0.0,0.0,0.0031075156,0.0
0.0,-1.22222222222222,7.77777777777778,0.0,0.0,0.00017803918,0.0
0.0,-1.33333333333333,7.77777777777778,0.0,0.0,0.0039034009,0.0
0.0,-1.44444444444444,7.77777777777778,0.0,0.0,0.0026410348,0.0
0.0,-1.55555555555556,7.77777777777778,0.0,0.0,0.0024196568,0.0
0.0,-1.66666666666667,7.77777777777778,0.0,0.0,0.00046065793,0.0
0.0,-1.77777777777778,7.77777777777778,0.0,0.0,0.0025329704,0.0
0.0,-1.88888888888889,7.77777777777778,0.0,0.0,0.0018783,0.0
0.0,-2.0,7.77777777777778,0.0,0.0,0.00047278168,0.0
0.0,-2.11111111111111,7.77777777777778,0.0,0.0,0.004453483,0.0
0.0,-2.22222222222222,7.77777777777778,0.0,0.0,0.005119492,0.0
0.0,-2.33333333333333,7.77777777777778,0.0,0.0,0.0013111394,0.0
0.0,-2.44444444444444,7.77777777777778,0.0,0.0,2.5849635e-05,0.0
0.0,-2.55555555555556,7.77777777777778,0.0,0.0,0.0015385824,0.0
0.0,-2.66666666666667,7.77777777777778,0.0,0.0,0.0019028739,0.0
0.0,-2.77777777777778,7.77777777777778,0.0,0.0,0.002134604,0.0
0.0,-2.88888888888889,7.77777777777778,0.0,0.0,0.0022524446,0.0
0.0,-3.0,7.77777777777778,0.0,0.0,0.00013145756,0.0
0.0,-3.11111111111111,7.77777777777778,0.0,0.0,0.0010180102,0.0
0.0,-3.22222222222222,7.77777777777778,0.0,0.0,0.0016695776,0.0
0.0,-3.33333333333333,7.77777777777778,0.0,0.0,0.0026058992,0.0
0.0,-3.44444444444444,7.77777777777778,0.0,0.0,0.0013444014,0.0
0.0,-3.55555555555556,7.77777777777778,0.0,0.0,0.00017762397,0.0
0.0,-3.66666666666667,7.77777777777778,0.0,0.0,0.0028886488,0.0
0.0,-3.77777777777778,7.77777777777778,0.0,0.0,0.0006897449,0.0
0.0,-3.88888888888889,7.77777777777778,0.0,0.0,8.00122e-05,0.0
0.0,-4.0,7.77777777777778,0.0,0.0,0.0038361277,0.0
0.0,-4.11111111111111,7.77777777777778,0.0,0.0,0.0018620954,0.0
0.0,-4.22222222222222,7.77777777777778,0.0,0.0,0.002161241,0.0
0.0,-4.33333333333333,7.77777777777778,0.0,0.0,0.0016470037,0.0
0.0,-4.44444444444444,7.77777777777778,0.0,0.0,0.00023234892,0.0
0.0,-4.55555555555556,7.77777777777778,0.0,0.0,0.0017995541,0.0
0.0,-4.66666666666667,7.77777777777778,0.0,0.0,2.880327e-05,0.0
0.0,-4.77777777777778,7.77777777777778,0.0,0.0,0.0010345422,0.0
0.0,-0.0,7.88888888888889,0.0,0.0,0.026800245,0.0
0.0,-0.111111111111111,7.88888888888889,0.0,0.0,0.005234152,0.0
0.0,-0.222222222222222,7.88888888888889,0.0,0.0,0.005233036,0.0
0.0,-0.333333333333333,7.88888888888889,0.0,0.0,0.004805388,0.0
0.0,-0.444444444444444,7.88888888888889,0.0,0.0,0.0028675487,0.0
0.0,-0.555555555555556,7.88888888888889,0.0,0.0,0.0012603701,0.0
0.0,-0.666666666666667,7.88888888888889,0.0,0.0,0.0037213084,0.0
0.0,-0.777777777777778,7.88888888888889,0.0,0.0,0.005147374,0.0
0.0,-0.888888888888889,7.88888888888889,0.0,0.0,0.0042539025,0.0
0.0,-1.0,7.88888888888889,0.0,0.0,0.0008403368,0.0
0.0,-1.11111111111111,7.88888888888889,0.0,0.0,0.0023779366,0.0
0.0,-1.22222222222222,7.88888888888889,0.0,0.0,0.0010055134,0.0
0.0,-1.33333333333333,7.88888888888889,0.0,0.0,0.0061873673,0.0
0.0,-1.44444444444444,7.88888888888889,0.0,0.0,0.0023117648,0.0
0.0,-1.55555555555556,7.88888888888889,0.0,0.0,0.0012243986,0.0
0.0,-1.66666666666667,7.88888888888889,0.0,0.0,0.001584896,0.0
0.0,-1.77777777777778,7.88888888888889,0.0,0.0,0.0042453296,0.0
0.0,-1.88888888888889,7.88888888888889,0.0,0.0,0.0010928069,0.0
0.0,-2.0,7.88888888888889,0.0,0.0,0.0068700807,0.0
0.0,-2.11111111111111,7.88888888888889,0.0,0.0,0.0011741057,0.0
0.0,-2.22222222222222,7.88888888888889,0.0,0.0,0.008306829,0.0
0.0,-2.33333333333333,7.88888888888889,0.0,0.0,0.010816034,0.0
0.0,-2.44444444444444,7.88888888888889,0.0,0.0,4.8866677e-05,0.0
0.0,-2.55555555555556,7.88888888888889,0.0,0.0,0.001068833,0.0
0.0,-2.66666666666667,7.88888888888889,0.0,0.0,0.0021046954,0.0
0.0,-2.77777777777778,7.88888888888889,0.0,0.0,0.002657682,0.0
0.0,-2.88888888888889,7.88888888888889,0.0,0.0,0.0064123734,0.0
0.0,-3.0,7.88888888888889,0.0,0.0,0.0022514337,0.0
0.0,-3.11111111111111,7.88888888888889,0.0,0.0,0.0016435086,0.0
0.0,-3.22222222222222,7.88888888888889,0.0,0.0,0.0013750077,0.0
0.0,-3.33333333333333,7.88888888888889,0.0,0.0,0.007846184,0.0
0.0,-3.44444444444444,7.88888888888889,0.0,0.0,0.0017080754,0.0
0.0,-3.55555555555556,7.88888888888889,0.0,0.0,0.00077263225,0.0
0.0,-3.66666666666667,7.88888888888889,0.0,0.0,0.0045689614,0.0
0.0,-3.77777777777778,7.88888888888889,0.0,0.0,0.0004988855,0.0
0.0,-3.88888888888889,7.88888888888889,0.0,0.0,0.0007132342,0.0
0.0,-4.0,7.88888888888889,0.0,0.0,0.008757605,0.0
0.0,-4.11111111111111,7.88888888888889,0.0,0.0,0.0021587156,0.0
0.0,-4.22222222222222,7.88888888888889,0.0,0.0,0.002146763,0.0
0.0,-4.33333333333333,7.88888888888889,0.0,0.0,0.0024147932,0.0
0.0,-4.44444444444444,7.88888888888889,0.0,0.0,8.903409e-05,0.0
0.0,-4.55555555555556,7.88888888888889,0.0,0.0,0.0009155164,0.0
0.0,-4.66666666666667,7.88888888888889,0.0,0.0,2.7298887e-05,0.0
0.0,-4.77777777777778,7.88888888888889,0.0,0.0,0.0009618283,0.0
0.0,-5.0,7.88888888888889,0.0,0.0,0.0004397655,0.0
0.0,-0.111111111111111,8.0,0.0,0.0,0.008551804,0.0
0.0,-0.222222222222222,8.0,0.0,0.0,0.007258757,0.0
0.0,-0.333333333333333,8.0,0.0,0.0,0.006402937,0.0
0.0,-0.444444444444444,8.0,0.0,0.0,0.0052489988,0.0
0.0,-0.555555555555556,8.0,0.0,0.0,0.0035686698,0.0
0.0,-0.666666666666667,8.0,0.0,0.0,0.0050481474,0.0
0.0,-0.777777777777778,8.0,0.0,0.0,0.012406001,0.0
0.0,-0.888888888888889,8.0,32.8687493477184,0.0,0.0041911756,0.7970639882054731
0.0,-1.11111111111111,8.0,0.0,0.0,0.0026592128,0.0
0.0,-1.22222222222222,8.0,0.0,0.0,0.0020417888,0.0
0.0,-1.33333333333333,8.0,0.0,0.0,0.0032605596,0.0
0.0,-1.44444444444444,8.0,0.0,0.0,0.0032238702,0.0
0.0,-1.55555555555556,8.0,0.0,0.0,0.0005884323,0.0
0.0,-1.66666666666667,8.0,0.0,0.0,0.003813497,0.0
0.0,-1.77777777777778,8.0,0.0,0.0,0.005801692,0.0
0.0,-1.88888888888889,8.0,0.0,0.0,0.00048114537,0.0
0.0,-2.11111111111111,8.0,0.0,0.0,0.0012908133,0.0
0.0,-2.22222222222222,8.0,0.0,0.0,0.009733149,0.0
0.0,-2.33333333333333,8.0,0.0,0.0,0.017355895,0.0
0.0,-2.44444444444444,8.0,0.0,0.0,4.9620267e-05,0.0
0.0,-2.55555555555556,8.0,0.0,0.0,0.0015732929,0.0
0.0,-2.66666666666667,8.0,16.8894130189038,0.0,0.0025704862,0.40956662989768944
0.0,-2.77777777777778,8.0,0.0,0.0,0.0044310577,0.0
0.0,-2.88888888888889,8.0,0.0,0.0,0.00790705,0.0
0.0,-3.11111111111111,8.0,0.0,0.0,0.005795083,0.0
0.0,-3.22222222222222,8.0,0.0,0.0,0.0027057626,0.0
0.0,-3.33333333333333,8.0,0.0,0.0,0.007709418,0.0
0.0,-3.44444444444444,8.0,0.0,0.0,0.0009639639,0.0
0.0,-3.55555555555556,8.0,0.0,0.0,0.0010130228,0.0
0.0,-3.66666666666667,8.0,0.0,0.0,0.0051178033,0.0
0.0,-3.77777777777778,8.0,0.0,0.0,0.0006117911,0.0
0.0,-3.88888888888889,8.0,0.0,0.0,0.001779638,0.0
0.0,-4.11111111111111,8.0,0.0,0.0,0.0022034394,0.0
0.0,-4.22222222222222,8.0,0.0,0.0,0.0024099154,0.0
0.0,-4.33333333333333,8.0,0.0,0.0,0.0027042422,0.0
0.0,-4.44444444444444,8.0,0.0,0.0,0.00068242906,0.0
0.0,-4.55555555555556,8.0,0.0,0.0,0.0019559858,0.0
0.0,-4.77777777777778,8.0,0.0,0.0,0.000915853,0.0
0.0,-0.0,8.11111111111111,0.0,0.0,0.036801435,0.0
0.0,-0.111111111111111,8.11111111111111,0.0,0.0,0.007704316,0.0
0.0,-0.222222222222222,8.11111111111111,0.0,0.0,0.00602676,0.0
0.0,-0.333333333333333,8.11111111111111,0.0,0.0,0.005440818,0.0
0.0,-0.444444444444444,8.11111111111111,0.0,0.0,0.004492127,0.0
0.0,-0.555555555555556,8.11111111111111,0.0,0.0,0.004142565,0.0
0.0,-0.666666666666667,8.11111111111111,0.0,0.0,0.0008386026,0.0
0.0,-0.777777777777778,8.11111111111111,0.0,0.0,0.008136356,0.0
0.0,-0.888888888888889,8.11111111111111,0.0,0.0,0.0013754924,0.0
0.0,-1.0,8.11111111111111,0.0,0.0,0.014602131,0.0
0.0,-1.11111111111111,8.11111111111111,0.0,0.0,0.0039625866,0.0
0.0,-1.22222222222222,8.11111111111111,0.0,0.0,0.001493669,0.0
0.0,-1.33333333333333,8.11111111111111,0.0,0.0,0.00012781224,0.0
0.0,-1.44444444444444,8.11111111111111,0.0,0.0,0.0029571431,0.0
0.0,-1.55555555555556,8.11111111111111,0.0,0.0,0.00051253114,0.0
0.0,-1.66666666666667,8.11111111111111,0.0,0.0,0.0011305672,0.0
0.0,-1.77777777777778,8.11111111111111,0.0,0.0,0.004972121,0.0
0.0,-1.88888888888889,8.11111111111111,0.0,0.0,0.00012738815,0.0
0.0,-2.0,8.11111111111111,0.0,0.0,0.0026026268,0.0
0.0,-2.11111111111111,8.11111111111111,0.0,0.0,0.0012173812,0.0
0.0,-2.22222222222222,8.11111111111111,0.0,0.0,0.006111868,0.0
0.0,-2.33333333333333,8.11111111111111,0.0,0.0,0.010279219,0.0
0.0,-2.44444444444444,8.11111111111111,0.0,0.0,4.1044084e-05,0.0
0.0,-2.55555555555556,8.11111111111111,0.0,0.0,0.0013280881,0.0
0.0,-2.66666666666667,8.11111111111111,0.0,0.0,0.0022936866,0.0
0.0,-2.77777777777778,8.11111111111111,0.0,0.0,0.0036105446,0.0
0.0,-2.88888888888889,8.11111111111111,0.0,0.0,0.0057829134,0.0
0.0,-3.0,8.11111111111111,0.0,0.0,0.0020835563,0.0
0.0,-3.11111111111111,8.11111111111111,0.0,0.0,0.0055719465,0.0
0.0,-3.22222222222222,8.11111111111111,0.0,0.0,0.003248256,0.0
0.0,-3.33333333333333,8.11111111111111,0.0,0.0,0.0032461009,0.0
0.0,-3.44444444444444,8.11111111111111,0.0,0.0,6.8249254e-05,0.0
0.0,-3.55555555555556,8.11111111111111,0.0,0.0,0.00060683483,0.0
0.0,-3.66666666666667,8.11111111111111,0.0,0.0,0.0022340803,0.0
0.0,-3.77777777777778,8.11111111111111,0.0,0.0,0.0005231585,0.0
0.0,-3.88888888888889,8.11111111111111,0.0,0.0,0.0026989344,0.0
0.0,-4.0,8.11111111111111,0.0,0.0,0.009096835,0.0
0.0,-4.11111111111111,8.11111111111111,0.0,0.0,0.0016923874,0.0
0.0,-4.22222222222222,8.11111111111111,0.0,0.0,0.0016674298,0.0
0.0,-4.33333333333333,8.11111111111111,0.0,0.0,0.0015362481,0.0
0.0,-4.44444444444444,8.11111111111111,0.0,0.0,0.0028530587,0.0
0.0,-4.55555555555556,8.11111111111111,0.0,0.0,0.0017566987,0.0
0.0,-4.77777777777778,8.11111111111111,0.0,0.0,0.00025067106,0.0
0.0,-0.0,8.22222222222222,0.0,0.0,0.020296086,0.0
0.0,-0.111111111111111,8.22222222222222,0.0,0.0,0.0056553017,0.0
0.0,-0.222222222222222,8.22222222222222,0.0,0.0,0.0024240515,0.0
0.0,-0.333333333333333,8.22222222222222,0.0,0.0,0.0029526912,0.0
0.0,-0.444444444444444,8.22222222222222,0.0,0.0,0.0026827077,0.0
0.0,-0.555555555555556,8.22222222222222,0.0,0.0,0.0014916244,0.0
0.0,-0.666666666666667,8.22222222222222,0.0,0.0,0.00081417995,0.0
0.0,-0.777777777777778,8.22222222222222,0.0,0.0,0.0005635411,0.0
0.0,-0.888888888888889,8.22222222222222,0.0,0.0,0.0002898926,0.0
0.0,-1.0,8.22222222222222,0.0,0.0,0.01785109,0.0
0.0,-1.11111111111111,8.22222222222222,0.0,0.0,0.006490865,0.0
0.0,-1.22222222222222,8.22222222222222,0.0,0.0,0.0005246707,0.0
0.0,-1.33333333333333,8.22222222222222,0.0,0.0,0.002407921,0.0
0.0,-1.44444444444444,8.22222222222222,0.0,0.0,0.0012241652,0.0
0.0,-1.55555555555556,8.22222222222222,0.0,0.0,0.0009393227,0.0
0.0,-1.66666666666667,8.22222222222222,0.0,0.0,0.0003354129,0.0
0.0,-1.77777777777778,8.22222222222222,0.0,0.0,0.0030839688,0.0
0.0,-1.88888888888889,8.22222222222222,0.0,0.0,0.00025705944,0.0
0.0,-2.0,8.22222222222222,0.0,0.0,0.0006155934,0.0
0.0,-2.11111111111111,8.22222222222222,0.0,0.0,0.0017573825,0.0
0.0,-2.22222222222222,8.22222222222222,0.0,0.0,0.001206476,0.0
0.0,-2.33333333333333,8.22222222222222,0.0,0.0,0.0018137204,0.0
0.0,-2.44444444444444,8.22222222222222,0.0,0.0,0.00011640167,0.0
0.0,-2.55555555555556,8.22222222222222,0.0,0.0,0.00015802278,0.0
0.0,-2.66666666666667,8.22222222222222,0.0,0.0,0.0010183149,0.0
0.0,-2.77777777777778,8.22222222222222,0.0,0.0,0.0035842573,0.0
0.0,-2.88888888888889,8.22222222222222,0.0,0.0,0.0036529368,0.0
0.0,-3.0,8.22222222222222,0.0,0.0,0.0015467607,0.0
0.0,-3.11111111111111,8.22222222222222,0.0,0.0,0.002144332,0.0
0.0,-3.22222222222222,8.22222222222222,0.0,0.0,0.0016116407,0.0
0.0,-3.33333333333333,8.22222222222222,0.0,0.0,0.0006751834,0.0
0.0,-3.44444444444444,8.22222222222222,0.0,0.0,0.0003660504,0.0
0.0,-3.55555555555556,8.22222222222222,0.0,0.0,0.00022433398,0.0
0.0,-3.66666666666667,8.22222222222222,0.0,0.0,0.0027250368,0.0
0.0,-3.77777777777778,8.22222222222222,0.0,0.0,0.00068179594,0.0
0.0,-3.88888888888889,8.22222222222222,0.0,0.0,0.0024588609,0.0
0.0,-4.0,8.22222222222222,0.0,0.0,0.006517767,0.0
0.0,-4.11111111111111,8.22222222222222,0.0,0.0,0.0006592549,0.0
0.0,-4.22222222222222,8.22222222222222,0.0,0.0,0.0011778048,0.0
0.0,-4.33333333333333,8.22222222222222,0.0,0.0,0.00052055216,0.0
0.0,-4.44444444444444,8.22222222222222,0.0,0.0,0.006721259,0.0
0.0,-4.55555555555556,8.22222222222222,0.0,0.0,0.00073980907,0.0
0.0,-4.66666666666667,8.22222222222222,0.0,0.0,0.0002477999,0.0
0.0,-0.0,8.33333333333333,0.0,0.0,0.0075005433,0.0
0.0,-0.111111111111111,8.33333333333333,0.0,0.0,0.002634739,0.0
0.0,-0.222222222222222,8.33333333333333,0.0,0.0,0.0011084955,0.0
0.0,-0.333333333333333,8.33333333333333,0.0,0.0,0.0035287798,0.0
0.0,-0.444444444444444,8.33333333333333,0.0,0.0,0.002082514,0.0
0.0,-0.555555555555556,8.33333333333333,0.0,0.0,4.3021613e-05,0.0
0.0,-0.666666666666667,8.33333333333333,0.0,0.0,0.0031570615,0.0
0.0,-0.777777777777778,8.33333333333333,0.0,0.0,0.0017364767,0.0
0.0,-0.888888888888889,8.33333333333333,0.0,0.0,0.0003528027,0.0
0.0,-1.0,8.33333333333333,0.0,0.0,0.013211995,0.0
0.0,-1.11111111111111,8.33333333333333,0.0,0.0,0.0075962753,0.0
0.0,-1.22222222222222,8.33333333333333,0.0,0.0,0.0005378705,0.0
0.0,-1.33333333333333,8.33333333333333,0.0,0.0,0.005079311,0.0
0.0,-1.44444444444444,8.33333333333333,0.0,0.0,0.00046304395,0.0
0.0,-1.55555555555556,8.33333333333333,0.0,0.0,0.0029407986,0.0
0.0,-1.66666666666667,8.33333333333333,0.0,0.0,0.0019458669,0.0
0.0,-1.77777777777778,8.33333333333333,0.0,0.0,0.0053905705,0.0
0.0,-1.88888888888889,8.33333333333333,0.0,0.0,0.0016374905,0.0
0.0,-2.0,8.33333333333333,0.0,0.0,0.0023526659,0.0
0.0,-2.11111111111111,8.33333333333333,0.0,0.0,0.0063494705,0.0
0.0,-2.22222222222222,8.33333333333333,0.0,0.0,0.00031343004,0.0
0.0,-2.33333333333333,8.33333333333333,0.0,0.0,0.00033039777,0.0
0.0,-2.44444444444444,8.33333333333333,0.0,0.0,0.0007314453,0.0
0.0,-2.55555555555556,8.33333333333333,0.0,0.0,0.00039786732,0.0
0.0,-2.66666666666667,8.33333333333333,0.0,0.0,0.000121641904,0.0
0.0,-2.77777777777778,8.33333333333333,0.0,0.0,0.0020375669,0.0
0.0,-2.88888888888889,8.33333333333333,0.0,0.0,0.0015307795,0.0
0.0,-3.0,8.33333333333333,0.0,0.0,0.0019085336,0.0
0.0,-3.11111111111111,8.33333333333333,0.0,0.0,0.0012987343,0.0
0.0,-3.22222222222222,8.33333333333333,0.0,0.0,0.00010641027,0.0
0.0,-3.33333333333333,8.33333333333333,0.0,0.0,0.00021705442,0.0
0.0,-3.44444444444444,8.33333333333333,0.0,0.0,9.892034e-05,0.0
0.0,-3.55555555555556,8.33333333333333,0.0,0.0,0.001093892,0.0
0.0,-3.66666666666667,8.33333333333333,0.0,0.0,0.004878261,0.0
0.0,-3.77777777777778,8.33333333333333,0.0,0.0,0.0008382255,0.0
0.0,-3.88888888888889,8.33333333333333,0.0,0.0,0.0009181181,0.0
0.0,-4.0,8.33333333333333,0.0,0.0,0.0045493776,0.0
0.0,-4.11111111111111,8.33333333333333,0.0,0.0,0.00033902985,0.0
0.0,-4.22222222222222,8.33333333333333,0.0,0.0,0.0012043423,0.0
0.0,-4.33333333333333,8.33333333333333,0.0,0.0,0.00035105876,0.0
0.0,-4.44444444444444,8.33333333333333,0.0,0.0,0.008538027,0.0
0.0,-4.55555555555556,8.33333333333333,0.0,0.0,0.0004998448,0.0
0.0,-4.66666666666667,8.33333333333333,0.0,0.0,0.00041180055,0.0
0.0,-0.0,8.44444444444444,0.0,0.0,0.0111993905,0.0
0.0,-0.111111111111111,8.44444444444444,0.0,0.0,0.00016888385,0.0
0.0,-0.222222222222222,8.44444444444444,0.0,0.0,0.0013542569,0.0
0.0,-0.333333333333333,8.44444444444444,0.0,0.0,0.008205562,0.0
0.0,-0.444444444444444,8.44444444444444,0.0,0.0,0.0013726423,0.0
0.0,-0.555555555555556,8.44444444444444,0.0,0.0,0.00053123344,0.0
0.0,-0.666666666666667,8.44444444444444,0.0,0.0,0.0024274688,0.0
0.0,-0.777777777777778,8.44444444444444,0.0,0.0,0.0042161266,0.0
0.0,-0.888888888888889,8.44444444444444,0.0,0.0,0.0010559596,0.0
0.0,-1.0,8.44444444444444,0.0,0.0,0.00422522,0.0
0.0,-1.11111111111111,8.44444444444444,0.0,0.0,0.004342056,0.0
0.0,-1.22222222222222,8.44444444444444,0.0,0.0,0.0005463541,0.0
0.0,-1.33333333333333,8.44444444444444,0.0,0.0,0.0044232644,0.0
0.0,-1.44444444444444,8.44444444444444,0.0,0.0,0.0005564698,0.0
0.0,-1.55555555555556,8.44444444444444,0.0,0.0,0.0034046548,0.0
0.0,-1.66666666666667,8.44444444444444,0.0,0.0,0.0020085431,0.0
0.0,-1.77777777777778,8.44444444444444,0.0,0.0,0.0068089846,0.0
0.0,-1.88888888888889,8.44444444444444,0.0,0.0,0.0027158489,0.0
0.0,-2.0,8.44444444444444,0.0,0.0,0.008644401,0.0
0.0,-2.11111111111111,8.44444444444444,0.0,0.0,0.0062931045,0.0
0.0,-2.22222222222222,8.44444444444444,0.0,0.0,0.0009689827,0.0
0.0,-2.33333333333333,8.44444444444444,0.0,0.0,0.00050188554,0.0
0.0,-2.44444444444444,8.44444444444444,0.0,0.0,0.0023082136,0.0
0.0,-2.55555555555556,8.44444444444444,0.0,0.0,0.0024640253,0.0
0.0,-2.66666666666667,8.44444444444444,0.0,0.0,4.7848956e-05,0.0
0.0,-2.77777777777778,8.44444444444444,0.0,0.0,0.00014467977,0.0
0.0,-2.88888888888889,8.44444444444444,0.0,0.0,0.0005638783,0.0
0.0,-3.0,8.44444444444444,0.0,0.0,0.0010218148,0.0
0.0,-3.11111111111111,8.44444444444444,0.0,0.0,0.004645521,0.0
0.0,-3.22222222222222,8.44444444444444,0.0,0.0,0.00076293637,0.0
0.0,-3.33333333333333,8.44444444444444,0.0,0.0,0.000655177,0.0
0.0,-3.44444444444444,8.44444444444444,0.0,0.0,0.00034919663,0.0
0.0,-3.55555555555556,8.44444444444444,0.0,0.0,0.0030135787,0.0
0.0,-3.66666666666667,8.44444444444444,0.0,0.0,0.003511377,0.0
0.0,-3.77777777777778,8.44444444444444,0.0,0.0,0.0007330086,0.0
0.0,-3.88888888888889,8.44444444444444,0.0,0.0,3.1595933e-05,0.0
0.0,-4.0,8.44444444444444,0.0,0.0,0.0014524132,0.0
0.0,-4.11111111111111,8.44444444444444,0.0,0.0,0.00072631903,0.0
0.0,-4.22222222222222,8.44444444444444,0.0,0.0,0.00097073393,0.0
0.0,-4.33333333333333,8.44444444444444,0.0,0.0,0.00086586503,0.0
0.0,-4.44444444444444,8.44444444444444,0.0,0.0,0.0049735424,0.0
0.0,-4.55555555555556,8.44444444444444,0.0,0.0,0.00065813726,0.0
0.0,-4.66666666666667,8.44444444444444,0.0,0.0,0.0017745736,0.0
0.0,-0.0,8.55555555555556,0.0,0.0,0.014827976,0.0
0.0,-0.111111111111111,8.55555555555556,0.0,0.0,0.0023428737,0.0
0.0,-0.222222222222222,8.55555555555556,0.0,0.0,0.0005722223,0.0
0.0,-0.333333333333333,8.55555555555556,0.0,0.0,0.007850855,0.0
0.0,-0.444444444444444,8.55555555555556,0.0,0.0,0.0005387049,0.0
0.0,-0.555555555555556,8.55555555555556,0.0,0.0,0.0007078125,0.0
0.0,-0.666666666666667,8.55555555555556,0.0,0.0,0.0006599862,0.0
0.0,-0.777777777777778,8.55555555555556,0.0,0.0,0.0022497012,0.0
0.0,-0.888888888888889,8.55555555555556,0.0,0.0,0.001619973,0.0
0.0,-1.0,8.55555555555556,0.0,0.0,0.00019020983,0.0
0.0,-1.11111111111111,8.55555555555556,0.0,0.0,0.00055795145,0.0
0.0,-1.22222222222222,8.55555555555556,0.0,0.0,0.0028716791,0.0
0.0,-1.33333333333333,8.55555555555556,0.0,0.0,0.0055132075,0.0
0.0,-1.44444444444444,8.55555555555556,0.0,0.0,0.002227951,0.0
0.0,-1.55555555555556,8.55555555555556,0.0,0.0,0.0023649537,0.0
0.0,-1.66666666666667,8.55555555555556,0.0,0.0,0.0015575899,0.0
0.0,-1.77777777777778,8.55555555555556,0.0,0.0,0.0020873828,0.0
0.0,-1.88888888888889,8.55555555555556,0.0,0.0,0.0026148516,0.0
0.0,-2.0,8.55555555555556,0.0,0.0,0.0071938355,0.0
0.0,-2.11111111111111,8.55555555555556,0.0,0.0,0.0015725686,0.0
0.0,-2.22222222222222,8.55555555555556,0.0,0.0,0.0016712501,0.0
0.0,-2.33333333333333,8.55555555555556,0.0,0.0,0.0005400911,0.0
0.0,-2.44444444444444,8.55555555555556,0.0,0.0,0.004715561,0.0
0.0,-2.55555555555556,8.55555555555556,0.0,0.0,0.0065953257,0.0
0.0,-2.66666666666667,8.55555555555556,0.0,0.0,3.6162313e-05,0.0
0.0,-2.77777777777778,8.55555555555556,0.0,0.0,0.00061760435,0.0
0.0,-2.88888888888889,8.55555555555556,0.0,0.0,0.0013806602,0.0
0.0,-3.0,8.55555555555556,0.0,0.0,0.00027701142,0.0
0.0,-3.11111111111111,8.55555555555556,0.0,0.0,0.0047990256,0.0
0.0,-3.22222222222222,8.55555555555556,0.0,0.0,0.0026111654,0.0
0.0,-3.33333333333333,8.55555555555556,0.0,0.0,0.003407001,0.0
0.0,-3.44444444444444,8.55555555555556,0.0,0.0,0.0011029879,0.0
0.0,-3.55555555555556,8.55555555555556,0.0,0.0,0.0019121444,0.0
0.0,-3.66666666666667,8.55555555555556,0.0,0.0,0.0006853643,0.0
0.0,-3.77777777777778,8.55555555555556,0.0,0.0,0.00042824273,0.0
0.0,-3.88888888888889,8.55555555555556,0.0,0.0,0.00096867245,0.0
0.0,-4.0,8.55555555555556,0.0,0.0,3.311152e-05,0.0
0.0,-4.11111111111111,8.55555555555556,0.0,0.0,0.00057461177,0.0
0.0,-4.22222222222222,8.55555555555556,0.0,0.0,0.0006023121,0.0
0.0,-4.33333333333333,8.55555555555556,0.0,0.0,0.0020784037,0.0
0.0,-4.44444444444444,8.55555555555556,0.0,0.0,0.0009443065,0.0
0.0,-4.55555555555556,8.55555555555556,0.0,0.0,0.0007878089,0.0
0.0,-4.66666666666667,8.55555555555556,0.0,0.0,0.002191547,0.0
0.0,-0.0,8.66666666666667,0.0,0.0,0.026781376,0.0
0.0,-0.111111111111111,8.66666666666667,0.0,0.0,0.0045043933,0.0
0.0,-0.222222222222222,8.66666666666667,0.0,0.0,0.00060001604,0.0
0.0,-0.333333333333333,8.66666666666667,0.0,0.0,0.003947396,0.0
0.0,-0.444444444444444,8.66666666666667,0.0,0.0,0.002307967,0.0
0.0,-0.555555555555556,8.66666666666667,0.0,0.0,0.0010280949,0.0
0.0,-0.666666666666667,8.66666666666667,0.0,0.0,0.0004996279,0.0
0.0,-0.777777777777778,8.66666666666667,0.0,0.0,0.0009971228,0.0
0.0,-0.888888888888889,8.66666666666667,0.0,0.0,0.001546273,0.0
0.0,-1.0,8.66666666666667,0.0,0.0,0.002755532,0.0
0.0,-1.11111111111111,8.66666666666667,0.0,0.0,0.00044017748,0.0
0.0,-1.22222222222222,8.66666666666667,0.0,0.0,0.0067842836,0.0
0.0,-1.33333333333333,8.66666666666667,0.0,0.0,0.008086955,0.0
0.0,-1.44444444444444,8.66666666666667,0.0,0.0,0.007307293,0.0
0.0,-1.55555555555556,8.66666666666667,0.0,0.0,0.0039499854,0.0
0.0,-1.66666666666667,8.66666666666667,0.0,0.0,0.0019511384,0.0
0.0,-1.77777777777778,8.66666666666667,0.0,0.0,0.00017070342,0.0
0.0,-1.88888888888889,8.66666666666667,0.0,0.0,0.002497457,0.0
0.0,-2.0,8.66666666666667,0.0,0.0,0.0014626785,0.0
0.0,-2.11111111111111,8.66666666666667,0.0,0.0,0.00027147017,0.0
0.0,-2.22222222222222,8.66666666666667,0.0,0.0,0.0024929978,0.0
0.0,-2.33333333333333,8.66666666666667,0.0,0.0,0.0008748283,0.0
0.0,-2.44444444444444,8.66666666666667,0.0,0.0,0.0067319507,0.0
0.0,-2.55555555555556,8.66666666666667,0.0,0.0,0.011156538,0.0
0.0,-2.66666666666667,8.66666666666667,0.0,0.0,0.00024745474,0.0
0.0,-2.77777777777778,8.66666666666667,0.0,0.0,0.00018029376,0.0
0.0,-2.88888888888889,8.66666666666667,0.0,0.0,0.0009060774,0.0
0.0,-3.0,8.66666666666667,0.0,0.0,0.003911624,0.0
0.0,-3.11111111111111,8.66666666666667,0.0,0.0,0.0007583406,0.0
0.0,-3.22222222222222,8.66666666666667,0.0,0.0,0.0021881456,0.0
0.0,-3.33333333333333,8.66666666666667,0.0,0.0,0.006364437,0.0
0.0,-3.44444444444444,8.66666666666667,0.0,0.0,0.00045702077,0.0
0.0,-3.55555555555556,8.66666666666667,0.0,0.0,6.0261886e-05,0.0
0.0,-3.66666666666667,8.66666666666667,0.0,0.0,5.1888954e-05,0.0
0.0,-3.77777777777778,8.66666666666667,0.0,0.0,0.00019546678,0.0
0.0,-3.88888888888889,8.66666666666667,0.0,0.0,0.001260813,0.0
0.0,-4.0,8.66666666666667,0.0,0.0,0.0006811284,0.0
0.0,-4.11111111111111,8.66666666666667,0.0,0.0,0.0001819966,0.0
0.0,-4.22222222222222,8.66666666666667,0.0,0.0,0.0002604609,0.0
0.0,-4.33333333333333,8.66666666666667,0.0,0.0,0.0026530847,0.0
0.0,-4.44444444444444,8.66666666666667,0.0,0.0,0.0010482501,0.0
0.0,-4.55555555555556,8.66666666666667,0.0,0.0,0.0012164408,0.0
0.0,-4.66666666666667,8.66666666666667,0.0,0.0,0.00085904816,0.0
0.0,-0.0,8.77777777777778,0.0,0.0,0.027005048,0.0
0.0,-0.111111111111111,8.77777777777778,0.0,0.0,0.0020173506,0.0
0.0,-0.222222222222222,8.77777777777778,0.0,0.0,0.00013130582,0.0
0.0,-0.333333333333333,8.77777777777778,0.0,0.0,0.0026675821,0.0
0.0,-0.444444444444444,8.77777777777778,0.0,0.0,0.005877827,0.0
0.0,-0.555555555555556,8.77777777777778,0.0,0.0,0.0019025418,0.0
0.0,-0.666666666666667,8.77777777777778,0.0,0.0,0.0013592865,0.0
0.0,-0.777777777777778,8.77777777777778,0.0,0.0,0.0015346124,0.0
0.0,-0.888888888888889,8.77777777777778,0.0,0.0,0.0010352001,0.0
0.0,-1.0,8.77777777777778,0.0,0.0,0.0015720903,0.0
0.0,-1.11111111111111,8.77777777777778,0.0,0.0,0.0018476297,0.0
0.0,-1.22222222222222,8.77777777777778,0.0,0.0,0.007299239,0.0
0.0,-1.33333333333333,8.77777777777778,0.0,0.0,0.0069101844,0.0
0.0,-1.44444444444444,8.77777777777778,0.0,0.0,0.010692752,0.0
0.0,-1.55555555555556,8.77777777777778,0.0,0.0,0.0047614337,0.0
0.0,-1.66666666666667,8.77777777777778,0.0,0.0,0.0020437534,0.0
0.0,-1.77777777777778,8.77777777777778,0.0,0.0,0.0019920643,0.0
0.0,-1.88888888888889,8.77777777777778,0.0,0.0,0.0026868768,0.0
0.0,-2.0,8.77777777777778,0.0,0.0,2.807047e-05,0.0
0.0,-2.11111111111111,8.77777777777778,0.0,0.0,0.00021213907,0.0
0.0,-2.22222222222222,8.77777777777778,0.0,0.0,0.0019003937,0.0
0.0,-2.33333333333333,8.77777777777778,0.0,0.0,0.0005856497,0.0
0.0,-2.44444444444444,8.77777777777778,0.0,0.0,0.0057087913,0.0
0.0,-2.55555555555556,8.77777777777778,0.0,0.0,0.010060285,0.0
0.0,-2.66666666666667,8.77777777777778,0.0,0.0,0.00042726076,0.0
0.0,-2.77777777777778,8.77777777777778,0.0,0.0,0.0010217755,0.0
0.0,-2.88888888888889,8.77777777777778,0.0,0.0,4.2874937e-05,0.0
0.0,-3.0,8.77777777777778,0.0,0.0,0.008879407,0.0
0.0,-3.11111111111111,8.77777777777778,0.0,0.0,0.0015741776,0.0
0.0,-3.22222222222222,8.77777777777778,0.0,0.0,0.0011363896,0.0
0.0,-3.33333333333333,8.77777777777778,0.0,0.0,0.0047577596,0.0
0.0,-3.44444444444444,8.77777777777778,0.0,0.0,0.00021005087,0.0
0.0,-3.55555555555556,8.77777777777778,0.0,0.0,0.0014984712,0.0
0.0,-3.66666666666667,8.77777777777778,0.0,0.0,5.0761133e-05,0.0
0.0,-3.77777777777778,8.77777777777778,0.0,0.0,0.00031746348,0.0
0.0,-3.88888888888889,8.77777777777778,0.0,0.0,0.00015192552,0.0
0.0,-4.0,8.77777777777778,0.0,0.0,0.00017778452,0.0
0.0,-4.11111111111111,8.77777777777778,0.0,0.0,0.00072533306,0.0
0.0,-4.22222222222222,8.77777777777778,0.0,0.0,0.00016782864,0.0
0.0,-4.33333333333333,8.77777777777778,0.0,0.0,0.001425604,0.0
0.0,-4.44444444444444,8.77777777777778,0.0,0.0,0.0014609856,0.0
0.0,-4.55555555555556,8.77777777777778,0.0,0.0,0.0018079904,0.0
0.0,-0.0,8.88888888888889,0.0,0.0,0.006008379,0.0
0.0,-0.111111111111111,8.88888888888889,0.0,0.0,0.0008666074,0.0
0.0,-0.222222222222222,8.88888888888889,0.0,0.0,0.0021050104,0.0
0.0,-0.333333333333333,8.88888888888889,0.0,0.0,0.0033659532,0.0
0.0,-0.444444444444444,8.88888888888889,0.0,0.0,0.0054500615,0.0
0.0,-0.555555555555556,8.88888888888889,0.0,0.0,0.002517687,0.0
0.0,-0.666666666666667,8.88888888888889,0.0,0.0,0.001074037,0.0
0.0,-0.777777777777778,8.88888888888889,0.0,0.0,0.0012609,0.0
0.0,-0.888888888888889,8.88888888888889,0.0,0.0,0.00035906205,0.0
0.0,-1.0,8.88888888888889,0.0,0.0,0.0022533543,0.0
0.0,-1.11111111111111,8.88888888888889,0.0,0.0,0.0026844435,0.0
0.0,-1.22222222222222,8.88888888888889,0.0,0.0,0.0060122404,0.0
0.0,-1.33333333333333,8.88888888888889,0.0,0.0,0.0043474277,0.0
0.0,-1.44444444444444,8.88888888888889,0.0,0.0,0.007707254,0.0
0.0,-1.55555555555556,8.88888888888889,0.0,0.0,0.004217264,0.0
0.0,-1.66666666666667,8.88888888888889,0.0,0.0,0.0017323121,0.0
0.0,-1.77777777777778,8.88888888888889,0.0,0.0,0.00083652866,0.0
0.0,-1.88888888888889,8.88888888888889,0.0,0.0,0.0020794987,0.0
0.0,-2.0,8.88888888888889,0.0,0.0,0.00077071774,0.0
0.0,-2.11111111111111,8.88888888888889,0.0,0.0,0.0007050258,0.0
0.0,-2.22222222222222,8.88888888888889,0.0,0.0,0.0007168102,0.0
0.0,-2.33333333333333,8.88888888888889,0.0,0.0,0.000111824775,0.0
0.0,-2.44444444444444,8.88888888888889,0.0,0.0,0.0019521562,0.0
0.0,-2.55555555555556,8.88888888888889,0.0,0.0,0.0040623844,0.0
0.0,-2.66666666666667,8.88888888888889,0.0,0.0,0.0021430273,0.0
0.0,-2.77777777777778,8.88888888888889,0.0,0.0,0.0054900185,0.0
0.0,-2.88888888888889,8.88888888888889,0.0,0.0,0.00037389054,0.0
0.0,-3.0,8.88888888888889,0.0,0.0,0.01175183,0.0
0.0,-3.11111111111111,8.88888888888889,0.0,0.0,0.0031692174,0.0
0.0,-3.22222222222222,8.88888888888889,0.0,0.0,0.00345308,0.0
0.0,-3.33333333333333,8.88888888888889,0.0,0.0,0.0014756095,0.0
0.0,-3.44444444444444,8.88888888888889,0.0,0.0,0.00020925426,0.0
0.0,-3.55555555555556,8.88888888888889,0.0,0.0,0.0024500776,0.0
0.0,-3.66666666666667,8.88888888888889,0.0,0.0,0.00034597993,0.0
0.0,-3.77777777777778,8.88888888888889,0.0,0.0,0.0009048155,0.0
0.0,-3.88888888888889,8.88888888888889,0.0,0.0,0.00021113385,0.0
0.0,-4.0,8.88888888888889,0.0,0.0,0.00021977545,0.0
0.0,-4.11111111111111,8.88888888888889,0.0,0.0,0.001353916,0.0
0.0,-4.22222222222222,8.88888888888889,0.0,0.0,0.00025993356,0.0
0.0,-4.33333333333333,8.88888888888889,0.0,0.0,0.00024272308,0.0
0.0,-0.111111111111111,9.0,0.0,0.0,0.0026185818,0.0
0.0,-0.222222222222222,9.0,0.0,0.0,0.00818753,0.0
0.0,-0.333333333333333,9.0,0.0,0.0,0.005735381,0.0
0.0,-0.444444444444444,9.0,0.0,0.0,0.004061994,0.0
0.0,-0.555555555555556,9.0,0.0,0.0,0.0045077,0.0
0.0,-0.666666666666667,9.0,0.0,0.0,0.0016630957,0.0
0.0,-0.777777777777778,9.0,0.0,0.0,0.0007610436,0.0
0.0,-0.888888888888889,9.0,0.0,0.0,0.0016288331,0.0
0.0,-1.11111111111111,9.0,0.0,0.0,0.0029937513,0.0
0.0,-1.22222222222222,9.0,0.0,0.0,0.0066152844,0.0
0.0,-1.33333333333333,9.0,4.61716931387159,0.0,0.002350449,0.11196590866910726
0.0,-1.44444444444444,9.0,0.0,0.0,0.0032125413,0.0
0.0,-1.55555555555556,9.0,0.0,0.0,0.0029302647,0.0
0.0,-1.66666666666667,9.0,0.0,0.0,0.0020875519,0.0
0.0,-1.77777777777778,9.0,0.0,0.0,0.0011087899,0.0
0.0,-1.88888888888889,9.0,0.0,0.0,0.00068818894,0.0
0.0,-2.11111111111111,9.0,0.0,0.0,0.0038685482,0.0
0.0,-2.22222222222222,9.0,0.0,0.0,0.00028394032,0.0
0.0,-2.33333333333333,9.0,4.8295367486312,0.0,0.0001863696,0.11711579839334803
0.0,-2.44444444444444,9.0,0.0,0.0,0.00025596961,0.0
0.0,-2.55555555555556,9.0,0.0,0.0,0.00090623053,0.0
0.0,-2.66666666666667,9.0,7.25187304552192,0.0,0.007023235,0.1758572189794836
0.0,-2.77777777777778,9.0,0.0,0.0,0.0061575477,0.0
0.0,-2.88888888888889,9.0,0.0,0.0,0.00040155955,0.0
0.0,-3.11111111111111,9.0,0.0,0.0,0.00089508464,0.0
0.0,-3.22222222222222,9.0,0.0,0.0,0.0045726057,0.0
0.0,-3.33333333333333,9.0,23.8185459587743,0.0,0.00016015401,0.5775974325738635
0.0,-3.44444444444444,9.0,0.0,0.0,1.0145166e-05,0.0
0.0,-3.55555555555556,9.0,0.0,0.0,0.0016537363,0.0
0.0,-3.66666666666667,9.0,0.0,0.0,0.001958355,0.0
0.0,-3.77777777777778,9.0,0.0,0.0,0.0013194603,0.0
0.0,-3.88888888888889,9.0,0.0,0.0,0.00024485734,0.0
0.0,-4.11111111111111,9.0,0.0,0.0,0.0007810461,0.0
0.0,-4.22222222222222,9.0,0.0,0.0,0.00036508267,0.0
0.0,-4.33333333333333,9.0,0.0,0.0,0.00037753553,0.0
0.0,-4.44444444444444,9.0,0.0,0.0,0.0002381398,0.0
0.0,-0.0,9.11111111111111,0.0,0.0,0.050563682,0.0
0.0,-0.111111111111111,9.11111111111111,0.0,0.0,0.003385964,0.0
0.0,-0.222222222222222,9.11111111111111,0.0,0.0,0.009729764,0.0
0.0,-0.333333333333333,9.11111111111111,0.0,0.0,0.0050585927,0.0
0.0,-0.444444444444444,9.11111111111111,0.0,0.0,0.0075374087,0.0
0.0,-0.555555555555556,9.11111111111111,0.0,0.0,0.0044675856,0.0
0.0,-0.666666666666667,9.11111111111111,0.0,0.0,0.002578425,0.0
0.0,-0.777777777777778,9.11111111111111,0.0,0.0,0.0007976673,0.0
0.0,-0.888888888888889,9.11111111111111,0.0,0.0,0.0018981039,0.0
0.0,-1.0,9.11111111111111,0.0,0.0,0.002776156,0.0
0.0,-1.11111111111111,9.11111111111111,0.0,0.0,0.0016326471,0.0
0.0,-1.22222222222222,9.11111111111111,0.0,0.0,0.00812826,0.0
0.0,-1.33333333333333,9.11111111111111,0.0,0.0,0.00078439026,0.0
0.0,-1.44444444444444,9.11111111111111,0.0,0.0,0.0014731737,0.0
0.0,-1.55555555555556,9.11111111111111,0.0,0.0,0.0011240543,0.0
0.0,-1.66666666666667,9.11111111111111,0.0,0.0,0.0019861104,0.0
0.0,-1.77777777777778,9.11111111111111,0.0,0.0,0.0058323382,0.0
0.0,-1.88888888888889,9.11111111111111,0.0,0.0,0.00012086282,0.0
0.0,-2.0,9.11111111111111,0.0,0.0,0.007837502,0.0
0.0,-2.11111111111111,9.11111111111111,0.0,0.0,0.005302807,0.0
0.0,-2.22222222222222,9.11111111111111,0.0,0.0,0.00024794202,0.0
0.0,-2.33333333333333,9.11111111111111,0.0,0.0,0.00095906545,0.0
0.0,-2.44444444444444,9.11111111111111,0.0,0.0,0.00036951277,0.0
0.0,-2.55555555555556,9.11111111111111,0.0,0.0,0.00084722386,0.0
0.0,-2.66666666666667,9.11111111111111,0.0,0.0,0.00836161,0.0
0.0,-2.77777777777778,9.11111111111111,0.0,0.0,0.002399416,0.0
0.0,-2.88888888888889,9.11111111111111,0.0,0.0,0.001140233,0.0
0.0,-3.0,9.11111111111111,0.0,0.0,0.0036429137,0.0
0.0,-3.11111111111111,9.11111111111111,0.0,0.0,0.0007900312,0.0
0.0,-3.22222222222222,9.11111111111111,0.0,0.0,0.0018169971,0.0
0.0,-3.33333333333333,9.11111111111111,0.0,0.0,0.00034064357,0.0
0.0,-3.44444444444444,9.11111111111111,0.0,0.0,0.00021848046,0.0
0.0,-3.55555555555556,9.11111111111111,0.0,0.0,0.0010637346,0.0
0.0,-3.66666666666667,9.11111111111111,0.0,0.0,0.0019031591,0.0
0.0,-3.77777777777778,9.11111111111111,0.0,0.0,0.0011738675,0.0
0.0,-3.88888888888889,9.11111111111111,0.0,0.0,0.00021145536,0.0
0.0,-4.0,9.11111111111111,0.0,0.0,0.0020385694,0.0
0.0,-4.11111111111111,9.11111111111111,0.0,0.0,0.0001550469,0.0
0.0,-4.22222222222222,9.11111111111111,0.0,0.0,0.00015323561,0.0
0.0,-4.33333333333333,9.11111111111111,0.0,0.0,0.0005755384,0.0
0.0,-4.44444444444444,9.11111111111111,0.0,0.0,0.0005309309,0.0
0.0,-0.0,9.22222222222222,0.0,0.0,0.058616485,0.0
0.0,-0.111111111111111,9.22222222222222,0.0,0.0,0.0026758057,0.0
0.0,-0.222222222222222,9.22222222222222,0.0,0.0,0.0057177837,0.0
0.0,-0.333333333333333,9.22222222222222,0.0,0.0,0.0021219961,0.0
0.0,-0.444444444444444,9.22222222222222,0.0,0.0,0.0072427248,0.0
0.0,-0.555555555555556,9.22222222222222,0.0,0.0,0.00043578874,0.0
0.0,-0.666666666666667,9.22222222222222,0.0,0.0,0.00024703518,0.0
0.0,-0.777777777777778,9.22222222222222,0.0,0.0,3.3326152e-05,0.0
0.0,-0.888888888888889,9.22222222222222,0.0,0.0,0.000107618456,0.0
0.0,-1.0,9.22222222222222,0.0,0.0,0.004074031,0.0
0.0,-1.11111111111111,9.22222222222222,0.0,0.0,0.00035521475,0.0
0.0,-1.22222222222222,9.22222222222222,0.0,0.0,0.0064273383,0.0
0.0,-1.33333333333333,9.22222222222222,0.0,0.0,0.0019016899,0.0
0.0,-1.44444444444444,9.22222222222222,0.0,0.0,6.2847845e-05,0.0
0.0,-1.55555555555556,9.22222222222222,0.0,0.0,0.00019720857,0.0
0.0,-1.66666666666667,9.22222222222222,0.0,0.0,0.0009361356,0.0
0.0,-1.77777777777778,9.22222222222222,0.0,0.0,0.009394719,0.0
0.0,-1.88888888888889,9.22222222222222,0.0,0.0,0.0005693582,0.0
0.0,-2.0,9.22222222222222,0.0,0.0,0.004991936,0.0
0.0,-2.11111111111111,9.22222222222222,0.0,0.0,0.002443543,0.0
0.0,-2.22222222222222,9.22222222222222,0.0,0.0,0.0018689965,0.0
0.0,-2.33333333333333,9.22222222222222,0.0,0.0,0.002825633,0.0
0.0,-2.44444444444444,9.22222222222222,0.0,0.0,0.00010295332,0.0
0.0,-2.55555555555556,9.22222222222222,0.0,0.0,0.0004224248,0.0
0.0,-2.66666666666667,9.22222222222222,0.0,0.0,0.003400646,0.0
0.0,-2.77777777777778,9.22222222222222,0.0,0.0,0.0014349332,0.0
0.0,-2.88888888888889,9.22222222222222,0.0,0.0,0.0056975856,0.0
0.0,-3.0,9.22222222222222,0.0,0.0,0.0014614676,0.0
0.0,-3.11111111111111,9.22222222222222,0.0,0.0,0.0037634526,0.0
0.0,-3.22222222222222,9.22222222222222,0.0,0.0,7.588601e-05,0.0
0.0,-3.33333333333333,9.22222222222222,0.0,0.0,0.0029901303,0.0
0.0,-3.44444444444444,9.22222222222222,0.0,0.0,0.00046218027,0.0
0.0,-3.55555555555556,9.22222222222222,0.0,0.0,0.0016143139,0.0
0.0,-3.66666666666667,9.22222222222222,0.0,0.0,0.00041970363,0.0
0.0,-3.77777777777778,9.22222222222222,0.0,0.0,0.0009483339,0.0
0.0,-3.88888888888889,9.22222222222222,0.0,0.0,0.00021246972,0.0
0.0,-4.0,9.22222222222222,0.0,0.0,0.001977601,0.0
0.0,-4.11111111111111,9.22222222222222,0.0,0.0,0.000102620426,0.0
0.0,-4.22222222222222,9.22222222222222,0.0,0.0,0.00053961005,0.0
0.0,-4.33333333333333,9.22222222222222,0.0,0.0,0.00015862817,0.0
0.0,-4.44444444444444,9.22222222222222,0.0,0.0,0.0003699893,0.0
0.0,-0.0,9.33333333333333,0.0,0.0,0.0415703,0.0
0.0,-0.111111111111111,9.33333333333333,0.0,0.0,0.0012902321,0.0
0.0,-0.222222222222222,9.33333333333333,0.0,0.0,0.003495283,0.0
0.0,-0.333333333333333,9.33333333333333,0.0,0.0,0.0052646296,0.0
0.0,-0.444444444444444,9.33333333333333,0.0,0.0,0.0027857665,0.0
0.0,-0.555555555555556,9.33333333333333,0.0,0.0,0.0029982422,0.0
0.0,-0.666666666666667,9.33333333333333,0.0,0.0,0.0037369677,0.0
0.0,-0.777777777777778,9.33333333333333,0.0,0.0,0.0018006673,0.0
0.0,-0.888888888888889,9.33333333333333,0.0,0.0,0.0030093885,0.0
0.0,-1.0,9.33333333333333,0.0,0.0,0.011125562,0.0
0.0,-1.11111111111111,9.33333333333333,0.0,0.0,0.004746951,0.0
0.0,-1.22222222222222,9.33333333333333,0.0,0.0,0.003847373,0.0
0.0,-1.33333333333333,9.33333333333333,0.0,0.0,0.004669942,0.0
0.0,-1.44444444444444,9.33333333333333,0.0,0.0,0.0038276291,0.0
0.0,-1.55555555555556,9.33333333333333,0.0,0.0,0.002030999,0.0
0.0,-1.66666666666667,9.33333333333333,0.0,0.0,0.00035390208,0.0
0.0,-1.77777777777778,9.33333333333333,0.0,0.0,0.010486727,0.0
0.0,-1.88888888888889,9.33333333333333,0.0,0.0,0.0035629983,0.0
0.0,-2.0,9.33333333333333,0.0,0.0,0.008623262,0.0
0.0,-2.11111111111111,9.33333333333333,0.0,0.0,0.0012244395,0.0
0.0,-2.22222222222222,9.33333333333333,0.0,0.0,0.005242585,0.0
0.0,-2.33333333333333,9.33333333333333,0.0,0.0,0.006142934,0.0
0.0,-2.44444444444444,9.33333333333333,0.0,0.0,0.0020312986,0.0
0.0,-2.55555555555556,9.33333333333333,0.0,0.0,0.0014835886,0.0
0.0,-2.66666666666667,9.33333333333333,0.0,0.0,0.0016456296,0.0
0.0,-2.77777777777778,9.33333333333333,0.0,0.0,0.002162992,0.0
0.0,-2.88888888888889,9.33333333333333,0.0,0.0,0.012630149,0.0
0.0,-3.0,9.33333333333333,0.0,0.0,0.0026076883,0.0
0.0,-3.11111111111111,9.33333333333333,0.0,0.0,0.006572187,0.0
0.0,-3.22222222222222,9.33333333333333,0.0,0.0,0.0006836412,0.0
0.0,-3.33333333333333,9.33333333333333,0.0,0.0,0.006160813,0.0
0.0,-3.44444444444444,9.33333333333333,0.0,0.0,0.0011579668,0.0
0.0,-3.55555555555556,9.33333333333333,0.0,0.0,0.0044582523,0.0
0.0,-3.66666666666667,9.33333333333333,0.0,0.0,0.0011693296,0.0
0.0,-3.77777777777778,9.33333333333333,0.0,0.0,0.0011658045,0.0
0.0,-3.88888888888889,9.33333333333333,0.0,0.0,0.0006245525,0.0
0.0,-4.0,9.33333333333333,0.0,0.0,0.0007836509,0.0
0.0,-4.11111111111111,9.33333333333333,0.0,0.0,0.00083155103,0.0
0.0,-4.22222222222222,9.33333333333333,0.0,0.0,0.0034951747,0.0
0.0,-4.33333333333333,9.33333333333333,0.0,0.0,0.00019842394,0.0
0.0,-4.44444444444444,9.33333333333333,0.0,0.0,0.00016471089,0.0
0.0,-0.0,9.44444444444444,0.0,0.0,0.018302165,0.0
0.0,-0.111111111111111,9.44444444444444,0.0,0.0,0.00017659941,0.0
0.0,-0.222222222222222,9.44444444444444,0.0,0.0,0.0043484317,0.0
0.0,-0.333333333333333,9.44444444444444,0.0,0.0,0.01141887,0.0
0.0,-0.444444444444444,9.44444444444444,0.0,0.0,0.003706647,0.0
0.0,-0.555555555555556,9.44444444444444,0.0,0.0,0.009722507,0.0
0.0,-0.666666666666667,9.44444444444444,0.0,0.0,0.01035398,0.0
0.0,-0.777777777777778,9.44444444444444,0.0,0.0,0.0068781227,0.0
0.0,-0.888888888888889,9.44444444444444,0.0,0.0,0.008990772,0.0
0.0,-1.0,9.44444444444444,0.0,0.0,0.0151564,0.0
0.0,-1.11111111111111,9.44444444444444,0.0,0.0,0.013266835,0.0
0.0,-1.22222222222222,9.44444444444444,0.0,0.0,0.004373938,0.0
0.0,-1.33333333333333,9.44444444444444,0.0,0.0,0.0074108555,0.0
0.0,-1.44444444444444,9.44444444444444,0.0,0.0,0.013864227,0.0
0.0,-1.55555555555556,9.44444444444444,0.0,0.0,0.008284663,0.0
0.0,-1.66666666666667,9.44444444444444,0.0,0.0,0.00031788257,0.0
0.0,-1.77777777777778,9.44444444444444,0.0,0.0,0.01246341,0.0
0.0,-1.88888888888889,9.44444444444444,0.0,0.0,0.007943509,0.0
0.0,-2.0,9.44444444444444,0.0,0.0,0.018131793,0.0
0.0,-2.11111111111111,9.44444444444444,0.0,0.0,0.003082573,0.0
0.0,-2.22222222222222,9.44444444444444,0.0,0.0,0.007097669,0.0
0.0,-2.33333333333333,9.44444444444444,0.0,0.0,0.0073757665,0.0
0.0,-2.44444444444444,9.44444444444444,0.0,0.0,0.003640959,0.0
0.0,-2.55555555555556,9.44444444444444,0.0,0.0,0.0039018227,0.0
0.0,-2.66666666666667,9.44444444444444,0.0,0.0,0.00463421,0.0
0.0,-2.77777777777778,9.44444444444444,0.0,0.0,0.001510009,0.0
0.0,-2.88888888888889,9.44444444444444,0.0,0.0,0.014804782,0.0
0.0,-3.0,9.44444444444444,0.0,0.0,0.0016345114,0.0
0.0,-3.11111111111111,9.44444444444444,0.0,0.0,0.0081805745,0.0
0.0,-3.22222222222222,9.44444444444444,0.0,0.0,0.00088146096,0.0
0.0,-3.33333333333333,9.44444444444444,0.0,0.0,0.0061629172,0.0
0.0,-3.44444444444444,9.44444444444444,0.0,0.0,0.0032426247,0.0
0.0,-3.55555555555556,9.44444444444444,0.0,0.0,0.008735958,0.0
0.0,-3.66666666666667,9.44444444444444,0.0,0.0,0.0026252228,0.0
0.0,-3.77777777777778,9.44444444444444,0.0,0.0,0.0018783696,0.0
0.0,-3.88888888888889,9.44444444444444,0.0,0.0,0.0047459276,0.0
0.0,-4.0,9.44444444444444,0.0,0.0,0.0017252257,0.0
0.0,-4.11111111111111,9.44444444444444,0.0,0.0,0.002458324,0.0
0.0,-4.22222222222222,9.44444444444444,0.0,0.0,0.007064939,0.0
0.0,-4.44444444444444,9.44444444444444,0.0,0.0,0.00047600086,0.0
0.0,-0.0,9.55555555555556,0.0,0.0,0.0044354405,0.0
0.0,-0.111111111111111,9.55555555555556,0.0,0.0,0.00015834125,0.0
0.0,-0.222222222222222,9.55555555555556,0.0,0.0,0.0056587094,0.0
0.0,-0.333333333333333,9.55555555555556,0.0,0.0,0.00905098,0.0
0.0,-0.444444444444444,9.55555555555556,0.0,0.0,0.0041320864,0.0
0.0,-0.555555555555556,9.55555555555556,0.0,0.0,0.007425618,0.0
0.0,-0.666666666666667,9.55555555555556,0.0,0.0,0.009418277,0.0
0.0,-0.777777777777778,9.55555555555556,0.0,0.0,0.0066205156,0.0
0.0,-0.888888888888889,9.55555555555556,0.0,0.0,0.010686982,0.0
0.0,-1.0,9.55555555555556,0.0,0.0,0.020045677,0.0
0.0,-1.11111111111111,9.55555555555556,0.0,0.0,0.015689686,0.0
0.0,-1.22222222222222,9.55555555555556,0.0,0.0,0.0026630985,0.0
0.0,-1.33333333333333,9.55555555555556,0.0,0.0,0.01278487,0.0
0.0,-1.44444444444444,9.55555555555556,0.0,0.0,0.013820435,0.0
0.0,-1.55555555555556,9.55555555555556,0.0,0.0,0.010446644,0.0
0.0,-1.66666666666667,9.55555555555556,0.0,0.0,0.0016449144,0.0
0.0,-1.77777777777778,9.55555555555556,0.0,0.0,0.01224368,0.0
0.0,-1.88888888888889,9.55555555555556,0.0,0.0,0.0076527237,0.0
0.0,-2.0,9.55555555555556,0.0,0.0,0.017453182,0.0
0.0,-2.11111111111111,9.55555555555556,0.0,0.0,0.0018284654,0.0
0.0,-2.22222222222222,9.55555555555556,0.0,0.0,0.0052929427,0.0
0.0,-2.33333333333333,9.55555555555556,0.0,0.0,0.0038399075,0.0
0.0,-2.44444444444444,9.55555555555556,0.0,0.0,0.002241693,0.0
0.0,-2.55555555555556,9.55555555555556,0.0,0.0,0.0045049447,0.0
0.0,-2.66666666666667,9.55555555555556,0.0,0.0,0.003286352,0.0
0.0,-2.77777777777778,9.55555555555556,0.0,0.0,0.0007254129,0.0
0.0,-2.88888888888889,9.55555555555556,0.0,0.0,0.01012747,0.0
0.0,-3.0,9.55555555555556,0.0,0.0,0.00014454202,0.0
0.0,-3.11111111111111,9.55555555555556,0.0,0.0,0.007150146,0.0
0.0,-3.22222222222222,9.55555555555556,0.0,0.0,0.00024362482,0.0
0.0,-3.33333333333333,9.55555555555556,0.0,0.0,0.004678979,0.0
0.0,-3.44444444444444,9.55555555555556,0.0,0.0,0.0042390493,0.0
0.0,-3.55555555555556,9.55555555555556,0.0,0.0,0.009124456,0.0
0.0,-3.66666666666667,9.55555555555556,0.0,0.0,0.0025494276,0.0
0.0,-3.77777777777778,9.55555555555556,0.0,0.0,0.0022893965,0.0
0.0,-3.88888888888889,9.55555555555556,0.0,0.0,0.005138718,0.0
0.0,-4.0,9.55555555555556,0.0,0.0,0.0028551738,0.0
0.0,-4.11111111111111,9.55555555555556,0.0,0.0,0.0031366907,0.0
0.0,-4.22222222222222,9.55555555555556,0.0,0.0,0.0070584603,0.0
0.0,-4.33333333333333,9.55555555555556,0.0,0.0,0.0015516484,0.0
0.0,-0.0,9.66666666666667,0.0,0.0,0.0012668155,0.0
0.0,-0.111111111111111,9.66666666666667,0.0,0.0,0.0008251776,0.0
0.0,-0.222222222222222,9.66666666666667,0.0,0.0,0.003704458,0.0
0.0,-0.333333333333333,9.66666666666667,0.0,0.0,0.0031187334,0.0
0.0,-0.444444444444444,9.66666666666667,0.0,0.0,0.0009421055,0.0
0.0,-0.555555555555556,9.66666666666667,0.0,0.0,0.0017313821,0.0
0.0,-0.666666666666667,9.66666666666667,0.0,0.0,0.0072353133,0.0
0.0,-0.777777777777778,9.66666666666667,0.0,0.0,0.0012760749,0.0
0.0,-0.888888888888889,9.66666666666667,0.0,0.0,0.00794393,0.0
0.0,-1.0,9.66666666666667,0.0,0.0,0.016710037,0.0
0.0,-1.11111111111111,9.66666666666667,0.0,0.0,0.009186238,0.0
0.0,-1.22222222222222,9.66666666666667,0.0,0.0,0.0013273109,0.0
0.0,-1.33333333333333,9.66666666666667,0.0,0.0,0.017630186,0.0
0.0,-1.44444444444444,9.66666666666667,0.0,0.0,0.004261028,0.0
0.0,-1.55555555555556,9.66666666666667,0.0,0.0,0.004330464,0.0
0.0,-1.66666666666667,9.66666666666667,0.0,0.0,0.002352719,0.0
0.0,-1.77777777777778,9.66666666666667,0.0,0.0,0.0075336965,0.0
0.0,-1.88888888888889,9.66666666666667,0.0,0.0,0.004283793,0.0
0.0,-2.0,9.66666666666667,0.0,0.0,0.0071935877,0.0
0.0,-2.11111111111111,9.66666666666667,0.0,0.0,7.033817e-05,0.0
0.0,-2.22222222222222,9.66666666666667,0.0,0.0,0.0028585903,0.0
0.0,-2.33333333333333,9.66666666666667,0.0,0.0,0.00057977054,0.0
0.0,-2.44444444444444,9.66666666666667,0.0,0.0,0.00087181845,0.0
0.0,-2.55555555555556,9.66666666666667,0.0,0.0,0.0035131844,0.0
0.0,-2.66666666666667,9.66666666666667,0.0,0.0,0.00017924652,0.0
0.0,-2.77777777777778,9.66666666666667,0.0,0.0,0.00050375547,0.0
0.0,-2.88888888888889,9.66666666666667,0.0,0.0,0.0048461263,0.0
0.0,-3.0,9.66666666666667,0.0,0.0,0.00036938602,0.0
0.0,-3.11111111111111,9.66666666666667,0.0,0.0,0.0038771033,0.0
0.0,-3.22222222222222,9.66666666666667,0.0,0.0,2.5498475e-05,0.0
0.0,-3.33333333333333,9.66666666666667,0.0,0.0,0.003177946,0.0
0.0,-3.44444444444444,9.66666666666667,0.0,0.0,0.001732994,0.0
0.0,-3.55555555555556,9.66666666666667,0.0,0.0,0.0048226584,0.0
0.0,-3.66666666666667,9.66666666666667,0.0,0.0,0.001576985,0.0
0.0,-3.77777777777778,9.66666666666667,0.0,0.0,0.001611469,0.0
0.0,-3.88888888888889,9.66666666666667,0.0,0.0,0.0009039344,0.0
0.0,-4.0,9.66666666666667,0.0,0.0,0.002662868,0.0
0.0,-4.11111111111111,9.66666666666667,0.0,0.0,0.002651994,0.0
0.0,-4.22222222222222,9.66666666666667,0.0,0.0,0.003250449,0.0
0.0,-4.33333333333333,9.66666666666667,0.0,0.0,0.00093168195,0.0
0.0,-4.44444444444444,9.66666666666667,0.0,0.0,0.001048141,0.0
0.0,-0.0,9.77777777777778,0.0,0.0,0.008164211,0.0
0.0,-0.111111111111111,9.77777777777778,0.0,0.0,0.0010212914,0.0
0.0,-0.222222222222222,9.77777777777778,0.0,0.0,0.00014128922,0.0
0.0,-0.333333333333333,9.77777777777778,0.0,0.0,0.0034299097,0.0
0.0,-0.444444444444444,9.77777777777778,0.0,0.0,0.00063904095,0.0
0.0,-0.555555555555556,9.77777777777778,0.0,0.0,0.0009650962,0.0
0.0,-0.666666666666667,9.77777777777778,0.0,0.0,0.004666478,0.0
0.0,-0.777777777777778,9.77777777777778,0.0,0.0,0.00040921403,0.0
0.0,-0.888888888888889,9.77777777777778,0.0,0.0,0.0041689556,0.0
0.0,-1.0,9.77777777777778,0.0,0.0,0.006716905,0.0
0.0,-1.11111111111111,9.77777777777778,0.0,0.0,0.0023714025,0.0
0.0,-1.22222222222222,9.77777777777778,0.0,0.0,0.0041149645,0.0
0.0,-1.33333333333333,9.77777777777778,0.0,0.0,0.011957549,0.0
0.0,-1.44444444444444,9.77777777777778,0.0,0.0,0.0039678537,0.0
0.0,-1.55555555555556,9.77777777777778,0.0,0.0,0.00092632876,0.0
0.0,-1.66666666666667,9.77777777777778,0.0,0.0,0.0013159497,0.0
0.0,-1.77777777777778,9.77777777777778,0.0,0.0,0.003891605,0.0
0.0,-1.88888888888889,9.77777777777778,0.0,0.0,0.0027307207,0.0
0.0,-2.0,9.77777777777778,0.0,0.0,0.0029542514,0.0
0.0,-2.11111111111111,9.77777777777778,0.0,0.0,0.0028433162,0.0
0.0,-2.22222222222222,9.77777777777778,0.0,0.0,0.0011234413,0.0
0.0,-2.33333333333333,9.77777777777778,0.0,0.0,0.00080515695,0.0
0.0,-2.44444444444444,9.77777777777778,0.0,0.0,0.00076268945,0.0
0.0,-2.55555555555556,9.77777777777778,0.0,0.0,0.005265633,0.0
0.0,-2.66666666666667,9.77777777777778,0.0,0.0,0.00031700893,0.0
0.0,-2.77777777777778,9.77777777777778,0.0,0.0,9.646512e-05,0.0
0.0,-2.88888888888889,9.77777777777778,0.0,0.0,0.0021339539,0.0
0.0,-3.0,9.77777777777778,0.0,0.0,0.000988819,0.0
0.0,-3.11111111111111,9.77777777777778,0.0,0.0,0.0014778731,0.0
0.0,-3.22222222222222,9.77777777777778,0.0,0.0,0.00014204938,0.0
0.0,-3.33333333333333,9.77777777777778,0.0,0.0,0.0007509509,0.0
0.0,-3.44444444444444,9.77777777777778,0.0,0.0,2.9972694e-05,0.0
0.0,-3.55555555555556,9.77777777777778,0.0,0.0,0.0018583932,0.0
0.0,-3.66666666666667,9.77777777777778,0.0,0.0,0.00059321726,0.0
0.0,-3.77777777777778,9.77777777777778,0.0,0.0,0.0006629783,0.0
0.0,-3.88888888888889,9.77777777777778,0.0,0.0,0.0013360971,0.0
0.0,-4.0,9.77777777777778,0.0,0.0,0.0033452495,0.0
0.0,-4.11111111111111,9.77777777777778,0.0,0.0,0.002448904,0.0
0.0,-4.22222222222222,9.77777777777778,0.0,0.0,0.0005251121,0.0
0.0,-4.33333333333333,9.77777777777778,0.0,0.0,0.0010011424,0.0
0.0,-0.0,9.88888888888889,0.0,0.0,0.021174053,0.0
0.0,-0.111111111111111,9.88888888888889,0.0,0.0,0.00076466746,0.0
0.0,-0.222222222222222,9.88888888888889,0.0,0.0,0.00357559,0.0
0.0,-0.333333333333333,9.88888888888889,0.0,0.0,0.0048808493,0.0
0.0,-0.444444444444444,9.88888888888889,0.0,0.0,0.003334911,0.0
0.0,-0.555555555555556,9.88888888888889,0.0,0.0,0.0030138341,0.0
0.0,-0.666666666666667,9.88888888888889,0.0,0.0,0.0009744757,0.0
0.0,-0.777777777777778,9.88888888888889,0.0,0.0,0.0019330138,0.0
0.0,-0.888888888888889,9.88888888888889,0.0,0.0,0.0014638355,0.0
0.0,-1.0,9.88888888888889,0.0,0.0,0.0021927787,0.0
0.0,-1.11111111111111,9.88888888888889,0.0,0.0,0.00020021816,0.0
0.0,-1.22222222222222,9.88888888888889,0.0,0.0,0.0041717757,0.0
0.0,-1.33333333333333,9.88888888888889,0.0,0.0,0.0062233615,0.0
0.0,-1.44444444444444,9.88888888888889,0.0,0.0,0.010524354,0.0
0.0,-1.55555555555556,9.88888888888889,0.0,0.0,0.003925605,0.0
0.0,-1.66666666666667,9.88888888888889,0.0,0.0,0.0009945014,0.0
0.0,-1.77777777777778,9.88888888888889,0.0,0.0,0.004254508,0.0
0.0,-1.88888888888889,9.88888888888889,0.0,0.0,0.0015509503,0.0
0.0,-2.0,9.88888888888889,0.0,0.0,0.00935518,0.0
0.0,-2.11111111111111,9.88888888888889,0.0,0.0,0.005181103,0.0
0.0,-2.22222222222222,9.88888888888889,0.0,0.0,0.0003833843,0.0
0.0,-2.33333333333333,9.88888888888889,0.0,0.0,0.0014345461,0.0
0.0,-2.44444444444444,9.88888888888889,0.0,0.0,0.0016513562,0.0
0.0,-2.55555555555556,9.88888888888889,0.0,0.0,0.009322278,0.0
0.0,-2.66666666666667,9.88888888888889,0.0,0.0,0.0002915722,0.0
0.0,-2.77777777777778,9.88888888888889,0.0,0.0,0.00021450942,0.0
0.0,-2.88888888888889,9.88888888888889,0.0,0.0,0.0010428773,0.0
0.0,-3.0,9.88888888888889,0.0,0.0,0.0014411835,0.0
0.0,-3.11111111111111,9.88888888888889,0.0,0.0,0.0013323795,0.0
0.0,-3.22222222222222,9.88888888888889,0.0,0.0,0.00053925504,0.0
0.0,-3.33333333333333,9.88888888888889,0.0,0.0,0.0024997338,0.0
0.0,-3.44444444444444,9.88888888888889,0.0,0.0,0.0004027826,0.0
0.0,-3.55555555555556,9.88888888888889,0.0,0.0,0.0006228896,0.0
0.0,-3.66666666666667,9.88888888888889,0.0,0.0,0.00072376506,0.0
0.0,-3.77777777777778,9.88888888888889,0.0,0.0,0.00047134262,0.0
0.0,-3.88888888888889,9.88888888888889,0.0,0.0,0.002325025,0.0
0.0,-4.0,9.88888888888889,0.0,0.0,0.0047578746,0.0
0.0,-4.11111111111111,9.88888888888889,0.0,0.0,0.0025067958,0.0
0.0,-4.22222222222222,9.88888888888889,0.0,0.0,0.0017756016,0.0
0.0,-4.33333333333333,9.88888888888889,0.0,0.0,0.001362404,0.0
0.0,-0.111111111111111,10.0,0.0,0.0,0.0010039445,0.0
0.0,-0.222222222222222,10.0,0.0,0.0,0.009975913,0.0
0.0,-0.333333333333333,10.0,0.0,0.0,0.0033590274,0.0
0.0,-0.444444444444444,10.0,0.0,0.0,0.004976863,0.0
0.0,-0.555555555555556,10.0,0.0,0.0,0.0041884896,0.0
0.0,-0.666666666666667,10.0,0.0,0.0,0.0006484333,0.0
0.0,-0.777777777777778,10.0,0.0,0.0,0.0008698243,0.0
0.0,-0.888888888888889,10.0,0.0,0.0,0.00043934607,0.0
0.0,-1.11111111111111,10.0,0.0,0.0,4.4850304e-07,0.0
0.0,-1.22222222222222,10.0,0.0,0.0,0.001719604,0.0
0.0,-1.33333333333333,10.0,0.0,0.0,0.009483432,0.0
0.0,-1.44444444444444,10.0,0.0,0.0,0.008580563,0.0
0.0,-1.55555555555556,10.0,0.0,0.0,0.0041336184,0.0
0.0,-1.66666666666667,10.0,0.0,0.0,0.0011154764,0.0
0.0,-1.77777777777778,10.0,0.0,0.0,0.00450011,0.0
0.0,-1.88888888888889,10.0,0.0,0.0,0.0003347176,0.0
0.0,-2.11111111111111,10.0,0.0,0.0,0.0033122003,0.0
0.0,-2.22222222222222,10.0,0.0,0.0,0.00079510687,0.0
0.0,-2.33333333333333,10.0,0.0,0.0,0.000995479,0.0
0.0,-2.44444444444444,10.0,0.0,0.0,0.0019273595,0.0
0.0,-2.55555555555556,10.0,0.0,0.0,0.008333913,0.0
0.0,-2.66666666666667,10.0,0.0,0.0,0.0018174879,0.0
0.0,-2.77777777777778,10.0,0.0,0.0,0.00059173274,0.0
0.0,-2.88888888888889,10.0,0.0,0.0,0.0023599828,0.0
0.0,-3.11111111111111,10.0,0.0,0.0,0.002309697,0.0
0.0,-3.22222222222222,10.0,0.0,0.0,0.0009451283,0.0
0.0,-3.33333333333333,10.0,0.0,0.0,0.008315608,0.0
0.0,-3.44444444444444,10.0,0.0,0.0,0.0003511048,0.0
0.0,-3.55555555555556,10.0,0.0,0.0,0.0002146743,0.0
0.0,-3.66666666666667,10.0,0.0,0.0,0.0016799389,0.0
0.0,-3.77777777777778,10.0,0.0,0.0,0.0003567254,0.0
0.0,-3.88888888888889,10.0,0.0,0.0,0.00060686347,0.0
0.0,-4.11111111111111,10.0,0.0,0.0,0.0013511062,0.0
0.0,-4.33333333333333,10.0,0.0,0.0,0.0021574623,0.0
0.0,-0.0,10.1111111111111,0.0,0.0,0.017642543,0.0
0.0,-0.111111111111111,10.1111111111111,0.0,0.0,0.0013882273,0.0
0.0,-0.222222222222222,10.1111111111111,0.0,0.0,0.008926931,0.0
0.0,-0.333333333333333,10.1111111111111,0.0,0.0,0.0017202899,0.0
0.0,-0.444444444444444,10.1111111111111,0.0,0.0,0.002852498,0.0
0.0,-0.555555555555556,10.1111111111111,0.0,0.0,0.002327967,0.0
0.0,-0.666666666666667,10.1111111111111,0.0,0.0,0.001997054,0.0
0.0,-0.777777777777778,10.1111111111111,0.0,0.0,0.0010295348,0.0
0.0,-0.888888888888889,10.1111111111111,0.0,0.0,0.00028088785,0.0
0.0,-1.0,10.1111111111111,0.0,0.0,0.0026175268,0.0
0.0,-1.11111111111111,10.1111111111111,0.0,0.0,0.00052525377,0.0
0.0,-1.22222222222222,10.1111111111111,0.0,0.0,0.000454368,0.0
0.0,-1.33333333333333,10.1111111111111,0.0,0.0,0.006035316,0.0
0.0,-1.44444444444444,10.1111111111111,0.0,0.0,0.0019747275,0.0
0.0,-1.55555555555556,10.1111111111111,0.0,0.0,0.0018358531,0.0
0.0,-1.66666666666667,10.1111111111111,0.0,0.0,0.001692591,0.0
0.0,-1.77777777777778,10.1111111111111,0.0,0.0,0.0016564666,0.0
0.0,-1.88888888888889,10.1111111111111,0.0,0.0,0.00061820284,0.0
0.0,-2.0,10.1111111111111,0.0,0.0,0.012489082,0.0
0.0,-2.11111111111111,10.1111111111111,0.0,0.0,0.0006171027,0.0
0.0,-2.22222222222222,10.1111111111111,0.0,0.0,0.0005548235,0.0
0.0,-2.33333333333333,10.1111111111111,0.0,0.0,0.00044148765,0.0
0.0,-2.44444444444444,10.1111111111111,0.0,0.0,0.0011467846,0.0
0.0,-2.55555555555556,10.1111111111111,0.0,0.0,0.003132332,0.0
0.0,-2.66666666666667,10.1111111111111,0.0,0.0,0.003367021,0.0
0.0,-2.77777777777778,10.1111111111111,0.0,0.0,0.0004812371,0.0
0.0,-2.88888888888889,10.1111111111111,0.0,0.0,0.004425072,0.0
0.0,-3.0,10.1111111111111,0.0,0.0,0.00088131224,0.0
0.0,-3.11111111111111,10.1111111111111,0.0,0.0,0.002209982,0.0
0.0,-3.22222222222222,10.1111111111111,0.0,0.0,0.00063861866,0.0
0.0,-3.33333333333333,10.1111111111111,0.0,0.0,0.008236031,0.0
0.0,-3.44444444444444,10.1111111111111,0.0,0.0,0.0007679466,0.0
0.0,-3.55555555555556,10.1111111111111,0.0,0.0,0.0017663232,0.0
0.0,-3.66666666666667,10.1111111111111,0.0,0.0,0.0010469706,0.0
0.0,-3.77777777777778,10.1111111111111,0.0,0.0,2.783723e-05,0.0
0.0,-3.88888888888889,10.1111111111111,0.0,0.0,0.0001962992,0.0
0.0,-4.0,10.1111111111111,0.0,0.0,0.0011960618,0.0
0.0,-4.11111111111111,10.1111111111111,0.0,0.0,0.00024687476,0.0
0.0,-4.22222222222222,10.1111111111111,0.0,0.0,0.0040572276,0.0
0.0,-4.33333333333333,10.1111111111111,0.0,0.0,0.0031748556,0.0
0.0,-0.0,10.2222222222222,0.0,0.0,0.0084122075,0.0
0.0,-0.111111111111111,10.2222222222222,0.0,0.0,0.0021419397,0.0
0.0,-0.222222222222222,10.2222222222222,0.0,0.0,0.0038574296,0.0
0.0,-0.333333333333333,10.2222222222222,0.0,0.0,0.0010059393,0.0
0.0,-0.444444444444444,10.2222222222222,0.0,0.0,0.00015321038,0.0
0.0,-0.555555555555556,10.2222222222222,0.0,0.0,0.00036392073,0.0
0.0,-0.666666666666667,10.2222222222222,0.0,0.0,0.001330102,0.0
0.0,-0.777777777777778,10.2222222222222,0.0,0.0,0.002676327,0.0
0.0,-0.888888888888889,10.2222222222222,0.0,0.0,0.00071768305,0.0
0.0,-1.0,10.2222222222222,0.0,0.0,0.0023190603,0.0
0.0,-1.11111111111111,10.2222222222222,0.0,0.0,0.0023136153,0.0
0.0,-1.22222222222222,10.2222222222222,0.0,0.0,0.00012534903,0.0
0.0,-1.33333333333333,10.2222222222222,0.0,0.0,0.000108695385,0.0
0.0,-1.44444444444444,10.2222222222222,0.0,0.0,0.001086836,0.0
0.0,-1.55555555555556,10.2222222222222,0.0,0.0,0.0038483518,0.0
0.0,-1.66666666666667,10.2222222222222,0.0,0.0,0.0020155644,0.0
0.0,-1.77777777777778,10.2222222222222,0.0,0.0,1.4154876e-05,0.0
0.0,-1.88888888888889,10.2222222222222,0.0,0.0,0.0015279608,0.0
0.0,-2.0,10.2222222222222,0.0,0.0,0.003332276,0.0
0.0,-2.11111111111111,10.2222222222222,0.0,0.0,7.365816e-05,0.0
0.0,-2.22222222222222,10.2222222222222,0.0,0.0,0.0010978362,0.0
0.0,-2.33333333333333,10.2222222222222,0.0,0.0,0.00021689448,0.0
0.0,-2.44444444444444,10.2222222222222,0.0,0.0,0.0009349594,0.0
0.0,-2.55555555555556,10.2222222222222,0.0,0.0,0.0003974182,0.0
0.0,-2.66666666666667,10.2222222222222,0.0,0.0,0.0014923944,0.0
0.0,-2.77777777777778,10.2222222222222,0.0,0.0,0.0006163469,0.0
0.0,-2.88888888888889,10.2222222222222,0.0,0.0,0.0036061255,0.0
0.0,-3.0,10.2222222222222,0.0,0.0,0.00062394515,0.0
0.0,-3.11111111111111,10.2222222222222,0.0,0.0,0.001115082,0.0
0.0,-3.22222222222222,10.2222222222222,0.0,0.0,0.00019148896,0.0
0.0,-3.33333333333333,10.2222222222222,0.0,0.0,0.0028865493,0.0
0.0,-3.44444444444444,10.2222222222222,0.0,0.0,0.0018212117,0.0
0.0,-3.55555555555556,10.2222222222222,0.0,0.0,0.0024261444,0.0
0.0,-3.66666666666667,10.2222222222222,0.0,0.0,0.00021877475,0.0
0.0,-3.77777777777778,10.2222222222222,0.0,0.0,0.0014300187,0.0
0.0,-3.88888888888889,10.2222222222222,0.0,0.0,0.0009508674,0.0
0.0,-4.0,10.2222222222222,0.0,0.0,7.3039126e-05,0.0
0.0,-4.11111111111111,10.2222222222222,0.0,0.0,0.0009798799,0.0
0.0,-0.0,10.3333333333333,0.0,0.0,0.0005847856,0.0
0.0,-0.111111111111111,10.3333333333333,0.0,0.0,0.002499414,0.0
0.0,-0.222222222222222,10.3333333333333,0.0,0.0,0.0013626989,0.0
0.0,-0.333333333333333,10.3333333333333,0.0,0.0,0.00037490833,0.0
0.0,-0.444444444444444,10.3333333333333,0.0,0.0,0.00076159334,0.0
0.0,-0.555555555555556,10.3333333333333,0.0,0.0,3.040977e-05,0.0
0.0,-0.666666666666667,10.3333333333333,0.0,0.0,0.0010993171,0.0
0.0,-0.777777777777778,10.3333333333333,0.0,0.0,0.0020265707,0.0
0.0,-0.888888888888889,10.3333333333333,0.0,0.0,0.0016904661,0.0
0.0,-1.0,10.3333333333333,0.0,0.0,0.0027852508,0.0
0.0,-1.11111111111111,10.3333333333333,0.0,0.0,0.003092605,0.0
0.0,-1.22222222222222,10.3333333333333,0.0,0.0,0.0005135737,0.0
0.0,-1.33333333333333,10.3333333333333,0.0,0.0,0.0022369397,0.0
0.0,-1.44444444444444,10.3333333333333,0.0,0.0,0.0011932309,0.0
0.0,-1.55555555555556,10.3333333333333,0.0,0.0,0.0050591324,0.0
0.0,-1.66666666666667,10.3333333333333,0.0,0.0,0.0014796075,0.0
0.0,-1.77777777777778,10.3333333333333,0.0,0.0,0.0009903891,0.0
0.0,-1.88888888888889,10.3333333333333,0.0,0.0,0.0018199597,0.0
0.0,-2.0,10.3333333333333,0.0,0.0,0.0008678963,0.0
0.0,-2.11111111111111,10.3333333333333,0.0,0.0,0.00046044457,0.0
0.0,-2.22222222222222,10.3333333333333,0.0,0.0,0.0014604137,0.0
0.0,-2.33333333333333,10.3333333333333,0.0,0.0,0.00051241746,0.0
0.0,-2.44444444444444,10.3333333333333,0.0,0.0,0.00039610034,0.0
0.0,-2.55555555555556,10.3333333333333,0.0,0.0,3.364558e-05,0.0
0.0,-2.66666666666667,10.3333333333333,0.0,0.0,6.0666214e-05,0.0
0.0,-2.77777777777778,10.3333333333333,0.0,0.0,0.0015702269,0.0
0.0,-2.88888888888889,10.3333333333333,0.0,0.0,0.0009677871,0.0
0.0,-3.0,10.3333333333333,0.0,0.0,0.0034874363,0.0
0.0,-3.11111111111111,10.3333333333333,0.0,0.0,0.00025906193,0.0
0.0,-3.22222222222222,10.3333333333333,0.0,0.0,8.264737e-05,0.0
0.0,-3.33333333333333,10.3333333333333,0.0,0.0,0.0005020202,0.0
0.0,-3.44444444444444,10.3333333333333,0.0,0.0,0.0018282307,0.0
0.0,-3.55555555555556,10.3333333333333,0.0,0.0,0.0014488263,0.0
0.0,-3.66666666666667,10.3333333333333,0.0,0.0,0.00093028264,0.0
0.0,-3.77777777777778,10.3333333333333,0.0,0.0,0.0024199379,0.0
0.0,-3.88888888888889,10.3333333333333,0.0,0.0,0.0011498726,0.0
0.0,-4.0,10.3333333333333,0.0,0.0,0.00047075245,0.0
0.0,-4.11111111111111,10.3333333333333,0.0,0.0,0.0010374117,0.0
0.0,-4.44444444444444,10.3333333333333,0.0,0.0,0.0016588566,0.0
0.0,-0.0,10.4444444444444,0.0,0.0,0.0046828426,0.0
0.0,-0.111111111111111,10.4444444444444,0.0,0.0,0.0009168332,0.0
0.0,-0.222222222222222,10.4444444444444,0.0,0.0,0.0010041022,0.0
0.0,-0.333333333333333,10.4444444444444,0.0,0.0,0.00010400016,0.0
0.0,-0.444444444444444,10.4444444444444,0.0,0.0,0.00071693875,0.0
0.0,-0.555555555555556,10.4444444444444,0.0,0.0,1.1715532e-05,0.0
0.0,-0.666666666666667,10.4444444444444,0.0,0.0,0.0042031948,0.0
0.0,-0.777777777777778,10.4444444444444,0.0,0.0,0.00049650733,0.0
0.0,-0.888888888888889,10.4444444444444,0.0,0.0,0.0012720944,0.0
0.0,-1.0,10.4444444444444,0.0,0.0,0.0028747402,0.0
0.0,-1.11111111111111,10.4444444444444,0.0,0.0,0.0015654514,0.0
0.0,-1.22222222222222,10.4444444444444,0.0,0.0,0.0015701551,0.0
0.0,-1.33333333333333,10.4444444444444,0.0,0.0,0.0030703282,0.0
0.0,-1.44444444444444,10.4444444444444,0.0,0.0,1.4661429e-05,0.0
0.0,-1.55555555555556,10.4444444444444,0.0,0.0,0.0027680802,0.0
0.0,-1.66666666666667,10.4444444444444,0.0,0.0,0.000799421,0.0
0.0,-1.77777777777778,10.4444444444444,0.0,0.0,0.0008558283,0.0
0.0,-1.88888888888889,10.4444444444444,0.0,0.0,0.0010392697,0.0
0.0,-2.0,10.4444444444444,0.0,0.0,0.011148006,0.0
0.0,-2.11111111111111,10.4444444444444,0.0,0.0,0.00017122384,0.0
0.0,-2.22222222222222,10.4444444444444,0.0,0.0,0.0003076191,0.0
0.0,-2.33333333333333,10.4444444444444,0.0,0.0,0.0023905674,0.0
0.0,-2.44444444444444,10.4444444444444,0.0,0.0,5.2224197e-05,0.0
0.0,-2.55555555555556,10.4444444444444,0.0,0.0,3.9966297e-05,0.0
0.0,-2.66666666666667,10.4444444444444,0.0,0.0,0.00025239427,0.0
0.0,-2.77777777777778,10.4444444444444,0.0,0.0,0.0019680914,0.0
0.0,-2.88888888888889,10.4444444444444,0.0,0.0,0.0002852546,0.0
0.0,-3.0,10.4444444444444,0.0,0.0,0.0051268134,0.0
0.0,-3.11111111111111,10.4444444444444,0.0,0.0,4.827574e-05,0.0
0.0,-3.22222222222222,10.4444444444444,0.0,0.0,6.668787e-05,0.0
0.0,-3.33333333333333,10.4444444444444,0.0,0.0,0.0014519294,0.0
0.0,-3.44444444444444,10.4444444444444,0.0,0.0,0.0007168895,0.0
0.0,-3.55555555555556,10.4444444444444,0.0,0.0,0.000870505,0.0
0.0,-3.66666666666667,10.4444444444444,0.0,0.0,0.0005531388,0.0
0.0,-3.77777777777778,10.4444444444444,0.0,0.0,0.0006740382,0.0
0.0,-3.88888888888889,10.4444444444444,0.0,0.0,0.0011588202,0.0
0.0,-4.0,10.4444444444444,0.0,0.0,0.0008866708,0.0
0.0,-4.11111111111111,10.4444444444444,0.0,0.0,0.00051108137,0.0
0.0,-4.22222222222222,10.4444444444444,0.0,0.0,0.00029787314,0.0
0.0,-0.0,10.5555555555556,0.0,0.0,0.019644225,0.0
0.0,-0.111111111111111,10.5555555555556,0.0,0.0,4.0697738e-05,0.0
0.0,-0.222222222222222,10.5555555555556,0.0,0.0,0.00067850854,0.0
0.0,-0.333333333333333,10.5555555555556,0.0,0.0,0.0005243102,0.0
0.0,-0.444444444444444,10.5555555555556,0.0,0.0,0.00045533752,0.0
0.0,-0.555555555555556,10.5555555555556,0.0,0.0,0.00056495075,0.0
0.0,-0.666666666666667,10.5555555555556,0.0,0.0,0.0048862346,0.0
0.0,-0.777777777777778,10.5555555555556,0.0,0.0,0.00016574646,0.0
0.0,-0.888888888888889,10.5555555555556,0.0,0.0,6.1205144e-05,0.0
0.0,-1.0,10.5555555555556,0.0,0.0,0.00212981,0.0
0.0,-1.11111111111111,10.5555555555556,0.0,0.0,0.00090342335,0.0
0.0,-1.22222222222222,10.5555555555556,0.0,0.0,0.0046969047,0.0
0.0,-1.33333333333333,10.5555555555556,0.0,0.0,0.0006688034,0.0
0.0,-1.44444444444444,10.5555555555556,0.0,0.0,0.0007182868,0.0
0.0,-1.55555555555556,10.5555555555556,0.0,0.0,0.002093397,0.0
0.0,-1.66666666666667,10.5555555555556,0.0,0.0,0.00041289374,0.0
0.0,-1.77777777777778,10.5555555555556,0.0,0.0,0.0009450042,0.0
0.0,-1.88888888888889,10.5555555555556,0.0,0.0,7.8759105e-05,0.0
0.0,-2.0,10.5555555555556,0.0,0.0,0.0208265,0.0
0.0,-2.11111111111111,10.5555555555556,0.0,0.0,2.664793e-05,0.0
0.0,-2.22222222222222,10.5555555555556,0.0,0.0,0.0003449142,0.0
0.0,-2.33333333333333,10.5555555555556,0.0,0.0,0.005423245,0.0
0.0,-2.44444444444444,10.5555555555556,0.0,0.0,0.00082503783,0.0
0.0,-2.55555555555556,10.5555555555556,0.0,0.0,0.00013656287,0.0
0.0,-2.66666666666667,10.5555555555556,0.0,0.0,0.00029104383,0.0
0.0,-2.77777777777778,10.5555555555556,0.0,0.0,0.0012796515,0.0
0.0,-2.88888888888889,10.5555555555556,0.0,0.0,0.0011665853,0.0
0.0,-3.0,10.5555555555556,0.0,0.0,0.002798453,0.0
0.0,-3.11111111111111,10.5555555555556,0.0,0.0,0.00010031555,0.0
0.0,-3.22222222222222,10.5555555555556,0.0,0.0,0.00024157019,0.0
0.0,-3.33333333333333,10.5555555555556,0.0,0.0,0.0020599721,0.0
0.0,-3.44444444444444,10.5555555555556,0.0,0.0,3.3801527e-05,0.0
0.0,-3.55555555555556,10.5555555555556,0.0,0.0,0.00041324119,0.0
0.0,-3.66666666666667,10.5555555555556,0.0,0.0,5.6183002e-05,0.0
0.0,-3.77777777777778,10.5555555555556,0.0,0.0,0.0024961536,0.0
0.0,-3.88888888888889,10.5555555555556,0.0,0.0,0.0010349293,0.0
0.0,-4.0,10.5555555555556,0.0,0.0,0.0002760288,0.0
0.0,-4.11111111111111,10.5555555555556,0.0,0.0,0.0008557068,0.0
0.0,-4.22222222222222,10.5555555555556,0.0,0.0,0.00059399277,0.0
0.0,-0.0,10.6666666666667,11.8170005886719,0.0,0.024203112,0.28656111974905635
0.0,-0.111111111111111,10.6666666666667,0.0,0.0,0.00051578693,0.0
0.0,-0.222222222222222,10.6666666666667,0.0,0.0,0.00027848914,0.0
0.0,-0.333333333333333,10.6666666666667,0.0,0.0,0.0014768913,0.0
0.0,-0.444444444444444,10.6666666666667,0.0,0.0,0.00507775,0.0
0.0,-0.555555555555556,10.6666666666667,0.0,0.0,0.0017939917,0.0
0.0,-0.666666666666667,10.6666666666667,0.0,0.0,0.0014600927,0.0
0.0,-0.777777777777778,10.6666666666667,0.0,0.0,3.1722386e-05,0.0
0.0,-0.888888888888889,10.6666666666667,0.0,0.0,0.0006977576,0.0
0.0,-1.0,10.6666666666667,0.0,0.0,0.001716342,0.0
0.0,-1.11111111111111,10.6666666666667,0.0,0.0,0.0013317763,0.0
0.0,-1.22222222222222,10.6666666666667,0.0,0.0,0.0057946513,0.0
0.0,-1.33333333333333,10.6666666666667,0.0,0.0,0.00020587245,0.0
0.0,-1.44444444444444,10.6666666666667,0.0,0.0,0.00087293657,0.0
0.0,-1.55555555555556,10.6666666666667,0.0,0.0,0.0015849279,0.0
0.0,-1.66666666666667,10.6666666666667,0.0,0.0,0.000519383,0.0
0.0,-1.77777777777778,10.6666666666667,18.634654551159,0.0,0.0017589121,0.45188856802089095
0.0,-1.88888888888889,10.6666666666667,0.0,0.0,0.00027208554,0.0
0.0,-2.0,10.6666666666667,0.0,0.0,0.013566596,0.0
0.0,-2.11111111111111,10.6666666666667,0.0,0.0,6.519323e-05,0.0
0.0,-2.22222222222222,10.6666666666667,0.0,0.0,0.0018708722,0.0
0.0,-2.33333333333333,10.6666666666667,0.0,0.0,0.0054734717,0.0
0.0,-2.44444444444444,10.6666666666667,0.0,0.0,0.0013817679,0.0
0.0,-2.55555555555556,10.6666666666667,0.0,0.0,3.9247512e-05,0.0
0.0,-2.66666666666667,10.6666666666667,0.0,0.0,0.0001269078,0.0
0.0,-2.77777777777778,10.6666666666667,0.0,0.0,0.0005443552,0.0
0.0,-2.88888888888889,10.6666666666667,0.0,0.0,0.0005844465,0.0
0.0,-3.0,10.6666666666667,0.0,0.0,0.0010373247,0.0
0.0,-3.11111111111111,10.6666666666667,0.0,0.0,0.0009299642,0.0
0.0,-3.22222222222222,10.6666666666667,0.0,0.0,0.00027812447,0.0
0.0,-3.33333333333333,10.6666666666667,0.0,0.0,0.0015059243,0.0
0.0,-3.44444444444444,10.6666666666667,0.0,0.0,0.00035844152,0.0
0.0,-3.55555555555556,10.6666666666667,4.69473599793329,0.0,7.463021e-05,0.11384689324494372
0.0,-3.66666666666667,10.6666666666667,0.0,0.0,0.0015245067,0.0
0.0,-3.77777777777778,10.6666666666667,0.0,0.0,0.0056737624,0.0
0.0,-3.88888888888889,10.6666666666667,0.0,0.0,0.00032368532,0.0
0.0,-4.0,10.6666666666667,0.0,0.0,6.328306e-05,0.0
0.0,-4.11111111111111,10.6666666666667,0.0,0.0,0.0009853061,0.0
0.0,-4.22222222222222,10.6666666666667,0.0,0.0,0.00069606607,0.0
0.0,-0.0,10.7777777777778,0.0,0.0,0.017898707,0.0
0.0,-0.111111111111111,10.7777777777778,0.0,0.0,0.00036496564,0.0
0.0,-0.222222222222222,10.7777777777778,0.0,0.0,0.00015843303,0.0
0.0,-0.333333333333333,10.7777777777778,0.0,0.0,0.0037938843,0.0
0.0,-0.444444444444444,10.7777777777778,0.0,0.0,0.008730949,0.0
0.0,-0.555555555555556,10.7777777777778,0.0,0.0,0.0015798149,0.0
0.0,-0.666666666666667,10.7777777777778,0.0,0.0,0.00021485782,0.0
0.0,-0.777777777777778,10.7777777777778,0.0,0.0,0.0006157481,0.0
0.0,-0.888888888888889,10.7777777777778,0.0,0.0,0.0010293946,0.0
0.0,-1.0,10.7777777777778,0.0,0.0,0.001474303,0.0
0.0,-1.11111111111111,10.7777777777778,0.0,0.0,0.00082014623,0.0
0.0,-1.22222222222222,10.7777777777778,0.0,0.0,0.0022437905,0.0
0.0,-1.33333333333333,10.7777777777778,0.0,0.0,0.0020015535,0.0
0.0,-1.44444444444444,10.7777777777778,0.0,0.0,0.0007934297,0.0
0.0,-1.55555555555556,10.7777777777778,0.0,0.0,0.00026695302,0.0
0.0,-1.66666666666667,10.7777777777778,0.0,0.0,0.00038764265,0.0
0.0,-1.77777777777778,10.7777777777778,0.0,0.0,0.0006799206,0.0
0.0,-1.88888888888889,10.7777777777778,0.0,0.0,0.0007250003,0.0
0.0,-2.0,10.7777777777778,0.0,0.0,0.0025865203,0.0
0.0,-2.11111111111111,10.7777777777778,0.0,0.0,0.0006264487,0.0
0.0,-2.22222222222222,10.7777777777778,0.0,0.0,0.0023203203,0.0
0.0,-2.33333333333333,10.7777777777778,0.0,0.0,0.0019797857,0.0
0.0,-2.44444444444444,10.7777777777778,0.0,0.0,0.0014900394,0.0
0.0,-2.55555555555556,10.7777777777778,0.0,0.0,0.00021316833,0.0
0.0,-2.66666666666667,10.7777777777778,0.0,0.0,0.00018711049,0.0
0.0,-2.77777777777778,10.7777777777778,0.0,0.0,7.127892e-05,0.0
0.0,-2.88888888888889,10.7777777777778,0.0,0.0,4.4504766e-05,0.0
0.0,-3.0,10.7777777777778,0.0,0.0,0.003398348,0.0
0.0,-3.11111111111111,10.7777777777778,0.0,0.0,0.0037207778,0.0
0.0,-3.22222222222222,10.7777777777778,0.0,0.0,0.00019829572,0.0
0.0,-3.33333333333333,10.7777777777778,0.0,0.0,0.0014900658,0.0
0.0,-3.44444444444444,10.7777777777778,0.0,0.0,0.00054822105,0.0
0.0,-3.55555555555556,10.7777777777778,0.0,0.0,0.00058757793,0.0
0.0,-3.66666666666667,10.7777777777778,0.0,0.0,0.0050050816,0.0
0.0,-3.77777777777778,10.7777777777778,0.0,0.0,0.003736332,0.0
0.0,-3.88888888888889,10.7777777777778,0.0,0.0,1.8890964e-06,0.0
0.0,-4.0,10.7777777777778,0.0,0.0,0.0003315612,0.0
0.0,-4.11111111111111,10.7777777777778,0.0,0.0,0.0005965795,0.0
0.0,-0.0,10.8888888888889,0.0,0.0,0.010444652,0.0
0.0,-0.111111111111111,10.8888888888889,0.0,0.0,0.00023091235,0.0
0.0,-0.222222222222222,10.8888888888889,0.0,0.0,5.335759e-05,0.0
0.0,-0.333333333333333,10.8888888888889,0.0,0.0,0.008316298,0.0
0.0,-0.444444444444444,10.8888888888889,0.0,0.0,0.0063463217,0.0
0.0,-0.555555555555556,10.8888888888889,0.0,0.0,0.0010950655,0.0
0.0,-0.666666666666667,10.8888888888889,0.0,0.0,0.0006856864,0.0
0.0,-0.777777777777778,10.8888888888889,0.0,0.0,0.002422678,0.0
0.0,-0.888888888888889,10.8888888888889,0.0,0.0,0.0002885803,0.0
0.0,-1.0,10.8888888888889,0.0,0.0,0.0022565639,0.0
0.0,-1.11111111111111,10.8888888888889,0.0,0.0,0.001458412,0.0
0.0,-1.22222222222222,10.8888888888889,0.0,0.0,0.001115331,0.0
0.0,-1.33333333333333,10.8888888888889,0.0,0.0,0.003231731,0.0
0.0,-1.44444444444444,10.8888888888889,0.0,0.0,0.002250645,0.0
0.0,-1.55555555555556,10.8888888888889,0.0,0.0,0.00022292203,0.0
0.0,-1.66666666666667,10.8888888888889,0.0,0.0,2.6043148e-05,0.0
0.0,-1.77777777777778,10.8888888888889,0.0,0.0,0.000314501,0.0
0.0,-1.88888888888889,10.8888888888889,0.0,0.0,0.00079969596,0.0
0.0,-2.0,10.8888888888889,0.0,0.0,0.009195609,0.0
0.0,-2.11111111111111,10.8888888888889,0.0,0.0,0.0039438056,0.0
0.0,-2.22222222222222,10.8888888888889,0.0,0.0,0.0020874056,0.0
0.0,-2.33333333333333,10.8888888888889,0.0,0.0,0.0005468802,0.0
0.0,-2.44444444444444,10.8888888888889,0.0,0.0,0.0018191827,0.0
0.0,-2.55555555555556,10.8888888888889,0.0,0.0,0.0015041977,0.0
0.0,-2.66666666666667,10.8888888888889,0.0,0.0,0.0007310166,0.0
0.0,-2.77777777777778,10.8888888888889,0.0,0.0,0.0026747182,0.0
0.0,-2.88888888888889,10.8888888888889,0.0,0.0,0.00090800936,0.0
0.0,-3.0,10.8888888888889,0.0,0.0,0.007309555,0.0
0.0,-3.11111111111111,10.8888888888889,0.0,0.0,0.004774377,0.0
0.0,-3.22222222222222,10.8888888888889,0.0,0.0,0.0014093248,0.0
0.0,-3.33333333333333,10.8888888888889,0.0,0.0,0.0028321322,0.0
0.0,-3.44444444444444,10.8888888888889,0.0,0.0,0.0002205136,0.0
0.0,-3.55555555555556,10.8888888888889,0.0,0.0,0.0011893606,0.0
0.0,-3.66666666666667,10.8888888888889,0.0,0.0,0.0121341385,0.0
0.0,-3.77777777777778,10.8888888888889,0.0,0.0,0.0016739644,0.0
0.0,-3.88888888888889,10.8888888888889,0.0,0.0,9.632975e-05,0.0
0.0,-4.0,10.8888888888889,0.0,0.0,0.001056698,0.0
0.0,-0.111111111111111,11.0,0.0,0.0,0.0007646767,0.0
0.0,-0.222222222222222,11.0,0.0,0.0,0.00013816266,0.0
0.0,-0.333333333333333,11.0,0.0,0.0,0.0136852125,0.0
0.0,-0.444444444444444,11.0,0.0,0.0,0.003145003,0.0
0.0,-0.555555555555556,11.0,0.0,0.0,0.0031248054,0.0
0.0,-0.666666666666667,11.0,0.0,0.0,0.00057924585,0.0
0.0,-0.777777777777778,11.0,0.0,0.0,0.003645031,0.0
0.0,-0.888888888888889,11.0,0.0,0.0,0.00092940213,0.0
0.0,-1.11111111111111,11.0,0.0,0.0,0.0025063306,0.0
0.0,-1.22222222222222,11.0,0.0,0.0,0.0015153141,0.0
0.0,-1.33333333333333,11.0,0.0,0.0,0.0030777885,0.0
0.0,-1.44444444444444,11.0,0.0,0.0,0.0032857792,0.0
0.0,-1.55555555555556,11.0,0.0,0.0,0.00079717947,0.0
0.0,-1.66666666666667,11.0,0.0,0.0,0.0008819382,0.0
0.0,-1.77777777777778,11.0,0.0,0.0,0.001773272,0.0
0.0,-1.88888888888889,11.0,0.0,0.0,0.001894338,0.0
0.0,-2.11111111111111,11.0,0.0,0.0,0.006933318,0.0
0.0,-2.22222222222222,11.0,0.0,0.0,0.0026334452,0.0
0.0,-2.33333333333333,11.0,0.0,0.0,0.0013249938,0.0
0.0,-2.44444444444444,11.0,0.0,0.0,0.0031160163,0.0
0.0,-2.55555555555556,11.0,0.0,0.0,0.0034598757,0.0
0.0,-2.66666666666667,11.0,0.0,0.0,0.0010375574,0.0
0.0,-2.77777777777778,11.0,0.0,0.0,0.005304832,0.0
0.0,-2.88888888888889,11.0,0.0,0.0,0.0007374158,0.0
0.0,-3.11111111111111,11.0,0.0,0.0,0.002654959,0.0
0.0,-3.22222222222222,11.0,0.0,0.0,0.002718359,0.0
0.0,-3.33333333333333,11.0,0.0,0.0,0.0039045475,0.0
0.0,-3.44444444444444,11.0,0.0,0.0,0.00012729365,0.0
0.0,-3.55555555555556,11.0,0.0,0.0,0.0011642695,0.0
0.0,-3.66666666666667,11.0,0.0,0.0,0.019022297,0.0
0.0,-3.77777777777778,11.0,0.0,0.0,0.0019642944,0.0
0.0,-0.0,11.1111111111111,0.0,0.0,0.0018015672,0.0
0.0,-0.111111111111111,11.1111111111111,0.0,0.0,0.0010738745,0.0
0.0,-0.222222222222222,11.1111111111111,0.0,0.0,0.0002931297,0.0
0.0,-0.333333333333333,11.1111111111111,0.0,0.0,0.015582763,0.0
0.0,-0.444444444444444,11.1111111111111,0.0,0.0,0.0018439912,0.0
0.0,-0.555555555555556,11.1111111111111,0.0,0.0,0.0028624928,0.0
0.0,-0.666666666666667,11.1111111111111,0.0,0.0,0.0012540497,0.0
0.0,-0.777777777777778,11.1111111111111,0.0,0.0,0.0029970745,0.0
0.0,-0.888888888888889,11.1111111111111,0.0,0.0,0.0010973061,0.0
0.0,-1.0,11.1111111111111,0.0,0.0,0.0034381703,0.0
0.0,-1.11111111111111,11.1111111111111,0.0,0.0,0.0014566311,0.0
0.0,-1.22222222222222,11.1111111111111,0.0,0.0,0.00016755413,0.0
0.0,-1.33333333333333,11.1111111111111,0.0,0.0,0.0011469123,0.0
0.0,-1.44444444444444,11.1111111111111,0.0,0.0,0.0025669816,0.0
0.0,-1.55555555555556,11.1111111111111,0.0,0.0,0.0018410209,0.0
0.0,-1.66666666666667,11.1111111111111,0.0,0.0,0.0013850939,0.0
0.0,-1.77777777777778,11.1111111111111,0.0,0.0,0.0014820689,0.0
0.0,-1.88888888888889,11.1111111111111,0.0,0.0,0.0030474782,0.0
0.0,-2.0,11.1111111111111,0.0,0.0,0.009335809,0.0
0.0,-2.11111111111111,11.1111111111111,0.0,0.0,0.004928998,0.0
0.0,-2.22222222222222,11.1111111111111,0.0,0.0,0.002378671,0.0
0.0,-2.33333333333333,11.1111111111111,0.0,0.0,0.0006457973,0.0
0.0,-2.44444444444444,11.1111111111111,0.0,0.0,0.003469064,0.0
0.0,-2.55555555555556,11.1111111111111,0.0,0.0,0.0030492619,0.0
0.0,-2.66666666666667,11.1111111111111,0.0,0.0,0.0002578022,0.0
0.0,-2.77777777777778,11.1111111111111,0.0,0.0,0.003163923,0.0
0.0,-2.88888888888889,11.1111111111111,0.0,0.0,0.00011259634,0.0
0.0,-3.0,11.1111111111111,0.0,0.0,0.005057832,0.0
0.0,-3.11111111111111,11.1111111111111,0.0,0.0,0.0014131865,0.0
0.0,-3.22222222222222,11.1111111111111,0.0,0.0,0.002652541,0.0
0.0,-3.33333333333333,11.1111111111111,0.0,0.0,0.003783224,0.0
0.0,-3.44444444444444,11.1111111111111,0.0,0.0,9.386475e-05,0.0
0.0,-3.55555555555556,11.1111111111111,0.0,0.0,0.0007694373,0.0
0.0,-3.66666666666667,11.1111111111111,0.0,0.0,0.015532021,0.0
0.0,-3.77777777777778,11.1111111111111,0.0,0.0,0.001734882,0.0
0.0,-4.0,11.1111111111111,0.0,0.0,0.0016078268,0.0
0.0,-0.0,11.2222222222222,0.0,0.0,0.012707925,0.0
0.0,-0.111111111111111,11.2222222222222,0.0,0.0,0.00053956,0.0
0.0,-0.222222222222222,11.2222222222222,0.0,0.0,6.343803e-05,0.0
0.0,-0.333333333333333,11.2222222222222,0.0,0.0,0.012106473,0.0
0.0,-0.444444444444444,11.2222222222222,0.0,0.0,0.0025990547,0.0
0.0,-0.555555555555556,11.2222222222222,0.0,0.0,0.00047192554,0.0
0.0,-0.666666666666667,11.2222222222222,0.0,0.0,0.0013793223,0.0
0.0,-0.777777777777778,11.2222222222222,0.0,0.0,0.0014554171,0.0
0.0,-0.888888888888889,11.2222222222222,0.0,0.0,0.0008284332,0.0
0.0,-1.0,11.2222222222222,0.0,0.0,0.002587447,0.0
0.0,-1.11111111111111,11.2222222222222,0.0,0.0,0.00042915982,0.0
0.0,-1.22222222222222,11.2222222222222,0.0,0.0,0.0010118114,0.0
0.0,-1.33333333333333,11.2222222222222,0.0,0.0,0.0005370242,0.0
0.0,-1.44444444444444,11.2222222222222,0.0,0.0,0.0015702981,0.0
0.0,-1.55555555555556,11.2222222222222,0.0,0.0,0.0024949217,0.0
0.0,-1.66666666666667,11.2222222222222,0.0,0.0,0.00055122195,0.0
0.0,-1.77777777777778,11.2222222222222,0.0,0.0,0.00034922422,0.0
0.0,-1.88888888888889,11.2222222222222,0.0,0.0,0.0027867542,0.0
0.0,-2.0,11.2222222222222,0.0,0.0,0.00090103777,0.0
0.0,-2.11111111111111,11.2222222222222,0.0,0.0,0.0022387663,0.0
0.0,-2.22222222222222,11.2222222222222,0.0,0.0,0.00086959667,0.0
0.0,-2.33333333333333,11.2222222222222,0.0,0.0,0.00059289683,0.0
0.0,-2.44444444444444,11.2222222222222,0.0,0.0,0.0015594863,0.0
0.0,-2.55555555555556,11.2222222222222,0.0,0.0,0.00075143017,0.0
0.0,-2.66666666666667,11.2222222222222,0.0,0.0,0.0001696763,0.0
0.0,-2.77777777777778,11.2222222222222,0.0,0.0,0.0005806444,0.0
0.0,-2.88888888888889,11.2222222222222,0.0,0.0,0.0003309382,0.0
0.0,-3.0,11.2222222222222,0.0,0.0,0.002565689,0.0
0.0,-3.11111111111111,11.2222222222222,0.0,0.0,0.0012228626,0.0
0.0,-3.22222222222222,11.2222222222222,0.0,0.0,0.0032677406,0.0
0.0,-3.33333333333333,11.2222222222222,0.0,0.0,0.0021489009,0.0
0.0,-3.44444444444444,11.2222222222222,0.0,0.0,0.00018835274,0.0
0.0,-3.55555555555556,11.2222222222222,0.0,0.0,0.0004782525,0.0
0.0,-3.66666666666667,11.2222222222222,0.0,0.0,0.0050326306,0.0
0.0,-4.0,11.2222222222222,0.0,0.0,0.0009378574,0.0
0.0,-0.0,11.3333333333333,0.0,0.0,0.023758013,0.0
0.0,-0.111111111111111,11.3333333333333,0.0,0.0,0.00029951712,0.0
0.0,-0.222222222222222,11.3333333333333,0.0,0.0,0.0005204976,0.0
0.0,-0.333333333333333,11.3333333333333,0.0,0.0,0.0066918945,0.0
0.0,-0.444444444444444,11.3333333333333,0.0,0.0,0.006537007,0.0
0.0,-0.555555555555556,11.3333333333333,0.0,0.0,0.0012157506,0.0
0.0,-0.666666666666667,11.3333333333333,0.0,0.0,0.0012308952,0.0
0.0,-0.777777777777778,11.3333333333333,0.0,0.0,0.0005621526,0.0
0.0,-0.888888888888889,11.3333333333333,0.0,0.0,0.0010376506,0.0
0.0,-1.0,11.3333333333333,0.0,0.0,0.0015816665,0.0
0.0,-1.11111111111111,11.3333333333333,0.0,0.0,0.0004587024,0.0
0.0,-1.22222222222222,11.3333333333333,0.0,0.0,0.0026724215,0.0
0.0,-1.33333333333333,11.3333333333333,0.0,0.0,0.00142673,0.0
0.0,-1.44444444444444,11.3333333333333,0.0,0.0,0.0016192897,0.0
0.0,-1.55555555555556,11.3333333333333,0.0,0.0,0.00140027,0.0
0.0,-1.66666666666667,11.3333333333333,0.0,0.0,0.0013786934,0.0
0.0,-1.77777777777778,11.3333333333333,0.0,0.0,0.00011974572,0.0
0.0,-1.88888888888889,11.3333333333333,0.0,0.0,0.0021913277,0.0
0.0,-2.0,11.3333333333333,0.0,0.0,0.001306214,0.0
0.0,-2.11111111111111,11.3333333333333,0.0,0.0,0.002980298,0.0
0.0,-2.22222222222222,11.3333333333333,0.0,0.0,0.00038104362,0.0
0.0,-2.33333333333333,11.3333333333333,0.0,0.0,0.0019074254,0.0
0.0,-2.44444444444444,11.3333333333333,0.0,0.0,0.00020746641,0.0
0.0,-2.55555555555556,11.3333333333333,0.0,0.0,0.0007260107,0.0
0.0,-2.66666666666667,11.3333333333333,0.0,0.0,0.0006548949,0.0
0.0,-2.77777777777778,11.3333333333333,0.0,0.0,0.00020830704,0.0
0.0,-2.88888888888889,11.3333333333333,0.0,0.0,0.0003926463,0.0
0.0,-3.0,11.3333333333333,0.0,0.0,0.0022285436,0.0
0.0,-3.11111111111111,11.3333333333333,0.0,0.0,0.0008697298,0.0
0.0,-3.22222222222222,11.3333333333333,0.0,0.0,0.003691693,0.0
0.0,-3.33333333333333,11.3333333333333,0.0,0.0,0.00038606592,0.0
0.0,-3.44444444444444,11.3333333333333,0.0,0.0,0.00058117684,0.0
0.0,-3.55555555555556,11.3333333333333,0.0,0.0,0.00065953424,0.0
0.0,-3.66666666666667,11.3333333333333,0.0,0.0,0.00050766807,0.0
0.0,-3.77777777777778,11.3333333333333,0.0,0.0,0.00034602222,0.0
0.0,-3.88888888888889,11.3333333333333,0.0,0.0,0.00023947353,0.0
0.0,-0.0,11.4444444444444,0.0,0.0,0.028608846,0.0
0.0,-0.111111111111111,11.4444444444444,0.0,0.0,0.0004927594,0.0
0.0,-0.222222222222222,11.4444444444444,0.0,0.0,0.0017864316,0.0
0.0,-0.333333333333333,11.4444444444444,0.0,0.0,0.0028898919,0.0
0.0,-0.444444444444444,11.4444444444444,0.0,0.0,0.008989926,0.0
0.0,-0.555555555555556,11.4444444444444,0.0,0.0,0.0029563862,0.0
0.0,-0.666666666666667,11.4444444444444,0.0,0.0,0.0023763273,0.0
0.0,-0.777777777777778,11.4444444444444,0.0,0.0,0.00061748753,0.0
0.0,-0.888888888888889,11.4444444444444,0.0,0.0,0.00027562585,0.0
0.0,-1.0,11.4444444444444,0.0,0.0,1.3591523e-05,0.0
0.0,-1.11111111111111,11.4444444444444,0.0,0.0,0.0005204342,0.0
0.0,-1.22222222222222,11.4444444444444,0.0,0.0,0.0014839296,0.0
0.0,-1.33333333333333,11.4444444444444,0.0,0.0,0.00072006014,0.0
0.0,-1.44444444444444,11.4444444444444,0.0,0.0,0.0017693441,0.0
0.0,-1.55555555555556,11.4444444444444,0.0,0.0,0.0005088218,0.0
0.0,-1.66666666666667,11.4444444444444,0.0,0.0,0.0019378065,0.0
0.0,-1.77777777777778,11.4444444444444,0.0,0.0,0.00051760336,0.0
0.0,-1.88888888888889,11.4444444444444,0.0,0.0,0.0010133192,0.0
0.0,-2.0,11.4444444444444,0.0,0.0,0.0006115406,0.0
0.0,-2.11111111111111,11.4444444444444,0.0,0.0,0.003950841,0.0
0.0,-2.22222222222222,11.4444444444444,0.0,0.0,0.0009115994,0.0
0.0,-2.33333333333333,11.4444444444444,0.0,0.0,0.0024856306,0.0
0.0,-2.44444444444444,11.4444444444444,0.0,0.0,0.00018911481,0.0
0.0,-2.55555555555556,11.4444444444444,0.0,0.0,0.002304743,0.0
0.0,-2.66666666666667,11.4444444444444,0.0,0.0,0.0008120692,0.0
0.0,-2.77777777777778,11.4444444444444,0.0,0.0,0.00043624509,0.0
0.0,-2.88888888888889,11.4444444444444,0.0,0.0,0.0008037637,0.0
0.0,-3.0,11.4444444444444,0.0,0.0,0.001953133,0.0
0.0,-3.11111111111111,11.4444444444444,0.0,0.0,0.0012078835,0.0
0.0,-3.22222222222222,11.4444444444444,0.0,0.0,0.0014697788,0.0
0.0,-3.33333333333333,11.4444444444444,0.0,0.0,0.0006861721,0.0
0.0,-3.44444444444444,11.4444444444444,0.0,0.0,0.001170437,0.0
0.0,-3.55555555555556,11.4444444444444,0.0,0.0,0.0013740208,0.0
0.0,-3.66666666666667,11.4444444444444,0.0,0.0,0.0004069112,0.0
0.0,-3.77777777777778,11.4444444444444,0.0,0.0,0.0015118495,0.0
0.0,-4.11111111111111,11.4444444444444,0.0,0.0,0.002338158,0.0
0.0,-0.0,11.5555555555556,0.0,0.0,0.018832328,0.0
0.0,-0.111111111111111,11.5555555555556,0.0,0.0,0.00046040633,0.0
0.0,-0.222222222222222,11.5555555555556,0.0,0.0,0.0011907516,0.0
0.0,-0.333333333333333,11.5555555555556,0.0,0.0,0.0013071697,0.0
0.0,-0.444444444444444,11.5555555555556,0.0,0.0,0.0057566767,0.0
0.0,-0.555555555555556,11.5555555555556,0.0,0.0,0.0034673368,0.0
0.0,-0.666666666666667,11.5555555555556,0.0,0.0,0.003725439,0.0
0.0,-0.777777777777778,11.5555555555556,0.0,0.0,0.0016952265,0.0
0.0,-0.888888888888889,11.5555555555556,0.0,0.0,0.0016420154,0.0
0.0,-1.0,11.5555555555556,0.0,0.0,0.0026973602,0.0
0.0,-1.11111111111111,11.5555555555556,0.0,0.0,0.0012157666,0.0
0.0,-1.22222222222222,11.5555555555556,0.0,0.0,1.3054387e-05,0.0
0.0,-1.33333333333333,11.5555555555556,0.0,0.0,0.0023452486,0.0
0.0,-1.44444444444444,11.5555555555556,0.0,0.0,0.0016847979,0.0
0.0,-1.55555555555556,11.5555555555556,0.0,0.0,0.00033916475,0.0
0.0,-1.66666666666667,11.5555555555556,0.0,0.0,0.00096929836,0.0
0.0,-1.77777777777778,11.5555555555556,0.0,0.0,0.0007480048,0.0
0.0,-1.88888888888889,11.5555555555556,0.0,0.0,0.00097566715,0.0
0.0,-2.0,11.5555555555556,0.0,0.0,0.00058106275,0.0
0.0,-2.11111111111111,11.5555555555556,0.0,0.0,0.0039236913,0.0
0.0,-2.22222222222222,11.5555555555556,0.0,0.0,0.0005896153,0.0
0.0,-2.33333333333333,11.5555555555556,0.0,0.0,0.002717252,0.0
0.0,-2.44444444444444,11.5555555555556,0.0,0.0,0.00031376278,0.0
0.0,-2.55555555555556,11.5555555555556,0.0,0.0,0.0016958955,0.0
0.0,-2.66666666666667,11.5555555555556,0.0,0.0,0.002690284,0.0
0.0,-2.77777777777778,11.5555555555556,0.0,0.0,0.00062821823,0.0
0.0,-2.88888888888889,11.5555555555556,0.0,0.0,0.0019066415,0.0
0.0,-3.0,11.5555555555556,0.0,0.0,0.0009234535,0.0
0.0,-3.11111111111111,11.5555555555556,0.0,0.0,0.0013382105,0.0
0.0,-3.22222222222222,11.5555555555556,0.0,0.0,0.00038368444,0.0
0.0,-3.33333333333333,11.5555555555556,0.0,0.0,0.0011913384,0.0
0.0,-3.44444444444444,11.5555555555556,0.0,0.0,0.0014074642,0.0
0.0,-3.55555555555556,11.5555555555556,0.0,0.0,0.002182249,0.0
0.0,-3.66666666666667,11.5555555555556,0.0,0.0,4.0037536e-05,0.0
0.0,-3.77777777777778,11.5555555555556,0.0,0.0,0.0012098779,0.0
0.0,-3.88888888888889,11.5555555555556,0.0,0.0,0.00078271824,0.0
0.0,-0.0,11.6666666666667,0.0,0.0,0.0053999345,0.0
0.0,-0.111111111111111,11.6666666666667,0.0,0.0,0.00078758516,0.0
0.0,-0.222222222222222,11.6666666666667,0.0,0.0,0.0008316642,0.0
0.0,-0.333333333333333,11.6666666666667,0.0,0.0,0.0007634989,0.0
0.0,-0.444444444444444,11.6666666666667,0.0,0.0,0.0012585946,0.0
0.0,-0.555555555555556,11.6666666666667,0.0,0.0,0.003165799,0.0
0.0,-0.666666666666667,11.6666666666667,0.0,0.0,0.002572212,0.0
0.0,-0.777777777777778,11.6666666666667,0.0,0.0,0.0039668144,0.0
0.0,-0.888888888888889,11.6666666666667,0.0,0.0,0.00467563,0.0
0.0,-1.0,11.6666666666667,0.0,0.0,0.008279843,0.0
0.0,-1.11111111111111,11.6666666666667,0.0,0.0,0.0023474114,0.0
0.0,-1.22222222222222,11.6666666666667,0.0,0.0,0.0007575696,0.0
0.0,-1.33333333333333,11.6666666666667,0.0,0.0,0.0028721383,0.0
0.0,-1.44444444444444,11.6666666666667,0.0,0.0,0.0015881729,0.0
0.0,-1.55555555555556,11.6666666666667,0.0,0.0,6.3073545e-05,0.0
0.0,-1.66666666666667,11.6666666666667,0.0,0.0,0.00089675706,0.0
0.0,-1.77777777777778,11.6666666666667,0.0,0.0,0.0008796048,0.0
0.0,-1.88888888888889,11.6666666666667,0.0,0.0,0.0041989535,0.0
0.0,-2.0,11.6666666666667,0.0,0.0,0.0035588003,0.0
0.0,-2.11111111111111,11.6666666666667,0.0,0.0,0.0029749696,0.0
0.0,-2.22222222222222,11.6666666666667,0.0,0.0,0.00041767818,0.0
0.0,-2.33333333333333,11.6666666666667,0.0,0.0,0.0027592753,0.0
0.0,-2.44444444444444,11.6666666666667,0.0,0.0,0.00035847406,0.0
0.0,-2.55555555555556,11.6666666666667,0.0,0.0,0.00015861656,0.0
0.0,-2.66666666666667,11.6666666666667,0.0,0.0,0.0036726457,0.0
0.0,-2.77777777777778,11.6666666666667,0.0,0.0,0.000669946,0.0
0.0,-2.88888888888889,11.6666666666667,0.0,0.0,0.0021709006,0.0
0.0,-3.0,11.6666666666667,0.0,0.0,0.0006232133,0.0
0.0,-3.11111111111111,11.6666666666667,0.0,0.0,0.00063433545,0.0
0.0,-3.22222222222222,11.6666666666667,0.0,0.0,0.003022943,0.0
0.0,-3.33333333333333,11.6666666666667,0.0,0.0,0.00048519843,0.0
0.0,-3.44444444444444,11.6666666666667,0.0,0.0,0.0010615739,0.0
0.0,-3.55555555555556,11.6666666666667,0.0,0.0,0.0018680132,0.0
0.0,-3.66666666666667,11.6666666666667,0.0,0.0,1.1587306e-05,0.0
0.0,-3.77777777777778,11.6666666666667,0.0,0.0,0.0007726264,0.0
0.0,-3.88888888888889,11.6666666666667,0.0,0.0,0.00025978812,0.0
0.0,-0.0,11.7777777777778,0.0,0.0,0.014511927,0.0
0.0,-0.111111111111111,11.7777777777778,0.0,0.0,0.0014835679,0.0
0.0,-0.222222222222222,11.7777777777778,0.0,0.0,0.0029703388,0.0
0.0,-0.333333333333333,11.7777777777778,0.0,0.0,0.00028117528,0.0
0.0,-0.444444444444444,11.7777777777778,0.0,0.0,5.8819103e-05,0.0
0.0,-0.555555555555556,11.7777777777778,0.0,0.0,0.0016100402,0.0
0.0,-0.666666666666667,11.7777777777778,0.0,0.0,0.00015279913,0.0
0.0,-0.777777777777778,11.7777777777778,0.0,0.0,0.004717658,0.0
0.0,-0.888888888888889,11.7777777777778,0.0,0.0,0.0035447096,0.0
0.0,-1.0,11.7777777777778,0.0,0.0,0.006781518,0.0
0.0,-1.11111111111111,11.7777777777778,0.0,0.0,0.002425556,0.0
0.0,-1.22222222222222,11.7777777777778,0.0,0.0,0.0010498719,0.0
0.0,-1.33333333333333,11.7777777777778,0.0,0.0,0.00054803456,0.0
0.0,-1.44444444444444,11.7777777777778,0.0,0.0,0.0010886337,0.0
0.0,-1.55555555555556,11.7777777777778,0.0,0.0,0.001487341,0.0
0.0,-1.66666666666667,11.7777777777778,0.0,0.0,0.0018131755,0.0
0.0,-1.77777777777778,11.7777777777778,0.0,0.0,0.0018533635,0.0
0.0,-1.88888888888889,11.7777777777778,0.0,0.0,0.0046378477,0.0
0.0,-2.0,11.7777777777778,0.0,0.0,0.0036591843,0.0
0.0,-2.11111111111111,11.7777777777778,0.0,0.0,0.0005873771,0.0
0.0,-2.22222222222222,11.7777777777778,0.0,0.0,0.001524444,0.0
0.0,-2.33333333333333,11.7777777777778,0.0,0.0,0.002023276,0.0
0.0,-2.44444444444444,11.7777777777778,0.0,0.0,0.00037470937,0.0
0.0,-2.55555555555556,11.7777777777778,0.0,0.0,0.00032206232,0.0
0.0,-2.66666666666667,11.7777777777778,0.0,0.0,0.0014299564,0.0
0.0,-2.77777777777778,11.7777777777778,0.0,0.0,0.00034324473,0.0
0.0,-2.88888888888889,11.7777777777778,0.0,0.0,0.00059200905,0.0
0.0,-3.0,11.7777777777778,0.0,0.0,0.0015109513,0.0
0.0,-3.11111111111111,11.7777777777778,0.0,0.0,0.00011401107,0.0
0.0,-3.22222222222222,11.7777777777778,0.0,0.0,0.004183822,0.0
0.0,-3.33333333333333,11.7777777777778,0.0,0.0,9.516905e-05,0.0
0.0,-3.44444444444444,11.7777777777778,0.0,0.0,0.0005118679,0.0
0.0,-3.55555555555556,11.7777777777778,0.0,0.0,0.00047745142,0.0
0.0,-3.77777777777778,11.7777777777778,0.0,0.0,0.0007437569,0.0
0.0,-3.88888888888889,11.7777777777778,0.0,0.0,0.00011012177,0.0
0.0,-0.0,11.8888888888889,0.0,0.0,0.026879515,0.0
0.0,-0.111111111111111,11.8888888888889,0.0,0.0,0.0011058389,0.0
0.0,-0.222222222222222,11.8888888888889,0.0,0.0,0.003215073,0.0
0.0,-0.333333333333333,11.8888888888889,0.0,0.0,5.2011204e-05,0.0
0.0,-0.444444444444444,11.8888888888889,0.0,0.0,0.0010881596,0.0
0.0,-0.555555555555556,11.8888888888889,0.0,0.0,2.2231052e-05,0.0
0.0,-0.666666666666667,11.8888888888889,0.0,0.0,0.001243635,0.0
0.0,-0.777777777777778,11.8888888888889,0.0,0.0,0.0019800582,0.0
0.0,-0.888888888888889,11.8888888888889,0.0,0.0,0.0003311672,0.0
0.0,-1.0,11.8888888888889,0.0,0.0,0.00042595394,0.0
0.0,-1.11111111111111,11.8888888888889,0.0,0.0,0.0014905466,0.0
0.0,-1.22222222222222,11.8888888888889,0.0,0.0,7.7488265e-05,0.0
0.0,-1.33333333333333,11.8888888888889,0.0,0.0,0.001945527,0.0
0.0,-1.44444444444444,11.8888888888889,0.0,0.0,0.0013173195,0.0
0.0,-1.55555555555556,11.8888888888889,0.0,0.0,0.0025473568,0.0
0.0,-1.66666666666667,11.8888888888889,0.0,0.0,0.002070553,0.0
0.0,-1.77777777777778,11.8888888888889,0.0,0.0,0.0011969266,0.0
0.0,-1.88888888888889,11.8888888888889,0.0,0.0,0.0009491131,0.0
0.0,-2.0,11.8888888888889,0.0,0.0,0.0019805057,0.0
0.0,-2.11111111111111,11.8888888888889,0.0,0.0,0.0005377894,0.0
0.0,-2.22222222222222,11.8888888888889,0.0,0.0,0.0031439692,0.0
0.0,-2.33333333333333,11.8888888888889,0.0,0.0,0.0008225901,0.0
0.0,-2.44444444444444,11.8888888888889,0.0,0.0,0.0003710571,0.0
0.0,-2.55555555555556,11.8888888888889,0.0,0.0,8.420096e-05,0.0
0.0,-2.66666666666667,11.8888888888889,0.0,0.0,0.00012822982,0.0
0.0,-2.77777777777778,11.8888888888889,0.0,0.0,8.606918e-06,0.0
0.0,-2.88888888888889,11.8888888888889,0.0,0.0,0.00092561555,0.0
0.0,-3.0,11.8888888888889,0.0,0.0,0.0006139319,0.0
0.0,-3.11111111111111,11.8888888888889,0.0,0.0,0.0002894365,0.0
0.0,-3.22222222222222,11.8888888888889,0.0,0.0,0.001933229,0.0
0.0,-3.33333333333333,11.8888888888889,0.0,0.0,0.0012674148,0.0
0.0,-3.44444444444444,11.8888888888889,0.0,0.0,1.8498427e-05,0.0
0.0,-3.55555555555556,11.8888888888889,0.0,0.0,0.0003138544,0.0
0.0,-3.66666666666667,11.8888888888889,0.0,0.0,0.0003205968,0.0
0.0,-3.77777777777778,11.8888888888889,0.0,0.0,0.00059906644,0.0
0.0,-3.88888888888889,11.8888888888889,0.0,0.0,0.00026961367,0.0
0.0,-0.111111111111111,12.0,0.0,0.0,0.00023767566,0.0
0.0,-0.222222222222222,12.0,0.0,0.0,0.0014442472,0.0
0.0,-0.333333333333333,12.0,0.0,0.0,0.0003205025,0.0
0.0,-0.444444444444444,12.0,0.0,0.0,0.0019086836,0.0
0.0,-0.555555555555556,12.0,0.0,0.0,0.0025198213,0.0
0.0,-0.666666666666667,12.0,0.0,0.0,0.0029021862,0.0
0.0,-0.777777777777778,12.0,0.0,0.0,0.00058870664,0.0
0.0,-0.888888888888889,12.0,0.0,0.0,0.0008218727,0.0
0.0,-1.11111111111111,12.0,0.0,0.0,0.0005331798,0.0
0.0,-1.22222222222222,12.0,0.0,0.0,0.00055663084,0.0
0.0,-1.33333333333333,12.0,0.0,0.0,0.003653296,0.0
0.0,-1.44444444444444,12.0,0.0,0.0,0.0026919697,0.0
0.0,-1.55555555555556,12.0,0.0,0.0,0.001050834,0.0
0.0,-1.66666666666667,12.0,1.44606912171699,0.0,0.0008843936,0.03506703614375698
0.0,-1.77777777777778,12.0,0.0,0.0,0.00054843695,0.0
0.0,-1.88888888888889,12.0,0.0,0.0,0.00043762245,0.0
0.0,-2.11111111111111,12.0,0.0,0.0,0.0030344357,0.0
0.0,-2.22222222222222,12.0,0.0,0.0,0.0029834039,0.0
0.0,-2.33333333333333,12.0,10.2516311553184,0.0,0.00014237939,0.24860106260285117
0.0,-2.44444444444444,12.0,0.0,0.0,0.00019501428,0.0
0.0,-2.55555555555556,12.0,0.0,0.0,0.0009027583,0.0
0.0,-2.66666666666667,12.0,0.0,0.0,0.0008935952,0.0
0.0,-2.77777777777778,12.0,0.0,0.0,0.00013475254,0.0
0.0,-2.88888888888889,12.0,0.0,0.0,0.0043050284,0.0
0.0,-3.11111111111111,12.0,0.0,0.0,0.00028761814,0.0
0.0,-3.22222222222222,12.0,0.0,0.0,0.0009231423,0.0
0.0,-3.33333333333333,12.0,0.0,0.0,0.003601329,0.0
0.0,-3.44444444444444,12.0,0.0,0.0,0.00026925144,0.0
0.0,-3.55555555555556,12.0,0.0,0.0,0.0011537708,0.0
0.0,-3.66666666666667,12.0,0.0,0.0,1.132045e-05,0.0
0.0,-3.77777777777778,12.0,0.0,0.0,0.00048400016,0.0
0.0,-0.0,12.1111111111111,0.0,0.0,0.011747275,0.0
0.0,-0.111111111111111,12.1111111111111,0.0,0.0,0.00038519042,0.0
0.0,-0.222222222222222,12.1111111111111,0.0,0.0,0.0011329,0.0
0.0,-0.333333333333333,12.1111111111111,0.0,0.0,0.00061417045,0.0
0.0,-0.444444444444444,12.1111111111111,0.0,0.0,0.0015215973,0.0
0.0,-0.555555555555556,12.1111111111111,0.0,0.0,0.006522324,0.0
0.0,-0.666666666666667,12.1111111111111,0.0,0.0,0.0011626536,0.0
0.0,-0.777777777777778,12.1111111111111,0.0,0.0,0.0016959638,0.0
0.0,-0.888888888888889,12.1111111111111,0.0,0.0,0.002523459,0.0
0.0,-1.0,12.1111111111111,0.0,0.0,0.014660476,0.0
0.0,-1.11111111111111,12.1111111111111,0.0,0.0,0.00010559179,0.0
0.0,-1.22222222222222,12.1111111111111,0.0,0.0,0.0017334878,0.0
0.0,-1.33333333333333,12.1111111111111,0.0,0.0,0.0011330795,0.0
0.0,-1.44444444444444,12.1111111111111,0.0,0.0,0.0032348908,0.0
0.0,-1.55555555555556,12.1111111111111,0.0,0.0,0.00075355405,0.0
0.0,-1.66666666666667,12.1111111111111,0.0,0.0,4.1160314e-05,0.0
0.0,-1.77777777777778,12.1111111111111,0.0,0.0,0.0013110872,0.0
0.0,-1.88888888888889,12.1111111111111,0.0,0.0,0.0017022868,0.0
0.0,-2.0,12.1111111111111,0.0,0.0,0.0014548716,0.0
0.0,-2.11111111111111,12.1111111111111,0.0,0.0,0.0033478756,0.0
0.0,-2.22222222222222,12.1111111111111,0.0,0.0,0.0008697155,0.0
0.0,-2.33333333333333,12.1111111111111,0.0,0.0,0.00018137241,0.0
0.0,-2.44444444444444,12.1111111111111,0.0,0.0,0.00042029592,0.0
0.0,-2.55555555555556,12.1111111111111,0.0,0.0,0.003936446,0.0
0.0,-2.66666666666667,12.1111111111111,0.0,0.0,0.0009823396,0.0
0.0,-2.77777777777778,12.1111111111111,0.0,0.0,0.00028337308,0.0
0.0,-2.88888888888889,12.1111111111111,0.0,0.0,0.003436697,0.0
0.0,-3.0,12.1111111111111,0.0,0.0,0.0051574665,0.0
0.0,-3.11111111111111,12.1111111111111,0.0,0.0,0.00013721322,0.0
0.0,-3.22222222222222,12.1111111111111,0.0,0.0,0.0017523086,0.0
0.0,-3.33333333333333,12.1111111111111,0.0,0.0,0.004090838,0.0
0.0,-3.44444444444444,12.1111111111111,0.0,0.0,0.0004662867,0.0
0.0,-3.55555555555556,12.1111111111111,0.0,0.0,0.0006543867,0.0
0.0,-3.66666666666667,12.1111111111111,0.0,0.0,0.0007555035,0.0
0.0,-0.0,12.2222222222222,0.0,0.0,0.012202275,0.0
0.0,-0.111111111111111,12.2222222222222,0.0,0.0,0.0003436675,0.0
0.0,-0.222222222222222,12.2222222222222,0.0,0.0,0.0021044384,0.0
0.0,-0.333333333333333,12.2222222222222,0.0,0.0,0.00083504233,0.0
0.0,-0.444444444444444,12.2222222222222,0.0,0.0,0.0015190431,0.0
0.0,-0.555555555555556,12.2222222222222,0.0,0.0,0.005431272,0.0
0.0,-0.666666666666667,12.2222222222222,0.0,0.0,7.871541e-05,0.0
0.0,-0.777777777777778,12.2222222222222,0.0,0.0,0.0011356338,0.0
0.0,-0.888888888888889,12.2222222222222,0.0,0.0,0.0011526254,0.0
0.0,-1.0,12.2222222222222,0.0,0.0,0.0119561665,0.0
0.0,-1.11111111111111,12.2222222222222,0.0,0.0,9.696219e-05,0.0
0.0,-1.22222222222222,12.2222222222222,0.0,0.0,0.0017186054,0.0
0.0,-1.33333333333333,12.2222222222222,0.0,0.0,0.00041354715,0.0
0.0,-1.44444444444444,12.2222222222222,0.0,0.0,0.0023291328,0.0
0.0,-1.55555555555556,12.2222222222222,0.0,0.0,0.0011814502,0.0
0.0,-1.66666666666667,12.2222222222222,0.0,0.0,0.00010250851,0.0
0.0,-1.77777777777778,12.2222222222222,0.0,0.0,0.0010285801,0.0
0.0,-1.88888888888889,12.2222222222222,0.0,0.0,0.0024603668,0.0
0.0,-2.0,12.2222222222222,0.0,0.0,0.0002972904,0.0
0.0,-2.11111111111111,12.2222222222222,0.0,0.0,0.0021912,0.0
0.0,-2.22222222222222,12.2222222222222,0.0,0.0,0.00014474918,0.0
0.0,-2.33333333333333,12.2222222222222,0.0,0.0,7.440121e-05,0.0
0.0,-2.44444444444444,12.2222222222222,0.0,0.0,0.00024975583,0.0
0.0,-2.55555555555556,12.2222222222222,0.0,0.0,0.0045541897,0.0
0.0,-2.66666666666667,12.2222222222222,0.0,0.0,0.00033851655,0.0
0.0,-2.77777777777778,12.2222222222222,0.0,0.0,0.00036578783,0.0
0.0,-2.88888888888889,12.2222222222222,0.0,0.0,0.00044236955,0.0
0.0,-3.0,12.2222222222222,0.0,0.0,0.0060183993,0.0
0.0,-3.11111111111111,12.2222222222222,0.0,0.0,0.0016839128,0.0
0.0,-3.22222222222222,12.2222222222222,0.0,0.0,0.0010561674,0.0
0.0,-3.33333333333333,12.2222222222222,0.0,0.0,0.0011291128,0.0
0.0,-3.55555555555556,12.2222222222222,0.0,0.0,1.8370987e-05,0.0
0.0,-3.66666666666667,12.2222222222222,0.0,0.0,0.001767644,0.0
0.0,-0.0,12.3333333333333,0.0,0.0,0.012551627,0.0
0.0,-0.111111111111111,12.3333333333333,0.0,0.0,0.00030907302,0.0
0.0,-0.222222222222222,12.3333333333333,0.0,0.0,0.002907757,0.0
0.0,-0.333333333333333,12.3333333333333,0.0,0.0,0.0011794993,0.0
0.0,-0.444444444444444,12.3333333333333,0.0,0.0,0.0052430443,0.0
0.0,-0.555555555555556,12.3333333333333,0.0,0.0,0.003042005,0.0
0.0,-0.666666666666667,12.3333333333333,0.0,0.0,0.0018422487,0.0
0.0,-0.777777777777778,12.3333333333333,0.0,0.0,0.0007961016,0.0
0.0,-0.888888888888889,12.3333333333333,0.0,0.0,0.00018581632,0.0
0.0,-1.0,12.3333333333333,0.0,0.0,0.0049864044,0.0
0.0,-1.11111111111111,12.3333333333333,0.0,0.0,0.00040660572,0.0
0.0,-1.22222222222222,12.3333333333333,0.0,0.0,0.0011017846,0.0
0.0,-1.33333333333333,12.3333333333333,0.0,0.0,0.0023010827,0.0
0.0,-1.44444444444444,12.3333333333333,0.0,0.0,0.0017498819,0.0
0.0,-1.55555555555556,12.3333333333333,0.0,0.0,0.00012906571,0.0
0.0,-1.66666666666667,12.3333333333333,0.0,0.0,0.00031826005,0.0
0.0,-1.77777777777778,12.3333333333333,0.0,0.0,0.0007217127,0.0
0.0,-1.88888888888889,12.3333333333333,0.0,0.0,0.0053482964,0.0
0.0,-2.0,12.3333333333333,0.0,0.0,0.00030840223,0.0
0.0,-2.11111111111111,12.3333333333333,0.0,0.0,0.002421199,0.0
0.0,-2.22222222222222,12.3333333333333,0.0,0.0,0.00080070476,0.0
0.0,-2.33333333333333,12.3333333333333,0.0,0.0,0.0004216755,0.0
0.0,-2.44444444444444,12.3333333333333,0.0,0.0,4.9531638e-05,0.0
0.0,-2.55555555555556,12.3333333333333,0.0,0.0,0.002835015,0.0
0.0,-2.66666666666667,12.3333333333333,0.0,0.0,0.0003805302,0.0
0.0,-2.77777777777778,12.3333333333333,0.0,0.0,0.00042165257,0.0
0.0,-2.88888888888889,12.3333333333333,0.0,0.0,0.0009129849,0.0
0.0,-3.0,12.3333333333333,0.0,0.0,0.004530149,0.0
0.0,-3.11111111111111,12.3333333333333,0.0,0.0,0.0022311043,0.0
0.0,-3.22222222222222,12.3333333333333,0.0,0.0,9.986629e-05,0.0
0.0,-3.33333333333333,12.3333333333333,0.0,0.0,0.00029755477,0.0
0.0,-3.55555555555556,12.3333333333333,0.0,0.0,0.0002444991,0.0
0.0,-3.66666666666667,12.3333333333333,0.0,0.0,0.0011990728,0.0
0.0,-3.77777777777778,12.3333333333333,0.0,0.0,0.0006101892,0.0
0.0,-0.0,12.4444444444444,0.0,0.0,0.035335336,0.0
0.0,-0.111111111111111,12.4444444444444,0.0,0.0,0.0012239115,0.0
0.0,-0.222222222222222,12.4444444444444,0.0,0.0,0.0026299357,0.0
0.0,-0.333333333333333,12.4444444444444,0.0,0.0,0.0014130818,0.0
0.0,-0.444444444444444,12.4444444444444,0.0,0.0,0.012620181,0.0
0.0,-0.555555555555556,12.4444444444444,0.0,0.0,0.0033436161,0.0
0.0,-0.666666666666667,12.4444444444444,0.0,0.0,0.004061884,0.0
0.0,-0.777777777777778,12.4444444444444,0.0,0.0,0.0010476889,0.0
0.0,-0.888888888888889,12.4444444444444,0.0,0.0,0.0021884833,0.0
0.0,-1.0,12.4444444444444,0.0,0.0,0.011875079,0.0
0.0,-1.11111111111111,12.4444444444444,0.0,0.0,0.000857649,0.0
0.0,-1.22222222222222,12.4444444444444,0.0,0.0,0.00058731204,0.0
0.0,-1.33333333333333,12.4444444444444,0.0,0.0,0.0029254372,0.0
0.0,-1.44444444444444,12.4444444444444,0.0,0.0,0.0021961117,0.0
0.0,-1.55555555555556,12.4444444444444,0.0,0.0,0.001092075,0.0
0.0,-1.66666666666667,12.4444444444444,0.0,0.0,0.0004068109,0.0
0.0,-1.77777777777778,12.4444444444444,0.0,0.0,0.0013884128,0.0
0.0,-1.88888888888889,12.4444444444444,0.0,0.0,0.007040718,0.0
0.0,-2.0,12.4444444444444,0.0,0.0,0.00085203646,0.0
0.0,-2.11111111111111,12.4444444444444,0.0,0.0,0.0027593947,0.0
0.0,-2.22222222222222,12.4444444444444,0.0,0.0,0.0012076636,0.0
0.0,-2.33333333333333,12.4444444444444,0.0,0.0,0.0033332685,0.0
0.0,-2.44444444444444,12.4444444444444,0.0,0.0,0.00045332097,0.0
0.0,-2.55555555555556,12.4444444444444,0.0,0.0,0.0019058522,0.0
0.0,-2.66666666666667,12.4444444444444,0.0,0.0,0.00095168443,0.0
0.0,-2.77777777777778,12.4444444444444,0.0,0.0,0.0006631608,0.0
0.0,-2.88888888888889,12.4444444444444,0.0,0.0,0.0014679357,0.0
0.0,-3.0,12.4444444444444,0.0,0.0,0.0052143782,0.0
0.0,-3.11111111111111,12.4444444444444,0.0,0.0,0.00062411814,0.0
0.0,-3.22222222222222,12.4444444444444,0.0,0.0,0.0009823228,0.0
0.0,-3.33333333333333,12.4444444444444,0.0,0.0,0.0025670247,0.0
0.0,-3.55555555555556,12.4444444444444,0.0,0.0,0.00030883614,0.0
0.0,-0.0,12.5555555555556,0.0,0.0,0.06578861,0.0
0.0,-0.111111111111111,12.5555555555556,0.0,0.0,0.0019074446,0.0
0.0,-0.222222222222222,12.5555555555556,0.0,0.0,0.001445364,0.0
0.0,-0.333333333333333,12.5555555555556,0.0,0.0,0.0010207467,0.0
0.0,-0.444444444444444,12.5555555555556,0.0,0.0,0.01511709,0.0
0.0,-0.555555555555556,12.5555555555556,0.0,0.0,0.0023016317,0.0
0.0,-0.666666666666667,12.5555555555556,0.0,0.0,0.004879821,0.0
0.0,-0.777777777777778,12.5555555555556,0.0,0.0,0.00029108062,0.0
0.0,-0.888888888888889,12.5555555555556,0.0,0.0,0.0025993926,0.0
0.0,-1.0,12.5555555555556,0.0,0.0,0.020177377,0.0
0.0,-1.11111111111111,12.5555555555556,0.0,0.0,0.0005920669,0.0
0.0,-1.22222222222222,12.5555555555556,0.0,0.0,0.00058609794,0.0
0.0,-1.33333333333333,12.5555555555556,0.0,0.0,0.0027460176,0.0
0.0,-1.44444444444444,12.5555555555556,0.0,0.0,0.0020662458,0.0
0.0,-1.55555555555556,12.5555555555556,0.0,0.0,0.0030896072,0.0
0.0,-1.66666666666667,12.5555555555556,0.0,0.0,0.00024798728,0.0
0.0,-1.77777777777778,12.5555555555556,0.0,0.0,0.0030726756,0.0
0.0,-1.88888888888889,12.5555555555556,0.0,0.0,0.0050190785,0.0
0.0,-2.0,12.5555555555556,0.0,0.0,0.00010250137,0.0
0.0,-2.11111111111111,12.5555555555556,0.0,0.0,0.0015654751,0.0
0.0,-2.22222222222222,12.5555555555556,0.0,0.0,0.0018863122,0.0
0.0,-2.33333333333333,12.5555555555556,0.0,0.0,0.0052922405,0.0
0.0,-2.44444444444444,12.5555555555556,0.0,0.0,0.00016303895,0.0
0.0,-2.55555555555556,12.5555555555556,0.0,0.0,0.0016015808,0.0
0.0,-2.66666666666667,12.5555555555556,0.0,0.0,0.0013081246,0.0
0.0,-2.77777777777778,12.5555555555556,0.0,0.0,0.0006996959,0.0
0.0,-2.88888888888889,12.5555555555556,0.0,0.0,0.002788194,0.0
0.0,-3.0,12.5555555555556,0.0,0.0,0.00581642,0.0
0.0,-3.11111111111111,12.5555555555556,0.0,0.0,0.00063669175,0.0
0.0,-3.22222222222222,12.5555555555556,0.0,0.0,0.0016633837,0.0
0.0,-3.33333333333333,12.5555555555556,0.0,0.0,0.0019476993,0.0
0.0,-0.0,12.6666666666667,0.0,0.0,0.058022156,0.0
0.0,-0.111111111111111,12.6666666666667,0.0,0.0,0.002156385,0.0
0.0,-0.222222222222222,12.6666666666667,0.0,0.0,0.0015052281,0.0
0.0,-0.333333333333333,12.6666666666667,0.0,0.0,0.00027575172,0.0
0.0,-0.444444444444444,12.6666666666667,0.0,0.0,0.007888113,0.0
0.0,-0.555555555555556,12.6666666666667,0.0,0.0,0.00015771724,0.0
0.0,-0.666666666666667,12.6666666666667,0.0,0.0,0.0032892155,0.0
0.0,-0.777777777777778,12.6666666666667,0.0,0.0,0.00010930524,0.0
0.0,-0.888888888888889,12.6666666666667,0.0,0.0,0.0007935511,0.0
0.0,-1.0,12.6666666666667,0.0,0.0,0.009435517,0.0
0.0,-1.11111111111111,12.6666666666667,0.0,0.0,0.00011243866,0.0
0.0,-1.22222222222222,12.6666666666667,0.0,0.0,0.00011826273,0.0
0.0,-1.33333333333333,12.6666666666667,0.0,0.0,0.0014781625,0.0
0.0,-1.44444444444444,12.6666666666667,0.0,0.0,0.00078177365,0.0
0.0,-1.55555555555556,12.6666666666667,0.0,0.0,0.0025085607,0.0
0.0,-1.66666666666667,12.6666666666667,0.0,0.0,2.9884131e-05,0.0
0.0,-1.77777777777778,12.6666666666667,0.0,0.0,0.0027283062,0.0
0.0,-1.88888888888889,12.6666666666667,0.0,0.0,0.0018151072,0.0
0.0,-2.0,12.6666666666667,0.0,0.0,0.0005035759,0.0
0.0,-2.11111111111111,12.6666666666667,0.0,0.0,0.0001678924,0.0
0.0,-2.22222222222222,12.6666666666667,0.0,0.0,0.0022497422,0.0
0.0,-2.33333333333333,12.6666666666667,0.0,0.0,0.0026624936,0.0
0.0,-2.44444444444444,12.6666666666667,0.0,0.0,0.00023928781,0.0
0.0,-2.55555555555556,12.6666666666667,0.0,0.0,0.0007278943,0.0
0.0,-2.66666666666667,12.6666666666667,0.0,0.0,0.0017107314,0.0
0.0,-2.77777777777778,12.6666666666667,0.0,0.0,0.00035030438,0.0
0.0,-2.88888888888889,12.6666666666667,0.0,0.0,0.003922713,0.0
0.0,-3.0,12.6666666666667,0.0,0.0,0.002029725,0.0
0.0,-3.11111111111111,12.6666666666667,0.0,0.0,0.0010910117,0.0
0.0,-3.44444444444444,12.6666666666667,0.0,0.0,0.00016416647,0.0
0.0,-0.0,12.7777777777778,0.0,0.0,0.023517838,0.0
0.0,-0.111111111111111,12.7777777777778,0.0,0.0,0.003368458,0.0
0.0,-0.222222222222222,12.7777777777778,0.0,0.0,0.004111816,0.0
0.0,-0.333333333333333,12.7777777777778,0.0,0.0,0.000101423,0.0
0.0,-0.444444444444444,12.7777777777778,0.0,0.0,0.0014708185,0.0
0.0,-0.555555555555556,12.7777777777778,0.0,0.0,0.0006651117,0.0
0.0,-0.666666666666667,12.7777777777778,0.0,0.0,0.0010632147,0.0
0.0,-0.777777777777778,12.7777777777778,0.0,0.0,0.0014708744,0.0
0.0,-0.888888888888889,12.7777777777778,0.0,0.0,0.00021692985,0.0
0.0,-1.0,12.7777777777778,0.0,0.0,0.00053277204,0.0
0.0,-1.11111111111111,12.7777777777778,0.0,0.0,0.0005053918,0.0
0.0,-1.22222222222222,12.7777777777778,0.0,0.0,0.0005936914,0.0
0.0,-1.33333333333333,12.7777777777778,0.0,0.0,0.00057334075,0.0
0.0,-1.44444444444444,12.7777777777778,0.0,0.0,2.5889209e-05,0.0
0.0,-1.55555555555556,12.7777777777778,0.0,0.0,0.0017195895,0.0
0.0,-1.66666666666667,12.7777777777778,0.0,0.0,0.00010358131,0.0
0.0,-1.77777777777778,12.7777777777778,0.0,0.0,0.00072061364,0.0
0.0,-1.88888888888889,12.7777777777778,0.0,0.0,0.00048549974,0.0
0.0,-2.0,12.7777777777778,0.0,0.0,0.0019031637,0.0
0.0,-2.11111111111111,12.7777777777778,0.0,0.0,0.00018016508,0.0
0.0,-2.22222222222222,12.7777777777778,0.0,0.0,0.0013450392,0.0
0.0,-2.33333333333333,12.7777777777778,0.0,0.0,0.0003266502,0.0
0.0,-2.44444444444444,12.7777777777778,0.0,0.0,0.00025065942,0.0
0.0,-2.55555555555556,12.7777777777778,0.0,0.0,0.0012141301,0.0
0.0,-2.66666666666667,12.7777777777778,0.0,0.0,0.0024500643,0.0
0.0,-2.77777777777778,12.7777777777778,0.0,0.0,0.0027981966,0.0
0.0,-2.88888888888889,12.7777777777778,0.0,0.0,0.002077275,0.0
0.0,-3.0,12.7777777777778,0.0,0.0,8.4161125e-05,0.0
0.0,-3.11111111111111,12.7777777777778,0.0,0.0,0.0004750634,0.0
0.0,-3.44444444444444,12.7777777777778,0.0,0.0,0.00036866943,0.0
0.0,-0.0,12.8888888888889,0.0,0.0,0.007628475,0.0
0.0,-0.111111111111111,12.8888888888889,0.0,0.0,0.0050709937,0.0
0.0,-0.222222222222222,12.8888888888889,0.0,0.0,0.0063190684,0.0
0.0,-0.333333333333333,12.8888888888889,0.0,0.0,0.00051042024,0.0
0.0,-0.444444444444444,12.8888888888889,0.0,0.0,0.00067712925,0.0
0.0,-0.555555555555556,12.8888888888889,0.0,0.0,0.001509923,0.0
0.0,-0.666666666666667,12.8888888888889,0.0,0.0,0.000686009,0.0
0.0,-0.777777777777778,12.8888888888889,0.0,0.0,0.00414156,0.0
0.0,-0.888888888888889,12.8888888888889,0.0,0.0,0.00017784027,0.0
0.0,-1.0,12.8888888888889,0.0,0.0,0.011033337,0.0
0.0,-1.11111111111111,12.8888888888889,0.0,0.0,0.0010220797,0.0
0.0,-1.22222222222222,12.8888888888889,0.0,0.0,0.0026011262,0.0
0.0,-1.33333333333333,12.8888888888889,0.0,0.0,0.00027295563,0.0
0.0,-1.44444444444444,12.8888888888889,0.0,0.0,0.00031242988,0.0
0.0,-1.55555555555556,12.8888888888889,0.0,0.0,0.0016783301,0.0
0.0,-1.66666666666667,12.8888888888889,0.0,0.0,0.00061265496,0.0
0.0,-1.77777777777778,12.8888888888889,0.0,0.0,0.0016954879,0.0
0.0,-1.88888888888889,12.8888888888889,0.0,0.0,0.0006800257,0.0
0.0,-2.0,12.8888888888889,0.0,0.0,0.0017795727,0.0
0.0,-2.11111111111111,12.8888888888889,0.0,0.0,0.0004462089,0.0
0.0,-2.22222222222222,12.8888888888889,0.0,0.0,0.00024334255,0.0
0.0,-2.33333333333333,12.8888888888889,0.0,0.0,0.00044350966,0.0
0.0,-2.44444444444444,12.8888888888889,0.0,0.0,0.00044359214,0.0
0.0,-2.55555555555556,12.8888888888889,0.0,0.0,0.004718158,0.0
0.0,-2.66666666666667,12.8888888888889,0.0,0.0,0.003018191,0.0
0.0,-2.77777777777778,12.8888888888889,0.0,0.0,0.006577161,0.0
0.0,-2.88888888888889,12.8888888888889,0.0,0.0,0.0006227371,0.0
0.0,-3.0,12.8888888888889,0.0,0.0,0.0018897121,0.0
0.0,-3.11111111111111,12.8888888888889,0.0,0.0,0.00028198218,0.0
0.0,-0.111111111111111,13.0,0.0,0.0,0.0042377305,0.0
0.0,-0.222222222222222,13.0,0.0,0.0,0.0052604442,0.0
0.0,-0.333333333333333,13.0,0.0,0.0,0.001467694,0.0
0.0,-0.444444444444444,13.0,0.0,0.0,0.0002924847,0.0
0.0,-0.555555555555556,13.0,0.0,0.0,0.00052095467,0.0
0.0,-0.666666666666667,13.0,0.0,0.0,0.0006734705,0.0
0.0,-0.777777777777778,13.0,0.0,0.0,0.004535499,0.0
0.0,-0.888888888888889,13.0,0.0,0.0,0.00060299755,0.0
0.0,-1.11111111111111,13.0,0.0,0.0,0.0008150967,0.0
0.0,-1.22222222222222,13.0,0.0,0.0,0.003506166,0.0
0.0,-1.33333333333333,13.0,0.0,0.0,3.3870736e-05,0.0
0.0,-1.44444444444444,13.0,0.0,0.0,0.00020323106,0.0
0.0,-1.55555555555556,13.0,0.0,0.0,0.0012992576,0.0
0.0,-1.66666666666667,13.0,0.0,0.0,0.0008682643,0.0
0.0,-1.77777777777778,13.0,0.0,0.0,0.0027605898,0.0
0.0,-1.88888888888889,13.0,0.0,0.0,0.0002577438,0.0
0.0,-2.11111111111111,13.0,0.0,0.0,3.6407902e-05,0.0
0.0,-2.22222222222222,13.0,0.0,0.0,5.6033564e-06,0.0
0.0,-2.33333333333333,13.0,0.0,0.0,0.000736288,0.0
0.0,-2.44444444444444,13.0,0.0,0.0,0.0017662162,0.0
0.0,-2.55555555555556,13.0,0.0,0.0,0.0060323966,0.0
0.0,-2.66666666666667,13.0,0.0,0.0,0.00357365,0.0
0.0,-2.77777777777778,13.0,0.0,0.0,0.005810774,0.0
0.0,-2.88888888888889,13.0,0.0,0.0,0.0010032954,0.0
0.0,-3.11111111111111,13.0,0.0,0.0,0.0012017397,0.0
0.0,-3.22222222222222,13.0,0.0,0.0,0.0005159533,0.0
0.0,-3.33333333333333,13.0,0.0,0.0,0.0005417924,0.0
0.0,-0.0,13.1111111111111,0.0,0.0,0.019719884,0.0
0.0,-0.111111111111111,13.1111111111111,0.0,0.0,0.0014442177,0.0
0.0,-0.222222222222222,13.1111111111111,0.0,0.0,0.002481951,0.0
0.0,-0.333333333333333,13.1111111111111,0.0,0.0,0.002793671,0.0
0.0,-0.444444444444444,13.1111111111111,0.0,0.0,0.00039819113,0.0
0.0,-0.555555555555556,13.1111111111111,0.0,0.0,0.00017462632,0.0
0.0,-0.666666666666667,13.1111111111111,0.0,0.0,0.00015867024,0.0
0.0,-0.777777777777778,13.1111111111111,0.0,0.0,0.0032880632,0.0
0.0,-0.888888888888889,13.1111111111111,0.0,0.0,0.0010577587,0.0
0.0,-1.0,13.1111111111111,0.0,0.0,0.009803419,0.0
0.0,-1.11111111111111,13.1111111111111,0.0,0.0,0.00026853473,0.0
0.0,-1.22222222222222,13.1111111111111,0.0,0.0,0.0029453426,0.0
0.0,-1.33333333333333,13.1111111111111,0.0,0.0,2.4452875e-05,0.0
0.0,-1.44444444444444,13.1111111111111,0.0,0.0,0.00010675596,0.0
0.0,-1.55555555555556,13.1111111111111,0.0,0.0,0.0018623698,0.0
0.0,-1.66666666666667,13.1111111111111,0.0,0.0,0.0003502621,0.0
0.0,-1.77777777777778,13.1111111111111,0.0,0.0,0.0011733924,0.0
0.0,-1.88888888888889,13.1111111111111,0.0,0.0,0.0011842886,0.0
0.0,-2.0,13.1111111111111,0.0,0.0,0.00075452693,0.0
0.0,-2.11111111111111,13.1111111111111,0.0,0.0,0.0005473105,0.0
0.0,-2.22222222222222,13.1111111111111,0.0,0.0,7.890643e-05,0.0
0.0,-2.33333333333333,13.1111111111111,0.0,0.0,0.0006120555,0.0
0.0,-2.44444444444444,13.1111111111111,0.0,0.0,0.00205006,0.0
0.0,-2.55555555555556,13.1111111111111,0.0,0.0,0.0036296116,0.0
0.0,-2.66666666666667,13.1111111111111,0.0,0.0,0.0038212098,0.0
0.0,-2.77777777777778,13.1111111111111,0.0,0.0,0.0026682944,0.0
0.0,-2.88888888888889,13.1111111111111,0.0,0.0,0.0036667665,0.0
0.0,-3.0,13.1111111111111,0.0,0.0,0.016550444,0.0
0.0,-3.22222222222222,13.1111111111111,0.0,0.0,0.000865274,0.0
0.0,-3.33333333333333,13.1111111111111,0.0,0.0,0.0006650624,0.0
0.0,-0.0,13.2222222222222,0.0,0.0,0.023891766,0.0
0.0,-0.111111111111111,13.2222222222222,0.0,0.0,0.00089066656,0.0
0.0,-0.222222222222222,13.2222222222222,0.0,0.0,0.00058583484,0.0
0.0,-0.333333333333333,13.2222222222222,0.0,0.0,0.0023397582,0.0
0.0,-0.444444444444444,13.2222222222222,0.0,0.0,0.0020154384,0.0
0.0,-0.555555555555556,13.2222222222222,0.0,0.0,0.0011989765,0.0
0.0,-0.666666666666667,13.2222222222222,0.0,0.0,6.9188504e-06,0.0
0.0,-0.777777777777778,13.2222222222222,0.0,0.0,0.0024273577,0.0
0.0,-0.888888888888889,13.2222222222222,0.0,0.0,0.0002361015,0.0
0.0,-1.0,13.2222222222222,0.0,0.0,0.004904779,0.0
0.0,-1.11111111111111,13.2222222222222,0.0,0.0,0.00017274523,0.0
0.0,-1.22222222222222,13.2222222222222,0.0,0.0,0.00079124206,0.0
0.0,-1.33333333333333,13.2222222222222,0.0,0.0,5.9437127e-05,0.0
0.0,-1.44444444444444,13.2222222222222,0.0,0.0,0.0012571746,0.0
0.0,-1.55555555555556,13.2222222222222,0.0,0.0,0.0026614077,0.0
0.0,-1.66666666666667,13.2222222222222,0.0,0.0,4.1639732e-06,0.0
0.0,-1.77777777777778,13.2222222222222,0.0,0.0,0.000117374955,0.0
0.0,-1.88888888888889,13.2222222222222,0.0,0.0,0.002598209,0.0
0.0,-2.0,13.2222222222222,0.0,0.0,0.0023881756,0.0
0.0,-2.11111111111111,13.2222222222222,0.0,0.0,0.0017865262,0.0
0.0,-2.22222222222222,13.2222222222222,0.0,0.0,0.0007965566,0.0
0.0,-2.33333333333333,13.2222222222222,0.0,0.0,0.00024277405,0.0
0.0,-2.44444444444444,13.2222222222222,0.0,0.0,0.0013767866,0.0
0.0,-2.55555555555556,13.2222222222222,0.0,0.0,0.0019865043,0.0
0.0,-2.66666666666667,13.2222222222222,0.0,0.0,0.0025594637,0.0
0.0,-2.77777777777778,13.2222222222222,0.0,0.0,0.0010721013,0.0
0.0,-2.88888888888889,13.2222222222222,0.0,0.0,0.006480674,0.0
0.0,-3.0,13.2222222222222,0.0,0.0,0.016017959,0.0
0.0,-3.11111111111111,13.2222222222222,0.0,0.0,0.003994336,0.0
0.0,-3.22222222222222,13.2222222222222,0.0,0.0,0.0009941568,0.0
0.0,-0.0,13.3333333333333,0.0,0.0,0.035127267,0.0
0.0,-0.111111111111111,13.3333333333333,0.0,0.0,0.0015856085,0.0
0.0,-0.222222222222222,13.3333333333333,0.0,0.0,0.00029704557,0.0
0.0,-0.333333333333333,13.3333333333333,0.0,0.0,0.00056898396,0.0
0.0,-0.444444444444444,13.3333333333333,0.0,0.0,0.0026658461,0.0
0.0,-0.555555555555556,13.3333333333333,0.0,0.0,0.0013796751,0.0
0.0,-0.666666666666667,13.3333333333333,0.0,0.0,6.0776758e-05,0.0
0.0,-0.777777777777778,13.3333333333333,0.0,0.0,0.00076822436,0.0
0.0,-0.888888888888889,13.3333333333333,0.0,0.0,0.0003687734,0.0
0.0,-1.0,13.3333333333333,0.0,0.0,0.004344262,0.0
0.0,-1.11111111111111,13.3333333333333,0.0,0.0,0.00018887244,0.0
0.0,-1.22222222222222,13.3333333333333,0.0,0.0,0.0001948759,0.0
0.0,-1.33333333333333,13.3333333333333,0.0,0.0,0.00010958363,0.0
0.0,-1.44444444444444,13.3333333333333,0.0,0.0,0.002304492,0.0
0.0,-1.55555555555556,13.3333333333333,0.0,0.0,0.0022088797,0.0
0.0,-1.66666666666667,13.3333333333333,0.0,0.0,0.00010346605,0.0
0.0,-1.77777777777778,13.3333333333333,0.0,0.0,0.00076547725,0.0
0.0,-1.88888888888889,13.3333333333333,0.0,0.0,0.00174591,0.0
0.0,-2.0,13.3333333333333,0.0,0.0,0.0033326992,0.0
0.0,-2.11111111111111,13.3333333333333,0.0,0.0,0.0017590355,0.0
0.0,-2.22222222222222,13.3333333333333,0.0,0.0,0.0021952032,0.0
0.0,-2.33333333333333,13.3333333333333,0.0,0.0,9.977746e-05,0.0
0.0,-2.44444444444444,13.3333333333333,0.0,0.0,0.00090337236,0.0
0.0,-2.55555555555556,13.3333333333333,0.0,0.0,0.0009162149,0.0
0.0,-2.66666666666667,13.3333333333333,0.0,0.0,0.0010743001,0.0
0.0,-2.77777777777778,13.3333333333333,0.0,0.0,0.00044705012,0.0
0.0,-2.88888888888889,13.3333333333333,0.0,0.0,0.0045373403,0.0
0.0,-3.0,13.3333333333333,0.0,0.0,0.007298293,0.0
0.0,-3.11111111111111,13.3333333333333,0.0,0.0,0.0018882068,0.0
0.0,-0.0,13.4444444444444,0.0,0.0,0.036347087,0.0
0.0,-0.111111111111111,13.4444444444444,0.0,0.0,0.001672056,0.0
0.0,-0.222222222222222,13.4444444444444,0.0,0.0,0.00055972,0.0
0.0,-0.333333333333333,13.4444444444444,0.0,0.0,9.978598e-05,0.0
0.0,-0.444444444444444,13.4444444444444,0.0,0.0,0.0012827637,0.0
0.0,-0.555555555555556,13.4444444444444,0.0,0.0,0.00032552276,0.0
0.0,-0.666666666666667,13.4444444444444,0.0,0.0,0.00012100737,0.0
0.0,-0.777777777777778,13.4444444444444,0.0,0.0,0.00018886063,0.0
0.0,-0.888888888888889,13.4444444444444,2.06976117423612,0.0,0.0014519402,0.05019150801014587
0.0,-1.0,13.4444444444444,0.0,0.0,0.0044773277,0.0
0.0,-1.11111111111111,13.4444444444444,0.0,0.0,0.00028161213,0.0
0.0,-1.22222222222222,13.4444444444444,0.0,0.0,0.0016826476,0.0
0.0,-1.33333333333333,13.4444444444444,0.0,0.0,0.000487306,0.0
0.0,-1.44444444444444,13.4444444444444,0.0,0.0,0.00224605,0.0
0.0,-1.55555555555556,13.4444444444444,0.0,0.0,0.0013033759,0.0
0.0,-1.66666666666667,13.4444444444444,0.0,0.0,0.0001774493,0.0
0.0,-1.77777777777778,13.4444444444444,0.0,0.0,0.001870127,0.0
0.0,-1.88888888888889,13.4444444444444,0.0,0.0,0.00074186653,0.0
0.0,-2.0,13.4444444444444,0.0,0.0,0.002426166,0.0
0.0,-2.11111111111111,13.4444444444444,0.0,0.0,0.0012658734,0.0
0.0,-2.22222222222222,13.4444444444444,0.0,0.0,0.0018411241,0.0
0.0,-2.33333333333333,13.4444444444444,0.0,0.0,0.0012036128,0.0
0.0,-2.44444444444444,13.4444444444444,0.0,0.0,0.00052499596,0.0
0.0,-2.55555555555556,13.4444444444444,0.0,0.0,0.00028722262,0.0
0.0,-2.66666666666667,13.4444444444444,0.0,0.0,0.00064057583,0.0
0.0,-2.77777777777778,13.4444444444444,0.0,0.0,0.0026841972,0.0
0.0,-3.0,13.4444444444444,0.0,0.0,0.0011508798,0.0
0.0,-0.0,13.5555555555556,0.0,0.0,0.019308146,0.0
0.0,-0.111111111111111,13.5555555555556,0.0,0.0,0.0017615883,0.0
0.0,-0.222222222222222,13.5555555555556,0.0,0.0,0.00082213164,0.0
0.0,-0.333333333333333,13.5555555555556,0.0,0.0,0.000721986,0.0
0.0,-0.444444444444444,13.5555555555556,0.0,0.0,0.0008478734,0.0
0.0,-0.555555555555556,13.5555555555556,0.0,0.0,0.00048309693,0.0
0.0,-0.666666666666667,13.5555555555556,0.0,0.0,0.00031444858,0.0
0.0,-0.777777777777778,13.5555555555556,0.0,0.0,0.00041164216,0.0
0.0,-0.888888888888889,13.5555555555556,0.0,0.0,0.0019765375,0.0
0.0,-1.0,13.5555555555556,0.0,0.0,0.004034401,0.0
0.0,-1.11111111111111,13.5555555555556,0.0,0.0,0.00271891,0.0
0.0,-1.22222222222222,13.5555555555556,0.0,0.0,0.0012452971,0.0
0.0,-1.33333333333333,13.5555555555556,0.0,0.0,0.00087233837,0.0
0.0,-1.44444444444444,13.5555555555556,0.0,0.0,0.0018818586,0.0
0.0,-1.55555555555556,13.5555555555556,0.0,0.0,0.0011248891,0.0
0.0,-1.66666666666667,13.5555555555556,0.0,0.0,0.0004346972,0.0
0.0,-1.77777777777778,13.5555555555556,0.0,0.0,0.0018315314,0.0
0.0,-1.88888888888889,13.5555555555556,0.0,0.0,0.00047046968,0.0
0.0,-2.0,13.5555555555556,0.0,0.0,0.0007843693,0.0
0.0,-2.11111111111111,13.5555555555556,0.0,0.0,0.002475147,0.0
0.0,-2.22222222222222,13.5555555555556,0.0,0.0,0.00046168722,0.0
0.0,-2.33333333333333,13.5555555555556,0.0,0.0,0.0023760304,0.0
0.0,-2.44444444444444,13.5555555555556,0.0,0.0,0.0002819133,0.0
0.0,-2.55555555555556,13.5555555555556,0.0,0.0,0.00068189553,0.0
0.0,-2.66666666666667,13.5555555555556,0.0,0.0,0.0002994571,0.0
0.0,-2.77777777777778,13.5555555555556,0.0,0.0,0.005964995,0.0
0.0,-3.0,13.5555555555556,0.0,0.0,0.0004001619,0.0
0.0,-3.11111111111111,13.5555555555556,0.0,0.0,0.00012614788,0.0
0.0,-0.0,13.6666666666667,0.0,0.0,0.006945981,0.0
0.0,-0.111111111111111,13.6666666666667,0.0,0.0,0.0007560889,0.0
0.0,-0.222222222222222,13.6666666666667,0.0,0.0,0.0014588548,0.0
0.0,-0.333333333333333,13.6666666666667,0.0,0.0,0.0018225313,0.0
0.0,-0.444444444444444,13.6666666666667,0.0,0.0,0.0008650222,0.0
0.0,-0.555555555555556,13.6666666666667,0.0,0.0,0.000674012,0.0
0.0,-0.666666666666667,13.6666666666667,0.0,0.0,0.0012442202,0.0
0.0,-0.777777777777778,13.6666666666667,0.0,0.0,0.000115912924,0.0
0.0,-0.888888888888889,13.6666666666667,0.0,0.0,0.0019617598,0.0
0.0,-1.0,13.6666666666667,0.0,0.0,0.0030980324,0.0
0.0,-1.11111111111111,13.6666666666667,0.0,0.0,0.005377479,0.0
0.0,-1.22222222222222,13.6666666666667,0.0,0.0,0.00020789838,0.0
0.0,-1.33333333333333,13.6666666666667,0.0,0.0,0.0006337192,0.0
0.0,-1.44444444444444,13.6666666666667,0.0,0.0,0.0015854065,0.0
0.0,-1.55555555555556,13.6666666666667,0.0,0.0,0.0012232815,0.0
0.0,-1.66666666666667,13.6666666666667,0.0,0.0,0.00084875035,0.0
0.0,-1.77777777777778,13.6666666666667,0.0,0.0,0.0006762479,0.0
0.0,-1.88888888888889,13.6666666666667,0.0,0.0,0.0002041859,0.0
0.0,-2.0,13.6666666666667,0.0,0.0,0.00018336147,0.0
0.0,-2.11111111111111,13.6666666666667,0.0,0.0,0.004065905,0.0
0.0,-2.22222222222222,13.6666666666667,0.0,0.0,0.00013241405,0.0
0.0,-2.55555555555556,13.6666666666667,0.0,0.0,0.00082550687,0.0
0.0,-2.66666666666667,13.6666666666667,0.0,0.0,7.733379e-05,0.0
0.0,-2.88888888888889,13.6666666666667,0.0,0.0,0.00010867773,0.0
0.0,-3.0,13.6666666666667,0.0,0.0,0.0019514238,0.0
0.0,-0.0,13.7777777777778,0.0,0.0,0.009679184,0.0
0.0,-0.111111111111111,13.7777777777778,0.0,0.0,6.510005e-05,0.0
0.0,-0.222222222222222,13.7777777777778,0.0,0.0,0.00090883527,0.0
0.0,-0.333333333333333,13.7777777777778,0.0,0.0,0.0013123776,0.0
0.0,-0.444444444444444,13.7777777777778,0.0,0.0,4.715009e-05,0.0
0.0,-0.555555555555556,13.7777777777778,0.0,0.0,0.00032907506,0.0
0.0,-0.666666666666667,13.7777777777778,0.0,0.0,0.0009449149,0.0
0.0,-0.777777777777778,13.7777777777778,0.0,0.0,1.4284906e-06,0.0
0.0,-0.888888888888889,13.7777777777778,0.0,0.0,0.0012505758,0.0
0.0,-1.0,13.7777777777778,0.0,0.0,0.0013519833,0.0
0.0,-1.11111111111111,13.7777777777778,0.0,0.0,0.0038310213,0.0
0.0,-1.22222222222222,13.7777777777778,0.0,0.0,0.00037764455,0.0
0.0,-1.33333333333333,13.7777777777778,0.0,0.0,0.0009867664,0.0
0.0,-1.44444444444444,13.7777777777778,0.0,0.0,0.0012154598,0.0
0.0,-1.55555555555556,13.7777777777778,0.0,0.0,0.00034761403,0.0
0.0,-1.66666666666667,13.7777777777778,0.0,0.0,0.00047702884,0.0
0.0,-1.77777777777778,13.7777777777778,0.0,0.0,7.279554e-05,0.0
0.0,-1.88888888888889,13.7777777777778,0.0,0.0,0.0021689741,0.0
0.0,-2.0,13.7777777777778,0.0,0.0,0.00026761505,0.0
0.0,-2.22222222222222,13.7777777777778,0.0,0.0,0.0004922764,0.0
0.0,-2.33333333333333,13.7777777777778,0.0,0.0,0.0001436917,0.0
0.0,-2.44444444444444,13.7777777777778,0.0,0.0,0.0006081999,0.0
0.0,-2.55555555555556,13.7777777777778,0.0,0.0,0.0010068066,0.0
0.0,-2.66666666666667,13.7777777777778,0.0,0.0,0.00015680652,0.0
0.0,-2.77777777777778,13.7777777777778,0.0,0.0,0.00074648694,0.0
0.0,-2.88888888888889,13.7777777777778,0.0,0.0,5.3168507e-05,0.0
0.0,-3.0,13.7777777777778,0.0,0.0,0.0033702687,0.0
0.0,-3.11111111111111,13.7777777777778,0.0,0.0,0.001014868,0.0
0.0,-0.0,13.8888888888889,0.0,0.0,0.01957362,0.0
0.0,-0.111111111111111,13.8888888888889,0.0,0.0,0.0015055866,0.0
0.0,-0.222222222222222,13.8888888888889,0.0,0.0,1.6971206e-06,0.0
0.0,-0.333333333333333,13.8888888888889,0.0,0.0,0.0004650222,0.0
0.0,-0.444444444444444,13.8888888888889,0.0,0.0,0.0024713567,0.0
0.0,-0.555555555555556,13.8888888888889,0.0,0.0,0.002777998,0.0
0.0,-0.666666666666667,13.8888888888889,0.0,0.0,2.4153229e-05,0.0
0.0,-0.777777777777778,13.8888888888889,0.0,0.0,0.0001533025,0.0
0.0,-0.888888888888889,13.8888888888889,0.0,0.0,0.0010921952,0.0
0.0,-1.0,13.8888888888889,0.0,0.0,0.00012129437,0.0
0.0,-1.11111111111111,13.8888888888889,0.0,0.0,0.0012652298,0.0
0.0,-1.22222222222222,13.8888888888889,0.0,0.0,0.0018772327,0.0
0.0,-1.33333333333333,13.8888888888889,0.0,0.0,0.0007369281,0.0
0.0,-1.44444444444444,13.8888888888889,0.0,0.0,0.0006428719,0.0
0.0,-1.55555555555556,13.8888888888889,0.0,0.0,0.00028692104,0.0
0.0,-1.66666666666667,13.8888888888889,0.0,0.0,4.18136e-05,0.0
0.0,-1.77777777777778,13.8888888888889,0.0,0.0,0.00019005146,0.0
0.0,-1.88888888888889,13.8888888888889,0.0,0.0,0.007935914,0.0
0.0,-2.0,13.8888888888889,0.0,0.0,0.0003953064,0.0
0.0,-2.22222222222222,13.8888888888889,0.0,0.0,0.0026994862,0.0
0.0,-2.33333333333333,13.8888888888889,0.0,0.0,0.0009211265,0.0
0.0,-2.44444444444444,13.8888888888889,0.0,0.0,0.0018952576,0.0
0.0,-2.55555555555556,13.8888888888889,0.0,0.0,0.0020714325,0.0
0.0,-2.66666666666667,13.8888888888889,0.0,0.0,8.758558e-05,0.0
0.0,-2.77777777777778,13.8888888888889,0.0,0.0,0.0004534501,0.0
0.0,-3.22222222222222,13.8888888888889,0.0,0.0,0.00025155713,0.0
0.0,-0.111111111111111,14.0,0.0,0.0,0.0031514384,0.0
0.0,-0.222222222222222,14.0,0.0,0.0,0.0006811015,0.0
0.0,-0.333333333333333,14.0,0.0,0.0,0.0019966392,0.0
0.0,-0.444444444444444,14.0,0.0,0.0,0.0062713083,0.0
0.0,-0.555555555555556,14.0,0.0,0.0,0.005223892,0.0
0.0,-0.666666666666667,14.0,0.0,0.0,0.0014606366,0.0
0.0,-0.777777777777778,14.0,0.0,0.0,0.0011461559,0.0
0.0,-0.888888888888889,14.0,0.0,0.0,0.0010234113,0.0
0.0,-1.11111111111111,14.0,0.0,0.0,0.0005984867,0.0
0.0,-1.22222222222222,14.0,0.0,0.0,0.004523504,0.0
0.0,-1.33333333333333,14.0,0.0,0.0,0.0004755767,0.0
0.0,-1.44444444444444,14.0,0.0,0.0,0.00016325209,0.0
0.0,-1.55555555555556,14.0,0.0,0.0,0.0015929525,0.0
0.0,-1.66666666666667,14.0,0.0,0.0,0.0009598293,0.0
0.0,-1.77777777777778,14.0,0.0,0.0,0.0018368482,0.0
0.0,-1.88888888888889,14.0,0.0,0.0,0.012455836,0.0
0.0,-2.11111111111111,14.0,0.0,0.0,0.00267313,0.0
0.0,-2.22222222222222,14.0,0.0,0.0,0.0056433612,0.0
0.0,-2.33333333333333,14.0,0.0,0.0,0.001226591,0.0
0.0,-2.44444444444444,14.0,0.0,0.0,0.0038863278,0.0
0.0,-2.55555555555556,14.0,0.0,0.0,0.0033587718,0.0
0.0,-2.66666666666667,14.0,0.0,0.0,0.00031091383,0.0
0.0,-2.77777777777778,14.0,0.0,0.0,0.000945558,0.0
0.0,-2.88888888888889,14.0,0.0,0.0,0.0014384878,0.0
0.0,-0.0,14.1111111111111,0.0,0.0,0.025651153,0.0
0.0,-0.111111111111111,14.1111111111111,0.0,0.0,0.0019827804,0.0
0.0,-0.222222222222222,14.1111111111111,0.0,0.0,0.0011803694,0.0
0.0,-0.333333333333333,14.1111111111111,0.0,0.0,0.0022590377,0.0
0.0,-0.444444444444444,14.1111111111111,0.0,0.0,0.005074874,0.0
0.0,-0.555555555555556,14.1111111111111,0.0,0.0,0.0042513814,0.0
0.0,-0.666666666666667,14.1111111111111,0.0,0.0,0.0015743198,0.0
0.0,-0.777777777777778,14.1111111111111,0.0,0.0,0.0021263158,0.0
0.0,-0.888888888888889,14.1111111111111,0.0,0.0,8.7318185e-05,0.0
0.0,-1.0,14.1111111111111,0.0,0.0,0.002842319,0.0
0.0,-1.11111111111111,14.1111111111111,0.0,0.0,0.00021823036,0.0
0.0,-1.22222222222222,14.1111111111111,0.0,0.0,0.005356105,0.0
0.0,-1.33333333333333,14.1111111111111,0.0,0.0,0.00080508523,0.0
0.0,-1.44444444444444,14.1111111111111,0.0,0.0,0.00011300461,0.0
0.0,-1.55555555555556,14.1111111111111,0.0,0.0,0.0013286714,0.0
0.0,-1.66666666666667,14.1111111111111,0.0,0.0,0.0010836602,0.0
0.0,-1.77777777777778,14.1111111111111,0.0,0.0,0.0026439629,0.0
0.0,-1.88888888888889,14.1111111111111,0.0,0.0,0.009217323,0.0
0.0,-2.0,14.1111111111111,0.0,0.0,0.00039475388,0.0
0.0,-2.11111111111111,14.1111111111111,0.0,0.0,0.0014781075,0.0
0.0,-2.22222222222222,14.1111111111111,0.0,0.0,0.004494151,0.0
0.0,-2.33333333333333,14.1111111111111,0.0,0.0,0.0005475429,0.0
0.0,-2.44444444444444,14.1111111111111,0.0,0.0,0.003720949,0.0
0.0,-2.55555555555556,14.1111111111111,0.0,0.0,0.0028614264,0.0
0.0,-2.66666666666667,14.1111111111111,0.0,0.0,0.0007992448,0.0
0.0,-2.77777777777778,14.1111111111111,0.0,0.0,0.00014077757,0.0
0.0,-0.0,14.2222222222222,0.0,0.0,0.007381042,0.0
0.0,-0.111111111111111,14.2222222222222,0.0,0.0,0.00028790077,0.0
0.0,-0.222222222222222,14.2222222222222,0.0,0.0,0.00089974556,0.0
0.0,-0.333333333333333,14.2222222222222,0.0,0.0,0.0008164427,0.0
0.0,-0.444444444444444,14.2222222222222,0.0,0.0,0.0017456356,0.0
0.0,-0.555555555555556,14.2222222222222,0.0,0.0,0.0029964263,0.0
0.0,-0.666666666666667,14.2222222222222,0.0,0.0,8.9776346e-05,0.0
0.0,-0.777777777777778,14.2222222222222,0.0,0.0,0.0009966141,0.0
0.0,-0.888888888888889,14.2222222222222,0.0,0.0,0.0008498296,0.0
0.0,-1.0,14.2222222222222,0.0,0.0,0.005593954,0.0
0.0,-1.11111111111111,14.2222222222222,0.0,0.0,6.725254e-05,0.0
0.0,-1.22222222222222,14.2222222222222,0.0,0.0,0.0033660408,0.0
0.0,-1.33333333333333,14.2222222222222,0.0,0.0,0.00018841647,0.0
0.0,-1.44444444444444,14.2222222222222,0.0,0.0,0.00077288266,0.0
0.0,-1.55555555555556,14.2222222222222,0.0,0.0,5.4114884e-05,0.0
0.0,-1.66666666666667,14.2222222222222,0.0,0.0,0.00021160643,0.0
0.0,-1.77777777777778,14.2222222222222,0.0,0.0,0.0010375358,0.0
0.0,-1.88888888888889,14.2222222222222,0.0,0.0,0.002440199,0.0
0.0,-2.0,14.2222222222222,0.0,0.0,0.0003751152,0.0
0.0,-2.11111111111111,14.2222222222222,0.0,0.0,0.00034596946,0.0
0.0,-2.22222222222222,14.2222222222222,0.0,0.0,0.00094533234,0.0
0.0,-2.33333333333333,14.2222222222222,0.0,0.0,0.00019520936,0.0
0.0,-2.44444444444444,14.2222222222222,0.0,0.0,0.0011142998,0.0
0.0,-2.55555555555556,14.2222222222222,0.0,0.0,0.0009830645,0.0
0.0,-2.66666666666667,14.2222222222222,0.0,0.0,0.00051423366,0.0
0.0,-2.77777777777778,14.2222222222222,0.0,0.0,0.00079406187,0.0
0.0,-0.0,14.3333333333333,0.0,0.0,0.0003477193,0.0
0.0,-0.111111111111111,14.3333333333333,0.0,0.0,0.0004120793,0.0
0.0,-0.222222222222222,14.3333333333333,0.0,0.0,0.0008670576,0.0
0.0,-0.333333333333333,14.3333333333333,0.0,0.0,0.00019470662,0.0
0.0,-0.444444444444444,14.3333333333333,0.0,0.0,0.00058428873,0.0
0.0,-0.555555555555556,14.3333333333333,0.0,0.0,0.004654854,0.0
0.0,-0.666666666666667,14.3333333333333,0.0,0.0,0.0017178925,0.0
0.0,-0.777777777777778,14.3333333333333,0.0,0.0,0.0004227962,0.0
0.0,-0.888888888888889,14.3333333333333,0.0,0.0,0.0025473295,0.0
0.0,-1.0,14.3333333333333,0.0,0.0,0.005776506,0.0
0.0,-1.11111111111111,14.3333333333333,0.0,0.0,1.7140784e-06,0.0
0.0,-1.22222222222222,14.3333333333333,0.0,0.0,0.0013528193,0.0
0.0,-1.33333333333333,14.3333333333333,0.0,0.0,0.00039016336,0.0
0.0,-1.44444444444444,14.3333333333333,0.0,0.0,0.0030041428,0.0
0.0,-1.55555555555556,14.3333333333333,0.0,0.0,0.0009257404,0.0
0.0,-1.66666666666667,14.3333333333333,0.0,0.0,3.5755616e-05,0.0
0.0,-1.77777777777778,14.3333333333333,0.0,0.0,0.00078753405,0.0
0.0,-1.88888888888889,14.3333333333333,0.0,0.0,0.00019310278,0.0
0.0,-2.0,14.3333333333333,0.0,0.0,0.0023002566,0.0
0.0,-2.11111111111111,14.3333333333333,0.0,0.0,0.00088386395,0.0
0.0,-2.22222222222222,14.3333333333333,0.0,0.0,0.00011698745,0.0
0.0,-2.33333333333333,14.3333333333333,0.0,0.0,0.0013093621,0.0
0.0,-2.44444444444444,14.3333333333333,0.0,0.0,0.0005548172,0.0
0.0,-2.55555555555556,14.3333333333333,0.0,0.0,0.00036555115,0.0
0.0,-2.66666666666667,14.3333333333333,0.0,0.0,0.001161254,0.0
0.0,-0.0,14.4444444444444,0.0,0.0,0.001852809,0.0
0.0,-0.111111111111111,14.4444444444444,0.0,0.0,0.00027406908,0.0
0.0,-0.222222222222222,14.4444444444444,0.0,0.0,0.0011083327,0.0
0.0,-0.333333333333333,14.4444444444444,0.0,0.0,7.773673e-05,0.0
0.0,-0.444444444444444,14.4444444444444,0.0,0.0,0.0009722547,0.0
0.0,-0.555555555555556,14.4444444444444,0.0,0.0,0.008403074,0.0
0.0,-0.666666666666667,14.4444444444444,0.0,0.0,0.003969484,0.0
0.0,-0.777777777777778,14.4444444444444,0.0,0.0,0.0020951536,0.0
0.0,-0.888888888888889,14.4444444444444,0.0,0.0,0.002072514,0.0
0.0,-1.0,14.4444444444444,0.0,0.0,0.00524761,0.0
0.0,-1.11111111111111,14.4444444444444,0.0,0.0,0.0005411656,0.0
0.0,-1.22222222222222,14.4444444444444,0.0,0.0,0.00064968964,0.0
0.0,-1.33333333333333,14.4444444444444,0.0,0.0,0.0014091575,0.0
0.0,-1.44444444444444,14.4444444444444,0.0,0.0,0.0048094518,0.0
0.0,-1.55555555555556,14.4444444444444,0.0,0.0,0.0022880507,0.0
0.0,-1.66666666666667,14.4444444444444,0.0,0.0,0.00043302157,0.0
0.0,-1.77777777777778,14.4444444444444,0.0,0.0,0.00077366136,0.0
0.0,-1.88888888888889,14.4444444444444,0.0,0.0,0.0015764474,0.0
0.0,-2.0,14.4444444444444,0.0,0.0,0.003959483,0.0
0.0,-2.11111111111111,14.4444444444444,0.0,0.0,0.0019889297,0.0
0.0,-2.33333333333333,14.4444444444444,0.0,0.0,0.0029053134,0.0
0.0,-2.44444444444444,14.4444444444444,0.0,0.0,0.0009824908,0.0
0.0,-2.55555555555556,14.4444444444444,0.0,0.0,0.00032193138,0.0
0.0,-2.66666666666667,14.4444444444444,0.0,0.0,0.0030419487,0.0
0.0,-2.77777777777778,14.4444444444444,0.0,0.0,0.0035434342,0.0
0.0,-0.0,14.5555555555556,0.0,0.0,0.001223727,0.0
0.0,-0.111111111111111,14.5555555555556,0.0,0.0,0.0013181294,0.0
0.0,-0.222222222222222,14.5555555555556,0.0,0.0,0.001425523,0.0
0.0,-0.333333333333333,14.5555555555556,0.0,0.0,4.963669e-05,0.0
0.0,-0.444444444444444,14.5555555555556,0.0,0.0,0.0022268556,0.0
0.0,-0.555555555555556,14.5555555555556,0.0,0.0,0.008566005,0.0
0.0,-0.666666666666667,14.5555555555556,0.0,0.0,0.0032470222,0.0
0.0,-0.777777777777778,14.5555555555556,0.0,0.0,0.0034038026,0.0
0.0,-0.888888888888889,14.5555555555556,0.0,0.0,0.0010910936,0.0
0.0,-1.0,14.5555555555556,0.0,0.0,0.0071794814,0.0
0.0,-1.11111111111111,14.5555555555556,0.0,0.0,0.0022224507,0.0
0.0,-1.22222222222222,14.5555555555556,0.0,0.0,0.0006845244,0.0
0.0,-1.33333333333333,14.5555555555556,0.0,0.0,0.00048621587,0.0
0.0,-1.44444444444444,14.5555555555556,0.0,0.0,0.0036759796,0.0
0.0,-1.55555555555556,14.5555555555556,0.0,0.0,0.001568296,0.0
0.0,-1.66666666666667,14.5555555555556,0.0,0.0,0.0014795371,0.0
0.0,-1.77777777777778,14.5555555555556,0.0,0.0,0.0003666508,0.0
0.0,-1.88888888888889,14.5555555555556,0.0,0.0,0.0029078815,0.0
0.0,-2.0,14.5555555555556,0.0,0.0,0.0031327426,0.0
0.0,-2.11111111111111,14.5555555555556,0.0,0.0,0.0013756189,0.0
0.0,-2.22222222222222,14.5555555555556,0.0,0.0,0.00021809027,0.0
0.0,-2.33333333333333,14.5555555555556,0.0,0.0,0.0022168767,0.0
0.0,-2.44444444444444,14.5555555555556,0.0,0.0,0.00018989074,0.0
0.0,-2.55555555555556,14.5555555555556,0.0,0.0,2.1978985e-05,0.0
0.0,-0.0,14.6666666666667,0.0,0.0,0.0055488497,0.0
0.0,-0.111111111111111,14.6666666666667,0.0,0.0,0.0020153474,0.0
0.0,-0.222222222222222,14.6666666666667,0.0,0.0,0.0020052735,0.0
0.0,-0.333333333333333,14.6666666666667,0.0,0.0,0.0004016495,0.0
0.0,-0.444444444444444,14.6666666666667,0.0,0.0,0.0023335519,0.0
0.0,-0.555555555555556,14.6666666666667,0.0,0.0,0.003951373,0.0
0.0,-0.666666666666667,14.6666666666667,0.0,0.0,0.0016186523,0.0
0.0,-0.777777777777778,14.6666666666667,0.0,0.0,0.002136958,0.0
0.0,-0.888888888888889,14.6666666666667,0.0,0.0,0.0010492927,0.0
0.0,-1.0,14.6666666666667,0.0,0.0,0.008982991,0.0
0.0,-1.11111111111111,14.6666666666667,0.0,0.0,0.0027798458,0.0
0.0,-1.22222222222222,14.6666666666667,0.0,0.0,0.0007963984,0.0
0.0,-1.33333333333333,14.6666666666667,0.0,0.0,0.00053067075,0.0
0.0,-1.44444444444444,14.6666666666667,0.0,0.0,0.002664729,0.0
0.0,-1.55555555555556,14.6666666666667,0.0,0.0,0.00035291899,0.0
0.0,-1.66666666666667,14.6666666666667,0.0,0.0,0.00205565,0.0
0.0,-1.77777777777778,14.6666666666667,0.0,0.0,0.0012091184,0.0
0.0,-1.88888888888889,14.6666666666667,0.0,0.0,0.0017206186,0.0
0.0,-2.0,14.6666666666667,0.0,0.0,0.0021844062,0.0
0.0,-2.11111111111111,14.6666666666667,0.0,0.0,7.581828e-06,0.0
0.0,-2.22222222222222,14.6666666666667,0.0,0.0,0.00017208613,0.0
0.0,-2.44444444444444,14.6666666666667,0.0,0.0,0.0010574487,0.0
0.0,-0.0,14.7777777777778,0.0,0.0,0.011636046,0.0
0.0,-0.111111111111111,14.7777777777778,0.0,0.0,0.00072881265,0.0
0.0,-0.222222222222222,14.7777777777778,0.0,0.0,0.0023371617,0.0
0.0,-0.333333333333333,14.7777777777778,0.0,0.0,0.001230198,0.0
0.0,-0.444444444444444,14.7777777777778,0.0,0.0,0.0012162831,0.0
0.0,-0.555555555555556,14.7777777777778,0.0,0.0,0.00071295677,0.0
0.0,-0.666666666666667,14.7777777777778,0.0,0.0,0.0008278468,0.0
0.0,-0.777777777777778,14.7777777777778,0.0,0.0,6.276021e-05,0.0
0.0,-0.888888888888889,14.7777777777778,0.0,0.0,0.0008053162,0.0
0.0,-1.0,14.7777777777778,0.0,0.0,0.010178681,0.0
0.0,-1.11111111111111,14.7777777777778,0.0,0.0,0.0014971208,0.0
0.0,-1.22222222222222,14.7777777777778,0.0,0.0,0.0007977576,0.0
0.0,-1.33333333333333,14.7777777777778,0.0,0.0,0.0029148976,0.0
0.0,-1.44444444444444,14.7777777777778,0.0,0.0,0.0023668855,0.0
0.0,-1.55555555555556,14.7777777777778,0.0,0.0,0.00018096283,0.0
0.0,-1.66666666666667,14.7777777777778,0.0,0.0,0.0011266557,0.0
0.0,-1.77777777777778,14.7777777777778,0.0,0.0,0.0012678526,0.0
0.0,-1.88888888888889,14.7777777777778,0.0,0.0,3.461765e-05,0.0
0.0,-2.0,14.7777777777778,0.0,0.0,0.001360043,0.0
0.0,-2.11111111111111,14.7777777777778,0.0,0.0,0.0014863161,0.0
0.0,-2.33333333333333,14.7777777777778,0.0,0.0,0.00029629664,0.0
0.0,-0.0,14.8888888888889,0.0,0.0,0.009498196,0.0
0.0,-0.111111111111111,14.8888888888889,0.0,0.0,0.0005675942,0.0
0.0,-0.222222222222222,14.8888888888889,0.0,0.0,0.0010549562,0.0
0.0,-0.333333333333333,14.8888888888889,0.0,0.0,0.0013087187,0.0
0.0,-0.444444444444444,14.8888888888889,0.0,0.0,0.00056231546,0.0
0.0,-0.555555555555556,14.8888888888889,0.0,0.0,0.00014227357,0.0
0.0,-0.666666666666667,14.8888888888889,0.0,0.0,0.00046835386,0.0
0.0,-0.777777777777778,14.8888888888889,0.0,0.0,0.00096149684,0.0
0.0,-0.888888888888889,14.8888888888889,0.0,0.0,0.00042867815,0.0
0.0,-1.0,14.8888888888889,0.0,0.0,0.007075206,0.0
0.0,-1.11111111111111,14.8888888888889,0.0,0.0,0.00031207525,0.0
0.0,-1.22222222222222,14.8888888888889,0.0,0.0,0.00040957655,0.0
0.0,-1.33333333333333,14.8888888888889,0.0,0.0,0.0022463212,0.0
0.0,-1.44444444444444,14.8888888888889,0.0,0.0,0.0009574134,0.0
0.0,-1.55555555555556,14.8888888888889,0.0,0.0,0.0012121212,0.0
0.0,-1.66666666666667,14.8888888888889,0.0,0.0,0.0003590836,0.0
0.0,-1.77777777777778,14.8888888888889,0.0,0.0,0.00061155716,0.0
0.0,-1.88888888888889,14.8888888888889,0.0,0.0,0.0011908056,0.0
0.0,-2.0,14.8888888888889,0.0,0.0,0.00042020794,0.0
0.0,-2.11111111111111,14.8888888888889,0.0,0.0,0.0029043215,0.0
0.0,-2.22222222222222,14.8888888888889,0.0,0.0,0.0003608572,0.0
0.0,-2.44444444444444,14.8888888888889,0.0,0.0,0.00066755,0.0
0.0,-2.55555555555556,14.8888888888889,0.0,0.0,0.0010996559,0.0
0.0,-0.111111111111111,15.0,0.0,0.0,0.00080495526,0.0
0.0,-0.222222222222222,15.0,0.0,0.0,5.3611093e-05,0.0
0.0,-0.333333333333333,15.0,0.0,0.0,0.0015235358,0.0
0.0,-0.444444444444444,15.0,0.0,0.0,0.00030015275,0.0
0.0,-0.555555555555556,15.0,0.0,0.0,0.00014160157,0.0
0.0,-0.666666666666667,15.0,0.0,0.0,0.00018066443,0.0
0.0,-0.777777777777778,15.0,0.0,0.0,0.0015152132,0.0
0.0,-0.888888888888889,15.0,0.0,0.0,0.00051493826,0.0
0.0,-1.11111111111111,15.0,0.0,0.0,0.00031827012,0.0
0.0,-1.22222222222222,15.0,0.0,0.0,5.722226e-05,0.0
0.0,-1.33333333333333,15.0,0.0,0.0,0.0009987617,0.0
0.0,-1.44444444444444,15.0,0.0,0.0,0.00046117237,0.0
0.0,-1.55555555555556,15.0,0.0,0.0,0.0022312729,0.0
0.0,-1.66666666666667,15.0,0.0,0.0,0.00014107104,0.0
0.0,-1.77777777777778,15.0,0.0,0.0,0.00075886596,0.0
0.0,-1.88888888888889,15.0,0.0,0.0,0.0013175174,0.0
0.0,-2.11111111111111,15.0,0.0,0.0,0.001006841,0.0
0.0,-2.22222222222222,15.0,0.0,0.0,9.455395e-05,0.0
0.0,-2.33333333333333,15.0,0.0,0.0,0.0010827987,0.0
-0.111111111111111,0.0,0.0,0.0,0.0,0.00280058,0.0
-0.222222222222222,0.0,0.0,0.0,0.0,0.06359955,0.0
-0.333333333333333,0.0,0.0,0.0,0.0,0.01137251,0.0
-0.444444444444444,0.0,0.0,0.0,0.0,0.08098974,0.0
-0.555555555555556,0.0,0.0,0.0,0.0,0.0007221188,0.0
-0.666666666666667,0.0,0.0,0.0,0.0,0.17289731,0.0
-0.777777777777778,0.0,0.0,0.0,0.0,0.02021673,0.0
-0.888888888888889,0.0,0.0,5.40816802618191,0.0,0.12770638,0.13114755083107843
-1.11111111111111,0.0,0.0,0.0,0.0,0.118499674,0.0
-1.22222222222222,0.0,0.0,0.0,0.0,0.026556812,0.0
-1.33333333333333,0.0,0.0,0.37376692823348,0.0,0.07779135,0.009063811808761943
-1.44444444444444,0.0,0.0,0.0,0.0,0.002149248,0.0
-1.55555555555556,0.0,0.0,0.0,0.0,0.06307708,0.0
-1.66666666666667,0.0,0.0,30.354001282761,0.0,0.0062638107,0.7360815911941893
-1.77777777777778,0.0,0.0,101.565240044663,0.0,0.18751417,2.4629472340621557
-1.88888888888889,0.0,0.0,0.0,0.0,0.0014258109,0.0
-2.11111111111111,0.0,0.0,0.0,0.0,0.0011215812,0.0
-2.22222222222222,0.0,0.0,0.0,0.0,0.098897904,0.0
-2.33333333333333,0.0,0.0,10.2221995901863,0.0,0.021244198,0.24788734999896872
-2.44444444444444,0.0,0.0,0.0,0.0,0.0679787,0.0
-2.55555555555556,0.0,0.0,0.0,0.0,0.0039403955,0.0
-2.66666666666667,0.0,0.0,1.74691432400883,0.0,0.027875414,0.042362503161210194
-2.77777777777778,0.0,0.0,0.0,0.0,0.0029356657,0.0
-2.88888888888889,0.0,0.0,0.0,0.0,0.033822287,0.0
-3.11111111111111,0.0,0.0,0.0,0.0,0.060271773,0.0
-3.22222222222222,0.0,0.0,0.0,0.0,0.0014942775,0.0
-3.33333333333333,0.0,0.0,8.35074673375836,0.0,0.036490306,0.20250479948867606
-3.44444444444444,0.0,0.0,0.0,0.0,0.0032516655,0.0
-3.55555555555556,0.0,0.0,0.0,0.0,0.016667044,0.0
-3.66666666666667,0.0,0.0,27.9946443940437,0.0,0.017039865,0.6788674151564384
-3.77777777777778,0.0,0.0,0.0,0.0,0.028252501,0.0
-3.88888888888889,0.0,0.0,0.0,0.0,0.0010871813,0.0
-4.11111111111111,0.0,0.0,0.0,0.0,0.0012014752,0.0
-4.22222222222222,0.0,0.0,0.0,0.0,0.015449433,0.0
-4.33333333333333,0.0,0.0,47.5087331114753,0.0,0.0033564416,1.1520821765325402
-4.44444444444444,0.0,0.0,0.0,0.0,0.02740342,0.0
-4.55555555555556,0.0,0.0,0.0,0.0,0.0077823196,0.0
-4.66666666666667,0.0,0.0,1.71729827665467,0.0,0.033422917,0.04164431688131063
-4.77777777777778,0.0,0.0,0.0,0.0,0.003309713,0.0
-4.88888888888889,0.0,0.0,0.0,0.0,0.0079633705,0.0
-0.0,0.0,0.111111111111111,0.0,0.0,4.911684,0.0
-0.111111111111111,0.0,0.111111111111111,0.0,0.0,0.0033024107,0.0
-0.222222222222222,0.0,0.111111111111111,0.0,0.0,0.047680985,0.0
-0.333333333333333,0.0,0.111111111111111,0.0,0.0,0.01193328,0.0
-0.444444444444444,0.0,0.111111111111111,0.0,0.0,0.049182758,0.0
-0.555555555555556,0.0,0.111111111111111,0.0,0.0,0.00029061883,0.0
-0.666666666666667,0.0,0.111111111111111,0.0,0.0,0.11360112,0.0
-0.777777777777778,0.0,0.111111111111111,0.0,0.0,0.018485097,0.0
-0.888888888888889,0.0,0.111111111111111,0.0,0.0,0.077149555,0.0
-1.0,0.0,0.111111111111111,0.0,0.0,0.004578888,0.0
-1.11111111111111,0.0,0.111111111111111,0.0,0.0,0.069718204,0.0
-1.22222222222222,0.0,0.111111111111111,0.0,0.0,0.016660238,0.0
-1.33333333333333,0.0,0.111111111111111,0.0,0.0,0.04113407,0.0
-1.44444444444444,0.0,0.111111111111111,0.0,0.0,0.0040718876,0.0
-1.55555555555556,0.0,0.111111111111111,0.0,0.0,0.033119284,0.0
-1.66666666666667,0.0,0.111111111111111,0.0,0.0,0.002462816,0.0
-1.77777777777778,0.0,0.111111111111111,0.0,0.0,0.1351998,0.0
-1.88888888888889,0.0,0.111111111111111,0.0,0.0,0.0028498427,0.0
-2.0,0.0,0.111111111111111,0.0,0.0,0.09712053,0.0
-2.11111111111111,0.0,0.111111111111111,0.0,0.0,0.0017308975,0.0
-2.22222222222222,0.0,0.111111111111111,0.0,0.0,0.06839614,0.0
-2.33333333333333,0.0,0.111111111111111,0.0,0.0,0.012746726,0.0
-2.44444444444444,0.0,0.111111111111111,0.0,0.0,0.048675682,0.0
-2.55555555555556,0.0,0.111111111111111,0.0,0.0,0.0021444024,0.0
-2.66666666666667,0.0,0.111111111111111,0.0,0.0,0.017236654,0.0
-2.77777777777778,0.0,0.111111111111111,0.0,0.0,0.0037459442,0.0
-2.88888888888889,0.0,0.111111111111111,0.0,0.0,0.026284268,0.0
-3.0,0.0,0.111111111111111,0.0,0.0,0.002579378,0.0
-3.11111111111111,0.0,0.111111111111111,0.0,0.0,0.038550626,0.0
-3.22222222222222,0.0,0.111111111111111,0.0,0.0,0.0015618602,0.0
-3.33333333333333,0.0,0.111111111111111,0.0,0.0,0.02171179,0.0
-3.44444444444444,0.0,0.111111111111111,0.0,0.0,0.0024348043,0.0
-3.55555555555556,0.0,0.111111111111111,0.0,0.0,0.011980893,0.0
-3.66666666666667,0.0,0.111111111111111,0.0,0.0,0.012549908,0.0
-3.77777777777778,0.0,0.111111111111111,0.0,0.0,0.014488303,0.0
-3.88888888888889,0.0,0.111111111111111,0.0,0.0,0.001018747,0.0
-4.0,0.0,0.111111111111111,0.0,0.0,0.042808488,0.0
-4.11111111111111,0.0,0.111111111111111,0.0,0.0,0.0014944852,0.0
-4.22222222222222,0.0,0.111111111111111,0.0,0.0,0.009353526,0.0
-4.33333333333333,0.0,0.111111111111111,0.0,0.0,0.0014476962,0.0
-4.44444444444444,0.0,0.111111111111111,0.0,0.0,0.019277059,0.0
-4.55555555555556,0.0,0.111111111111111,0.0,0.0,0.003673555,0.0
-4.66666666666667,0.0,0.111111111111111,0.0,0.0,0.024231534,0.0
-4.77777777777778,0.0,0.111111111111111,0.0,0.0,0.0020499944,0.0
-4.88888888888889,0.0,0.111111111111111,0.0,0.0,0.0052232556,0.0
-0.0,0.0,0.222222222222222,0.0,0.0,1.0915685,0.0
-0.111111111111111,0.0,0.222222222222222,0.0,0.0,0.0010185154,0.0
-0.222222222222222,0.0,0.222222222222222,0.0,0.0,0.0112161925,0.0
-0.333333333333333,0.0,0.222222222222222,0.0,0.0,0.0068267966,0.0
-0.444444444444444,0.0,0.222222222222222,0.0,0.0,0.0075328127,0.0
-0.555555555555556,0.0,0.222222222222222,0.0,0.0,6.2063606e-05,0.0
-0.666666666666667,0.0,0.222222222222222,0.0,0.0,0.02425769,0.0
-0.777777777777778,0.0,0.222222222222222,0.0,0.0,0.0057381555,0.0
-0.888888888888889,0.0,0.222222222222222,0.0,0.0,0.009215413,0.0
-1.0,0.0,0.222222222222222,0.0,0.0,0.0014142604,0.0
-1.11111111111111,0.0,0.222222222222222,0.0,0.0,0.016782,0.0
-1.22222222222222,0.0,0.222222222222222,0.0,0.0,0.001081221,0.0
-1.33333333333333,0.0,0.222222222222222,0.0,0.0,0.0011625531,0.0
-1.44444444444444,0.0,0.222222222222222,0.0,0.0,0.0090051545,0.0
-1.55555555555556,0.0,0.222222222222222,0.0,0.0,0.005441081,0.0
-1.66666666666667,0.0,0.222222222222222,0.0,0.0,0.001753193,0.0
-1.77777777777778,0.0,0.222222222222222,0.0,0.0,0.040220473,0.0
-1.88888888888889,0.0,0.222222222222222,0.0,0.0,0.0003207613,0.0
-2.0,0.0,0.222222222222222,0.0,0.0,0.034770228,0.0
-2.11111111111111,0.0,0.222222222222222,0.0,0.0,0.00075406267,0.0
-2.22222222222222,0.0,0.222222222222222,0.0,0.0,0.017587095,0.0
-2.33333333333333,0.0,0.222222222222222,0.0,0.0,0.0010037674,0.0
-2.44444444444444,0.0,0.222222222222222,0.0,0.0,0.011471911,0.0
-2.55555555555556,0.0,0.222222222222222,0.0,0.0,0.00020594704,0.0
-2.66666666666667,0.0,0.222222222222222,0.0,0.0,0.005702694,0.0
-2.77777777777778,0.0,0.222222222222222,0.0,0.0,0.0022551666,0.0
-2.88888888888889,0.0,0.222222222222222,0.0,0.0,0.00797714,0.0
-3.0,0.0,0.222222222222222,0.0,0.0,0.001111474,0.0
-3.11111111111111,0.0,0.222222222222222,0.0,0.0,0.006111322,0.0
-3.22222222222222,0.0,0.222222222222222,0.0,0.0,0.001528309,0.0
-3.33333333333333,0.0,0.222222222222222,0.0,0.0,0.0024842531,0.0
-3.44444444444444,0.0,0.222222222222222,0.0,0.0,0.0017646276,0.0
-3.55555555555556,0.0,0.222222222222222,0.0,0.0,0.0048537473,0.0
-3.66666666666667,0.0,0.222222222222222,0.0,0.0,0.0039560236,0.0
-3.77777777777778,0.0,0.222222222222222,0.0,0.0,0.0025914388,0.0
-3.88888888888889,0.0,0.222222222222222,0.0,0.0,0.00043227753,0.0
-4.0,0.0,0.222222222222222,0.0,0.0,0.0057456866,0.0
-4.11111111111111,0.0,0.222222222222222,0.0,0.0,0.0007413226,0.0
-4.22222222222222,0.0,0.222222222222222,0.0,0.0,0.0041533993,0.0
-4.33333333333333,0.0,0.222222222222222,0.0,0.0,0.000273715,0.0
-4.44444444444444,0.0,0.222222222222222,0.0,0.0,0.0044432213,0.0
-4.55555555555556,0.0,0.222222222222222,0.0,0.0,8.946608e-05,0.0
-4.66666666666667,0.0,0.222222222222222,0.0,0.0,0.008067958,0.0
-4.77777777777778,0.0,0.222222222222222,0.0,0.0,0.0014101572,0.0
-4.88888888888889,0.0,0.222222222222222,0.0,0.0,0.0018415266,0.0
-0.0,0.0,0.333333333333333,0.0,0.0,0.0021391034,0.0
-0.111111111111111,0.0,0.333333333333333,0.0,0.0,0.0037051663,0.0
-0.222222222222222,0.0,0.333333333333333,0.0,0.0,0.0047033806,0.0
-0.333333333333333,0.0,0.333333333333333,0.0,0.0,0.0008435289,0.0
-0.444444444444444,0.0,0.333333333333333,0.0,0.0,0.0004856907,0.0
-0.555555555555556,0.0,0.333333333333333,0.0,0.0,0.0001570032,0.0
-0.666666666666667,0.0,0.333333333333333,0.0,0.0,0.00038404905,0.0
-0.777777777777778,0.0,0.333333333333333,0.0,0.0,0.00024334645,0.0
-0.888888888888889,0.0,0.333333333333333,0.0,0.0,0.003050436,0.0
-1.0,0.0,0.333333333333333,0.0,0.0,0.00038126943,0.0
-1.11111111111111,0.0,0.333333333333333,0.0,0.0,0.007907304,0.0
-1.22222222222222,0.0,0.333333333333333,0.0,0.0,0.0064289514,0.0
-1.33333333333333,0.0,0.333333333333333,0.0,0.0,0.009260478,0.0
-1.44444444444444,0.0,0.333333333333333,0.0,0.0,0.02578403,0.0
-1.55555555555556,0.0,0.333333333333333,0.0,0.0,0.00061195355,0.0
-1.66666666666667,0.0,0.333333333333333,0.0,0.0,0.004925769,0.0
-1.77777777777778,0.0,0.333333333333333,0.0,0.0,0.0020310488,0.0
-1.88888888888889,0.0,0.333333333333333,0.0,0.0,0.0018735459,0.0
-2.0,0.0,0.333333333333333,0.0,0.0,0.006536337,0.0
-2.11111111111111,0.0,0.333333333333333,0.0,0.0,7.9857135e-05,0.0
-2.22222222222222,0.0,0.333333333333333,0.0,0.0,0.0011577711,0.0
-2.33333333333333,0.0,0.333333333333333,0.0,0.0,0.0056400043,0.0
-2.44444444444444,0.0,0.333333333333333,0.0,0.0,7.814432e-05,0.0
-2.55555555555556,0.0,0.333333333333333,0.0,0.0,0.0015717143,0.0
-2.66666666666667,0.0,0.333333333333333,0.0,0.0,0.0031615193,0.0
-2.77777777777778,0.0,0.333333333333333,0.0,0.0,0.00051574846,0.0
-2.88888888888889,0.0,0.333333333333333,0.0,0.0,0.00038894586,0.0
-3.0,0.0,0.333333333333333,0.0,0.0,0.0004226878,0.0
-3.11111111111111,0.0,0.333333333333333,0.0,0.0,0.004051909,0.0
-3.22222222222222,0.0,0.333333333333333,0.0,0.0,0.0010550572,0.0
-3.33333333333333,0.0,0.333333333333333,0.0,0.0,0.0010876212,0.0
-3.44444444444444,0.0,0.333333333333333,0.0,0.0,0.0016478046,0.0
-3.55555555555556,0.0,0.333333333333333,0.0,0.0,0.0033087614,0.0
-3.66666666666667,0.0,0.333333333333333,0.0,0.0,0.0014034577,0.0
-3.77777777777778,0.0,0.333333333333333,0.0,0.0,0.00049363606,0.0
-3.88888888888889,0.0,0.333333333333333,0.0,0.0,9.846594e-05,0.0
-4.0,0.0,0.333333333333333,0.0,0.0,0.0023719517,0.0
-4.11111111111111,0.0,0.333333333333333,0.0,0.0,0.00010953559,0.0
-4.22222222222222,0.0,0.333333333333333,0.0,0.0,0.0036073877,0.0
-4.33333333333333,0.0,0.333333333333333,0.0,0.0,0.00073232397,0.0
-4.44444444444444,0.0,0.333333333333333,0.0,0.0,0.0032142554,0.0
-4.55555555555556,0.0,0.333333333333333,0.0,0.0,0.0015309096,0.0
-4.66666666666667,0.0,0.333333333333333,0.0,0.0,0.0010354439,0.0
-4.77777777777778,0.0,0.333333333333333,0.0,0.0,0.0008255524,0.0
-4.88888888888889,0.0,0.333333333333333,0.0,0.0,0.0008819891,0.0
-0.0,0.0,0.444444444444444,0.0,0.0,0.0940329,0.0
-0.111111111111111,0.0,0.444444444444444,0.0,0.0,0.0029371832,0.0
-0.222222222222222,0.0,0.444444444444444,0.0,0.0,0.0061528524,0.0
-0.333333333333333,0.0,0.444444444444444,0.0,0.0,0.00079167285,0.0
-0.444444444444444,0.0,0.444444444444444,0.0,0.0,0.0035039533,0.0
-0.555555555555556,0.0,0.444444444444444,0.0,0.0,8.33705e-05,0.0
-0.666666666666667,0.0,0.444444444444444,0.0,0.0,0.00031791299,0.0
-0.777777777777778,0.0,0.444444444444444,0.0,0.0,0.006513663,0.0
-0.888888888888889,0.0,0.444444444444444,0.0,0.0,0.0072710398,0.0
-1.0,0.0,0.444444444444444,0.0,0.0,0.00090173463,0.0
-1.11111111111111,0.0,0.444444444444444,0.0,0.0,0.0072492654,0.0
-1.22222222222222,0.0,0.444444444444444,0.0,0.0,0.009798631,0.0
-1.33333333333333,0.0,0.444444444444444,0.0,0.0,0.0058451155,0.0
-1.44444444444444,0.0,0.444444444444444,0.0,0.0,0.028221156,0.0
-1.55555555555556,0.0,0.444444444444444,0.0,0.0,0.0011384436,0.0
-1.66666666666667,0.0,0.444444444444444,0.0,0.0,0.004161504,0.0
-1.77777777777778,0.0,0.444444444444444,0.0,0.0,0.002551402,0.0
-1.88888888888889,0.0,0.444444444444444,0.0,0.0,0.0052344366,0.0
-2.0,0.0,0.444444444444444,0.0,0.0,0.0033261175,0.0
-2.11111111111111,0.0,0.444444444444444,0.0,0.0,0.0012733848,0.0
-2.22222222222222,0.0,0.444444444444444,0.0,0.0,0.0020698428,0.0
-2.33333333333333,0.0,0.444444444444444,0.0,0.0,0.0083998665,0.0
-2.44444444444444,0.0,0.444444444444444,0.0,0.0,0.0023398886,0.0
-2.55555555555556,0.0,0.444444444444444,0.0,0.0,0.004079957,0.0
-2.66666666666667,0.0,0.444444444444444,0.0,0.0,0.0034653111,0.0
-2.77777777777778,0.0,0.444444444444444,0.0,0.0,0.0022783736,0.0
-2.88888888888889,0.0,0.444444444444444,0.0,0.0,0.00076974154,0.0
-3.0,0.0,0.444444444444444,0.0,0.0,0.00040490847,0.0
-3.11111111111111,0.0,0.444444444444444,0.0,0.0,0.005543948,0.0
-3.22222222222222,0.0,0.444444444444444,0.0,0.0,0.0006518794,0.0
-3.33333333333333,0.0,0.444444444444444,0.0,0.0,0.0032186615,0.0
-3.44444444444444,0.0,0.444444444444444,0.0,0.0,0.0011642979,0.0
-3.55555555555556,0.0,0.444444444444444,0.0,0.0,0.00389444,0.0
-3.66666666666667,0.0,0.444444444444444,0.0,0.0,0.0038584925,0.0
-3.77777777777778,0.0,0.444444444444444,0.0,0.0,0.001576019,0.0
-3.88888888888889,0.0,0.444444444444444,0.0,0.0,0.00057837757,0.0
-4.0,0.0,0.444444444444444,0.0,0.0,0.0068649654,0.0
-4.11111111111111,0.0,0.444444444444444,0.0,0.0,0.00012489648,0.0
-4.22222222222222,0.0,0.444444444444444,0.0,0.0,0.0056337845,0.0
-4.33333333333333,0.0,0.444444444444444,0.0,0.0,0.0015588443,0.0
-4.44444444444444,0.0,0.444444444444444,0.0,0.0,0.006482281,0.0
-4.55555555555556,0.0,0.444444444444444,0.0,0.0,0.00261416,0.0
-4.66666666666667,0.0,0.444444444444444,0.0,0.0,0.00053147326,0.0
-4.77777777777778,0.0,0.444444444444444,0.0,0.0,0.00040938452,0.0
-4.88888888888889,0.0,0.444444444444444,0.0,0.0,0.00088017766,0.0
-0.0,0.0,0.555555555555556,0.0,0.0,0.022710893,0.0
-0.111111111111111,0.0,0.555555555555556,0.0,0.0,0.0029254183,0.0
-0.222222222222222,0.0,0.555555555555556,0.0,0.0,0.006565206,0.0
-0.333333333333333,0.0,0.555555555555556,0.0,0.0,0.0046920734,0.0
-0.444444444444444,0.0,0.555555555555556,0.0,0.0,0.005835067,0.0
-0.555555555555556,0.0,0.555555555555556,0.0,0.0,0.0011314969,0.0
-0.666666666666667,0.0,0.555555555555556,0.0,0.0,0.007264109,0.0
-0.777777777777778,0.0,0.555555555555556,0.0,0.0,0.0088046575,0.0
-0.888888888888889,0.0,0.555555555555556,0.0,0.0,0.005705141,0.0
-1.0,0.0,0.555555555555556,0.0,0.0,0.0019016421,0.0
-1.11111111111111,0.0,0.555555555555556,0.0,0.0,0.0038026494,0.0
-1.22222222222222,0.0,0.555555555555556,0.0,0.0,0.0014957878,0.0
-1.33333333333333,0.0,0.555555555555556,0.0,0.0,0.00075189193,0.0
-1.44444444444444,0.0,0.555555555555556,0.0,0.0,0.007689408,0.0
-1.55555555555556,0.0,0.555555555555556,0.0,0.0,0.0040973043,0.0
-1.66666666666667,0.0,0.555555555555556,0.0,0.0,0.005447685,0.0
-1.77777777777778,0.0,0.555555555555556,0.0,0.0,0.004001943,0.0
-1.88888888888889,0.0,0.555555555555556,0.0,0.0,0.0036230034,0.0
-2.0,0.0,0.555555555555556,0.0,0.0,0.0069801174,0.0
-2.11111111111111,0.0,0.555555555555556,0.0,0.0,0.0021586393,0.0
-2.22222222222222,0.0,0.555555555555556,0.0,0.0,0.0007110973,0.0
-2.33333333333333,0.0,0.555555555555556,0.0,0.0,0.0038664413,0.0
-2.44444444444444,0.0,0.555555555555556,0.0,0.0,0.0053885453,0.0
-2.55555555555556,0.0,0.555555555555556,0.0,0.0,0.0027929118,0.0
-2.66666666666667,0.0,0.555555555555556,0.0,0.0,0.004060128,0.0
-2.77777777777778,0.0,0.555555555555556,0.0,0.0,0.0028182126,0.0
-2.88888888888889,0.0,0.555555555555556,0.0,0.0,0.00069526484,0.0
-3.0,0.0,0.555555555555556,0.0,0.0,0.0034467452,0.0
-3.11111111111111,0.0,0.555555555555556,0.0,0.0,0.0029972624,0.0
-3.22222222222222,0.0,0.555555555555556,0.0,0.0,0.0006687215,0.0
-3.33333333333333,0.0,0.555555555555556,0.0,0.0,0.0011558055,0.0
-3.44444444444444,0.0,0.555555555555556,0.0,0.0,0.00097602885,0.0
-3.55555555555556,0.0,0.555555555555556,0.0,0.0,0.0036612183,0.0
-3.66666666666667,0.0,0.555555555555556,0.0,0.0,0.005237788,0.0
-3.77777777777778,0.0,0.555555555555556,0.0,0.0,0.0029162432,0.0
-3.88888888888889,0.0,0.555555555555556,0.0,0.0,0.0011141037,0.0
-4.0,0.0,0.555555555555556,0.0,0.0,0.0025831426,0.0
-4.11111111111111,0.0,0.555555555555556,0.0,0.0,0.00010114699,0.0
-4.22222222222222,0.0,0.555555555555556,0.0,0.0,0.0061054695,0.0
-4.33333333333333,0.0,0.555555555555556,0.0,0.0,0.0018401229,0.0
-4.44444444444444,0.0,0.555555555555556,0.0,0.0,0.004066577,0.0
-4.55555555555556,0.0,0.555555555555556,0.0,0.0,0.001716091,0.0
-4.66666666666667,0.0,0.555555555555556,0.0,0.0,0.0003862977,0.0
-4.77777777777778,0.0,0.555555555555556,0.0,0.0,0.00025386614,0.0
-4.88888888888889,0.0,0.555555555555556,0.0,0.0,0.000824894,0.0
-0.0,0.0,0.666666666666667,0.0,0.0,0.054405913,0.0
-0.111111111111111,0.0,0.666666666666667,0.0,0.0,0.010735599,0.0
-0.222222222222222,0.0,0.666666666666667,0.0,0.0,0.013680093,0.0
-0.333333333333333,0.0,0.666666666666667,0.0,0.0,0.0063756094,0.0
-0.444444444444444,0.0,0.666666666666667,0.0,0.0,0.007834748,0.0
-0.555555555555556,0.0,0.666666666666667,0.0,0.0,0.0070498474,0.0
-0.666666666666667,0.0,0.666666666666667,0.0,0.0,0.022523893,0.0
-0.777777777777778,0.0,0.666666666666667,0.0,0.0,0.004905503,0.0
-0.888888888888889,0.0,0.666666666666667,0.0,0.0,0.00612602,0.0
-1.0,0.0,0.666666666666667,0.0,0.0,0.009894256,0.0
-1.11111111111111,0.0,0.666666666666667,0.0,0.0,0.00063943217,0.0
-1.22222222222222,0.0,0.666666666666667,0.0,0.0,0.0015534441,0.0
-1.33333333333333,0.0,0.666666666666667,0.0,0.0,0.011174161,0.0
-1.44444444444444,0.0,0.666666666666667,0.0,0.0,0.0006676582,0.0
-1.55555555555556,0.0,0.666666666666667,0.0,0.0,0.002093861,0.0
-1.66666666666667,0.0,0.666666666666667,0.0,0.0,0.01529198,0.0
-1.77777777777778,0.0,0.666666666666667,0.0,0.0,0.001246599,0.0
-1.88888888888889,0.0,0.666666666666667,0.0,0.0,0.006462409,0.0
-2.0,0.0,0.666666666666667,0.0,0.0,0.010255012,0.0
-2.11111111111111,0.0,0.666666666666667,0.0,0.0,0.004581338,0.0
-2.22222222222222,0.0,0.666666666666667,0.0,0.0,0.00040037048,0.0
-2.33333333333333,0.0,0.666666666666667,0.0,0.0,0.0043636216,0.0
-2.44444444444444,0.0,0.666666666666667,0.0,0.0,0.00633663,0.0
-2.55555555555556,0.0,0.666666666666667,0.0,0.0,0.00023577997,0.0
-2.66666666666667,0.0,0.666666666666667,0.0,0.0,0.005549775,0.0
-2.77777777777778,0.0,0.666666666666667,0.0,0.0,0.0015562515,0.0
-2.88888888888889,0.0,0.666666666666667,0.0,0.0,0.00013854697,0.0
-3.0,0.0,0.666666666666667,0.0,0.0,0.004043988,0.0
-3.11111111111111,0.0,0.666666666666667,0.0,0.0,0.006819432,0.0
-3.22222222222222,0.0,0.666666666666667,0.0,0.0,0.0021184902,0.0
-3.33333333333333,0.0,0.666666666666667,0.0,0.0,0.0008331756,0.0
-3.44444444444444,0.0,0.666666666666667,0.0,0.0,0.0018892388,0.0
-3.55555555555556,0.0,0.666666666666667,0.0,0.0,0.0018431628,0.0
-3.66666666666667,0.0,0.666666666666667,0.0,0.0,0.0028532804,0.0
-3.77777777777778,0.0,0.666666666666667,0.0,0.0,0.0014235704,0.0
-3.88888888888889,0.0,0.666666666666667,0.0,0.0,0.0018128233,0.0
-4.0,0.0,0.666666666666667,0.0,0.0,6.868921e-05,0.0
-4.11111111111111,0.0,0.666666666666667,0.0,0.0,0.0016900857,0.0
-4.22222222222222,0.0,0.666666666666667,0.0,0.0,0.0033222898,0.0
-4.33333333333333,0.0,0.666666666666667,0.0,0.0,0.0022110457,0.0
-4.44444444444444,0.0,0.666666666666667,0.0,0.0,0.0017603333,0.0
-4.55555555555556,0.0,0.666666666666667,0.0,0.0,0.0013785932,0.0
-4.66666666666667,0.0,0.666666666666667,0.0,0.0,0.00045336332,0.0
-4.77777777777778,0.0,0.666666666666667,0.0,0.0,9.890785e-05,0.0
-4.88888888888889,0.0,0.666666666666667,0.0,0.0,0.00086348323,0.0
-0.0,0.0,0.777777777777778,0.0,0.0,0.098997205,0.0
-0.111111111111111,0.0,0.777777777777778,0.0,0.0,0.013264337,0.0
-0.222222222222222,0.0,0.777777777777778,0.0,0.0,0.017844984,0.0
-0.333333333333333,0.0,0.777777777777778,0.0,0.0,0.0024009352,0.0
-0.444444444444444,0.0,0.777777777777778,0.0,0.0,0.0067748516,0.0
-0.555555555555556,0.0,0.777777777777778,0.0,0.0,0.016405506,0.0
-0.666666666666667,0.0,0.777777777777778,0.0,0.0,0.025168728,0.0
-0.777777777777778,0.0,0.777777777777778,0.0,0.0,0.0009921301,0.0
-0.888888888888889,0.0,0.777777777777778,0.0,0.0,0.0060796402,0.0
-1.0,0.0,0.777777777777778,0.0,0.0,0.014588565,0.0
-1.11111111111111,0.0,0.777777777777778,0.0,0.0,0.006392935,0.0
-1.22222222222222,0.0,0.777777777777778,0.0,0.0,0.005301972,0.0
-1.33333333333333,0.0,0.777777777777778,0.0,0.0,0.014085418,0.0
-1.44444444444444,0.0,0.777777777777778,0.0,0.0,0.011599112,0.0
-1.55555555555556,0.0,0.777777777777778,0.0,0.0,0.00034791644,0.0
-1.66666666666667,0.0,0.777777777777778,0.0,0.0,0.015568189,0.0
-1.77777777777778,0.0,0.777777777777778,0.0,0.0,0.00037834168,0.0
-1.88888888888889,0.0,0.777777777777778,0.0,0.0,0.012922789,0.0
-2.0,0.0,0.777777777777778,0.0,0.0,0.0068744533,0.0
-2.11111111111111,0.0,0.777777777777778,0.0,0.0,0.0070455703,0.0
-2.22222222222222,0.0,0.777777777777778,0.0,0.0,0.004295929,0.0
-2.33333333333333,0.0,0.777777777777778,0.0,0.0,0.004569883,0.0
-2.44444444444444,0.0,0.777777777777778,0.0,0.0,0.0043056253,0.0
-2.55555555555556,0.0,0.777777777777778,0.0,0.0,0.004153236,0.0
-2.66666666666667,0.0,0.777777777777778,0.0,0.0,0.0077856556,0.0
-2.77777777777778,0.0,0.777777777777778,0.0,0.0,0.0015919355,0.0
-2.88888888888889,0.0,0.777777777777778,0.0,0.0,0.0003897956,0.0
-3.0,0.0,0.777777777777778,0.0,0.0,0.0017975993,0.0
-3.11111111111111,0.0,0.777777777777778,0.0,0.0,0.00908049,0.0
-3.22222222222222,0.0,0.777777777777778,0.0,0.0,0.004104568,0.0
-3.33333333333333,0.0,0.777777777777778,0.0,0.0,0.0021308481,0.0
-3.44444444444444,0.0,0.777777777777778,0.0,0.0,0.0019075596,0.0
-3.55555555555556,0.0,0.777777777777778,0.0,0.0,0.0002279271,0.0
-3.66666666666667,0.0,0.777777777777778,0.0,0.0,0.00017642097,0.0
-3.77777777777778,0.0,0.777777777777778,0.0,0.0,0.00042087867,0.0
-3.88888888888889,0.0,0.777777777777778,0.0,0.0,0.0016804811,0.0
-4.0,0.0,0.777777777777778,0.0,0.0,0.0030929826,0.0
-4.11111111111111,0.0,0.777777777777778,0.0,0.0,0.004037335,0.0
-4.22222222222222,0.0,0.777777777777778,0.0,0.0,0.0010267381,0.0
-4.33333333333333,0.0,0.777777777777778,0.0,0.0,0.0024226129,0.0
-4.44444444444444,0.0,0.777777777777778,0.0,0.0,0.0013532707,0.0
-4.55555555555556,0.0,0.777777777777778,0.0,0.0,0.0011039131,0.0
-4.66666666666667,0.0,0.777777777777778,0.0,0.0,0.0016496414,0.0
-4.77777777777778,0.0,0.777777777777778,0.0,0.0,0.0006495397,0.0
-4.88888888888889,0.0,0.777777777777778,0.0,0.0,0.001007132,0.0
-0.0,0.0,0.888888888888889,0.0,0.0,0.04285782,0.0
-0.111111111111111,0.0,0.888888888888889,0.0,0.0,0.00996541,0.0
-0.222222222222222,0.0,0.888888888888889,0.0,0.0,0.011881865,0.0
-0.333333333333333,0.0,0.888888888888889,0.0,0.0,0.0005501869,0.0
-0.444444444444444,0.0,0.888888888888889,0.0,0.0,0.0039342176,0.0
-0.555555555555556,0.0,0.888888888888889,0.0,0.0,0.019340133,0.0
-0.666666666666667,0.0,0.888888888888889,0.0,0.0,0.011149938,0.0
-0.777777777777778,0.0,0.888888888888889,0.0,0.0,0.0021575969,0.0
-0.888888888888889,0.0,0.888888888888889,0.0,0.0,0.009915581,0.0
-1.0,0.0,0.888888888888889,0.0,0.0,0.00635076,0.0
-1.11111111111111,0.0,0.888888888888889,0.0,0.0,0.009812174,0.0
-1.22222222222222,0.0,0.888888888888889,0.0,0.0,0.0034787469,0.0
-1.33333333333333,0.0,0.888888888888889,0.0,0.0,0.008085127,0.0
-1.44444444444444,0.0,0.888888888888889,0.0,0.0,0.01934667,0.0
-1.55555555555556,0.0,0.888888888888889,0.0,0.0,0.0015222493,0.0
-1.66666666666667,0.0,0.888888888888889,0.0,0.0,0.0026902321,0.0
-1.77777777777778,0.0,0.888888888888889,0.0,0.0,0.0012689342,0.0
-1.88888888888889,0.0,0.888888888888889,0.0,0.0,0.013771569,0.0
-2.0,0.0,0.888888888888889,0.0,0.0,0.0033983297,0.0
-2.11111111111111,0.0,0.888888888888889,0.0,0.0,0.007895103,0.0
-2.22222222222222,0.0,0.888888888888889,0.0,0.0,0.007951456,0.0
-2.33333333333333,0.0,0.888888888888889,0.0,0.0,0.0024816024,0.0
-2.44444444444444,0.0,0.888888888888889,0.0,0.0,0.0013820706,0.0
-2.55555555555556,0.0,0.888888888888889,0.0,0.0,0.011641673,0.0
-2.66666666666667,0.0,0.888888888888889,0.0,0.0,0.0053063487,0.0
-2.77777777777778,0.0,0.888888888888889,0.0,0.0,0.0044095987,0.0
-2.88888888888889,0.0,0.888888888888889,0.0,0.0,0.00095560256,0.0
-3.0,0.0,0.888888888888889,0.0,0.0,0.0032428657,0.0
-3.11111111111111,0.0,0.888888888888889,0.0,0.0,0.0045364806,0.0
-3.22222222222222,0.0,0.888888888888889,0.0,0.0,0.0024364428,0.0
-3.33333333333333,0.0,0.888888888888889,0.0,0.0,0.0031541996,0.0
-3.44444444444444,0.0,0.888888888888889,0.0,0.0,0.0017691726,0.0
-3.55555555555556,0.0,0.888888888888889,0.0,0.0,0.0012520127,0.0
-3.66666666666667,0.0,0.888888888888889,0.0,0.0,0.0012148656,0.0
-3.77777777777778,0.0,0.888888888888889,0.0,0.0,7.6845856e-05,0.0
-3.88888888888889,0.0,0.888888888888889,0.0,0.0,0.0017715868,0.0
-4.0,0.0,0.888888888888889,0.0,0.0,0.006347631,0.0
-4.11111111111111,0.0,0.888888888888889,0.0,0.0,0.0055772997,0.0
-4.22222222222222,0.0,0.888888888888889,0.0,0.0,0.00089460507,0.0
-4.33333333333333,0.0,0.888888888888889,0.0,0.0,0.002450046,0.0
-4.44444444444444,0.0,0.888888888888889,0.0,0.0,0.0010651903,0.0
-4.55555555555556,0.0,0.888888888888889,0.0,0.0,0.00042024103,0.0
-4.66666666666667,0.0,0.888888888888889,0.0,0.0,0.002276145,0.0
-4.77777777777778,0.0,0.888888888888889,0.0,0.0,0.003145577,0.0
-4.88888888888889,0.0,0.888888888888889,0.0,0.0,0.00071128004,0.0
-0.111111111111111,0.0,1.0,0.0,0.0,0.006816969,0.0
-0.222222222222222,0.0,1.0,0.0,0.0,0.00450323,0.0
-0.333333333333333,0.0,1.0,0.0,0.0,0.0064368136,0.0
-0.444444444444444,0.0,1.0,0.0,0.0,0.0030383156,0.0
-0.555555555555556,0.0,1.0,0.0,0.0,0.009923489,0.0
-0.666666666666667,0.0,1.0,0.0,0.0,0.00080557074,0.0
-0.777777777777778,0.0,1.0,0.0,0.0,0.0109687215,0.0
-0.888888888888889,0.0,1.0,0.0,0.0,0.012315212,0.0
-1.11111111111111,0.0,1.0,0.0,0.0,0.0030884054,0.0
-1.22222222222222,0.0,1.0,0.0,0.0,0.0016757316,0.0
-1.33333333333333,0.0,1.0,0.0,0.0,0.003326638,0.0
-1.44444444444444,0.0,1.0,0.0,0.0,0.016315894,0.0
-1.55555555555556,0.0,1.0,0.0,0.0,0.0012511639,0.0
-1.66666666666667,0.0,1.0,0.0,0.0,0.0019425804,0.0
-1.77777777777778,0.0,1.0,0.0,0.0,0.0009932617,0.0
-1.88888888888889,0.0,1.0,0.0,0.0,0.0096473815,0.0
-2.11111111111111,0.0,1.0,0.0,0.0,0.011012852,0.0
-2.22222222222222,0.0,1.0,0.0,0.0,0.0071160505,0.0
-2.33333333333333,0.0,1.0,0.0,0.0,0.00076312426,0.0
-2.44444444444444,0.0,1.0,0.0,0.0,5.4490323e-05,0.0
-2.55555555555556,0.0,1.0,0.0,0.0,0.010839764,0.0
-2.66666666666667,0.0,1.0,0.0,0.0,0.0005129345,0.0
-2.77777777777778,0.0,1.0,0.0,0.0,0.006621457,0.0
-2.88888888888889,0.0,1.0,0.0,0.0,0.0008073014,0.0
-3.11111111111111,0.0,1.0,0.0,0.0,0.0008526415,0.0
-3.22222222222222,0.0,1.0,0.0,0.0,0.00012988606,0.0
-3.33333333333333,0.0,1.0,0.0,0.0,0.004761032,0.0
-3.44444444444444,0.0,1.0,0.0,0.0,0.0018448265,0.0
-3.55555555555556,0.0,1.0,0.0,0.0,0.0015744452,0.0
-3.66666666666667,0.0,1.0,0.0,0.0,0.0031743473,0.0
-3.77777777777778,0.0,1.0,0.0,0.0,0.00037649306,0.0
-3.88888888888889,0.0,1.0,0.0,0.0,0.004262881,0.0
-4.11111111111111,0.0,1.0,0.0,0.0,0.006924463,0.0
-4.22222222222222,0.0,1.0,0.0,0.0,0.0015413037,0.0
-4.33333333333333,0.0,1.0,0.0,0.0,0.0027356292,0.0
-4.44444444444444,0.0,1.0,0.0,0.0,0.00097096426,0.0
-4.55555555555556,0.0,1.0,0.0,0.0,0.00013525107,0.0
-4.66666666666667,0.0,1.0,0.0,0.0,0.0014126354,0.0
-4.77777777777778,0.0,1.0,0.0,0.0,0.004973351,0.0
-4.88888888888889,0.0,1.0,0.0,0.0,0.00032374472,0.0
-0.0,0.0,1.11111111111111,0.0,0.0,0.025065875,0.0
-0.111111111111111,0.0,1.11111111111111,0.0,0.0,0.0043959767,0.0
-0.222222222222222,0.0,1.11111111111111,0.0,0.0,0.0013200234,0.0
-0.333333333333333,0.0,1.11111111111111,0.0,0.0,0.007702336,0.0
-0.444444444444444,0.0,1.11111111111111,0.0,0.0,0.005489623,0.0
-0.555555555555556,0.0,1.11111111111111,0.0,0.0,0.001462145,0.0
-0.666666666666667,0.0,1.11111111111111,0.0,0.0,0.0029218334,0.0
-0.777777777777778,0.0,1.11111111111111,0.0,0.0,0.013329474,0.0
-0.888888888888889,0.0,1.11111111111111,0.0,0.0,0.007304027,0.0
-1.0,0.0,1.11111111111111,0.0,0.0,0.010869861,0.0
-1.11111111111111,0.0,1.11111111111111,0.0,0.0,0.0003730554,0.0
-1.22222222222222,0.0,1.11111111111111,0.0,0.0,0.0006403975,0.0
-1.33333333333333,0.0,1.11111111111111,0.0,0.0,0.0033346566,0.0
-1.44444444444444,0.0,1.11111111111111,0.0,0.0,0.005474164,0.0
-1.55555555555556,0.0,1.11111111111111,0.0,0.0,0.0075541334,0.0
-1.66666666666667,0.0,1.11111111111111,0.0,0.0,0.007086221,0.0
-1.77777777777778,0.0,1.11111111111111,0.0,0.0,0.0010166499,0.0
-1.88888888888889,0.0,1.11111111111111,0.0,0.0,0.00373061,0.0
-2.0,0.0,1.11111111111111,0.0,0.0,0.020403171,0.0
-2.11111111111111,0.0,1.11111111111111,0.0,0.0,0.01078513,0.0
-2.22222222222222,0.0,1.11111111111111,0.0,0.0,0.005264479,0.0
-2.33333333333333,0.0,1.11111111111111,0.0,0.0,4.1900872e-05,0.0
-2.44444444444444,0.0,1.11111111111111,0.0,0.0,0.0013603776,0.0
-2.55555555555556,0.0,1.11111111111111,0.0,0.0,0.0039848317,0.0
-2.66666666666667,0.0,1.11111111111111,0.0,0.0,0.0018989162,0.0
-2.77777777777778,0.0,1.11111111111111,0.0,0.0,0.0035374863,0.0
-2.88888888888889,0.0,1.11111111111111,0.0,0.0,0.00079201424,0.0
-3.0,0.0,1.11111111111111,0.0,0.0,0.0070758793,0.0
-3.11111111111111,0.0,1.11111111111111,0.0,0.0,0.0060497625,0.0
-3.22222222222222,0.0,1.11111111111111,0.0,0.0,0.00016491115,0.0
-3.33333333333333,0.0,1.11111111111111,0.0,0.0,0.0060437783,0.0
-3.44444444444444,0.0,1.11111111111111,0.0,0.0,0.00049060484,0.0
-3.55555555555556,0.0,1.11111111111111,0.0,0.0,0.0002703009,0.0
-3.66666666666667,0.0,1.11111111111111,0.0,0.0,0.0030849727,0.0
-3.77777777777778,0.0,1.11111111111111,0.0,0.0,0.0015571549,0.0
-3.88888888888889,0.0,1.11111111111111,0.0,0.0,0.0031629927,0.0
-4.0,0.0,1.11111111111111,0.0,0.0,0.006359159,0.0
-4.11111111111111,0.0,1.11111111111111,0.0,0.0,0.004764148,0.0
-4.22222222222222,0.0,1.11111111111111,0.0,0.0,0.0013330091,0.0
-4.33333333333333,0.0,1.11111111111111,0.0,0.0,0.0024257454,0.0
-4.44444444444444,0.0,1.11111111111111,0.0,0.0,0.00069438684,0.0
-4.55555555555556,0.0,1.11111111111111,0.0,0.0,0.00012616691,0.0
-4.66666666666667,0.0,1.11111111111111,0.0,0.0,0.00046350065,0.0
-4.77777777777778,0.0,1.11111111111111,0.0,0.0,0.0028593747,0.0
-4.88888888888889,0.0,1.11111111111111,0.0,0.0,0.0011000857,0.0
-0.0,0.0,1.22222222222222,0.0,0.0,0.023338258,0.0
-0.111111111111111,0.0,1.22222222222222,0.0,0.0,0.0004062027,0.0
-0.222222222222222,0.0,1.22222222222222,0.0,0.0,0.0007096401,0.0
-0.333333333333333,0.0,1.22222222222222,0.0,0.0,0.002212556,0.0
-0.444444444444444,0.0,1.22222222222222,0.0,0.0,0.0054343897,0.0
-0.555555555555556,0.0,1.22222222222222,0.0,0.0,0.0045898384,0.0
-0.666666666666667,0.0,1.22222222222222,0.0,0.0,0.0029958661,0.0
-0.777777777777778,0.0,1.22222222222222,0.0,0.0,0.0061768102,0.0
-0.888888888888889,0.0,1.22222222222222,0.0,0.0,0.0034245488,0.0
-1.0,0.0,1.22222222222222,0.0,0.0,0.021391647,0.0
-1.11111111111111,0.0,1.22222222222222,0.0,0.0,0.0049046325,0.0
-1.22222222222222,0.0,1.22222222222222,0.0,0.0,0.00050098065,0.0
-1.33333333333333,0.0,1.22222222222222,0.0,0.0,0.004236511,0.0
-1.44444444444444,0.0,1.22222222222222,0.0,0.0,6.7942914e-05,0.0
-1.55555555555556,0.0,1.22222222222222,0.0,0.0,0.009568179,0.0
-1.66666666666667,0.0,1.22222222222222,0.0,0.0,0.002694744,0.0
-1.77777777777778,0.0,1.22222222222222,0.0,0.0,0.0013650199,0.0
-1.88888888888889,0.0,1.22222222222222,0.0,0.0,0.0004188451,0.0
-2.0,0.0,1.22222222222222,0.0,0.0,0.022653552,0.0
-2.11111111111111,0.0,1.22222222222222,0.0,0.0,0.003807726,0.0
-2.22222222222222,0.0,1.22222222222222,0.0,0.0,0.0059865415,0.0
-2.33333333333333,0.0,1.22222222222222,0.0,0.0,0.000864356,0.0
-2.44444444444444,0.0,1.22222222222222,0.0,0.0,0.0008308923,0.0
-2.55555555555556,0.0,1.22222222222222,0.0,0.0,0.004799487,0.0
-2.66666666666667,0.0,1.22222222222222,0.0,0.0,0.003976553,0.0
-2.77777777777778,0.0,1.22222222222222,0.0,0.0,0.00018482283,0.0
-2.88888888888889,0.0,1.22222222222222,0.0,0.0,0.0028724624,0.0
-3.0,0.0,1.22222222222222,0.0,0.0,0.0021297592,0.0
-3.11111111111111,0.0,1.22222222222222,0.0,0.0,0.012652776,0.0
-3.22222222222222,0.0,1.22222222222222,0.0,0.0,1.6948854e-05,0.0
-3.33333333333333,0.0,1.22222222222222,0.0,0.0,0.0038837115,0.0
-3.44444444444444,0.0,1.22222222222222,0.0,0.0,0.002205841,0.0
-3.55555555555556,0.0,1.22222222222222,0.0,0.0,0.0030496977,0.0
-3.66666666666667,0.0,1.22222222222222,0.0,0.0,0.0022842295,0.0
-3.77777777777778,0.0,1.22222222222222,0.0,0.0,0.0016184081,0.0
-3.88888888888889,0.0,1.22222222222222,0.0,0.0,0.0004938018,0.0
-4.0,0.0,1.22222222222222,0.0,0.0,0.004460177,0.0
-4.11111111111111,0.0,1.22222222222222,0.0,0.0,0.00064950023,0.0
-4.22222222222222,0.0,1.22222222222222,0.0,0.0,0.00048185428,0.0
-4.33333333333333,0.0,1.22222222222222,0.0,0.0,0.0010824917,0.0
-4.44444444444444,0.0,1.22222222222222,0.0,0.0,0.00025052528,0.0
-4.55555555555556,0.0,1.22222222222222,0.0,0.0,0.000300392,0.0
-4.66666666666667,0.0,1.22222222222222,0.0,0.0,2.9493385e-05,0.0
-4.77777777777778,0.0,1.22222222222222,0.0,0.0,0.0015053496,0.0
-0.0,0.0,1.33333333333333,0.0,0.0,0.02654812,0.0
-0.111111111111111,0.0,1.33333333333333,0.0,0.0,0.0045137024,0.0
-0.222222222222222,0.0,1.33333333333333,0.0,0.0,0.003115526,0.0
-0.333333333333333,0.0,1.33333333333333,0.0,0.0,0.00044201655,0.0
-0.444444444444444,0.0,1.33333333333333,0.0,0.0,0.0020095762,0.0
-0.555555555555556,0.0,1.33333333333333,0.0,0.0,0.0061182077,0.0
-0.666666666666667,0.0,1.33333333333333,0.0,0.0,0.0012992553,0.0
-0.777777777777778,0.0,1.33333333333333,0.0,0.0,0.013375822,0.0
-0.888888888888889,0.0,1.33333333333333,1.85947379991788,0.0,0.0033142157,0.04509205955014572
-1.0,0.0,1.33333333333333,0.0,0.0,0.024404597,0.0
-1.11111111111111,0.0,1.33333333333333,0.0,0.0,0.006224678,0.0
-1.22222222222222,0.0,1.33333333333333,0.0,0.0,0.0054581803,0.0
-1.33333333333333,0.0,1.33333333333333,0.0,0.0,0.00297254,0.0
-1.44444444444444,0.0,1.33333333333333,0.0,0.0,0.0040315655,0.0
-1.55555555555556,0.0,1.33333333333333,0.0,0.0,0.0019127987,0.0
-1.66666666666667,0.0,1.33333333333333,0.0,0.0,0.00027096993,0.0
-1.77777777777778,0.0,1.33333333333333,1.86595602030996,0.0,0.0011880071,0.04524925276682334
-1.88888888888889,0.0,1.33333333333333,0.0,0.0,0.0036312633,0.0
-2.0,0.0,1.33333333333333,0.0,0.0,0.014767215,0.0
-2.11111111111111,0.0,1.33333333333333,0.0,0.0,0.0003385139,0.0
-2.22222222222222,0.0,1.33333333333333,0.0,0.0,0.011368351,0.0
-2.33333333333333,0.0,1.33333333333333,0.0,0.0,0.0013784668,0.0
-2.44444444444444,0.0,1.33333333333333,0.0,0.0,0.0005445115,0.0
-2.55555555555556,0.0,1.33333333333333,0.0,0.0,0.011091553,0.0
-2.66666666666667,0.0,1.33333333333333,1.75752977357043,0.0,0.0018650391,0.042619926784928035
-2.77777777777778,0.0,1.33333333333333,0.0,0.0,0.0025332712,0.0
-2.88888888888889,0.0,1.33333333333333,0.0,0.0,0.0046059843,0.0
-3.0,0.0,1.33333333333333,0.0,0.0,0.00011180548,0.0
-3.11111111111111,0.0,1.33333333333333,0.0,0.0,0.008710838,0.0
-3.22222222222222,0.0,1.33333333333333,0.0,0.0,0.00035469813,0.0
-3.33333333333333,0.0,1.33333333333333,0.0,0.0,0.00040077732,0.0
-3.44444444444444,0.0,1.33333333333333,0.0,0.0,0.009388844,0.0
-3.55555555555556,0.0,1.33333333333333,6.20557088641096,0.0,0.007379608,0.15048449295981012
-3.66666666666667,0.0,1.33333333333333,0.0,0.0,0.0015238214,0.0
-3.77777777777778,0.0,1.33333333333333,0.0,0.0,0.0024655112,0.0
-3.88888888888889,0.0,1.33333333333333,0.0,0.0,0.0037163403,0.0
-4.0,0.0,1.33333333333333,0.0,0.0,0.0054961406,0.0
-4.11111111111111,0.0,1.33333333333333,0.0,0.0,0.00025677416,0.0
-4.33333333333333,0.0,1.33333333333333,0.0,0.0,0.00020208722,0.0
-4.44444444444444,0.0,1.33333333333333,2.34430501078093,0.0,0.00016469318,0.05684916945563156
-4.55555555555556,0.0,1.33333333333333,0.0,0.0,0.00022989628,0.0
-4.66666666666667,0.0,1.33333333333333,0.0,0.0,0.00029737302,0.0
-4.77777777777778,0.0,1.33333333333333,0.0,0.0,0.0030562861,0.0
-0.0,0.0,1.44444444444444,0.0,0.0,0.055806883,0.0
-0.111111111111111,0.0,1.44444444444444,0.0,0.0,0.020594887,0.0
-0.222222222222222,0.0,1.44444444444444,0.0,0.0,0.010974203,0.0
-0.333333333333333,0.0,1.44444444444444,0.0,0.0,0.0028877496,0.0
-0.444444444444444,0.0,1.44444444444444,0.0,0.0,0.0019573753,0.0
-0.555555555555556,0.0,1.44444444444444,0.0,0.0,0.0020399836,0.0
-0.666666666666667,0.0,1.44444444444444,0.0,0.0,0.0011067691,0.0
-0.777777777777778,0.0,1.44444444444444,0.0,0.0,0.027178867,0.0
-0.888888888888889,0.0,1.44444444444444,0.0,0.0,0.0015280739,0.0
-1.0,0.0,1.44444444444444,0.0,0.0,0.026597505,0.0
-1.11111111111111,0.0,1.44444444444444,0.0,0.0,0.0026327176,0.0
-1.22222222222222,0.0,1.44444444444444,0.0,0.0,0.0076350947,0.0
-1.33333333333333,0.0,1.44444444444444,0.0,0.0,0.0021271878,0.0
-1.44444444444444,0.0,1.44444444444444,0.0,0.0,0.004709428,0.0
-1.55555555555556,0.0,1.44444444444444,0.0,0.0,0.0018388027,0.0
-1.66666666666667,0.0,1.44444444444444,0.0,0.0,0.00071596314,0.0
-1.77777777777778,0.0,1.44444444444444,0.0,0.0,0.0016822079,0.0
-1.88888888888889,0.0,1.44444444444444,0.0,0.0,0.010933899,0.0
-2.0,0.0,1.44444444444444,0.0,0.0,0.009720233,0.0
-2.11111111111111,0.0,1.44444444444444,0.0,0.0,0.0019994436,0.0
-2.22222222222222,0.0,1.44444444444444,0.0,0.0,0.019331422,0.0
-2.33333333333333,0.0,1.44444444444444,0.0,0.0,0.00068731746,0.0
-2.44444444444444,0.0,1.44444444444444,0.0,0.0,0.0060555357,0.0
-2.55555555555556,0.0,1.44444444444444,0.0,0.0,0.010811105,0.0
-2.66666666666667,0.0,1.44444444444444,0.0,0.0,0.0010082392,0.0
-2.77777777777778,0.0,1.44444444444444,0.0,0.0,0.004243131,0.0
-2.88888888888889,0.0,1.44444444444444,0.0,0.0,0.0028999574,0.0
-3.0,0.0,1.44444444444444,0.0,0.0,0.0014204202,0.0
-3.11111111111111,0.0,1.44444444444444,0.0,0.0,0.0016031838,0.0
-3.22222222222222,0.0,1.44444444444444,0.0,0.0,0.0007670624,0.0
-3.33333333333333,0.0,1.44444444444444,0.0,0.0,0.0014328235,0.0
-3.44444444444444,0.0,1.44444444444444,0.0,0.0,0.017090956,0.0
-3.55555555555556,0.0,1.44444444444444,0.0,0.0,0.0077462676,0.0
-3.66666666666667,0.0,1.44444444444444,0.0,0.0,0.00081232865,0.0
-3.77777777777778,0.0,1.44444444444444,0.0,0.0,0.004839308,0.0
-3.88888888888889,0.0,1.44444444444444,0.0,0.0,0.006399251,0.0
-4.0,0.0,1.44444444444444,0.0,0.0,0.013162659,0.0
-4.11111111111111,0.0,1.44444444444444,0.0,0.0,0.0005293655,0.0
-4.33333333333333,0.0,1.44444444444444,0.0,0.0,3.85397e-05,0.0
-4.44444444444444,0.0,1.44444444444444,0.0,0.0,0.0006249566,0.0
-4.55555555555556,0.0,1.44444444444444,0.0,0.0,0.0004449425,0.0
-4.66666666666667,0.0,1.44444444444444,0.0,0.0,0.0018021652,0.0
-4.77777777777778,0.0,1.44444444444444,0.0,0.0,0.002497473,0.0
-0.0,0.0,1.55555555555556,0.0,0.0,0.04788381,0.0
-0.111111111111111,0.0,1.55555555555556,0.0,0.0,0.020679278,0.0
-0.222222222222222,0.0,1.55555555555556,0.0,0.0,0.016702706,0.0
-0.333333333333333,0.0,1.55555555555556,0.0,0.0,0.0045926403,0.0
-0.444444444444444,0.0,1.55555555555556,0.0,0.0,0.0026768765,0.0
-0.555555555555556,0.0,1.55555555555556,0.0,0.0,0.0003772736,0.0
-0.666666666666667,0.0,1.55555555555556,0.0,0.0,0.00079473224,0.0
-0.777777777777778,0.0,1.55555555555556,0.0,0.0,0.021017158,0.0
-0.888888888888889,0.0,1.55555555555556,0.0,0.0,0.00069003657,0.0
-1.0,0.0,1.55555555555556,0.0,0.0,0.023427587,0.0
-1.11111111111111,0.0,1.55555555555556,0.0,0.0,0.005755973,0.0
-1.22222222222222,0.0,1.55555555555556,0.0,0.0,0.0041816235,0.0
-1.33333333333333,0.0,1.55555555555556,0.0,0.0,0.0033187268,0.0
-1.44444444444444,0.0,1.55555555555556,0.0,0.0,0.0017535059,0.0
-1.55555555555556,0.0,1.55555555555556,0.0,0.0,0.009452738,0.0
-1.66666666666667,0.0,1.55555555555556,0.0,0.0,0.0017678728,0.0
-1.77777777777778,0.0,1.55555555555556,0.0,0.0,0.0017206047,0.0
-1.88888888888889,0.0,1.55555555555556,0.0,0.0,0.014613602,0.0
-2.0,0.0,1.55555555555556,0.0,0.0,0.012163798,0.0
-2.11111111111111,0.0,1.55555555555556,0.0,0.0,0.0023771268,0.0
-2.22222222222222,0.0,1.55555555555556,0.0,0.0,0.016514022,0.0
-2.33333333333333,0.0,1.55555555555556,0.0,0.0,4.2011816e-06,0.0
-2.44444444444444,0.0,1.55555555555556,0.0,0.0,0.008584346,0.0
-2.55555555555556,0.0,1.55555555555556,0.0,0.0,0.005138904,0.0
-2.66666666666667,0.0,1.55555555555556,0.0,0.0,0.0024615626,0.0
-2.77777777777778,0.0,1.55555555555556,0.0,0.0,0.0019743175,0.0
-2.88888888888889,0.0,1.55555555555556,0.0,0.0,0.0010607197,0.0
-3.0,0.0,1.55555555555556,0.0,0.0,0.0032840655,0.0
-3.11111111111111,0.0,1.55555555555556,0.0,0.0,0.00023320621,0.0
-3.22222222222222,0.0,1.55555555555556,0.0,0.0,0.0004724981,0.0
-3.33333333333333,0.0,1.55555555555556,0.0,0.0,0.0026009046,0.0
-3.44444444444444,0.0,1.55555555555556,0.0,0.0,0.016773656,0.0
-3.55555555555556,0.0,1.55555555555556,0.0,0.0,0.0066634486,0.0
-3.66666666666667,0.0,1.55555555555556,0.0,0.0,0.00089818204,0.0
-3.77777777777778,0.0,1.55555555555556,0.0,0.0,0.0059397505,0.0
-3.88888888888889,0.0,1.55555555555556,0.0,0.0,0.0035689173,0.0
-4.0,0.0,1.55555555555556,0.0,0.0,0.01517788,0.0
-4.11111111111111,0.0,1.55555555555556,0.0,0.0,4.4071887e-05,0.0
-4.22222222222222,0.0,1.55555555555556,0.0,0.0,0.00020201299,0.0
-4.33333333333333,0.0,1.55555555555556,0.0,0.0,0.00022149933,0.0
-4.44444444444444,0.0,1.55555555555556,0.0,0.0,0.00091825286,0.0
-4.55555555555556,0.0,1.55555555555556,0.0,0.0,0.0011719955,0.0
-4.66666666666667,0.0,1.55555555555556,0.0,0.0,0.00332552,0.0
-4.77777777777778,0.0,1.55555555555556,0.0,0.0,0.00059959927,0.0
-4.88888888888889,0.0,1.55555555555556,0.0,0.0,0.0031776542,0.0
-0.0,0.0,1.66666666666667,0.0,0.0,0.012661269,0.0
-0.111111111111111,0.0,1.66666666666667,0.0,0.0,0.004417418,0.0
-0.222222222222222,0.0,1.66666666666667,0.0,0.0,0.01230303,0.0
-0.333333333333333,0.0,1.66666666666667,0.0,0.0,0.0010713068,0.0
-0.444444444444444,0.0,1.66666666666667,0.0,0.0,0.00038998426,0.0
-0.555555555555556,0.0,1.66666666666667,0.0,0.0,0.0018826593,0.0
-0.666666666666667,0.0,1.66666666666667,0.0,0.0,0.005348637,0.0
-0.777777777777778,0.0,1.66666666666667,0.0,0.0,0.006480387,0.0
-0.888888888888889,0.0,1.66666666666667,0.0,0.0,0.0010830433,0.0
-1.0,0.0,1.66666666666667,0.0,0.0,0.010982862,0.0
-1.11111111111111,0.0,1.66666666666667,0.0,0.0,0.00999016,0.0
-1.22222222222222,0.0,1.66666666666667,0.0,0.0,0.0020548392,0.0
-1.33333333333333,0.0,1.66666666666667,0.0,0.0,0.0072297864,0.0
-1.44444444444444,0.0,1.66666666666667,0.0,0.0,0.00030004047,0.0
-1.55555555555556,0.0,1.66666666666667,0.0,0.0,0.012430774,0.0
-1.66666666666667,0.0,1.66666666666667,0.0,0.0,0.0024186822,0.0
-1.77777777777778,0.0,1.66666666666667,0.0,0.0,0.00073069904,0.0
-1.88888888888889,0.0,1.66666666666667,0.0,0.0,0.0104271555,0.0
-2.0,0.0,1.66666666666667,0.0,0.0,0.026494624,0.0
-2.11111111111111,0.0,1.66666666666667,0.0,0.0,0.00058854383,0.0
-2.22222222222222,0.0,1.66666666666667,0.0,0.0,0.004471924,0.0
-2.33333333333333,0.0,1.66666666666667,0.0,0.0,0.0008253608,0.0
-2.44444444444444,0.0,1.66666666666667,0.0,0.0,0.0028091758,0.0
-2.55555555555556,0.0,1.66666666666667,0.0,0.0,0.0021120673,0.0
-2.66666666666667,0.0,1.66666666666667,0.0,0.0,0.006081589,0.0
-2.77777777777778,0.0,1.66666666666667,0.0,0.0,6.305717e-05,0.0
-2.88888888888889,0.0,1.66666666666667,0.0,0.0,0.0016218224,0.0
-3.0,0.0,1.66666666666667,0.0,0.0,0.0037216018,0.0
-3.11111111111111,0.0,1.66666666666667,0.0,0.0,0.0004976263,0.0
-3.22222222222222,0.0,1.66666666666667,0.0,0.0,0.000106941654,0.0
-3.33333333333333,0.0,1.66666666666667,0.0,0.0,0.0006840355,0.0
-3.44444444444444,0.0,1.66666666666667,0.0,0.0,0.008320507,0.0
-3.55555555555556,0.0,1.66666666666667,0.0,0.0,0.005932527,0.0
-3.66666666666667,0.0,1.66666666666667,0.0,0.0,0.0026849075,0.0
-3.77777777777778,0.0,1.66666666666667,0.0,0.0,0.00438416,0.0
-3.88888888888889,0.0,1.66666666666667,0.0,0.0,0.0003074242,0.0
-4.0,0.0,1.66666666666667,0.0,0.0,0.008044067,0.0
-4.11111111111111,0.0,1.66666666666667,0.0,0.0,1.0176982e-05,0.0
-4.22222222222222,0.0,1.66666666666667,0.0,0.0,0.00011168103,0.0
-4.33333333333333,0.0,1.66666666666667,0.0,0.0,0.0018419846,0.0
-4.44444444444444,0.0,1.66666666666667,0.0,0.0,0.00054246257,0.0
-4.55555555555556,0.0,1.66666666666667,0.0,0.0,0.0010497355,0.0
-4.66666666666667,0.0,1.66666666666667,0.0,0.0,0.0036896958,0.0
-4.77777777777778,0.0,1.66666666666667,0.0,0.0,5.5766122e-06,0.0
-4.88888888888889,0.0,1.66666666666667,0.0,0.0,0.002109808,0.0
-0.0,0.0,1.77777777777778,0.0,0.0,0.027397653,0.0
-0.111111111111111,0.0,1.77777777777778,0.0,0.0,0.0011656301,0.0
-0.222222222222222,0.0,1.77777777777778,0.0,0.0,0.0060079307,0.0
-0.333333333333333,0.0,1.77777777777778,0.0,0.0,0.0022772094,0.0
-0.444444444444444,0.0,1.77777777777778,0.0,0.0,0.00030555812,0.0
-0.555555555555556,0.0,1.77777777777778,0.0,0.0,0.0048737098,0.0
-0.666666666666667,0.0,1.77777777777778,0.0,0.0,0.012937519,0.0
-0.777777777777778,0.0,1.77777777777778,0.0,0.0,0.0029304244,0.0
-0.888888888888889,0.0,1.77777777777778,0.0,0.0,0.0045249183,0.0
-1.0,0.0,1.77777777777778,0.0,0.0,0.0029412487,0.0
-1.11111111111111,0.0,1.77777777777778,0.0,0.0,0.005163423,0.0
-1.22222222222222,0.0,1.77777777777778,0.0,0.0,0.0027373289,0.0
-1.33333333333333,0.0,1.77777777777778,0.0,0.0,0.012380047,0.0
-1.44444444444444,0.0,1.77777777777778,0.0,0.0,0.0006765436,0.0
-1.55555555555556,0.0,1.77777777777778,0.0,0.0,0.0074906745,0.0
-1.66666666666667,0.0,1.77777777777778,0.0,0.0,0.0007817988,0.0
-1.77777777777778,0.0,1.77777777777778,0.0,0.0,0.0021240718,0.0
-1.88888888888889,0.0,1.77777777777778,0.0,0.0,0.0036040696,0.0
-2.0,0.0,1.77777777777778,0.0,0.0,0.03690508,0.0
-2.11111111111111,0.0,1.77777777777778,0.0,0.0,0.00035451676,0.0
-2.22222222222222,0.0,1.77777777777778,0.0,0.0,0.00018512135,0.0
-2.33333333333333,0.0,1.77777777777778,0.0,0.0,0.002351046,0.0
-2.44444444444444,0.0,1.77777777777778,0.0,0.0,0.00061492564,0.0
-2.55555555555556,0.0,1.77777777777778,0.0,0.0,0.0025791933,0.0
-2.66666666666667,0.0,1.77777777777778,0.0,0.0,0.012034254,0.0
-2.77777777777778,0.0,1.77777777777778,0.0,0.0,0.0010850627,0.0
-2.88888888888889,0.0,1.77777777777778,0.0,0.0,0.007277883,0.0
-3.0,0.0,1.77777777777778,0.0,0.0,0.0051568644,0.0
-3.11111111111111,0.0,1.77777777777778,0.0,0.0,0.00076971424,0.0
-3.22222222222222,0.0,1.77777777777778,0.0,0.0,0.0001606765,0.0
-3.33333333333333,0.0,1.77777777777778,0.0,0.0,0.0026897427,0.0
-3.44444444444444,0.0,1.77777777777778,0.0,0.0,0.0026291374,0.0
-3.55555555555556,0.0,1.77777777777778,0.0,0.0,0.006613334,0.0
-3.66666666666667,0.0,1.77777777777778,0.0,0.0,0.0052002748,0.0
-3.77777777777778,0.0,1.77777777777778,0.0,0.0,0.0026156232,0.0
-3.88888888888889,0.0,1.77777777777778,0.0,0.0,0.0004924968,0.0
-4.0,0.0,1.77777777777778,0.0,0.0,0.0035236394,0.0
-4.11111111111111,0.0,1.77777777777778,0.0,0.0,5.434785e-05,0.0
-4.22222222222222,0.0,1.77777777777778,0.0,0.0,5.100421e-05,0.0
-4.33333333333333,0.0,1.77777777777778,0.0,0.0,0.0028854227,0.0
-4.44444444444444,0.0,1.77777777777778,0.0,0.0,0.00037671006,0.0
-4.55555555555556,0.0,1.77777777777778,0.0,0.0,0.0022230896,0.0
-4.66666666666667,0.0,1.77777777777778,0.0,0.0,0.0038265644,0.0
-4.77777777777778,0.0,1.77777777777778,0.0,0.0,0.00032996468,0.0
-4.88888888888889,0.0,1.77777777777778,0.0,0.0,0.004765094,0.0
-0.0,0.0,1.88888888888889,0.0,0.0,0.058049414,0.0
-0.111111111111111,0.0,1.88888888888889,0.0,0.0,0.0052685244,0.0
-0.222222222222222,0.0,1.88888888888889,0.0,0.0,0.0040375395,0.0
-0.333333333333333,0.0,1.88888888888889,0.0,0.0,0.0070560654,0.0
-0.444444444444444,0.0,1.88888888888889,0.0,0.0,0.00012131776,0.0
-0.555555555555556,0.0,1.88888888888889,0.0,0.0,0.0044619767,0.0
-0.666666666666667,0.0,1.88888888888889,0.0,0.0,0.014476992,0.0
-0.777777777777778,0.0,1.88888888888889,0.0,0.0,0.0013620688,0.0
-0.888888888888889,0.0,1.88888888888889,0.0,0.0,0.011885881,0.0
-1.0,0.0,1.88888888888889,0.0,0.0,0.0017797302,0.0
-1.11111111111111,0.0,1.88888888888889,0.0,0.0,0.0053437087,0.0
-1.22222222222222,0.0,1.88888888888889,0.0,0.0,0.0036624782,0.0
-1.33333333333333,0.0,1.88888888888889,0.0,0.0,0.010366799,0.0
-1.44444444444444,0.0,1.88888888888889,0.0,0.0,0.0025485926,0.0
-1.55555555555556,0.0,1.88888888888889,0.0,0.0,0.0015604125,0.0
-1.66666666666667,0.0,1.88888888888889,0.0,0.0,0.0019721638,0.0
-1.77777777777778,0.0,1.88888888888889,0.0,0.0,0.003732259,0.0
-1.88888888888889,0.0,1.88888888888889,0.0,0.0,0.0024941184,0.0
-2.0,0.0,1.88888888888889,0.0,0.0,0.028070215,0.0
-2.11111111111111,0.0,1.88888888888889,0.0,0.0,0.0014339889,0.0
-2.22222222222222,0.0,1.88888888888889,0.0,0.0,0.0026266845,0.0
-2.33333333333333,0.0,1.88888888888889,0.0,0.0,0.004302171,0.0
-2.44444444444444,0.0,1.88888888888889,0.0,0.0,0.0030705382,0.0
-2.55555555555556,0.0,1.88888888888889,0.0,0.0,0.003547078,0.0
-2.66666666666667,0.0,1.88888888888889,0.0,0.0,0.0145403175,0.0
-2.77777777777778,0.0,1.88888888888889,0.0,0.0,0.0026919378,0.0
-2.88888888888889,0.0,1.88888888888889,0.0,0.0,0.014783045,0.0
-3.0,0.0,1.88888888888889,0.0,0.0,0.0045823976,0.0
-3.11111111111111,0.0,1.88888888888889,0.0,0.0,0.0023111238,0.0
-3.22222222222222,0.0,1.88888888888889,0.0,0.0,0.0009127724,0.0
-3.33333333333333,0.0,1.88888888888889,0.0,0.0,0.0060303495,0.0
-3.44444444444444,0.0,1.88888888888889,0.0,0.0,0.0012517928,0.0
-3.55555555555556,0.0,1.88888888888889,0.0,0.0,0.008387028,0.0
-3.66666666666667,0.0,1.88888888888889,0.0,0.0,0.0054894118,0.0
-3.77777777777778,0.0,1.88888888888889,0.0,0.0,0.0032229265,0.0
-3.88888888888889,0.0,1.88888888888889,0.0,0.0,0.0011046929,0.0
-4.0,0.0,1.88888888888889,0.0,0.0,0.001680532,0.0
-4.11111111111111,0.0,1.88888888888889,0.0,0.0,0.00044185662,0.0
-4.22222222222222,0.0,1.88888888888889,0.0,0.0,0.0008210195,0.0
-4.33333333333333,0.0,1.88888888888889,0.0,0.0,0.0016739417,0.0
-4.44444444444444,0.0,1.88888888888889,0.0,0.0,0.0005199443,0.0
-4.55555555555556,0.0,1.88888888888889,0.0,0.0,0.004433821,0.0
-4.66666666666667,0.0,1.88888888888889,0.0,0.0,0.0033104152,0.0
-4.77777777777778,0.0,1.88888888888889,0.0,0.0,0.0012148434,0.0
-4.88888888888889,0.0,1.88888888888889,0.0,0.0,0.006964628,0.0
-0.111111111111111,0.0,2.0,0.0,0.0,0.003591352,0.0
-0.222222222222222,0.0,2.0,0.0,0.0,0.003829934,0.0
-0.333333333333333,0.0,2.0,0.0,0.0,0.0050258283,0.0
-0.444444444444444,0.0,2.0,0.0,0.0,0.0010155942,0.0
-0.555555555555556,0.0,2.0,0.0,0.0,0.0030212633,0.0
-0.666666666666667,0.0,2.0,0.0,0.0,0.005293345,0.0
-0.777777777777778,0.0,2.0,0.0,0.0,0.00036596705,0.0
-0.888888888888889,0.0,2.0,0.0,0.0,0.0121902395,0.0
-1.11111111111111,0.0,2.0,0.0,0.0,0.0126200095,0.0
-1.22222222222222,0.0,2.0,0.0,0.0,0.0019727864,0.0
-1.33333333333333,0.0,2.0,0.0,0.0,0.0017716644,0.0
-1.44444444444444,0.0,2.0,0.0,0.0,0.0029192383,0.0
-1.55555555555556,0.0,2.0,0.0,0.0,0.00024393368,0.0
-1.66666666666667,0.0,2.0,0.0,0.0,0.0022253136,0.0
-1.77777777777778,0.0,2.0,0.0,0.0,0.001738387,0.0
-1.88888888888889,0.0,2.0,0.0,0.0,0.0058123814,0.0
-2.11111111111111,0.0,2.0,0.0,0.0,0.0044623124,0.0
-2.22222222222222,0.0,2.0,0.0,0.0,0.004498449,0.0
-2.33333333333333,0.0,2.0,0.0,0.0,0.00612268,0.0
-2.44444444444444,0.0,2.0,0.0,0.0,0.0011896002,0.0
-2.55555555555556,0.0,2.0,0.0,0.0,0.0051611615,0.0
-2.66666666666667,0.0,2.0,0.0,0.0,0.009620141,0.0
-2.77777777777778,0.0,2.0,0.0,0.0,0.0013175186,0.0
-2.88888888888889,0.0,2.0,0.0,0.0,0.01201642,0.0
-3.11111111111111,0.0,2.0,0.0,0.0,0.0016694437,0.0
-3.22222222222222,0.0,2.0,0.0,0.0,0.0016819428,0.0
-3.33333333333333,0.0,2.0,0.0,0.0,0.00448367,0.0
-3.44444444444444,0.0,2.0,0.0,0.0,0.0011690728,0.0
-3.55555555555556,0.0,2.0,0.0,0.0,0.006407413,0.0
-3.66666666666667,0.0,2.0,0.0,0.0,0.0033959511,0.0
-3.77777777777778,0.0,2.0,0.0,0.0,0.0039771716,0.0
-3.88888888888889,0.0,2.0,0.0,0.0,0.00035300487,0.0
-4.11111111111111,0.0,2.0,0.0,0.0,0.0030459769,0.0
-4.22222222222222,0.0,2.0,0.0,0.0,0.0016730913,0.0
-4.33333333333333,0.0,2.0,0.0,0.0,0.0008299116,0.0
-4.44444444444444,0.0,2.0,0.0,0.0,0.0005060977,0.0
-4.55555555555556,0.0,2.0,0.0,0.0,0.0038476477,0.0
-4.66666666666667,0.0,2.0,0.0,0.0,0.0015743985,0.0
-4.77777777777778,0.0,2.0,0.0,0.0,0.0013725942,0.0
-4.88888888888889,0.0,2.0,0.0,0.0,0.0036498674,0.0
-0.111111111111111,0.0,2.11111111111111,0.0,0.0,0.00038502528,0.0
-0.222222222222222,0.0,2.11111111111111,0.0,0.0,0.0042671673,0.0
-0.333333333333333,0.0,2.11111111111111,0.0,0.0,0.0024034826,0.0
-0.444444444444444,0.0,2.11111111111111,0.0,0.0,0.0034485317,0.0
-0.555555555555556,0.0,2.11111111111111,0.0,0.0,0.0010708357,0.0
-0.666666666666667,0.0,2.11111111111111,0.0,0.0,0.007156252,0.0
-0.777777777777778,0.0,2.11111111111111,0.0,0.0,0.003325901,0.0
-0.888888888888889,0.0,2.11111111111111,0.0,0.0,0.0067803143,0.0
-1.0,0.0,2.11111111111111,0.0,0.0,0.017306741,0.0
-1.11111111111111,0.0,2.11111111111111,0.0,0.0,0.013285371,0.0
-1.22222222222222,0.0,2.11111111111111,0.0,0.0,0.0025870956,0.0
-1.33333333333333,0.0,2.11111111111111,0.0,0.0,0.0098455995,0.0
-1.44444444444444,0.0,2.11111111111111,0.0,0.0,0.0029882966,0.0
-1.55555555555556,0.0,2.11111111111111,0.0,0.0,0.0004200699,0.0
-1.66666666666667,0.0,2.11111111111111,0.0,0.0,0.00011459558,0.0
-1.77777777777778,0.0,2.11111111111111,0.0,0.0,0.00016911533,0.0
-1.88888888888889,0.0,2.11111111111111,0.0,0.0,0.0032744752,0.0
-2.0,0.0,2.11111111111111,0.0,0.0,0.005239842,0.0
-2.11111111111111,0.0,2.11111111111111,0.0,0.0,0.008882018,0.0
-2.22222222222222,0.0,2.11111111111111,0.0,0.0,0.011423618,0.0
-2.33333333333333,0.0,2.11111111111111,0.0,0.0,0.005870256,0.0
-2.44444444444444,0.0,2.11111111111111,0.0,0.0,0.0011682728,0.0
-2.55555555555556,0.0,2.11111111111111,0.0,0.0,0.0058693327,0.0
-2.66666666666667,0.0,2.11111111111111,0.0,0.0,0.003611624,0.0
-2.77777777777778,0.0,2.11111111111111,0.0,0.0,0.00044499428,0.0
-2.88888888888889,0.0,2.11111111111111,0.0,0.0,0.00437137,0.0
-3.0,0.0,2.11111111111111,0.0,0.0,0.0024549237,0.0
-3.11111111111111,0.0,2.11111111111111,0.0,0.0,2.6083846e-05,0.0
-3.22222222222222,0.0,2.11111111111111,0.0,0.0,0.001412405,0.0
-3.33333333333333,0.0,2.11111111111111,0.0,0.0,0.0015316557,0.0
-3.44444444444444,0.0,2.11111111111111,0.0,0.0,0.0030841923,0.0
-3.55555555555556,0.0,2.11111111111111,0.0,0.0,0.0026711791,0.0
-3.66666666666667,0.0,2.11111111111111,0.0,0.0,0.001797543,0.0
-3.77777777777778,0.0,2.11111111111111,0.0,0.0,0.003685013,0.0
-3.88888888888889,0.0,2.11111111111111,0.0,0.0,0.00014200143,0.0
-4.0,0.0,2.11111111111111,0.0,0.0,0.00025437816,0.0
-4.11111111111111,0.0,2.11111111111111,0.0,0.0,0.0071412013,0.0
-4.22222222222222,0.0,2.11111111111111,0.0,0.0,0.000948352,0.0
-4.33333333333333,0.0,2.11111111111111,0.0,0.0,0.0014348106,0.0
-4.44444444444444,0.0,2.11111111111111,0.0,0.0,0.00051260344,0.0
-4.55555555555556,0.0,2.11111111111111,0.0,0.0,0.0022395288,0.0
-4.66666666666667,0.0,2.11111111111111,0.0,0.0,0.0002730322,0.0
-4.77777777777778,0.0,2.11111111111111,0.0,0.0,0.00068286614,0.0
-4.88888888888889,0.0,2.11111111111111,0.0,0.0,0.00021995866,0.0
-0.111111111111111,0.0,2.22222222222222,0.0,0.0,0.0056384257,0.0
-0.222222222222222,0.0,2.22222222222222,0.0,0.0,0.0056155035,0.0
-0.333333333333333,0.0,2.22222222222222,0.0,0.0,0.0004019025,0.0
-0.444444444444444,0.0,2.22222222222222,0.0,0.0,0.002226324,0.0
-0.555555555555556,0.0,2.22222222222222,0.0,0.0,0.0008459361,0.0
-0.666666666666667,0.0,2.22222222222222,0.0,0.0,0.020181224,0.0
-0.777777777777778,0.0,2.22222222222222,0.0,0.0,0.00096974004,0.0
-0.888888888888889,0.0,2.22222222222222,0.0,0.0,0.0052038296,0.0
-1.0,0.0,2.22222222222222,0.0,0.0,0.02444959,0.0
-1.11111111111111,0.0,2.22222222222222,0.0,0.0,0.006252766,0.0
-1.22222222222222,0.0,2.22222222222222,0.0,0.0,0.011540982,0.0
-1.33333333333333,0.0,2.22222222222222,0.0,0.0,0.030714463,0.0
-1.44444444444444,0.0,2.22222222222222,0.0,0.0,0.0028731076,0.0
-1.55555555555556,0.0,2.22222222222222,0.0,0.0,0.00027866437,0.0
-1.66666666666667,0.0,2.22222222222222,0.0,0.0,0.0022973334,0.0
-1.77777777777778,0.0,2.22222222222222,0.0,0.0,0.0006299073,0.0
-1.88888888888889,0.0,2.22222222222222,0.0,0.0,0.0006739945,0.0
-2.0,0.0,2.22222222222222,0.0,0.0,0.00040874945,0.0
-2.11111111111111,0.0,2.22222222222222,0.0,0.0,0.008925416,0.0
-2.22222222222222,0.0,2.22222222222222,0.0,0.0,0.015915863,0.0
-2.33333333333333,0.0,2.22222222222222,0.0,0.0,0.003941368,0.0
-2.44444444444444,0.0,2.22222222222222,0.0,0.0,0.005503988,0.0
-2.55555555555556,0.0,2.22222222222222,0.0,0.0,0.0030696378,0.0
-2.66666666666667,0.0,2.22222222222222,0.0,0.0,0.002377844,0.0
-2.77777777777778,0.0,2.22222222222222,0.0,0.0,0.0008190426,0.0
-2.88888888888889,0.0,2.22222222222222,0.0,0.0,0.0034761913,0.0
-3.0,0.0,2.22222222222222,0.0,0.0,0.0048602573,0.0
-3.11111111111111,0.0,2.22222222222222,0.0,0.0,0.0033352731,0.0
-3.22222222222222,0.0,2.22222222222222,0.0,0.0,0.002345714,0.0
-3.33333333333333,0.0,2.22222222222222,0.0,0.0,0.00030396954,0.0
-3.44444444444444,0.0,2.22222222222222,0.0,0.0,0.002929571,0.0
-3.55555555555556,0.0,2.22222222222222,0.0,0.0,0.0037809364,0.0
-3.66666666666667,0.0,2.22222222222222,0.0,0.0,0.0018583752,0.0
-3.77777777777778,0.0,2.22222222222222,0.0,0.0,0.004401548,0.0
-3.88888888888889,0.0,2.22222222222222,0.0,0.0,0.00010500811,0.0
-4.0,0.0,2.22222222222222,0.0,0.0,0.0009438553,0.0
-4.11111111111111,0.0,2.22222222222222,0.0,0.0,0.0054683234,0.0
-4.22222222222222,0.0,2.22222222222222,0.0,0.0,1.835285e-05,0.0
-4.33333333333333,0.0,2.22222222222222,0.0,0.0,0.0035724454,0.0
-4.44444444444444,0.0,2.22222222222222,0.0,0.0,0.0005529856,0.0
-4.55555555555556,0.0,2.22222222222222,0.0,0.0,0.0018750953,0.0
-4.66666666666667,0.0,2.22222222222222,0.0,0.0,8.9197425e-07,0.0
-4.77777777777778,0.0,2.22222222222222,0.0,0.0,0.00030759463,0.0
-4.88888888888889,0.0,2.22222222222222,0.0,0.0,0.00030958556,0.0
-0.111111111111111,0.0,2.33333333333333,0.0,0.0,0.013545552,0.0
-0.222222222222222,0.0,2.33333333333333,0.0,0.0,0.004823181,0.0
-0.333333333333333,0.0,2.33333333333333,0.0,0.0,0.0008612876,0.0
-0.444444444444444,0.0,2.33333333333333,0.0,0.0,0.0020663708,0.0
-0.555555555555556,0.0,2.33333333333333,0.0,0.0,0.0057403627,0.0
-0.666666666666667,0.0,2.33333333333333,0.0,0.0,0.01563245,0.0
-0.777777777777778,0.0,2.33333333333333,0.0,0.0,0.0014511629,0.0
-0.888888888888889,0.0,2.33333333333333,0.0,0.0,0.006633334,0.0
-1.0,0.0,2.33333333333333,0.0,0.0,0.021429798,0.0
-1.11111111111111,0.0,2.33333333333333,0.0,0.0,0.0018497922,0.0
-1.22222222222222,0.0,2.33333333333333,0.0,0.0,0.016298471,0.0
-1.33333333333333,0.0,2.33333333333333,0.0,0.0,0.023868669,0.0
-1.44444444444444,0.0,2.33333333333333,0.0,0.0,0.0011474525,0.0
-1.55555555555556,0.0,2.33333333333333,0.0,0.0,0.0006791402,0.0
-1.66666666666667,0.0,2.33333333333333,0.0,0.0,0.011925069,0.0
-1.77777777777778,0.0,2.33333333333333,0.0,0.0,0.0012732712,0.0
-1.88888888888889,0.0,2.33333333333333,0.0,0.0,0.0043716505,0.0
-2.0,0.0,2.33333333333333,0.0,0.0,0.0012476249,0.0
-2.11111111111111,0.0,2.33333333333333,0.0,0.0,0.004142654,0.0
-2.22222222222222,0.0,2.33333333333333,0.0,0.0,0.007921122,0.0
-2.33333333333333,0.0,2.33333333333333,0.0,0.0,0.0031094924,0.0
-2.44444444444444,0.0,2.33333333333333,0.0,0.0,0.0050173146,0.0
-2.55555555555556,0.0,2.33333333333333,0.0,0.0,0.0018130589,0.0
-2.66666666666667,0.0,2.33333333333333,0.0,0.0,0.0022064014,0.0
-2.77777777777778,0.0,2.33333333333333,0.0,0.0,0.0003871366,0.0
-2.88888888888889,0.0,2.33333333333333,0.0,0.0,0.004583813,0.0
-3.0,0.0,2.33333333333333,0.0,0.0,0.0057428256,0.0
-3.11111111111111,0.0,2.33333333333333,0.0,0.0,0.0065572294,0.0
-3.22222222222222,0.0,2.33333333333333,0.0,0.0,0.00438072,0.0
-3.33333333333333,0.0,2.33333333333333,0.0,0.0,3.345578e-05,0.0
-3.44444444444444,0.0,2.33333333333333,0.0,0.0,0.0009358683,0.0
-3.55555555555556,0.0,2.33333333333333,0.0,0.0,0.005992499,0.0
-3.66666666666667,0.0,2.33333333333333,0.0,0.0,0.0021306258,0.0
-3.77777777777778,0.0,2.33333333333333,0.0,0.0,0.0039115306,0.0
-3.88888888888889,0.0,2.33333333333333,0.0,0.0,3.5384288e-05,0.0
-4.0,0.0,2.33333333333333,0.0,0.0,0.0025117758,0.0
-4.11111111111111,0.0,2.33333333333333,0.0,0.0,0.00097619265,0.0
-4.22222222222222,0.0,2.33333333333333,0.0,0.0,0.0010648915,0.0
-4.33333333333333,0.0,2.33333333333333,0.0,0.0,0.0046172617,0.0
-4.44444444444444,0.0,2.33333333333333,0.0,0.0,0.0013114903,0.0
-4.55555555555556,0.0,2.33333333333333,0.0,0.0,0.0016481515,0.0
-4.66666666666667,0.0,2.33333333333333,0.0,0.0,8.89326e-06,0.0
-4.77777777777778,0.0,2.33333333333333,0.0,0.0,0.00040195943,0.0
-4.88888888888889,0.0,2.33333333333333,0.0,0.0,0.00039549088,0.0
-0.111111111111111,0.0,2.44444444444444,0.0,0.0,0.009235927,0.0
-0.222222222222222,0.0,2.44444444444444,0.0,0.0,0.0034409512,0.0
-0.333333333333333,0.0,2.44444444444444,0.0,0.0,0.002451496,0.0
-0.444444444444444,0.0,2.44444444444444,0.0,0.0,0.0023380113,0.0
-0.555555555555556,0.0,2.44444444444444,0.0,0.0,0.0039086537,0.0
-0.666666666666667,0.0,2.44444444444444,0.0,0.0,0.003005697,0.0
-0.777777777777778,0.0,2.44444444444444,0.0,0.0,0.00726352,0.0
-0.888888888888889,0.0,2.44444444444444,0.0,0.0,0.01297019,0.0
-1.0,0.0,2.44444444444444,0.0,0.0,0.006091228,0.0
-1.11111111111111,0.0,2.44444444444444,0.0,0.0,0.007631453,0.0
-1.22222222222222,0.0,2.44444444444444,0.0,0.0,0.0050955648,0.0
-1.33333333333333,0.0,2.44444444444444,0.0,0.0,0.0036887734,0.0
-1.44444444444444,0.0,2.44444444444444,0.0,0.0,0.000111106805,0.0
-1.55555555555556,0.0,2.44444444444444,0.0,0.0,0.00057736697,0.0
-1.66666666666667,0.0,2.44444444444444,0.0,0.0,0.017835153,0.0
-1.77777777777778,0.0,2.44444444444444,0.0,0.0,0.0030687246,0.0
-1.88888888888889,0.0,2.44444444444444,0.0,0.0,0.003599363,0.0
-2.0,0.0,2.44444444444444,0.0,0.0,0.005920094,0.0
-2.11111111111111,0.0,2.44444444444444,0.0,0.0,0.00048143,0.0
-2.22222222222222,0.0,2.44444444444444,0.0,0.0,0.00082601607,0.0
-2.33333333333333,0.0,2.44444444444444,0.0,0.0,0.0014907132,0.0
-2.44444444444444,0.0,2.44444444444444,0.0,0.0,0.0016671057,0.0
-2.55555555555556,0.0,2.44444444444444,0.0,0.0,0.0026646634,0.0
-2.66666666666667,0.0,2.44444444444444,0.0,0.0,0.0046176035,0.0
-2.77777777777778,0.0,2.44444444444444,0.0,0.0,0.003597284,0.0
-2.88888888888889,0.0,2.44444444444444,0.0,0.0,0.003091051,0.0
-3.0,0.0,2.44444444444444,0.0,0.0,0.0033902233,0.0
-3.11111111111111,0.0,2.44444444444444,0.0,0.0,0.0047250255,0.0
-3.22222222222222,0.0,2.44444444444444,0.0,0.0,0.0053131664,0.0
-3.33333333333333,0.0,2.44444444444444,0.0,0.0,7.003414e-05,0.0
-3.44444444444444,0.0,2.44444444444444,0.0,0.0,0.0018796405,0.0
-3.55555555555556,0.0,2.44444444444444,0.0,0.0,0.0025309734,0.0
-3.66666666666667,0.0,2.44444444444444,0.0,0.0,0.0011893375,0.0
-3.77777777777778,0.0,2.44444444444444,0.0,0.0,0.0013256007,0.0
-3.88888888888889,0.0,2.44444444444444,0.0,0.0,0.0006713623,0.0
-4.0,0.0,2.44444444444444,0.0,0.0,0.0026739703,0.0
-4.11111111111111,0.0,2.44444444444444,0.0,0.0,0.00032808812,0.0
-4.33333333333333,0.0,2.44444444444444,0.0,0.0,0.0017363164,0.0
-4.44444444444444,0.0,2.44444444444444,0.0,0.0,0.0037014575,0.0
-4.55555555555556,0.0,2.44444444444444,0.0,0.0,0.0010316547,0.0
-4.66666666666667,0.0,2.44444444444444,0.0,0.0,8.804932e-05,0.0
-4.77777777777778,0.0,2.44444444444444,0.0,0.0,0.0010443248,0.0
-4.88888888888889,0.0,2.44444444444444,0.0,0.0,5.452827e-05,0.0
-0.111111111111111,0.0,2.55555555555556,0.0,0.0,0.0018991884,0.0
-0.222222222222222,0.0,2.55555555555556,0.0,0.0,0.0029031455,0.0
-0.333333333333333,0.0,2.55555555555556,0.0,0.0,0.0005498367,0.0
-0.444444444444444,0.0,2.55555555555556,0.0,0.0,0.0013443943,0.0
-0.555555555555556,0.0,2.55555555555556,0.0,0.0,0.00012051192,0.0
-0.666666666666667,0.0,2.55555555555556,0.0,0.0,0.0012735175,0.0
-0.777777777777778,0.0,2.55555555555556,0.0,0.0,0.005430348,0.0
-0.888888888888889,0.0,2.55555555555556,0.0,0.0,0.026163766,0.0
-1.0,0.0,2.55555555555556,0.0,0.0,0.0027975389,0.0
-1.11111111111111,0.0,2.55555555555556,0.0,0.0,0.021567738,0.0
-1.22222222222222,0.0,2.55555555555556,0.0,0.0,0.0008506984,0.0
-1.33333333333333,0.0,2.55555555555556,0.0,0.0,0.0082855895,0.0
-1.44444444444444,0.0,2.55555555555556,0.0,0.0,0.0006717215,0.0
-1.55555555555556,0.0,2.55555555555556,0.0,0.0,0.00063779386,0.0
-1.66666666666667,0.0,2.55555555555556,0.0,0.0,0.008213906,0.0
-1.77777777777778,0.0,2.55555555555556,0.0,0.0,0.007672899,0.0
-1.88888888888889,0.0,2.55555555555556,0.0,0.0,0.0018194013,0.0
-2.0,0.0,2.55555555555556,0.0,0.0,0.006690201,0.0
-2.11111111111111,0.0,2.55555555555556,0.0,0.0,0.0020779727,0.0
-2.22222222222222,0.0,2.55555555555556,0.0,0.0,0.00010110659,0.0
-2.33333333333333,0.0,2.55555555555556,0.0,0.0,0.00020359637,0.0
-2.44444444444444,0.0,2.55555555555556,0.0,0.0,0.0006904559,0.0
-2.55555555555556,0.0,2.55555555555556,0.0,0.0,0.00095003506,0.0
-2.66666666666667,0.0,2.55555555555556,0.0,0.0,0.01387312,0.0
-2.77777777777778,0.0,2.55555555555556,0.0,0.0,0.0045149056,0.0
-2.88888888888889,0.0,2.55555555555556,0.0,0.0,0.0010100128,0.0
-3.0,0.0,2.55555555555556,0.0,0.0,0.00322754,0.0
-3.11111111111111,0.0,2.55555555555556,0.0,0.0,0.0015644697,0.0
-3.22222222222222,0.0,2.55555555555556,0.0,0.0,0.008364318,0.0
-3.33333333333333,0.0,2.55555555555556,0.0,0.0,0.0002859089,0.0
-3.44444444444444,0.0,2.55555555555556,0.0,0.0,0.0028672905,0.0
-3.55555555555556,0.0,2.55555555555556,0.0,0.0,0.00014431994,0.0
-3.66666666666667,0.0,2.55555555555556,0.0,0.0,0.00040091772,0.0
-3.77777777777778,0.0,2.55555555555556,0.0,0.0,3.3545883e-05,0.0
-3.88888888888889,0.0,2.55555555555556,0.0,0.0,0.0015896518,0.0
-4.0,0.0,2.55555555555556,0.0,0.0,0.00079791486,0.0
-4.11111111111111,0.0,2.55555555555556,0.0,0.0,0.00048658455,0.0
-4.33333333333333,0.0,2.55555555555556,0.0,0.0,6.0977567e-05,0.0
-4.44444444444444,0.0,2.55555555555556,0.0,0.0,0.0070607862,0.0
-4.55555555555556,0.0,2.55555555555556,0.0,0.0,0.00042947446,0.0
-4.66666666666667,0.0,2.55555555555556,0.0,0.0,0.00046034934,0.0
-4.77777777777778,0.0,2.55555555555556,0.0,0.0,0.0012035815,0.0
-4.88888888888889,0.0,2.55555555555556,0.0,0.0,0.00017784926,0.0
-0.111111111111111,0.0,2.66666666666667,0.0,0.0,0.00040095567,0.0
-0.222222222222222,0.0,2.66666666666667,0.0,0.0,0.0016008657,0.0
-0.333333333333333,0.0,2.66666666666667,0.0,0.0,0.003912361,0.0
-0.444444444444444,0.0,2.66666666666667,0.0,0.0,0.002183915,0.0
-0.555555555555556,0.0,2.66666666666667,0.0,0.0,0.0035863211,0.0
-0.666666666666667,0.0,2.66666666666667,0.0,0.0,0.0026330994,0.0
-0.777777777777778,0.0,2.66666666666667,0.0,0.0,0.0007161797,0.0
-0.888888888888889,0.0,2.66666666666667,375.032000253955,0.0,0.029281553,9.094489682730911
-1.0,0.0,2.66666666666667,0.0,0.0,0.017650323,0.0
-1.11111111111111,0.0,2.66666666666667,0.0,0.0,0.026116325,0.0
-1.22222222222222,0.0,2.66666666666667,0.0,0.0,0.008535643,0.0
-1.33333333333333,0.0,2.66666666666667,0.0,0.0,0.015807252,0.0
-1.44444444444444,0.0,2.66666666666667,0.0,0.0,0.00042872058,0.0
-1.55555555555556,0.0,2.66666666666667,0.0,0.0,0.001406882,0.0
-1.66666666666667,0.0,2.66666666666667,0.0,0.0,0.0016890254,0.0
-1.77777777777778,0.0,2.66666666666667,2.72621533134987,0.0,0.011094637,0.06611045773980659
-1.88888888888889,0.0,2.66666666666667,0.0,0.0,0.0036644659,0.0
-2.0,0.0,2.66666666666667,0.0,0.0,0.0025126368,0.0
-2.11111111111111,0.0,2.66666666666667,0.0,0.0,0.0024215765,0.0
-2.22222222222222,0.0,2.66666666666667,0.0,0.0,0.0015279514,0.0
-2.33333333333333,0.0,2.66666666666667,0.0,0.0,0.0021910311,0.0
-2.44444444444444,0.0,2.66666666666667,0.0,0.0,0.00029488327,0.0
-2.55555555555556,0.0,2.66666666666667,0.0,0.0,0.00021937687,0.0
-2.66666666666667,0.0,2.66666666666667,89.6771659082344,0.0,0.016445847,2.174662587663772
-2.77777777777778,0.0,2.66666666666667,0.0,0.0,0.00040601607,0.0
-2.88888888888889,0.0,2.66666666666667,0.0,0.0,3.500684e-05,0.0
-3.0,0.0,2.66666666666667,0.0,0.0,0.007304557,0.0
-3.11111111111111,0.0,2.66666666666667,0.0,0.0,0.00013652982,0.0
-3.22222222222222,0.0,2.66666666666667,0.0,0.0,0.008487733,0.0
-3.33333333333333,0.0,2.66666666666667,0.0,0.0,0.00016838092,0.0
-3.44444444444444,0.0,2.66666666666667,0.0,0.0,0.000905663,0.0
-3.55555555555556,0.0,2.66666666666667,1.61105876742806,0.0,0.0035935738,0.039068019072308904
-3.66666666666667,0.0,2.66666666666667,0.0,0.0,0.0007246809,0.0
-3.77777777777778,0.0,2.66666666666667,0.0,0.0,0.0006198606,0.0
-3.88888888888889,0.0,2.66666666666667,0.0,0.0,0.0019324436,0.0
-4.0,0.0,2.66666666666667,0.0,0.0,0.00019066155,0.0
-4.11111111111111,0.0,2.66666666666667,0.0,0.0,6.4704494e-05,0.0
-4.33333333333333,0.0,2.66666666666667,0.0,0.0,0.0013285973,0.0
-4.44444444444444,0.0,2.66666666666667,14.4053573628742,0.0,0.008085652,0.3493285208302157
-4.55555555555556,0.0,2.66666666666667,0.0,0.0,0.00024022778,0.0
-4.66666666666667,0.0,2.66666666666667,0.0,0.0,0.000656293,0.0
-4.77777777777778,0.0,2.66666666666667,0.0,0.0,0.00023463342,0.0
-4.88888888888889,0.0,2.66666666666667,0.0,0.0,0.0005328846,0.0
-0.111111111111111,0.0,2.77777777777778,0.0,0.0,0.002288075,0.0
-0.222222222222222,0.0,2.77777777777778,0.0,0.0,0.0007647275,0.0
-0.333333333333333,0.0,2.77777777777778,0.0,0.0,0.01629181,0.0
-0.444444444444444,0.0,2.77777777777778,0.0,0.0,0.003644722,0.0
-0.555555555555556,0.0,2.77777777777778,0.0,0.0,0.004773121,0.0
-0.666666666666667,0.0,2.77777777777778,0.0,0.0,0.0016520536,0.0
-0.777777777777778,0.0,2.77777777777778,0.0,0.0,0.0010457203,0.0
-0.888888888888889,0.0,2.77777777777778,0.0,0.0,0.013003893,0.0
-1.0,0.0,2.77777777777778,0.0,0.0,0.027350841,0.0
-1.11111111111111,0.0,2.77777777777778,0.0,0.0,0.011168685,0.0
-1.22222222222222,0.0,2.77777777777778,0.0,0.0,0.0059506786,0.0
-1.33333333333333,0.0,2.77777777777778,0.0,0.0,0.0050501535,0.0
-1.44444444444444,0.0,2.77777777777778,0.0,0.0,0.0005727393,0.0
-1.55555555555556,0.0,2.77777777777778,0.0,0.0,0.00072192115,0.0
-1.66666666666667,0.0,2.77777777777778,0.0,0.0,0.007849723,0.0
-1.77777777777778,0.0,2.77777777777778,0.0,0.0,0.009380083,0.0
-1.88888888888889,0.0,2.77777777777778,0.0,0.0,0.0028054146,0.0
-2.0,0.0,2.77777777777778,0.0,0.0,0.0025501912,0.0
-2.11111111111111,0.0,2.77777777777778,0.0,0.0,0.0020387229,0.0
-2.22222222222222,0.0,2.77777777777778,0.0,0.0,0.0075507755,0.0
-2.33333333333333,0.0,2.77777777777778,0.0,0.0,0.002446108,0.0
-2.44444444444444,0.0,2.77777777777778,0.0,0.0,0.0006463811,0.0
-2.55555555555556,0.0,2.77777777777778,0.0,0.0,0.00054452574,0.0
-2.66666666666667,0.0,2.77777777777778,0.0,0.0,0.0041127,0.0
-2.77777777777778,0.0,2.77777777777778,0.0,0.0,0.0014462551,0.0
-2.88888888888889,0.0,2.77777777777778,0.0,0.0,0.000109759676,0.0
-3.0,0.0,2.77777777777778,0.0,0.0,0.0067551644,0.0
-3.11111111111111,0.0,2.77777777777778,0.0,0.0,0.001793196,0.0
-3.22222222222222,0.0,2.77777777777778,0.0,0.0,0.0025717355,0.0
-3.33333333333333,0.0,2.77777777777778,0.0,0.0,7.438608e-05,0.0
-3.44444444444444,0.0,2.77777777777778,0.0,0.0,0.002349592,0.0
-3.55555555555556,0.0,2.77777777777778,0.0,0.0,0.0030693,0.0
-3.66666666666667,0.0,2.77777777777778,0.0,0.0,7.5067175e-05,0.0
-3.77777777777778,0.0,2.77777777777778,0.0,0.0,0.0022626477,0.0
-3.88888888888889,0.0,2.77777777777778,0.0,0.0,0.0015710623,0.0
-4.0,0.0,2.77777777777778,0.0,0.0,4.6902365e-05,0.0
-4.11111111111111,0.0,2.77777777777778,0.0,0.0,9.366322e-05,0.0
-4.22222222222222,0.0,2.77777777777778,0.0,0.0,0.0014733962,0.0
-4.33333333333333,0.0,2.77777777777778,0.0,0.0,0.0016804009,0.0
-4.44444444444444,0.0,2.77777777777778,0.0,0.0,0.005182718,0.0
-4.55555555555556,0.0,2.77777777777778,0.0,0.0,0.00086341996,0.0
-4.66666666666667,0.0,2.77777777777778,0.0,0.0,0.0004383896,0.0
-4.77777777777778,0.0,2.77777777777778,0.0,0.0,0.000397918,0.0
-4.88888888888889,0.0,2.77777777777778,0.0,0.0,0.0005138819,0.0
-0.111111111111111,0.0,2.88888888888889,0.0,0.0,0.009085783,0.0
-0.222222222222222,0.0,2.88888888888889,0.0,0.0,0.0070705255,0.0
-0.333333333333333,0.0,2.88888888888889,0.0,0.0,0.026798226,0.0
-0.444444444444444,0.0,2.88888888888889,0.0,0.0,0.0040111914,0.0
-0.555555555555556,0.0,2.88888888888889,0.0,0.0,0.0022170115,0.0
-0.666666666666667,0.0,2.88888888888889,0.0,0.0,0.0014421263,0.0
-0.777777777777778,0.0,2.88888888888889,0.0,0.0,0.0014605884,0.0
-0.888888888888889,0.0,2.88888888888889,0.0,0.0,0.0010782316,0.0
-1.0,0.0,2.88888888888889,0.0,0.0,0.03401203,0.0
-1.11111111111111,0.0,2.88888888888889,0.0,0.0,0.0031545367,0.0
-1.22222222222222,0.0,2.88888888888889,0.0,0.0,0.0004058167,0.0
-1.33333333333333,0.0,2.88888888888889,0.0,0.0,0.0013260043,0.0
-1.44444444444444,0.0,2.88888888888889,0.0,0.0,0.0069644284,0.0
-1.55555555555556,0.0,2.88888888888889,0.0,0.0,0.00072501303,0.0
-1.66666666666667,0.0,2.88888888888889,0.0,0.0,0.010618267,0.0
-1.77777777777778,0.0,2.88888888888889,0.0,0.0,0.006849943,0.0
-1.88888888888889,0.0,2.88888888888889,0.0,0.0,0.004850371,0.0
-2.0,0.0,2.88888888888889,0.0,0.0,0.014020684,0.0
-2.11111111111111,0.0,2.88888888888889,0.0,0.0,0.0047204737,0.0
-2.22222222222222,0.0,2.88888888888889,0.0,0.0,0.018776208,0.0
-2.33333333333333,0.0,2.88888888888889,0.0,0.0,0.0009797101,0.0
-2.44444444444444,0.0,2.88888888888889,0.0,0.0,0.005100875,0.0
-2.55555555555556,0.0,2.88888888888889,0.0,0.0,0.0015744845,0.0
-2.66666666666667,0.0,2.88888888888889,0.0,0.0,0.0023906461,0.0
-2.77777777777778,0.0,2.88888888888889,0.0,0.0,0.0026775487,0.0
-2.88888888888889,0.0,2.88888888888889,0.0,0.0,0.00021285663,0.0
-3.0,0.0,2.88888888888889,0.0,0.0,0.0028401874,0.0
-3.11111111111111,0.0,2.88888888888889,0.0,0.0,0.005437506,0.0
-3.22222222222222,0.0,2.88888888888889,0.0,0.0,2.4627068e-05,0.0
-3.33333333333333,0.0,2.88888888888889,0.0,0.0,0.00087216106,0.0
-3.44444444444444,0.0,2.88888888888889,0.0,0.0,0.011212691,0.0
-3.55555555555556,0.0,2.88888888888889,0.0,0.0,0.00034126933,0.0
-3.66666666666667,0.0,2.88888888888889,0.0,0.0,0.0017343413,0.0
-3.77777777777778,0.0,2.88888888888889,0.0,0.0,0.0039932346,0.0
-3.88888888888889,0.0,2.88888888888889,0.0,0.0,0.0012305023,0.0
-4.0,0.0,2.88888888888889,0.0,0.0,0.0013034838,0.0
-4.11111111111111,0.0,2.88888888888889,0.0,0.0,0.0002016023,0.0
-4.22222222222222,0.0,2.88888888888889,0.0,0.0,0.0028549184,0.0
-4.33333333333333,0.0,2.88888888888889,0.0,0.0,0.0024272427,0.0
-4.44444444444444,0.0,2.88888888888889,0.0,0.0,0.0020030136,0.0
-4.55555555555556,0.0,2.88888888888889,0.0,0.0,0.003390542,0.0
-4.66666666666667,0.0,2.88888888888889,0.0,0.0,0.0008469225,0.0
-4.77777777777778,0.0,2.88888888888889,0.0,0.0,0.0016134953,0.0
-4.88888888888889,0.0,2.88888888888889,0.0,0.0,4.738851e-05,0.0
-0.111111111111111,0.0,3.0,0.0,0.0,0.015846452,0.0
-0.222222222222222,0.0,3.0,0.0,0.0,0.016104694,0.0
-0.333333333333333,0.0,3.0,6.88938413070994,0.0,0.023014318,0.16706689790386994
-0.444444444444444,0.0,3.0,0.0,0.0,0.0030660627,0.0
-0.555555555555556,0.0,3.0,0.0,0.0,0.0007892015,0.0
-0.666666666666667,0.0,3.0,8.16052807829077,0.0,0.001821833,0.1978920155170643
-0.777777777777778,0.0,3.0,3.08761582506995,0.0,0.00014593788,0.07487438470935982
-0.888888888888889,0.0,3.0,0.0,0.0,0.0023131047,0.0
-1.11111111111111,0.0,3.0,0.0,0.0,0.006043128,0.0
-1.22222222222222,0.0,3.0,0.0,0.0,0.0012363768,0.0
-1.33333333333333,0.0,3.0,95.8206421042398,0.0,0.014882676,2.323641290395379
-1.44444444444444,0.0,3.0,0.0,0.0,0.013679369,0.0
-1.55555555555556,0.0,3.0,0.0,0.0,0.003448149,0.0
-1.66666666666667,0.0,3.0,0.0,0.0,0.0062877624,0.0
-1.77777777777778,0.0,3.0,0.0,0.0,0.008379926,0.0
-1.88888888888889,0.0,3.0,0.0,0.0,0.010515286,0.0
-2.11111111111111,0.0,3.0,0.0,0.0,0.0054619447,0.0
-2.22222222222222,0.0,3.0,0.0,0.0,0.022736143,0.0
-2.33333333333333,0.0,3.0,17.4572614006724,0.0,0.0013484581,0.4233368981570725
-2.44444444444444,0.0,3.0,0.0,0.0,0.009824587,0.0
-2.55555555555556,0.0,3.0,0.0,0.0,0.0057839863,0.0
-2.66666666666667,0.0,3.0,32.0508640640837,0.0,0.017656615,0.7772303492929633
-2.77777777777778,0.0,3.0,0.0,0.0,0.00039228267,0.0
-2.88888888888889,0.0,3.0,0.0,0.0,0.0011104253,0.0
-3.11111111111111,0.0,3.0,0.0,0.0,0.006058892,0.0
-3.22222222222222,0.0,3.0,0.0,0.0,0.0013255068,0.0
-3.33333333333333,0.0,3.0,24.9220209678287,0.0,0.0006617723,0.6043565946672342
-3.44444444444444,0.0,3.0,0.0,0.0,0.015513186,0.0
-3.55555555555556,0.0,3.0,0.0,0.0,0.00326614,0.0
-3.66666666666667,0.0,3.0,0.0,0.0,0.007347215,0.0
-3.77777777777778,0.0,3.0,0.0,0.0,0.0037355833,0.0
-3.88888888888889,0.0,3.0,0.0,0.0,0.0014272871,0.0
-4.11111111111111,0.0,3.0,0.0,0.0,0.00023563394,0.0
-4.22222222222222,0.0,3.0,0.0,0.0,0.003650914,0.0
-4.33333333333333,0.0,3.0,3.12306468467062,0.0,0.005099783,0.07573401612130483
-4.44444444444444,0.0,3.0,0.0,0.0,0.0014610367,0.0
-4.55555555555556,0.0,3.0,0.0,0.0,0.0071642743,0.0
-4.66666666666667,0.0,3.0,1.66940035972325,0.0,0.0019591043,0.04048279703483852
-4.77777777777778,0.0,3.0,0.0,0.0,0.0013903478,0.0
-4.88888888888889,0.0,3.0,0.0,0.0,0.00022777224,0.0
-0.111111111111111,0.0,3.11111111111111,0.0,0.0,0.010886752,0.0
-0.222222222222222,0.0,3.11111111111111,0.0,0.0,0.01175089,0.0
-0.333333333333333,0.0,3.11111111111111,0.0,0.0,0.007386361,0.0
-0.444444444444444,0.0,3.11111111111111,0.0,0.0,0.002165179,0.0
-0.555555555555556,0.0,3.11111111111111,0.0,0.0,0.00026210057,0.0
-0.666666666666667,0.0,3.11111111111111,0.0,0.0,0.0043430035,0.0
-0.777777777777778,0.0,3.11111111111111,0.0,0.0,0.0016684644,0.0
-0.888888888888889,0.0,3.11111111111111,0.0,0.0,0.0027782342,0.0
-1.0,0.0,3.11111111111111,0.0,0.0,0.048857544,0.0
-1.11111111111111,0.0,3.11111111111111,0.0,0.0,0.0035227246,0.0
-1.22222222222222,0.0,3.11111111111111,0.0,0.0,0.0017492948,0.0
-1.33333333333333,0.0,3.11111111111111,0.0,0.0,0.0127070835,0.0
-1.44444444444444,0.0,3.11111111111111,0.0,0.0,0.011891807,0.0
-1.55555555555556,0.0,3.11111111111111,0.0,0.0,0.0035061245,0.0
-1.66666666666667,0.0,3.11111111111111,0.0,0.0,0.0009011048,0.0
-1.77777777777778,0.0,3.11111111111111,0.0,0.0,0.011461031,0.0
-1.88888888888889,0.0,3.11111111111111,0.0,0.0,0.010979124,0.0
-2.0,0.0,3.11111111111111,0.0,0.0,0.029762458,0.0
-2.11111111111111,0.0,3.11111111111111,0.0,0.0,0.0038850645,0.0
-2.22222222222222,0.0,3.11111111111111,0.0,0.0,0.013415069,0.0
-2.33333333333333,0.0,3.11111111111111,0.0,0.0,0.002226515,0.0
-2.44444444444444,0.0,3.11111111111111,0.0,0.0,0.0076343063,0.0
-2.55555555555556,0.0,3.11111111111111,0.0,0.0,0.006366584,0.0
-2.66666666666667,0.0,3.11111111111111,0.0,0.0,0.014976036,0.0
-2.77777777777778,0.0,3.11111111111111,0.0,0.0,0.00024410547,0.0
-2.88888888888889,0.0,3.11111111111111,0.0,0.0,0.0019615327,0.0
-3.0,0.0,3.11111111111111,0.0,0.0,0.00019723081,0.0
-3.11111111111111,0.0,3.11111111111111,0.0,0.0,0.003051134,0.0
-3.22222222222222,0.0,3.11111111111111,0.0,0.0,0.0014847311,0.0
-3.33333333333333,0.0,3.11111111111111,0.0,0.0,0.00012462126,0.0
-3.44444444444444,0.0,3.11111111111111,0.0,0.0,0.007488193,0.0
-3.55555555555556,0.0,3.11111111111111,0.0,0.0,0.0044246204,0.0
-3.66666666666667,0.0,3.11111111111111,0.0,0.0,0.0073142685,0.0
-3.77777777777778,0.0,3.11111111111111,0.0,0.0,0.0017724166,0.0
-3.88888888888889,0.0,3.11111111111111,0.0,0.0,0.0021731257,0.0
-4.0,0.0,3.11111111111111,0.0,0.0,0.0065561505,0.0
-4.11111111111111,0.0,3.11111111111111,0.0,0.0,0.00025356736,0.0
-4.22222222222222,0.0,3.11111111111111,0.0,0.0,0.0041204626,0.0
-4.33333333333333,0.0,3.11111111111111,0.0,0.0,0.005533704,0.0
-4.44444444444444,0.0,3.11111111111111,0.0,0.0,0.002369275,0.0
-4.55555555555556,0.0,3.11111111111111,0.0,0.0,0.007747744,0.0
-4.66666666666667,0.0,3.11111111111111,0.0,0.0,0.0022038775,0.0
-4.77777777777778,0.0,3.11111111111111,0.0,0.0,0.00053281075,0.0
-4.88888888888889,0.0,3.11111111111111,0.0,0.0,0.00036122726,0.0
-0.111111111111111,0.0,3.22222222222222,0.0,0.0,0.0038367957,0.0
-0.222222222222222,0.0,3.22222222222222,0.0,0.0,0.0029095982,0.0
-0.333333333333333,0.0,3.22222222222222,0.0,0.0,0.0005745062,0.0
-0.444444444444444,0.0,3.22222222222222,0.0,0.0,0.0022696424,0.0
-0.555555555555556,0.0,3.22222222222222,0.0,0.0,0.00010619281,0.0
-0.666666666666667,0.0,3.22222222222222,0.0,0.0,0.010581391,0.0
-0.777777777777778,0.0,3.22222222222222,0.0,0.0,0.0051508797,0.0
-0.888888888888889,0.0,3.22222222222222,0.0,0.0,0.0007782284,0.0
-1.0,0.0,3.22222222222222,0.0,0.0,0.024306089,0.0
-1.11111111111111,0.0,3.22222222222222,0.0,0.0,0.00074580574,0.0
-1.22222222222222,0.0,3.22222222222222,0.0,0.0,0.0008866223,0.0
-1.33333333333333,0.0,3.22222222222222,0.0,0.0,0.00036801992,0.0
-1.44444444444444,0.0,3.22222222222222,0.0,0.0,0.008877668,0.0
-1.55555555555556,0.0,3.22222222222222,0.0,0.0,0.00084456627,0.0
-1.66666666666667,0.0,3.22222222222222,0.0,0.0,0.0009356294,0.0
-1.77777777777778,0.0,3.22222222222222,0.0,0.0,0.010412587,0.0
-1.88888888888889,0.0,3.22222222222222,0.0,0.0,0.009949441,0.0
-2.0,0.0,3.22222222222222,0.0,0.0,0.022886906,0.0
-2.11111111111111,0.0,3.22222222222222,0.0,0.0,0.0021512962,0.0
-2.22222222222222,0.0,3.22222222222222,0.0,0.0,0.005194225,0.0
-2.33333333333333,0.0,3.22222222222222,0.0,0.0,0.0026175948,0.0
-2.44444444444444,0.0,3.22222222222222,0.0,0.0,0.0017982845,0.0
-2.55555555555556,0.0,3.22222222222222,0.0,0.0,0.0016290627,0.0
-2.66666666666667,0.0,3.22222222222222,0.0,0.0,0.0041051772,0.0
-2.77777777777778,0.0,3.22222222222222,0.0,0.0,0.00042879986,0.0
-2.88888888888889,0.0,3.22222222222222,0.0,0.0,0.0004670102,0.0
-3.0,0.0,3.22222222222222,0.0,0.0,0.0010398288,0.0
-3.11111111111111,0.0,3.22222222222222,0.0,0.0,0.0012972661,0.0
-3.22222222222222,0.0,3.22222222222222,0.0,0.0,0.0015628852,0.0
-3.33333333333333,0.0,3.22222222222222,0.0,0.0,0.0004112259,0.0
-3.44444444444444,0.0,3.22222222222222,0.0,0.0,0.0010612998,0.0
-3.55555555555556,0.0,3.22222222222222,0.0,0.0,0.0016172245,0.0
-3.66666666666667,0.0,3.22222222222222,0.0,0.0,0.0017401555,0.0
-3.77777777777778,0.0,3.22222222222222,0.0,0.0,0.0012458243,0.0
-3.88888888888889,0.0,3.22222222222222,0.0,0.0,0.0026964173,0.0
-4.0,0.0,3.22222222222222,0.0,0.0,0.0025914311,0.0
-4.11111111111111,0.0,3.22222222222222,0.0,0.0,0.00020549385,0.0
-4.22222222222222,0.0,3.22222222222222,0.0,0.0,0.0056679808,0.0
-4.33333333333333,0.0,3.22222222222222,0.0,0.0,0.0024679026,0.0
-4.44444444444444,0.0,3.22222222222222,0.0,0.0,0.0023994467,0.0
-4.55555555555556,0.0,3.22222222222222,0.0,0.0,0.0039689904,0.0
-4.66666666666667,0.0,3.22222222222222,0.0,0.0,0.0014408093,0.0
-4.77777777777778,0.0,3.22222222222222,0.0,0.0,0.0011818033,0.0
-4.88888888888889,0.0,3.22222222222222,0.0,0.0,0.00032974986,0.0
-0.111111111111111,0.0,3.33333333333333,0.0,0.0,0.0039869286,0.0
-0.222222222222222,0.0,3.33333333333333,0.0,0.0,0.010328767,0.0
-0.333333333333333,0.0,3.33333333333333,0.0,0.0,0.0048588435,0.0
-0.444444444444444,0.0,3.33333333333333,0.0,0.0,0.0027310771,0.0
-0.555555555555556,0.0,3.33333333333333,0.0,0.0,0.00018705483,0.0
-0.666666666666667,0.0,3.33333333333333,0.0,0.0,0.019636007,0.0
-0.777777777777778,0.0,3.33333333333333,0.0,0.0,0.0077246185,0.0
-0.888888888888889,0.0,3.33333333333333,0.0,0.0,0.00022595318,0.0
-1.0,0.0,3.33333333333333,0.0,0.0,0.004135044,0.0
-1.11111111111111,0.0,3.33333333333333,0.0,0.0,0.00021677089,0.0
-1.22222222222222,0.0,3.33333333333333,0.0,0.0,0.0012721614,0.0
-1.33333333333333,0.0,3.33333333333333,0.0,0.0,0.026989592,0.0
-1.44444444444444,0.0,3.33333333333333,0.0,0.0,0.009217974,0.0
-1.55555555555556,0.0,3.33333333333333,0.0,0.0,0.00012583009,0.0
-1.66666666666667,0.0,3.33333333333333,0.0,0.0,0.004262054,0.0
-1.77777777777778,0.0,3.33333333333333,0.0,0.0,0.007925538,0.0
-1.88888888888889,0.0,3.33333333333333,0.0,0.0,0.0101864,0.0
-2.0,0.0,3.33333333333333,0.0,0.0,0.035766985,0.0
-2.11111111111111,0.0,3.33333333333333,0.0,0.0,0.0007481226,0.0
-2.22222222222222,0.0,3.33333333333333,0.0,0.0,0.0035068954,0.0
-2.33333333333333,0.0,3.33333333333333,0.0,0.0,0.002902147,0.0
-2.44444444444444,0.0,3.33333333333333,0.0,0.0,0.0010730403,0.0
-2.55555555555556,0.0,3.33333333333333,0.0,0.0,0.00030788305,0.0
-2.66666666666667,0.0,3.33333333333333,0.0,0.0,0.0126985805,0.0
-2.77777777777778,0.0,3.33333333333333,0.0,0.0,0.0013595094,0.0
-2.88888888888889,0.0,3.33333333333333,0.0,0.0,0.0007463426,0.0
-3.0,0.0,3.33333333333333,0.0,0.0,0.0050434885,0.0
-3.11111111111111,0.0,3.33333333333333,0.0,0.0,0.0013594765,0.0
-3.22222222222222,0.0,3.33333333333333,0.0,0.0,0.0027866098,0.0
-3.33333333333333,0.0,3.33333333333333,0.0,0.0,0.0009534583,0.0
-3.44444444444444,0.0,3.33333333333333,0.0,0.0,0.001974032,0.0
-3.55555555555556,0.0,3.33333333333333,0.0,0.0,0.00031525514,0.0
-3.66666666666667,0.0,3.33333333333333,0.0,0.0,7.128699e-05,0.0
-3.77777777777778,0.0,3.33333333333333,0.0,0.0,0.0028188538,0.0
-3.88888888888889,0.0,3.33333333333333,0.0,0.0,0.0020964548,0.0
-4.0,0.0,3.33333333333333,0.0,0.0,0.00074094994,0.0
-4.11111111111111,0.0,3.33333333333333,0.0,0.0,0.00014336473,0.0
-4.22222222222222,0.0,3.33333333333333,0.0,0.0,0.007779226,0.0
-4.33333333333333,0.0,3.33333333333333,0.0,0.0,0.0034740595,0.0
-4.44444444444444,0.0,3.33333333333333,0.0,0.0,0.0031346723,0.0
-4.55555555555556,0.0,3.33333333333333,0.0,0.0,0.0019786828,0.0
-4.66666666666667,0.0,3.33333333333333,0.0,0.0,0.0010972054,0.0
-4.77777777777778,0.0,3.33333333333333,0.0,0.0,0.0027467064,0.0
-4.88888888888889,0.0,3.33333333333333,0.0,0.0,0.0016379976,0.0
-0.111111111111111,0.0,3.44444444444444,0.0,0.0,0.010630444,0.0
-0.222222222222222,0.0,3.44444444444444,0.0,0.0,0.024668964,0.0
-0.333333333333333,0.0,3.44444444444444,0.0,0.0,0.0055960957,0.0
-0.444444444444444,0.0,3.44444444444444,0.0,0.0,0.002320615,0.0
-0.555555555555556,0.0,3.44444444444444,0.0,0.0,0.0013375678,0.0
-0.666666666666667,0.0,3.44444444444444,0.0,0.0,0.02697076,0.0
-0.777777777777778,0.0,3.44444444444444,0.0,0.0,0.009057722,0.0
-0.888888888888889,0.0,3.44444444444444,0.0,0.0,0.003289424,0.0
-1.0,0.0,3.44444444444444,0.0,0.0,0.005043873,0.0
-1.11111111111111,0.0,3.44444444444444,0.0,0.0,0.001973569,0.0
-1.22222222222222,0.0,3.44444444444444,0.0,0.0,0.003088941,0.0
-1.33333333333333,0.0,3.44444444444444,0.0,0.0,0.053165883,0.0
-1.44444444444444,0.0,3.44444444444444,0.0,0.0,0.0071508214,0.0
-1.55555555555556,0.0,3.44444444444444,0.0,0.0,0.0002843526,0.0
-1.66666666666667,0.0,3.44444444444444,0.0,0.0,0.00592073,0.0
-1.77777777777778,0.0,3.44444444444444,0.0,0.0,0.008255134,0.0
-1.88888888888889,0.0,3.44444444444444,0.0,0.0,0.0076943617,0.0
-2.0,0.0,3.44444444444444,0.0,0.0,0.052526835,0.0
-2.11111111111111,0.0,3.44444444444444,0.0,0.0,0.002508,0.0
-2.22222222222222,0.0,3.44444444444444,0.0,0.0,0.004922844,0.0
-2.33333333333333,0.0,3.44444444444444,0.0,0.0,0.002997374,0.0
-2.44444444444444,0.0,3.44444444444444,0.0,0.0,0.0050471644,0.0
-2.55555555555556,0.0,3.44444444444444,0.0,0.0,0.0035837733,0.0
-2.66666666666667,0.0,3.44444444444444,0.0,0.0,0.016250364,0.0
-2.77777777777778,0.0,3.44444444444444,0.0,0.0,0.004341578,0.0
-2.88888888888889,0.0,3.44444444444444,0.0,0.0,0.004138603,0.0
-3.0,0.0,3.44444444444444,0.0,0.0,0.0065621096,0.0
-3.11111111111111,0.0,3.44444444444444,0.0,0.0,0.0021426657,0.0
-3.22222222222222,0.0,3.44444444444444,0.0,0.0,0.004428993,0.0
-3.33333333333333,0.0,3.44444444444444,0.0,0.0,0.003045147,0.0
-3.44444444444444,0.0,3.44444444444444,0.0,0.0,0.0018984581,0.0
-3.55555555555556,0.0,3.44444444444444,0.0,0.0,0.00063629827,0.0
-3.66666666666667,0.0,3.44444444444444,0.0,0.0,0.0008852813,0.0
-3.77777777777778,0.0,3.44444444444444,0.0,0.0,0.004269933,0.0
-3.88888888888889,0.0,3.44444444444444,0.0,0.0,0.0012435778,0.0
-4.0,0.0,3.44444444444444,0.0,0.0,0.0020702563,0.0
-4.11111111111111,0.0,3.44444444444444,0.0,0.0,0.00013612921,0.0
-4.22222222222222,0.0,3.44444444444444,0.0,0.0,0.0070954678,0.0
-4.33333333333333,0.0,3.44444444444444,0.0,0.0,0.0057287556,0.0
-4.44444444444444,0.0,3.44444444444444,0.0,0.0,0.0041696527,0.0
-4.55555555555556,0.0,3.44444444444444,0.0,0.0,0.003234006,0.0
-4.66666666666667,0.0,3.44444444444444,0.0,0.0,0.0020328753,0.0
-4.77777777777778,0.0,3.44444444444444,0.0,0.0,0.0039037287,0.0
-4.88888888888889,0.0,3.44444444444444,0.0,0.0,0.002173113,0.0
-0.111111111111111,0.0,3.55555555555556,0.0,0.0,0.022556834,0.0
-0.222222222222222,0.0,3.55555555555556,0.0,0.0,0.018719386,0.0
-0.333333333333333,0.0,3.55555555555556,0.0,0.0,0.004670092,0.0
-0.444444444444444,0.0,3.55555555555556,0.0,0.0,0.0018064707,0.0
-0.555555555555556,0.0,3.55555555555556,0.0,0.0,0.004389332,0.0
-0.666666666666667,0.0,3.55555555555556,0.0,0.0,0.024051888,0.0
-0.777777777777778,0.0,3.55555555555556,0.0,0.0,0.0077745854,0.0
-0.888888888888889,0.0,3.55555555555556,0.0,0.0,0.008933667,0.0
-1.0,0.0,3.55555555555556,0.0,0.0,0.009661176,0.0
-1.11111111111111,0.0,3.55555555555556,0.0,0.0,0.0036146718,0.0
-1.22222222222222,0.0,3.55555555555556,0.0,0.0,0.003289118,0.0
-1.33333333333333,0.0,3.55555555555556,0.0,0.0,0.02615268,0.0
-1.44444444444444,0.0,3.55555555555556,0.0,0.0,0.0021615985,0.0
-1.55555555555556,0.0,3.55555555555556,0.0,0.0,0.0001091261,0.0
-1.66666666666667,0.0,3.55555555555556,0.0,0.0,0.009180883,0.0
-1.77777777777778,0.0,3.55555555555556,0.0,0.0,0.008842789,0.0
-1.88888888888889,0.0,3.55555555555556,0.0,0.0,0.004335642,0.0
-2.0,0.0,3.55555555555556,0.0,0.0,0.033308294,0.0
-2.11111111111111,0.0,3.55555555555556,0.0,0.0,0.006311635,0.0
-2.22222222222222,0.0,3.55555555555556,0.0,0.0,0.0037648794,0.0
-2.33333333333333,0.0,3.55555555555556,0.0,0.0,0.0036797686,0.0
-2.44444444444444,0.0,3.55555555555556,0.0,0.0,0.0039141495,0.0
-2.55555555555556,0.0,3.55555555555556,0.0,0.0,0.0052111177,0.0
-2.66666666666667,0.0,3.55555555555556,0.0,0.0,0.010523371,0.0
-2.77777777777778,0.0,3.55555555555556,0.0,0.0,0.0038766246,0.0
-2.88888888888889,0.0,3.55555555555556,0.0,0.0,0.0046411403,0.0
-3.0,0.0,3.55555555555556,0.0,0.0,0.0028552308,0.0
-3.11111111111111,0.0,3.55555555555556,0.0,0.0,0.003009178,0.0
-3.22222222222222,0.0,3.55555555555556,0.0,0.0,0.0039652865,0.0
-3.33333333333333,0.0,3.55555555555556,0.0,0.0,0.00172094,0.0
-3.44444444444444,0.0,3.55555555555556,0.0,0.0,0.002807275,0.0
-3.55555555555556,0.0,3.55555555555556,0.0,0.0,0.0017293228,0.0
-3.66666666666667,0.0,3.55555555555556,0.0,0.0,0.00028398776,0.0
-3.77777777777778,0.0,3.55555555555556,0.0,0.0,0.00421349,0.0
-3.88888888888889,0.0,3.55555555555556,0.0,0.0,0.001225091,0.0
-4.0,0.0,3.55555555555556,0.0,0.0,0.0032564236,0.0
-4.11111111111111,0.0,3.55555555555556,0.0,0.0,0.00023613799,0.0
-4.22222222222222,0.0,3.55555555555556,0.0,0.0,0.0035487893,0.0
-4.33333333333333,0.0,3.55555555555556,0.0,0.0,0.0017468664,0.0
-4.44444444444444,0.0,3.55555555555556,0.0,0.0,0.0018314274,0.0
-4.55555555555556,0.0,3.55555555555556,0.0,0.0,0.0028154973,0.0
-4.66666666666667,0.0,3.55555555555556,0.0,0.0,0.0043565794,0.0
-4.77777777777778,0.0,3.55555555555556,0.0,0.0,0.0046775197,0.0
-4.88888888888889,0.0,3.55555555555556,0.0,0.0,0.0011953585,0.0
-0.111111111111111,0.0,3.66666666666667,0.0,0.0,0.02131996,0.0
-0.222222222222222,0.0,3.66666666666667,0.0,0.0,0.0038214275,0.0
-0.333333333333333,0.0,3.66666666666667,0.0,0.0,0.009267641,0.0
-0.444444444444444,0.0,3.66666666666667,0.0,0.0,0.0022948652,0.0
-0.555555555555556,0.0,3.66666666666667,0.0,0.0,0.006294914,0.0
-0.666666666666667,0.0,3.66666666666667,0.0,0.0,0.011106788,0.0
-0.777777777777778,0.0,3.66666666666667,0.0,0.0,0.003524155,0.0
-0.888888888888889,0.0,3.66666666666667,0.0,0.0,0.009719734,0.0
-1.0,0.0,3.66666666666667,0.0,0.0,0.014259598,0.0
-1.11111111111111,0.0,3.66666666666667,0.0,0.0,0.004216516,0.0
-1.22222222222222,0.0,3.66666666666667,0.0,0.0,0.002155851,0.0
-1.33333333333333,0.0,3.66666666666667,0.0,0.0,0.003505593,0.0
-1.44444444444444,0.0,3.66666666666667,0.0,0.0,0.0011502701,0.0
-1.55555555555556,0.0,3.66666666666667,0.0,0.0,0.00077748136,0.0
-1.66666666666667,0.0,3.66666666666667,0.0,0.0,0.013004474,0.0
-1.77777777777778,0.0,3.66666666666667,0.0,0.0,0.0073146676,0.0
-1.88888888888889,0.0,3.66666666666667,0.0,0.0,0.002430375,0.0
-2.0,0.0,3.66666666666667,0.0,0.0,0.008444463,0.0
-2.11111111111111,0.0,3.66666666666667,0.0,0.0,0.0041031847,0.0
-2.22222222222222,0.0,3.66666666666667,0.0,0.0,0.0006741453,0.0
-2.33333333333333,0.0,3.66666666666667,0.0,0.0,0.0034473087,0.0
-2.44444444444444,0.0,3.66666666666667,0.0,0.0,0.0018733322,0.0
-2.55555555555556,0.0,3.66666666666667,0.0,0.0,0.003187248,0.0
-2.66666666666667,0.0,3.66666666666667,0.0,0.0,0.008196912,0.0
-2.77777777777778,0.0,3.66666666666667,0.0,0.0,0.0009214618,0.0
-2.88888888888889,0.0,3.66666666666667,0.0,0.0,0.002123138,0.0
-3.0,0.0,3.66666666666667,0.0,0.0,0.0028818136,0.0
-3.11111111111111,0.0,3.66666666666667,0.0,0.0,0.0026319744,0.0
-3.22222222222222,0.0,3.66666666666667,0.0,0.0,0.0013529586,0.0
-3.33333333333333,0.0,3.66666666666667,0.0,0.0,0.00039714284,0.0
-3.44444444444444,0.0,3.66666666666667,0.0,0.0,0.0065449867,0.0
-3.55555555555556,0.0,3.66666666666667,0.0,0.0,0.0017363448,0.0
-3.66666666666667,0.0,3.66666666666667,0.0,0.0,0.00023956405,0.0
-3.77777777777778,0.0,3.66666666666667,0.0,0.0,0.0020454351,0.0
-3.88888888888889,0.0,3.66666666666667,0.0,0.0,0.0015637968,0.0
-4.0,0.0,3.66666666666667,0.0,0.0,0.0022050964,0.0
-4.11111111111111,0.0,3.66666666666667,0.0,0.0,0.0005405406,0.0
-4.22222222222222,0.0,3.66666666666667,0.0,0.0,0.0011808245,0.0
-4.33333333333333,0.0,3.66666666666667,0.0,0.0,0.00048047732,0.0
-4.44444444444444,0.0,3.66666666666667,0.0,0.0,0.00045595862,0.0
-4.55555555555556,0.0,3.66666666666667,0.0,0.0,0.0015403868,0.0
-4.66666666666667,0.0,3.66666666666667,0.0,0.0,0.00529917,0.0
-4.77777777777778,0.0,3.66666666666667,0.0,0.0,0.0047127903,0.0
-4.88888888888889,0.0,3.66666666666667,0.0,0.0,0.00073961343,0.0
-0.111111111111111,0.0,3.77777777777778,0.0,0.0,0.008330292,0.0
-0.222222222222222,0.0,3.77777777777778,0.0,0.0,0.002753744,0.0
-0.333333333333333,0.0,3.77777777777778,0.0,0.0,0.013169525,0.0
-0.444444444444444,0.0,3.77777777777778,0.0,0.0,0.0027047652,0.0
-0.555555555555556,0.0,3.77777777777778,0.0,0.0,0.005373482,0.0
-0.666666666666667,0.0,3.77777777777778,0.0,0.0,0.0036035972,0.0
-0.777777777777778,0.0,3.77777777777778,0.0,0.0,0.00032665933,0.0
-0.888888888888889,0.0,3.77777777777778,0.0,0.0,0.0045783753,0.0
-1.0,0.0,3.77777777777778,0.0,0.0,0.015108903,0.0
-1.11111111111111,0.0,3.77777777777778,0.0,0.0,0.006530574,0.0
-1.22222222222222,0.0,3.77777777777778,0.0,0.0,0.0030571613,0.0
-1.33333333333333,0.0,3.77777777777778,0.0,0.0,0.0067582885,0.0
-1.44444444444444,0.0,3.77777777777778,0.0,0.0,0.0025902966,0.0
-1.55555555555556,0.0,3.77777777777778,0.0,0.0,0.0025938598,0.0
-1.66666666666667,0.0,3.77777777777778,0.0,0.0,0.012595133,0.0
-1.77777777777778,0.0,3.77777777777778,0.0,0.0,0.007498164,0.0
-1.88888888888889,0.0,3.77777777777778,0.0,0.0,0.0010965422,0.0
-2.0,0.0,3.77777777777778,0.0,0.0,0.006796465,0.0
-2.11111111111111,0.0,3.77777777777778,0.0,0.0,0.00013534472,0.0
-2.22222222222222,0.0,3.77777777777778,0.0,0.0,0.0006949344,0.0
-2.33333333333333,0.0,3.77777777777778,0.0,0.0,0.0012476391,0.0
-2.44444444444444,0.0,3.77777777777778,0.0,0.0,0.0044483445,0.0
-2.55555555555556,0.0,3.77777777777778,0.0,0.0,0.00014437272,0.0
-2.66666666666667,0.0,3.77777777777778,0.0,0.0,0.0024951505,0.0
-2.77777777777778,0.0,3.77777777777778,0.0,0.0,0.00061872276,0.0
-2.88888888888889,0.0,3.77777777777778,0.0,0.0,0.0007372814,0.0
-3.0,0.0,3.77777777777778,0.0,0.0,0.0067628757,0.0
-3.11111111111111,0.0,3.77777777777778,0.0,0.0,0.001606418,0.0
-3.22222222222222,0.0,3.77777777777778,0.0,0.0,0.00029103956,0.0
-3.33333333333333,0.0,3.77777777777778,0.0,0.0,0.00488388,0.0
-3.44444444444444,0.0,3.77777777777778,0.0,0.0,0.006975226,0.0
-3.55555555555556,0.0,3.77777777777778,0.0,0.0,0.0006084548,0.0
-3.66666666666667,0.0,3.77777777777778,0.0,0.0,0.0022235618,0.0
-3.77777777777778,0.0,3.77777777777778,0.0,0.0,0.00015045136,0.0
-3.88888888888889,0.0,3.77777777777778,0.0,0.0,0.001379145,0.0
-4.0,0.0,3.77777777777778,0.0,0.0,0.0015292497,0.0
-4.11111111111111,0.0,3.77777777777778,0.0,0.0,0.00030837863,0.0
-4.22222222222222,0.0,3.77777777777778,0.0,0.0,0.0010186089,0.0
-4.33333333333333,0.0,3.77777777777778,0.0,0.0,0.0034457855,0.0
-4.44444444444444,0.0,3.77777777777778,0.0,0.0,0.0015136553,0.0
-4.55555555555556,0.0,3.77777777777778,0.0,0.0,0.0017634358,0.0
-4.66666666666667,0.0,3.77777777777778,0.0,0.0,0.0027023393,0.0
-4.77777777777778,0.0,3.77777777777778,0.0,0.0,0.003380909,0.0
-4.88888888888889,0.0,3.77777777777778,0.0,0.0,0.0013921909,0.0
-0.111111111111111,0.0,3.88888888888889,0.0,0.0,0.0014746849,0.0
-0.222222222222222,0.0,3.88888888888889,0.0,0.0,0.0041998993,0.0
-0.333333333333333,0.0,3.88888888888889,0.0,0.0,0.006015203,0.0
-0.444444444444444,0.0,3.88888888888889,0.0,0.0,0.0011972605,0.0
-0.555555555555556,0.0,3.88888888888889,0.0,0.0,0.0040690056,0.0
-0.666666666666667,0.0,3.88888888888889,0.0,0.0,0.004895798,0.0
-0.777777777777778,0.0,3.88888888888889,0.0,0.0,0.001162022,0.0
-0.888888888888889,0.0,3.88888888888889,0.0,0.0,0.0007987605,0.0
-1.0,0.0,3.88888888888889,0.0,0.0,0.008245556,0.0
-1.11111111111111,0.0,3.88888888888889,0.0,0.0,0.0065027038,0.0
-1.22222222222222,0.0,3.88888888888889,0.0,0.0,0.003490968,0.0
-1.33333333333333,0.0,3.88888888888889,0.0,0.0,0.0039599603,0.0
-1.44444444444444,0.0,3.88888888888889,0.0,0.0,0.0028459996,0.0
-1.55555555555556,0.0,3.88888888888889,0.0,0.0,0.0040514898,0.0
-1.66666666666667,0.0,3.88888888888889,0.0,0.0,0.007574708,0.0
-1.77777777777778,0.0,3.88888888888889,0.0,0.0,0.009490442,0.0
-1.88888888888889,0.0,3.88888888888889,0.0,0.0,0.00016268584,0.0
-2.0,0.0,3.88888888888889,0.0,0.0,0.0056340382,0.0
-2.11111111111111,0.0,3.88888888888889,0.0,0.0,0.0017885661,0.0
-2.22222222222222,0.0,3.88888888888889,0.0,0.0,0.0011200838,0.0
-2.33333333333333,0.0,3.88888888888889,0.0,0.0,0.00079314766,0.0
-2.44444444444444,0.0,3.88888888888889,0.0,0.0,0.0028774224,0.0
-2.55555555555556,0.0,3.88888888888889,0.0,0.0,0.0043524327,0.0
-2.66666666666667,0.0,3.88888888888889,0.0,0.0,0.00032238025,0.0
-2.77777777777778,0.0,3.88888888888889,0.0,0.0,0.00065585086,0.0
-2.88888888888889,0.0,3.88888888888889,0.0,0.0,0.00076309365,0.0
-3.0,0.0,3.88888888888889,0.0,0.0,0.0074099,0.0
-3.11111111111111,0.0,3.88888888888889,0.0,0.0,0.0012183641,0.0
-3.22222222222222,0.0,3.88888888888889,0.0,0.0,0.0002386069,0.0
-3.33333333333333,0.0,3.88888888888889,0.0,0.0,0.004783556,0.0
-3.44444444444444,0.0,3.88888888888889,0.0,0.0,0.0029843103,0.0
-3.55555555555556,0.0,3.88888888888889,0.0,0.0,0.00019557159,0.0
-3.66666666666667,0.0,3.88888888888889,0.0,0.0,0.0046648975,0.0
-3.77777777777778,0.0,3.88888888888889,0.0,0.0,0.00015267999,0.0
-3.88888888888889,0.0,3.88888888888889,0.0,0.0,0.0017607285,0.0
-4.0,0.0,3.88888888888889,0.0,0.0,0.0050442144,0.0
-4.11111111111111,0.0,3.88888888888889,0.0,0.0,0.0008004216,0.0
-4.22222222222222,0.0,3.88888888888889,0.0,0.0,0.0014578407,0.0
-4.33333333333333,0.0,3.88888888888889,0.0,0.0,0.0026016564,0.0
-4.44444444444444,0.0,3.88888888888889,0.0,0.0,0.0011497525,0.0
-4.55555555555556,0.0,3.88888888888889,0.0,0.0,0.0013022503,0.0
-4.66666666666667,0.0,3.88888888888889,0.0,0.0,0.00025187642,0.0
-4.77777777777778,0.0,3.88888888888889,0.0,0.0,0.00152517,0.0
-4.88888888888889,0.0,3.88888888888889,0.0,0.0,0.0026411223,0.0
-0.111111111111111,0.0,4.0,0.0,0.0,0.0010461947,0.0
-0.222222222222222,0.0,4.0,0.0,0.0,0.0019219711,0.0
-0.333333333333333,0.0,4.0,0.0,0.0,0.0007135177,0.0
-0.444444444444444,0.0,4.0,0.0,0.0,7.8412624e-05,0.0
-0.555555555555556,0.0,4.0,0.0,0.0,0.006373434,0.0
-0.666666666666667,0.0,4.0,0.0,0.0,0.0039285137,0.0
-0.777777777777778,0.0,4.0,0.0,0.0,0.0017502981,0.0
-0.888888888888889,0.0,4.0,0.0,0.0,5.72538e-06,0.0
-1.11111111111111,0.0,4.0,0.0,0.0,0.0030875418,0.0
-1.22222222222222,0.0,4.0,0.0,0.0,0.0019335811,0.0
-1.33333333333333,0.0,4.0,0.0,0.0,0.0016632634,0.0
-1.44444444444444,0.0,4.0,0.0,0.0,0.009844904,0.0
-1.55555555555556,0.0,4.0,0.0,0.0,0.0028665164,0.0
-1.66666666666667,0.0,4.0,0.0,0.0,0.0013332326,0.0
-1.77777777777778,0.0,4.0,0.839370325997403,0.0,0.008240217,0.02035464910888857
-1.88888888888889,0.0,4.0,0.0,0.0,0.00087004714,0.0
-2.11111111111111,0.0,4.0,0.0,0.0,0.0035467397,0.0
-2.22222222222222,0.0,4.0,0.0,0.0,0.004254991,0.0
-2.33333333333333,0.0,4.0,0.0,0.0,0.0050714803,0.0
-2.44444444444444,0.0,4.0,0.0,0.0,0.00089682906,0.0
-2.55555555555556,0.0,4.0,0.0,0.0,0.015473444,0.0
-2.66666666666667,0.0,4.0,1.9125528767089,0.0,0.0022681765,0.04637922202139599
-2.77777777777778,0.0,4.0,0.0,0.0,9.7897006e-05,0.0
-2.88888888888889,0.0,4.0,0.0,0.0,0.0009280897,0.0
-3.11111111111111,0.0,4.0,0.0,0.0,0.0016566035,0.0
-3.22222222222222,0.0,4.0,0.0,0.0,0.0017760809,0.0
-3.33333333333333,0.0,4.0,0.0,0.0,0.0007111872,0.0
-3.44444444444444,0.0,4.0,0.0,0.0,0.002007895,0.0
-3.55555555555556,0.0,4.0,2.00793037009652,0.0,2.8945135e-05,0.048692116998334166
-3.66666666666667,0.0,4.0,0.0,0.0,0.0049831895,0.0
-3.77777777777778,0.0,4.0,0.0,0.0,0.0001340891,0.0
-3.88888888888889,0.0,4.0,0.0,0.0,0.0028017042,0.0
-4.11111111111111,0.0,4.0,0.0,0.0,0.0031292038,0.0
-4.22222222222222,0.0,4.0,0.0,0.0,0.0009317441,0.0
-4.33333333333333,0.0,4.0,0.0,0.0,0.0006893355,0.0
-4.44444444444444,0.0,4.0,0.542220471098792,0.0,0.00094903016,0.013148793907811217
-4.55555555555556,0.0,4.0,0.0,0.0,0.0002271616,0.0
-4.66666666666667,0.0,4.0,0.0,0.0,0.00042259003,0.0
-4.77777777777778,0.0,4.0,0.0,0.0,0.00037724554,0.0
-4.88888888888889,0.0,4.0,0.0,0.0,0.0023222656,0.0
-0.111111111111111,0.0,4.11111111111111,0.0,0.0,0.001188822,0.0
-0.222222222222222,0.0,4.11111111111111,0.0,0.0,0.0007727791,0.0
-0.333333333333333,0.0,4.11111111111111,0.0,0.0,0.0024299072,0.0
-0.444444444444444,0.0,4.11111111111111,0.0,0.0,0.0028105064,0.0
-0.555555555555556,0.0,4.11111111111111,0.0,0.0,0.011754821,0.0
-0.666666666666667,0.0,4.11111111111111,0.0,0.0,0.0013718916,0.0
-0.777777777777778,0.0,4.11111111111111,0.0,0.0,0.0016353531,0.0
-0.888888888888889,0.0,4.11111111111111,0.0,0.0,0.00011493573,0.0
-1.0,0.0,4.11111111111111,0.0,0.0,0.00210417,0.0
-1.11111111111111,0.0,4.11111111111111,0.0,0.0,0.00075043243,0.0
-1.22222222222222,0.0,4.11111111111111,0.0,0.0,0.00023497855,0.0
-1.33333333333333,0.0,4.11111111111111,0.0,0.0,0.003418884,0.0
-1.44444444444444,0.0,4.11111111111111,0.0,0.0,0.01439247,0.0
-1.55555555555556,0.0,4.11111111111111,0.0,0.0,0.0003560021,0.0
-1.66666666666667,0.0,4.11111111111111,0.0,0.0,0.0009841376,0.0
-1.77777777777778,0.0,4.11111111111111,0.0,0.0,0.005154769,0.0
-1.88888888888889,0.0,4.11111111111111,0.0,0.0,0.0014185163,0.0
-2.0,0.0,4.11111111111111,0.0,0.0,0.026237201,0.0
-2.11111111111111,0.0,4.11111111111111,0.0,0.0,0.0017746242,0.0
-2.22222222222222,0.0,4.11111111111111,0.0,0.0,0.009339544,0.0
-2.33333333333333,0.0,4.11111111111111,0.0,0.0,0.009372067,0.0
-2.44444444444444,0.0,4.11111111111111,0.0,0.0,0.0028512178,0.0
-2.55555555555556,0.0,4.11111111111111,0.0,0.0,0.01711858,0.0
-2.66666666666667,0.0,4.11111111111111,0.0,0.0,0.001010228,0.0
-2.77777777777778,0.0,4.11111111111111,0.0,0.0,0.00014217642,0.0
-2.88888888888889,0.0,4.11111111111111,0.0,0.0,0.0016082308,0.0
-3.0,0.0,4.11111111111111,0.0,0.0,0.0002594363,0.0
-3.11111111111111,0.0,4.11111111111111,0.0,0.0,0.0020813285,0.0
-3.22222222222222,0.0,4.11111111111111,0.0,0.0,0.006212461,0.0
-3.33333333333333,0.0,4.11111111111111,0.0,0.0,0.00029253168,0.0
-3.44444444444444,0.0,4.11111111111111,0.0,0.0,0.0060897586,0.0
-3.55555555555556,0.0,4.11111111111111,0.0,0.0,0.0003292324,0.0
-3.66666666666667,0.0,4.11111111111111,0.0,0.0,0.0027894108,0.0
-3.77777777777778,0.0,4.11111111111111,0.0,0.0,4.449779e-05,0.0
-3.88888888888889,0.0,4.11111111111111,0.0,0.0,0.0022835233,0.0
-4.0,0.0,4.11111111111111,0.0,0.0,0.0045313854,0.0
-4.11111111111111,0.0,4.11111111111111,0.0,0.0,0.0026846516,0.0
-4.22222222222222,0.0,4.11111111111111,0.0,0.0,0.0013734596,0.0
-4.33333333333333,0.0,4.11111111111111,0.0,0.0,0.0003590781,0.0
-4.44444444444444,0.0,4.11111111111111,0.0,0.0,0.0008533461,0.0
-4.55555555555556,0.0,4.11111111111111,0.0,0.0,0.00037524314,0.0
-4.66666666666667,0.0,4.11111111111111,0.0,0.0,0.0010020776,0.0
-4.77777777777778,0.0,4.11111111111111,0.0,0.0,0.0006115755,0.0
-4.88888888888889,0.0,4.11111111111111,0.0,0.0,0.000990346,0.0
-0.111111111111111,0.0,4.22222222222222,0.0,0.0,0.00083566655,0.0
-0.222222222222222,0.0,4.22222222222222,0.0,0.0,0.0001019801,0.0
-0.333333333333333,0.0,4.22222222222222,0.0,0.0,0.0012329769,0.0
-0.444444444444444,0.0,4.22222222222222,0.0,0.0,0.0053349566,0.0
-0.555555555555556,0.0,4.22222222222222,0.0,0.0,0.012882999,0.0
-0.666666666666667,0.0,4.22222222222222,0.0,0.0,0.0015671287,0.0
-0.777777777777778,0.0,4.22222222222222,0.0,0.0,0.0034656918,0.0
-0.888888888888889,0.0,4.22222222222222,0.0,0.0,0.00013102397,0.0
-1.0,0.0,4.22222222222222,0.0,0.0,0.003037063,0.0
-1.11111111111111,0.0,4.22222222222222,0.0,0.0,0.00025997826,0.0
-1.22222222222222,0.0,4.22222222222222,0.0,0.0,0.0006371313,0.0
-1.33333333333333,0.0,4.22222222222222,0.0,0.0,0.002095936,0.0
-1.44444444444444,0.0,4.22222222222222,0.0,0.0,0.0075129056,0.0
-1.55555555555556,0.0,4.22222222222222,0.0,0.0,0.0003015755,0.0
-1.66666666666667,0.0,4.22222222222222,0.0,0.0,0.0047292365,0.0
-1.77777777777778,0.0,4.22222222222222,0.0,0.0,0.0020617798,0.0
-1.88888888888889,0.0,4.22222222222222,0.0,0.0,0.00019956172,0.0
-2.0,0.0,4.22222222222222,0.0,0.0,0.017774671,0.0
-2.11111111111111,0.0,4.22222222222222,0.0,0.0,3.2174735e-06,0.0
-2.22222222222222,0.0,4.22222222222222,0.0,0.0,0.010365209,0.0
-2.33333333333333,0.0,4.22222222222222,0.0,0.0,0.0069242897,0.0
-2.44444444444444,0.0,4.22222222222222,0.0,0.0,0.0023872554,0.0
-2.55555555555556,0.0,4.22222222222222,0.0,0.0,0.007831004,0.0
-2.66666666666667,0.0,4.22222222222222,0.0,0.0,0.00037639966,0.0
-2.77777777777778,0.0,4.22222222222222,0.0,0.0,0.00020152148,0.0
-2.88888888888889,0.0,4.22222222222222,0.0,0.0,0.002730582,0.0
-3.0,0.0,4.22222222222222,0.0,0.0,0.0004286618,0.0
-3.11111111111111,0.0,4.22222222222222,0.0,0.0,0.0012211994,0.0
-3.22222222222222,0.0,4.22222222222222,0.0,0.0,0.008977383,0.0
-3.33333333333333,0.0,4.22222222222222,0.0,0.0,0.00030699998,0.0
-3.44444444444444,0.0,4.22222222222222,0.0,0.0,0.005746366,0.0
-3.55555555555556,0.0,4.22222222222222,0.0,0.0,0.0015976994,0.0
-3.66666666666667,0.0,4.22222222222222,0.0,0.0,0.0005564593,0.0
-3.77777777777778,0.0,4.22222222222222,0.0,0.0,9.941652e-05,0.0
-3.88888888888889,0.0,4.22222222222222,0.0,0.0,0.0009032184,0.0
-4.0,0.0,4.22222222222222,0.0,0.0,0.0015050584,0.0
-4.11111111111111,0.0,4.22222222222222,0.0,0.0,0.00034604323,0.0
-4.22222222222222,0.0,4.22222222222222,0.0,0.0,0.0036508758,0.0
-4.33333333333333,0.0,4.22222222222222,0.0,0.0,8.507511e-05,0.0
-4.44444444444444,0.0,4.22222222222222,0.0,0.0,0.00023993079,0.0
-4.55555555555556,0.0,4.22222222222222,0.0,0.0,0.0003238143,0.0
-4.66666666666667,0.0,4.22222222222222,0.0,0.0,0.0008425267,0.0
-4.77777777777778,0.0,4.22222222222222,0.0,0.0,0.0013812301,0.0
-4.88888888888889,0.0,4.22222222222222,0.0,0.0,0.0014936213,0.0
-0.111111111111111,0.0,4.33333333333333,0.0,0.0,0.00090989796,0.0
-0.222222222222222,0.0,4.33333333333333,0.0,0.0,0.0003143873,0.0
-0.333333333333333,0.0,4.33333333333333,0.0,0.0,0.00028137525,0.0
-0.444444444444444,0.0,4.33333333333333,0.0,0.0,0.0057870923,0.0
-0.555555555555556,0.0,4.33333333333333,0.0,0.0,0.007910949,0.0
-0.666666666666667,0.0,4.33333333333333,0.0,0.0,0.0036186634,0.0
-0.777777777777778,0.0,4.33333333333333,0.0,0.0,0.0047473246,0.0
-0.888888888888889,0.0,4.33333333333333,0.0,0.0,0.0009814729,0.0
-1.0,0.0,4.33333333333333,0.0,0.0,0.002514943,0.0
-1.11111111111111,0.0,4.33333333333333,0.0,0.0,0.0004570444,0.0
-1.22222222222222,0.0,4.33333333333333,0.0,0.0,0.0043029482,0.0
-1.33333333333333,0.0,4.33333333333333,0.0,0.0,9.451092e-05,0.0
-1.44444444444444,0.0,4.33333333333333,0.0,0.0,0.0027897432,0.0
-1.55555555555556,0.0,4.33333333333333,0.0,0.0,0.0006453437,0.0
-1.66666666666667,0.0,4.33333333333333,0.0,0.0,0.0037882924,0.0
-1.77777777777778,0.0,4.33333333333333,0.0,0.0,0.0007486674,0.0
-1.88888888888889,0.0,4.33333333333333,0.0,0.0,0.0015455172,0.0
-2.0,0.0,4.33333333333333,0.0,0.0,0.0054462976,0.0
-2.11111111111111,0.0,4.33333333333333,0.0,0.0,0.0038028175,0.0
-2.22222222222222,0.0,4.33333333333333,0.0,0.0,0.0072218007,0.0
-2.33333333333333,0.0,4.33333333333333,0.0,0.0,0.0019090241,0.0
-2.44444444444444,0.0,4.33333333333333,0.0,0.0,0.0011065875,0.0
-2.55555555555556,0.0,4.33333333333333,0.0,0.0,0.0010188285,0.0
-2.66666666666667,0.0,4.33333333333333,0.0,0.0,0.0030173573,0.0
-2.77777777777778,0.0,4.33333333333333,0.0,0.0,0.00012504614,0.0
-2.88888888888889,0.0,4.33333333333333,0.0,0.0,0.003766716,0.0
-3.0,0.0,4.33333333333333,0.0,0.0,0.0031903363,0.0
-3.11111111111111,0.0,4.33333333333333,0.0,0.0,0.00020482414,0.0
-3.22222222222222,0.0,4.33333333333333,0.0,0.0,0.0068533528,0.0
-3.33333333333333,0.0,4.33333333333333,0.0,0.0,0.0006560304,0.0
-3.44444444444444,0.0,4.33333333333333,0.0,0.0,0.0013576034,0.0
-3.55555555555556,0.0,4.33333333333333,0.0,0.0,0.0031250133,0.0
-3.66666666666667,0.0,4.33333333333333,0.0,0.0,0.0001910913,0.0
-3.77777777777778,0.0,4.33333333333333,0.0,0.0,0.00029359298,0.0
-3.88888888888889,0.0,4.33333333333333,0.0,0.0,0.00055002875,0.0
-4.0,0.0,4.33333333333333,0.0,0.0,0.0014237446,0.0
-4.11111111111111,0.0,4.33333333333333,0.0,0.0,0.00059195736,0.0
-4.22222222222222,0.0,4.33333333333333,0.0,0.0,0.0035802487,0.0
-4.33333333333333,0.0,4.33333333333333,0.0,0.0,2.5419246e-05,0.0
-4.44444444444444,0.0,4.33333333333333,0.0,0.0,0.0025751095,0.0
-4.55555555555556,0.0,4.33333333333333,0.0,0.0,0.001246274,0.0
-4.66666666666667,0.0,4.33333333333333,0.0,0.0,0.0005827971,0.0
-4.77777777777778,0.0,4.33333333333333,0.0,0.0,0.0006891745,0.0
-4.88888888888889,0.0,4.33333333333333,0.0,0.0,0.0023410388,0.0
-0.111111111111111,0.0,4.44444444444444,0.0,0.0,0.00042739252,0.0
-0.222222222222222,0.0,4.44444444444444,0.0,0.0,0.0011403379,0.0
-0.333333333333333,0.0,4.44444444444444,0.0,0.0,0.00069968717,0.0
-0.444444444444444,0.0,4.44444444444444,0.0,0.0,0.004571888,0.0
-0.555555555555556,0.0,4.44444444444444,0.0,0.0,0.0014283224,0.0
-0.666666666666667,0.0,4.44444444444444,0.0,0.0,0.005324144,0.0
-0.777777777777778,0.0,4.44444444444444,0.0,0.0,0.0036256604,0.0
-0.888888888888889,0.0,4.44444444444444,0.0,0.0,0.0057508866,0.0
-1.0,0.0,4.44444444444444,0.0,0.0,0.0038448444,0.0
-1.11111111111111,0.0,4.44444444444444,0.0,0.0,0.0007713861,0.0
-1.22222222222222,0.0,4.44444444444444,0.0,0.0,0.010843122,0.0
-1.33333333333333,0.0,4.44444444444444,0.0,0.0,0.0020947196,0.0
-1.44444444444444,0.0,4.44444444444444,0.0,0.0,0.0026090073,0.0
-1.55555555555556,0.0,4.44444444444444,0.0,0.0,0.000580991,0.0
-1.66666666666667,0.0,4.44444444444444,0.0,0.0,0.0011444543,0.0
-1.77777777777778,0.0,4.44444444444444,0.0,0.0,0.0021519158,0.0
-1.88888888888889,0.0,4.44444444444444,0.0,0.0,0.008433979,0.0
-2.0,0.0,4.44444444444444,0.0,0.0,0.018313859,0.0
-2.11111111111111,0.0,4.44444444444444,0.0,0.0,0.012042259,0.0
-2.22222222222222,0.0,4.44444444444444,0.0,0.0,0.00405386,0.0
-2.33333333333333,0.0,4.44444444444444,0.0,0.0,2.0248784e-05,0.0
-2.44444444444444,0.0,4.44444444444444,0.0,0.0,0.0020230133,0.0
-2.55555555555556,0.0,4.44444444444444,0.0,0.0,0.00025489135,0.0
-2.66666666666667,0.0,4.44444444444444,0.0,0.0,0.0059736352,0.0
-2.77777777777778,0.0,4.44444444444444,0.0,0.0,4.188495e-05,0.0
-2.88888888888889,0.0,4.44444444444444,0.0,0.0,0.006927616,0.0
-3.0,0.0,4.44444444444444,0.0,0.0,0.008735047,0.0
-3.11111111111111,0.0,4.44444444444444,0.0,0.0,0.0016739655,0.0
-3.22222222222222,0.0,4.44444444444444,0.0,0.0,0.0034183236,0.0
-3.33333333333333,0.0,4.44444444444444,0.0,0.0,0.002409496,0.0
-3.44444444444444,0.0,4.44444444444444,0.0,0.0,0.00030144336,0.0
-3.55555555555556,0.0,4.44444444444444,0.0,0.0,0.0043592528,0.0
-3.66666666666667,0.0,4.44444444444444,0.0,0.0,0.001034366,0.0
-3.77777777777778,0.0,4.44444444444444,0.0,0.0,0.0007289073,0.0
-3.88888888888889,0.0,4.44444444444444,0.0,0.0,0.00082450727,0.0
-4.0,0.0,4.44444444444444,0.0,0.0,0.0033018044,0.0
-4.11111111111111,0.0,4.44444444444444,0.0,0.0,0.001107463,0.0
-4.22222222222222,0.0,4.44444444444444,0.0,0.0,0.0010689759,0.0
-4.33333333333333,0.0,4.44444444444444,0.0,0.0,1.766582e-05,0.0
-4.44444444444444,0.0,4.44444444444444,0.0,0.0,0.0075369617,0.0
-4.55555555555556,0.0,4.44444444444444,0.0,0.0,0.005415282,0.0
-4.66666666666667,0.0,4.44444444444444,0.0,0.0,0.0007281973,0.0
-4.77777777777778,0.0,4.44444444444444,0.0,0.0,0.000116892996,0.0
-4.88888888888889,0.0,4.44444444444444,0.0,0.0,0.0015442898,0.0
-0.111111111111111,0.0,4.55555555555556,0.0,0.0,0.0006522942,0.0
-0.222222222222222,0.0,4.55555555555556,0.0,0.0,0.00045539634,0.0
-0.333333333333333,0.0,4.55555555555556,0.0,0.0,0.0020480445,0.0
-0.444444444444444,0.0,4.55555555555556,0.0,0.0,0.0025340784,0.0
-0.555555555555556,0.0,4.55555555555556,0.0,0.0,0.0006214507,0.0
-0.666666666666667,0.0,4.55555555555556,0.0,0.0,0.00563566,0.0
-0.777777777777778,0.0,4.55555555555556,0.0,0.0,0.0015860253,0.0
-0.888888888888889,0.0,4.55555555555556,0.0,0.0,0.0103305625,0.0
-1.0,0.0,4.55555555555556,0.0,0.0,0.005574474,0.0
-1.11111111111111,0.0,4.55555555555556,0.0,0.0,0.0008424869,0.0
-1.22222222222222,0.0,4.55555555555556,0.0,0.0,0.015266807,0.0
-1.33333333333333,0.0,4.55555555555556,0.0,0.0,0.004556572,0.0
-1.44444444444444,0.0,4.55555555555556,0.0,0.0,0.0016540957,0.0
-1.55555555555556,0.0,4.55555555555556,0.0,0.0,0.0025309874,0.0
-1.66666666666667,0.0,4.55555555555556,0.0,0.0,0.00039882906,0.0
-1.77777777777778,0.0,4.55555555555556,0.0,0.0,0.0016486908,0.0
-1.88888888888889,0.0,4.55555555555556,0.0,0.0,0.014067021,0.0
-2.0,0.0,4.55555555555556,0.0,0.0,0.030080963,0.0
-2.11111111111111,0.0,4.55555555555556,0.0,0.0,0.011889005,0.0
-2.22222222222222,0.0,4.55555555555556,0.0,0.0,0.0044302256,0.0
-2.33333333333333,0.0,4.55555555555556,0.0,0.0,0.00071951386,0.0
-2.44444444444444,0.0,4.55555555555556,0.0,0.0,0.0016212324,0.0
-2.55555555555556,0.0,4.55555555555556,0.0,0.0,0.0014317761,0.0
-2.66666666666667,0.0,4.55555555555556,0.0,0.0,0.0058518155,0.0
-2.77777777777778,0.0,4.55555555555556,0.0,0.0,0.00020188605,0.0
-2.88888888888889,0.0,4.55555555555556,0.0,0.0,0.008161208,0.0
-3.0,0.0,4.55555555555556,0.0,0.0,0.012294932,0.0
-3.11111111111111,0.0,4.55555555555556,0.0,0.0,0.004018254,0.0
-3.22222222222222,0.0,4.55555555555556,0.0,0.0,0.0025672996,0.0
-3.33333333333333,0.0,4.55555555555556,0.0,0.0,0.0016865509,0.0
-3.44444444444444,0.0,4.55555555555556,0.0,0.0,0.0005849174,0.0
-3.55555555555556,0.0,4.55555555555556,0.0,0.0,0.0050133113,0.0
-3.66666666666667,0.0,4.55555555555556,0.0,0.0,0.0009957737,0.0
-3.77777777777778,0.0,4.55555555555556,0.0,0.0,0.00070838776,0.0
-3.88888888888889,0.0,4.55555555555556,0.0,0.0,0.000775138,0.0
-4.0,0.0,4.55555555555556,0.0,0.0,0.0044076424,0.0
-4.11111111111111,0.0,4.55555555555556,0.0,0.0,0.0012178646,0.0
-4.22222222222222,0.0,4.55555555555556,0.0,0.0,0.000354734,0.0
-4.33333333333333,0.0,4.55555555555556,0.0,0.0,5.555786e-05,0.0
-4.44444444444444,0.0,4.55555555555556,0.0,0.0,0.008187489,0.0
-4.55555555555556,0.0,4.55555555555556,0.0,0.0,0.007075609,0.0
-4.66666666666667,0.0,4.55555555555556,0.0,0.0,0.0015869819,0.0
-4.77777777777778,0.0,4.55555555555556,0.0,0.0,0.0013184081,0.0
-4.88888888888889,0.0,4.55555555555556,0.0,0.0,0.0009292883,0.0
-0.111111111111111,0.0,4.66666666666667,0.0,0.0,0.0020510026,0.0
-0.222222222222222,0.0,4.66666666666667,0.0,0.0,0.0028964302,0.0
-0.333333333333333,0.0,4.66666666666667,0.0,0.0,0.002578768,0.0
-0.444444444444444,0.0,4.66666666666667,0.0,0.0,0.00250982,0.0
-0.555555555555556,0.0,4.66666666666667,0.0,0.0,0.0012535792,0.0
-0.666666666666667,0.0,4.66666666666667,0.0,0.0,0.0050248443,0.0
-0.777777777777778,0.0,4.66666666666667,0.0,0.0,0.00015057273,0.0
-0.888888888888889,0.0,4.66666666666667,0.0,0.0,0.0064849094,0.0
-1.0,0.0,4.66666666666667,0.0,0.0,0.0069771092,0.0
-1.11111111111111,0.0,4.66666666666667,0.0,0.0,0.001540841,0.0
-1.22222222222222,0.0,4.66666666666667,0.0,0.0,0.009636224,0.0
-1.33333333333333,0.0,4.66666666666667,0.0,0.0,0.0052573723,0.0
-1.44444444444444,0.0,4.66666666666667,0.0,0.0,4.298907e-05,0.0
-1.55555555555556,0.0,4.66666666666667,0.0,0.0,0.004476012,0.0
-1.66666666666667,0.0,4.66666666666667,0.0,0.0,0.00042673197,0.0
-1.77777777777778,0.0,4.66666666666667,0.0,0.0,9.8362114e-05,0.0
-1.88888888888889,0.0,4.66666666666667,0.0,0.0,0.011152025,0.0
-2.0,0.0,4.66666666666667,0.0,0.0,0.021983637,0.0
-2.11111111111111,0.0,4.66666666666667,0.0,0.0,0.002209058,0.0
-2.22222222222222,0.0,4.66666666666667,0.0,0.0,0.008082313,0.0
-2.33333333333333,0.0,4.66666666666667,0.0,0.0,0.0020465236,0.0
-2.44444444444444,0.0,4.66666666666667,0.0,0.0,0.0008919859,0.0
-2.55555555555556,0.0,4.66666666666667,0.0,0.0,0.00091458124,0.0
-2.66666666666667,0.0,4.66666666666667,0.0,0.0,0.0029327637,0.0
-2.77777777777778,0.0,4.66666666666667,0.0,0.0,0.0009860342,0.0
-2.88888888888889,0.0,4.66666666666667,0.0,0.0,0.0026126234,0.0
-3.0,0.0,4.66666666666667,0.0,0.0,0.01041767,0.0
-3.11111111111111,0.0,4.66666666666667,0.0,0.0,0.0035545216,0.0
-3.22222222222222,0.0,4.66666666666667,0.0,0.0,0.0014576311,0.0
-3.33333333333333,0.0,4.66666666666667,0.0,0.0,0.0004636718,0.0
-3.44444444444444,0.0,4.66666666666667,0.0,0.0,0.001998079,0.0
-3.55555555555556,0.0,4.66666666666667,0.0,0.0,0.004783185,0.0
-3.66666666666667,0.0,4.66666666666667,0.0,0.0,5.5633405e-05,0.0
-3.77777777777778,0.0,4.66666666666667,0.0,0.0,0.0008987349,0.0
-3.88888888888889,0.0,4.66666666666667,0.0,0.0,0.0006597776,0.0
-4.0,0.0,4.66666666666667,0.0,0.0,0.0053510033,0.0
-4.11111111111111,0.0,4.66666666666667,0.0,0.0,0.00183115,0.0
-4.22222222222222,0.0,4.66666666666667,0.0,0.0,0.00036657046,0.0
-4.33333333333333,0.0,4.66666666666667,0.0,0.0,0.00026722925,0.0
-4.44444444444444,0.0,4.66666666666667,0.0,0.0,0.0030944084,0.0
-4.55555555555556,0.0,4.66666666666667,0.0,0.0,0.0036673786,0.0
-4.66666666666667,0.0,4.66666666666667,0.0,0.0,0.0027877279,0.0
-4.77777777777778,0.0,4.66666666666667,0.0,0.0,0.00096034247,0.0
-4.88888888888889,0.0,4.66666666666667,0.0,0.0,0.0016293395,0.0
-0.111111111111111,0.0,4.77777777777778,0.0,0.0,0.0016674205,0.0
-0.222222222222222,0.0,4.77777777777778,0.0,0.0,0.015572562,0.0
-0.333333333333333,0.0,4.77777777777778,0.0,0.0,0.0016116916,0.0
-0.444444444444444,0.0,4.77777777777778,0.0,0.0,0.0039932583,0.0
-0.555555555555556,0.0,4.77777777777778,0.0,0.0,0.00079252,0.0
-0.666666666666667,0.0,4.77777777777778,0.0,0.0,0.005228931,0.0
-0.777777777777778,0.0,4.77777777777778,0.0,0.0,0.0016163068,0.0
-0.888888888888889,0.0,4.77777777777778,0.0,0.0,0.002408864,0.0
-1.0,0.0,4.77777777777778,0.0,0.0,0.008116588,0.0
-1.11111111111111,0.0,4.77777777777778,0.0,0.0,0.007441108,0.0
-1.22222222222222,0.0,4.77777777777778,0.0,0.0,0.0013765756,0.0
-1.33333333333333,0.0,4.77777777777778,0.0,0.0,0.008073405,0.0
-1.44444444444444,0.0,4.77777777777778,0.0,0.0,0.003798662,0.0
-1.55555555555556,0.0,4.77777777777778,0.0,0.0,0.0072222715,0.0
-1.66666666666667,0.0,4.77777777777778,0.0,0.0,0.00026519515,0.0
-1.77777777777778,0.0,4.77777777777778,0.0,0.0,0.004635279,0.0
-1.88888888888889,0.0,4.77777777777778,0.0,0.0,0.008514659,0.0
-2.0,0.0,4.77777777777778,0.0,0.0,0.016434647,0.0
-2.11111111111111,0.0,4.77777777777778,0.0,0.0,0.0034415345,0.0
-2.22222222222222,0.0,4.77777777777778,0.0,0.0,0.012545139,0.0
-2.33333333333333,0.0,4.77777777777778,0.0,0.0,0.0026276743,0.0
-2.44444444444444,0.0,4.77777777777778,0.0,0.0,0.0067650387,0.0
-2.55555555555556,0.0,4.77777777777778,0.0,0.0,0.0011212132,0.0
-2.66666666666667,0.0,4.77777777777778,0.0,0.0,0.00079183554,0.0
-2.77777777777778,0.0,4.77777777777778,0.0,0.0,0.0016605351,0.0
-2.88888888888889,0.0,4.77777777777778,0.0,0.0,0.0026669838,0.0
-3.0,0.0,4.77777777777778,0.0,0.0,0.009405201,0.0
-3.11111111111111,0.0,4.77777777777778,0.0,0.0,0.004185549,0.0
-3.22222222222222,0.0,4.77777777777778,0.0,0.0,0.0010219126,0.0
-3.33333333333333,0.0,4.77777777777778,0.0,0.0,0.0046071536,0.0
-3.44444444444444,0.0,4.77777777777778,0.0,0.0,0.0055684205,0.0
-3.55555555555556,0.0,4.77777777777778,0.0,0.0,0.003088129,0.0
-3.66666666666667,0.0,4.77777777777778,0.0,0.0,0.0017181804,0.0
-3.77777777777778,0.0,4.77777777777778,0.0,0.0,0.0028274644,0.0
-3.88888888888889,0.0,4.77777777777778,0.0,0.0,0.00088682305,0.0
-4.0,0.0,4.77777777777778,0.0,0.0,0.0071519758,0.0
-4.11111111111111,0.0,4.77777777777778,0.0,0.0,0.002489803,0.0
-4.22222222222222,0.0,4.77777777777778,0.0,0.0,0.00035982314,0.0
-4.33333333333333,0.0,4.77777777777778,0.0,0.0,0.00030360607,0.0
-4.44444444444444,0.0,4.77777777777778,0.0,0.0,5.549315e-05,0.0
-4.55555555555556,0.0,4.77777777777778,0.0,0.0,0.0016105368,0.0
-4.66666666666667,0.0,4.77777777777778,0.0,0.0,0.003829923,0.0
-4.77777777777778,0.0,4.77777777777778,0.0,0.0,0.0002079005,0.0
-4.88888888888889,0.0,4.77777777777778,0.0,0.0,0.0026520754,0.0
-0.111111111111111,0.0,4.88888888888889,0.0,0.0,0.0016027396,0.0
-0.222222222222222,0.0,4.88888888888889,0.0,0.0,0.027271504,0.0
-0.333333333333333,0.0,4.88888888888889,0.0,0.0,0.0024850206,0.0
-0.444444444444444,0.0,4.88888888888889,0.0,0.0,0.008980083,0.0
-0.555555555555556,0.0,4.88888888888889,0.0,0.0,0.01308993,0.0
-0.666666666666667,0.0,4.88888888888889,0.0,0.0,0.0058924453,0.0
-0.777777777777778,0.0,4.88888888888889,0.0,0.0,0.0058562155,0.0
-0.888888888888889,0.0,4.88888888888889,0.0,0.0,0.0033562945,0.0
-1.0,0.0,4.88888888888889,0.0,0.0,0.007641757,0.0
-1.11111111111111,0.0,4.88888888888889,0.0,0.0,0.015568308,0.0
-1.22222222222222,0.0,4.88888888888889,0.0,0.0,0.0008894882,0.0
-1.33333333333333,0.0,4.88888888888889,0.0,0.0,0.010214159,0.0
-1.44444444444444,0.0,4.88888888888889,0.0,0.0,0.016415622,0.0
-1.55555555555556,0.0,4.88888888888889,0.0,0.0,0.011090962,0.0
-1.66666666666667,0.0,4.88888888888889,0.0,0.0,0.0030627074,0.0
-1.77777777777778,0.0,4.88888888888889,0.0,0.0,0.012071536,0.0
-1.88888888888889,0.0,4.88888888888889,0.0,0.0,0.016971746,0.0
-2.0,0.0,4.88888888888889,0.0,0.0,0.017362975,0.0
-2.11111111111111,0.0,4.88888888888889,0.0,0.0,0.021050632,0.0
-2.22222222222222,0.0,4.88888888888889,0.0,0.0,0.01387839,0.0
-2.33333333333333,0.0,4.88888888888889,0.0,0.0,0.0036210557,0.0
-2.44444444444444,0.0,4.88888888888889,0.0,0.0,0.015937535,0.0
-2.55555555555556,0.0,4.88888888888889,0.0,0.0,0.008206791,0.0
-2.66666666666667,0.0,4.88888888888889,0.0,0.0,0.0008030552,0.0
-2.77777777777778,0.0,4.88888888888889,0.0,0.0,0.0014468502,0.0
-2.88888888888889,0.0,4.88888888888889,0.0,0.0,0.00933083,0.0
-3.0,0.0,4.88888888888889,0.0,0.0,0.0121816695,0.0
-3.11111111111111,0.0,4.88888888888889,0.0,0.0,0.008360207,0.0
-3.22222222222222,0.0,4.88888888888889,0.0,0.0,0.0021993918,0.0
-3.33333333333333,0.0,4.88888888888889,0.0,0.0,0.010990607,0.0
-3.44444444444444,0.0,4.88888888888889,0.0,0.0,0.0060152938,0.0
-3.55555555555556,0.0,4.88888888888889,0.0,0.0,0.0010093811,0.0
-3.66666666666667,0.0,4.88888888888889,0.0,0.0,0.007634479,0.0
-3.77777777777778,0.0,4.88888888888889,0.0,0.0,0.00580572,0.0
-3.88888888888889,0.0,4.88888888888889,0.0,0.0,0.0012011472,0.0
-4.0,0.0,4.88888888888889,0.0,0.0,0.008159862,0.0
-4.11111111111111,0.0,4.88888888888889,0.0,0.0,0.0033495603,0.0
-4.22222222222222,0.0,4.88888888888889,0.0,0.0,0.003793372,0.0
-4.33333333333333,0.0,4.88888888888889,0.0,0.0,0.0002703752,0.0
-4.44444444444444,0.0,4.88888888888889,0.0,0.0,0.0008149068,0.0
-4.55555555555556,0.0,4.88888888888889,0.0,0.0,0.0019358863,0.0
-4.66666666666667,0.0,4.88888888888889,0.0,0.0,0.0045319498,0.0
-4.77777777777778,0.0,4.88888888888889,0.0,0.0,0.0023977435,0.0
-4.88888888888889,0.0,4.88888888888889,0.0,0.0,0.0030630287,0.0
-0.111111111111111,0.0,5.0,0.0,0.0,0.0046870476,0.0
-0.222222222222222,0.0,5.0,0.0,0.0,0.022449628,0.0
-0.333333333333333,0.0,5.0,0.0,0.0,0.0047260527,0.0
-0.444444444444444,0.0,5.0,0.0,0.0,0.013798893,0.0
-0.555555555555556,0.0,5.0,0.0,0.0,0.02019144,0.0
-0.666666666666667,0.0,5.0,0.0,0.0,0.0065916437,0.0
-0.777777777777778,0.0,5.0,0.0,0.0,0.006011948,0.0
-0.888888888888889,0.0,5.0,0.0,0.0,0.0033163764,0.0
-1.11111111111111,0.0,5.0,0.0,0.0,0.016578488,0.0
-1.22222222222222,0.0,5.0,0.0,0.0,0.0024801248,0.0
-1.33333333333333,0.0,5.0,0.0,0.0,0.0072122696,0.0
-1.44444444444444,0.0,5.0,0.0,0.0,0.019997522,0.0
-1.55555555555556,0.0,5.0,0.0,0.0,0.011644527,0.0
-1.66666666666667,0.0,5.0,0.0,0.0,0.0077065146,0.0
-1.77777777777778,0.0,5.0,0.0,0.0,0.009546233,0.0
-1.88888888888889,0.0,5.0,0.0,0.0,0.020780927,0.0
-2.11111111111111,0.0,5.0,0.0,0.0,0.029435875,0.0
-2.22222222222222,0.0,5.0,0.0,0.0,0.00941411,0.0
-2.33333333333333,0.0,5.0,0.0,0.0,0.0053726863,0.0
-2.44444444444444,0.0,5.0,0.0,0.0,0.015942713,0.0
-2.55555555555556,0.0,5.0,0.0,0.0,0.014720015,0.0
-2.66666666666667,0.0,5.0,0.0,0.0,0.0025739965,0.0
-2.77777777777778,0.0,5.0,0.0,0.0,0.00056187744,0.0
-2.88888888888889,0.0,5.0,0.0,0.0,0.009161647,0.0
-3.11111111111111,0.0,5.0,0.0,0.0,0.009693661,0.0
-3.22222222222222,0.0,5.0,0.0,0.0,0.0015978691,0.0
-3.33333333333333,0.0,5.0,0.0,0.0,0.012294049,0.0
-3.44444444444444,0.0,5.0,0.0,0.0,0.0023543083,0.0
-3.55555555555556,0.0,5.0,0.0,0.0,0.0004818905,0.0
-3.66666666666667,0.0,5.0,0.0,0.0,0.010325277,0.0
-3.77777777777778,0.0,5.0,0.0,0.0,0.0053977543,0.0
-3.88888888888889,0.0,5.0,0.0,0.0,0.0010307881,0.0
-4.11111111111111,0.0,5.0,0.0,0.0,0.00341443,0.0
-4.22222222222222,0.0,5.0,0.0,0.0,0.006557718,0.0
-4.33333333333333,0.0,5.0,0.0,0.0,0.0002546407,0.0
-4.44444444444444,0.0,5.0,0.0,0.0,0.0008693857,0.0
-4.55555555555556,0.0,5.0,0.0,0.0,0.0018438087,0.0
-4.66666666666667,0.0,5.0,0.0,0.0,0.003943884,0.0
-4.77777777777778,0.0,5.0,0.0,0.0,0.0026887634,0.0
-4.88888888888889,0.0,5.0,0.0,0.0,0.0028732782,0.0
-0.111111111111111,0.0,5.11111111111111,0.0,0.0,0.0049011367,0.0
-0.222222222222222,0.0,5.11111111111111,0.0,0.0,0.010649823,0.0
-0.333333333333333,0.0,5.11111111111111,0.0,0.0,0.003921792,0.0
-0.444444444444444,0.0,5.11111111111111,0.0,0.0,0.013149495,0.0
-0.555555555555556,0.0,5.11111111111111,0.0,0.0,0.009034891,0.0
-0.666666666666667,0.0,5.11111111111111,0.0,0.0,0.008484285,0.0
-0.777777777777778,0.0,5.11111111111111,0.0,0.0,0.00415413,0.0
-0.888888888888889,0.0,5.11111111111111,0.0,0.0,0.0030263704,0.0
-1.0,0.0,5.11111111111111,0.0,0.0,0.007841369,0.0
-1.11111111111111,0.0,5.11111111111111,0.0,0.0,0.011414393,0.0
-1.22222222222222,0.0,5.11111111111111,0.0,0.0,0.0010039924,0.0
-1.33333333333333,0.0,5.11111111111111,0.0,0.0,0.0038237215,0.0
-1.44444444444444,0.0,5.11111111111111,0.0,0.0,0.0068369284,0.0
-1.55555555555556,0.0,5.11111111111111,0.0,0.0,0.0076259635,0.0
-1.66666666666667,0.0,5.11111111111111,0.0,0.0,0.0053493213,0.0
-1.77777777777778,0.0,5.11111111111111,0.0,0.0,0.0018107103,0.0
-1.88888888888889,0.0,5.11111111111111,0.0,0.0,0.009850272,0.0
-2.0,0.0,5.11111111111111,0.0,0.0,0.013917091,0.0
-2.11111111111111,0.0,5.11111111111111,0.0,0.0,0.015632367,0.0
-2.22222222222222,0.0,5.11111111111111,0.0,0.0,0.0036802653,0.0
-2.33333333333333,0.0,5.11111111111111,0.0,0.0,0.0047388435,0.0
-2.44444444444444,0.0,5.11111111111111,0.0,0.0,0.006975256,0.0
-2.55555555555556,0.0,5.11111111111111,0.0,0.0,0.008898603,0.0
-2.66666666666667,0.0,5.11111111111111,0.0,0.0,0.006517572,0.0
-2.77777777777778,0.0,5.11111111111111,0.0,0.0,0.00016579338,0.0
-2.88888888888889,0.0,5.11111111111111,0.0,0.0,0.005945244,0.0
-3.0,0.0,5.11111111111111,0.0,0.0,0.0025846674,0.0
-3.11111111111111,0.0,5.11111111111111,0.0,0.0,0.0071846233,0.0
-3.22222222222222,0.0,5.11111111111111,0.0,0.0,0.0016838572,0.0
-3.33333333333333,0.0,5.11111111111111,0.0,0.0,0.007849636,0.0
-3.44444444444444,0.0,5.11111111111111,0.0,0.0,0.0006609564,0.0
-3.55555555555556,0.0,5.11111111111111,0.0,0.0,0.00019434108,0.0
-3.66666666666667,0.0,5.11111111111111,0.0,0.0,0.0053231367,0.0
-3.77777777777778,0.0,5.11111111111111,0.0,0.0,0.0015661601,0.0
-3.88888888888889,0.0,5.11111111111111,0.0,0.0,0.00045862157,0.0
-4.0,0.0,5.11111111111111,0.0,0.0,0.0054917363,0.0
-4.11111111111111,0.0,5.11111111111111,0.0,0.0,0.0018194824,0.0
-4.22222222222222,0.0,5.11111111111111,0.0,0.0,0.0043504783,0.0
-4.33333333333333,0.0,5.11111111111111,0.0,0.0,0.00030833003,0.0
-4.44444444444444,0.0,5.11111111111111,0.0,0.0,0.00020561865,0.0
-4.55555555555556,0.0,5.11111111111111,0.0,0.0,0.0017013332,0.0
-4.66666666666667,0.0,5.11111111111111,0.0,0.0,0.0021338179,0.0
-4.77777777777778,0.0,5.11111111111111,0.0,0.0,0.00067044765,0.0
-4.88888888888889,0.0,5.11111111111111,0.0,0.0,0.002135004,0.0
-0.111111111111111,0.0,5.22222222222222,0.0,0.0,0.0013040237,0.0
-0.222222222222222,0.0,5.22222222222222,0.0,0.0,0.004806589,0.0
-0.333333333333333,0.0,5.22222222222222,0.0,0.0,0.0014332804,0.0
-0.444444444444444,0.0,5.22222222222222,0.0,0.0,0.010254554,0.0
-0.555555555555556,0.0,5.22222222222222,0.0,0.0,0.00717336,0.0
-0.666666666666667,0.0,5.22222222222222,0.0,0.0,0.009990962,0.0
-0.777777777777778,0.0,5.22222222222222,0.0,0.0,0.0041114623,0.0
-0.888888888888889,0.0,5.22222222222222,0.0,0.0,0.004532483,0.0
-1.0,0.0,5.22222222222222,0.0,0.0,0.018100085,0.0
-1.11111111111111,0.0,5.22222222222222,0.0,0.0,0.005882481,0.0
-1.22222222222222,0.0,5.22222222222222,0.0,0.0,0.0044199987,0.0
-1.33333333333333,0.0,5.22222222222222,0.0,0.0,0.0028615198,0.0
-1.44444444444444,0.0,5.22222222222222,0.0,0.0,0.0017021251,0.0
-1.55555555555556,0.0,5.22222222222222,0.0,0.0,0.0029360459,0.0
-1.66666666666667,0.0,5.22222222222222,0.0,0.0,0.0024436074,0.0
-1.77777777777778,0.0,5.22222222222222,0.0,0.0,0.005007774,0.0
-1.88888888888889,0.0,5.22222222222222,0.0,0.0,0.002557895,0.0
-2.0,0.0,5.22222222222222,0.0,0.0,0.01065905,0.0
-2.11111111111111,0.0,5.22222222222222,0.0,0.0,0.0022526686,0.0
-2.22222222222222,0.0,5.22222222222222,0.0,0.0,0.0010019074,0.0
-2.33333333333333,0.0,5.22222222222222,0.0,0.0,0.0014851415,0.0
-2.44444444444444,0.0,5.22222222222222,0.0,0.0,0.00087327807,0.0
-2.55555555555556,0.0,5.22222222222222,0.0,0.0,0.000987286,0.0
-2.66666666666667,0.0,5.22222222222222,0.0,0.0,0.00916536,0.0
-2.77777777777778,0.0,5.22222222222222,0.0,0.0,0.0009470944,0.0
-2.88888888888889,0.0,5.22222222222222,0.0,0.0,0.0036534634,0.0
-3.0,0.0,5.22222222222222,0.0,0.0,0.003142155,0.0
-3.11111111111111,0.0,5.22222222222222,0.0,0.0,0.0034377202,0.0
-3.22222222222222,0.0,5.22222222222222,0.0,0.0,0.0016236724,0.0
-3.33333333333333,0.0,5.22222222222222,0.0,0.0,0.0023658688,0.0
-3.44444444444444,0.0,5.22222222222222,0.0,0.0,0.0011385218,0.0
-3.55555555555556,0.0,5.22222222222222,0.0,0.0,0.00029595633,0.0
-3.66666666666667,0.0,5.22222222222222,0.0,0.0,0.0008531174,0.0
-3.77777777777778,0.0,5.22222222222222,0.0,0.0,0.001989668,0.0
-3.88888888888889,0.0,5.22222222222222,0.0,0.0,0.0002064336,0.0
-4.0,0.0,5.22222222222222,0.0,0.0,0.00084656104,0.0
-4.11111111111111,0.0,5.22222222222222,0.0,0.0,0.0004668157,0.0
-4.22222222222222,0.0,5.22222222222222,0.0,0.0,0.0013684616,0.0
-4.33333333333333,0.0,5.22222222222222,0.0,0.0,0.0005803983,0.0
-4.44444444444444,0.0,5.22222222222222,0.0,0.0,5.879821e-05,0.0
-4.55555555555556,0.0,5.22222222222222,0.0,0.0,0.0019961654,0.0
-4.66666666666667,0.0,5.22222222222222,0.0,0.0,0.0009387622,0.0
-4.77777777777778,0.0,5.22222222222222,0.0,0.0,0.00010514457,0.0
-4.88888888888889,0.0,5.22222222222222,0.0,0.0,0.0016964587,0.0
-0.111111111111111,0.0,5.33333333333333,0.0,0.0,9.595709e-05,0.0
-0.222222222222222,0.0,5.33333333333333,0.0,0.0,0.0039305612,0.0
-0.333333333333333,0.0,5.33333333333333,0.0,0.0,0.0014309504,0.0
-0.444444444444444,0.0,5.33333333333333,0.0,0.0,0.006398008,0.0
-0.555555555555556,0.0,5.33333333333333,0.0,0.0,0.010359168,0.0
-0.666666666666667,0.0,5.33333333333333,0.0,0.0,0.0074748006,0.0
-0.777777777777778,0.0,5.33333333333333,0.0,0.0,0.0023761045,0.0
-0.888888888888889,0.0,5.33333333333333,1.080039848384,0.0,0.008633456,0.026190861716907477
-1.0,0.0,5.33333333333333,0.0,0.0,0.017310787,0.0
-1.11111111111111,0.0,5.33333333333333,0.0,0.0,0.002626528,0.0
-1.22222222222222,0.0,5.33333333333333,0.0,0.0,0.0073902654,0.0
-1.33333333333333,0.0,5.33333333333333,0.0,0.0,0.0012209011,0.0
-1.44444444444444,0.0,5.33333333333333,0.0,0.0,0.0070171454,0.0
-1.55555555555556,0.0,5.33333333333333,0.0,0.0,0.0004531879,0.0
-1.66666666666667,0.0,5.33333333333333,0.0,0.0,0.0038060455,0.0
-1.77777777777778,0.0,5.33333333333333,137.905204797975,0.0,0.008014378,3.3441878596514534
-1.88888888888889,0.0,5.33333333333333,0.0,0.0,0.0021355154,0.0
-2.0,0.0,5.33333333333333,0.0,0.0,0.009037453,0.0
-2.11111111111111,0.0,5.33333333333333,0.0,0.0,0.0005978799,0.0
-2.22222222222222,0.0,5.33333333333333,0.0,0.0,0.0011802661,0.0
-2.33333333333333,0.0,5.33333333333333,0.0,0.0,3.4305733e-05,0.0
-2.44444444444444,0.0,5.33333333333333,0.0,0.0,0.0010142846,0.0
-2.55555555555556,0.0,5.33333333333333,0.0,0.0,0.0004065968,0.0
-2.66666666666667,0.0,5.33333333333333,0.0,0.0,0.0050062523,0.0
-2.77777777777778,0.0,5.33333333333333,0.0,0.0,0.0011804817,0.0
-2.88888888888889,0.0,5.33333333333333,0.0,0.0,0.0009966152,0.0
-3.0,0.0,5.33333333333333,0.0,0.0,0.00630802,0.0
-3.11111111111111,0.0,5.33333333333333,0.0,0.0,0.00045427517,0.0
-3.22222222222222,0.0,5.33333333333333,0.0,0.0,0.0003251567,0.0
-3.33333333333333,0.0,5.33333333333333,0.0,0.0,0.00033592526,0.0
-3.44444444444444,0.0,5.33333333333333,0.0,0.0,0.00022039229,0.0
-3.55555555555556,0.0,5.33333333333333,18.9782366315155,0.0,0.0015365008,0.4602204001921657
-3.66666666666667,0.0,5.33333333333333,0.0,0.0,8.213205e-05,0.0
-3.77777777777778,0.0,5.33333333333333,0.0,0.0,0.004851214,0.0
-3.88888888888889,0.0,5.33333333333333,0.0,0.0,0.0009467993,0.0
-4.0,0.0,5.33333333333333,0.0,0.0,0.00084155926,0.0
-4.11111111111111,0.0,5.33333333333333,0.0,0.0,0.0006908949,0.0
-4.22222222222222,0.0,5.33333333333333,0.0,0.0,0.00041848797,0.0
-4.33333333333333,0.0,5.33333333333333,0.0,0.0,0.001020316,0.0
-4.44444444444444,0.0,5.33333333333333,0.0,0.0,0.0008967936,0.0
-4.55555555555556,0.0,5.33333333333333,0.0,0.0,0.0017592337,0.0
-4.66666666666667,0.0,5.33333333333333,0.0,0.0,0.00048208243,0.0
-4.77777777777778,0.0,5.33333333333333,0.0,0.0,0.00011485057,0.0
-4.88888888888889,0.0,5.33333333333333,0.0,0.0,0.0015918543,0.0
-0.111111111111111,0.0,5.44444444444444,0.0,0.0,0.002455906,0.0
-0.222222222222222,0.0,5.44444444444444,0.0,0.0,0.0045004063,0.0
-0.333333333333333,0.0,5.44444444444444,0.0,0.0,0.001603933,0.0
-0.444444444444444,0.0,5.44444444444444,0.0,0.0,0.0033019718,0.0
-0.555555555555556,0.0,5.44444444444444,0.0,0.0,0.0037623993,0.0
-0.666666666666667,0.0,5.44444444444444,0.0,0.0,0.002684765,0.0
-0.777777777777778,0.0,5.44444444444444,0.0,0.0,8.9808425e-05,0.0
-0.888888888888889,0.0,5.44444444444444,0.0,0.0,0.007633352,0.0
-1.0,0.0,5.44444444444444,0.0,0.0,0.006267133,0.0
-1.11111111111111,0.0,5.44444444444444,0.0,0.0,0.00078293215,0.0
-1.22222222222222,0.0,5.44444444444444,0.0,0.0,0.0020661175,0.0
-1.33333333333333,0.0,5.44444444444444,0.0,0.0,0.0010785342,0.0
-1.44444444444444,0.0,5.44444444444444,0.0,0.0,0.0037212188,0.0
-1.55555555555556,0.0,5.44444444444444,0.0,0.0,0.00043761713,0.0
-1.66666666666667,0.0,5.44444444444444,0.0,0.0,0.0025885273,0.0
-1.77777777777778,0.0,5.44444444444444,0.0,0.0,0.0023695494,0.0
-1.88888888888889,0.0,5.44444444444444,0.0,0.0,0.0004996788,0.0
-2.0,0.0,5.44444444444444,0.0,0.0,0.006499597,0.0
-2.11111111111111,0.0,5.44444444444444,0.0,0.0,0.00076542184,0.0
-2.22222222222222,0.0,5.44444444444444,0.0,0.0,0.0027547237,0.0
-2.33333333333333,0.0,5.44444444444444,0.0,0.0,0.0016075481,0.0
-2.44444444444444,0.0,5.44444444444444,0.0,0.0,0.0019020066,0.0
-2.55555555555556,0.0,5.44444444444444,0.0,0.0,0.00034916977,0.0
-2.66666666666667,0.0,5.44444444444444,0.0,0.0,0.0004142645,0.0
-2.77777777777778,0.0,5.44444444444444,0.0,0.0,0.00045333305,0.0
-2.88888888888889,0.0,5.44444444444444,0.0,0.0,0.0010079726,0.0
-3.0,0.0,5.44444444444444,0.0,0.0,0.0019448824,0.0
-3.11111111111111,0.0,5.44444444444444,0.0,0.0,0.00078364805,0.0
-3.22222222222222,0.0,5.44444444444444,0.0,0.0,0.0015896393,0.0
-3.33333333333333,0.0,5.44444444444444,0.0,0.0,0.0015969248,0.0
-3.44444444444444,0.0,5.44444444444444,0.0,0.0,0.0010409952,0.0
-3.55555555555556,0.0,5.44444444444444,0.0,0.0,0.0007265348,0.0
-3.66666666666667,0.0,5.44444444444444,0.0,0.0,0.00034038385,0.0
-3.77777777777778,0.0,5.44444444444444,0.0,0.0,0.0031208592,0.0
-3.88888888888889,0.0,5.44444444444444,0.0,0.0,0.0014028294,0.0
-4.0,0.0,5.44444444444444,0.0,0.0,0.0019029188,0.0
-4.11111111111111,0.0,5.44444444444444,0.0,0.0,0.0006744796,0.0
-4.22222222222222,0.0,5.44444444444444,0.0,0.0,0.0005077253,0.0
-4.33333333333333,0.0,5.44444444444444,0.0,0.0,0.001469267,0.0
-4.44444444444444,0.0,5.44444444444444,0.0,0.0,0.002313261,0.0
-4.55555555555556,0.0,5.44444444444444,0.0,0.0,0.0015456068,0.0
-4.66666666666667,0.0,5.44444444444444,0.0,0.0,0.00017925173,0.0
-4.77777777777778,0.0,5.44444444444444,0.0,0.0,0.0004048207,0.0
-4.88888888888889,0.0,5.44444444444444,0.0,0.0,0.00083264534,0.0
-0.111111111111111,0.0,5.55555555555556,0.0,0.0,0.006455018,0.0
-0.222222222222222,0.0,5.55555555555556,0.0,0.0,0.0067095845,0.0
-0.333333333333333,0.0,5.55555555555556,0.0,0.0,0.00019721048,0.0
-0.444444444444444,0.0,5.55555555555556,0.0,0.0,0.0020446463,0.0
-0.555555555555556,0.0,5.55555555555556,0.0,0.0,3.6522044e-05,0.0
-0.666666666666667,0.0,5.55555555555556,0.0,0.0,0.002993842,0.0
-0.777777777777778,0.0,5.55555555555556,0.0,0.0,0.0016002174,0.0
-0.888888888888889,0.0,5.55555555555556,0.0,0.0,0.007398587,0.0
-1.0,0.0,5.55555555555556,0.0,0.0,0.004338773,0.0
-1.11111111111111,0.0,5.55555555555556,0.0,0.0,0.0052505448,0.0
-1.22222222222222,0.0,5.55555555555556,0.0,0.0,0.00029607688,0.0
-1.33333333333333,0.0,5.55555555555556,0.0,0.0,0.007627815,0.0
-1.44444444444444,0.0,5.55555555555556,0.0,0.0,0.0021481637,0.0
-1.55555555555556,0.0,5.55555555555556,0.0,0.0,0.004828957,0.0
-1.66666666666667,0.0,5.55555555555556,0.0,0.0,0.0012122904,0.0
-1.77777777777778,0.0,5.55555555555556,0.0,0.0,0.0014301391,0.0
-1.88888888888889,0.0,5.55555555555556,0.0,0.0,0.0012069946,0.0
-2.0,0.0,5.55555555555556,0.0,0.0,0.0020756319,0.0
-2.11111111111111,0.0,5.55555555555556,0.0,0.0,0.00023180437,0.0
-2.22222222222222,0.0,5.55555555555556,0.0,0.0,0.002526472,0.0
-2.33333333333333,0.0,5.55555555555556,0.0,0.0,0.002920499,0.0
-2.44444444444444,0.0,5.55555555555556,0.0,0.0,0.0014237701,0.0
-2.55555555555556,0.0,5.55555555555556,0.0,0.0,0.0008535279,0.0
-2.66666666666667,0.0,5.55555555555556,0.0,0.0,0.0037883846,0.0
-2.77777777777778,0.0,5.55555555555556,0.0,0.0,0.00010565303,0.0
-2.88888888888889,0.0,5.55555555555556,0.0,0.0,0.0033203596,0.0
-3.0,0.0,5.55555555555556,0.0,0.0,0.0008373747,0.0
-3.11111111111111,0.0,5.55555555555556,0.0,0.0,0.004751432,0.0
-3.22222222222222,0.0,5.55555555555556,0.0,0.0,0.0033208353,0.0
-3.33333333333333,0.0,5.55555555555556,0.0,0.0,0.004751239,0.0
-3.44444444444444,0.0,5.55555555555556,0.0,0.0,0.0038645677,0.0
-3.55555555555556,0.0,5.55555555555556,0.0,0.0,0.00040034688,0.0
-3.66666666666667,0.0,5.55555555555556,0.0,0.0,0.00087532034,0.0
-3.77777777777778,0.0,5.55555555555556,0.0,0.0,0.00069856044,0.0
-3.88888888888889,0.0,5.55555555555556,0.0,0.0,0.00036317628,0.0
-4.0,0.0,5.55555555555556,0.0,0.0,9.237572e-05,0.0
-4.11111111111111,0.0,5.55555555555556,0.0,0.0,2.3034361e-05,0.0
-4.22222222222222,0.0,5.55555555555556,0.0,0.0,0.0004922714,0.0
-4.33333333333333,0.0,5.55555555555556,0.0,0.0,0.0017998902,0.0
-4.44444444444444,0.0,5.55555555555556,0.0,0.0,0.0051474757,0.0
-4.55555555555556,0.0,5.55555555555556,0.0,0.0,0.004520324,0.0
-4.66666666666667,0.0,5.55555555555556,0.0,0.0,0.00030030878,0.0
-4.77777777777778,0.0,5.55555555555556,0.0,0.0,0.00039989338,0.0
-4.88888888888889,0.0,5.55555555555556,0.0,0.0,0.0006040039,0.0
-0.111111111111111,0.0,5.66666666666667,0.0,0.0,0.009678173,0.0
-0.222222222222222,0.0,5.66666666666667,0.0,0.0,0.007393937,0.0
-0.333333333333333,0.0,5.66666666666667,0.0,0.0,0.0016369731,0.0
-0.444444444444444,0.0,5.66666666666667,0.0,0.0,0.00081207155,0.0
-0.555555555555556,0.0,5.66666666666667,0.0,0.0,0.0012447959,0.0
-0.666666666666667,0.0,5.66666666666667,0.0,0.0,0.006762255,0.0
-0.777777777777778,0.0,5.66666666666667,0.0,0.0,0.004062366,0.0
-0.888888888888889,0.0,5.66666666666667,0.0,0.0,0.015027611,0.0
-1.0,0.0,5.66666666666667,0.0,0.0,0.01815574,0.0
-1.11111111111111,0.0,5.66666666666667,0.0,0.0,0.007925099,0.0
-1.22222222222222,0.0,5.66666666666667,0.0,0.0,0.0029187538,0.0
-1.33333333333333,0.0,5.66666666666667,0.0,0.0,0.010898237,0.0
-1.44444444444444,0.0,5.66666666666667,0.0,0.0,0.010882963,0.0
-1.55555555555556,0.0,5.66666666666667,0.0,0.0,0.0078041656,0.0
-1.66666666666667,0.0,5.66666666666667,0.0,0.0,0.0016021915,0.0
-1.77777777777778,0.0,5.66666666666667,0.0,0.0,0.004300858,0.0
-1.88888888888889,0.0,5.66666666666667,0.0,0.0,0.0068397014,0.0
-2.0,0.0,5.66666666666667,0.0,0.0,0.0012991028,0.0
-2.11111111111111,0.0,5.66666666666667,0.0,0.0,0.0006126481,0.0
-2.22222222222222,0.0,5.66666666666667,0.0,0.0,0.0015640496,0.0
-2.33333333333333,0.0,5.66666666666667,0.0,0.0,0.002156828,0.0
-2.44444444444444,0.0,5.66666666666667,0.0,0.0,0.0014901692,0.0
-2.55555555555556,0.0,5.66666666666667,0.0,0.0,0.003185958,0.0
-2.66666666666667,0.0,5.66666666666667,0.0,0.0,0.0034830957,0.0
-2.77777777777778,0.0,5.66666666666667,0.0,0.0,0.00065499713,0.0
-2.88888888888889,0.0,5.66666666666667,0.0,0.0,0.0056690243,0.0
-3.0,0.0,5.66666666666667,0.0,0.0,0.00558139,0.0
-3.11111111111111,0.0,5.66666666666667,0.0,0.0,0.008005052,0.0
-3.22222222222222,0.0,5.66666666666667,0.0,0.0,0.002636988,0.0
-3.33333333333333,0.0,5.66666666666667,0.0,0.0,0.0070513636,0.0
-3.44444444444444,0.0,5.66666666666667,0.0,0.0,0.004223433,0.0
-3.55555555555556,0.0,5.66666666666667,0.0,0.0,0.0032735264,0.0
-3.66666666666667,0.0,5.66666666666667,0.0,0.0,0.0006061156,0.0
-3.77777777777778,0.0,5.66666666666667,0.0,0.0,0.0009808809,0.0
-3.88888888888889,0.0,5.66666666666667,0.0,0.0,0.00062242604,0.0
-4.0,0.0,5.66666666666667,0.0,0.0,0.0013452052,0.0
-4.11111111111111,0.0,5.66666666666667,0.0,0.0,0.0005183502,0.0
-4.22222222222222,0.0,5.66666666666667,0.0,0.0,0.00026651047,0.0
-4.33333333333333,0.0,5.66666666666667,0.0,0.0,0.0028144955,0.0
-4.44444444444444,0.0,5.66666666666667,0.0,0.0,0.007761793,0.0
-4.55555555555556,0.0,5.66666666666667,0.0,0.0,0.0068767485,0.0
-4.66666666666667,0.0,5.66666666666667,0.0,0.0,0.00020520411,0.0
-4.77777777777778,0.0,5.66666666666667,0.0,0.0,0.0012333638,0.0
-0.111111111111111,0.0,5.77777777777778,0.0,0.0,0.00936195,0.0
-0.222222222222222,0.0,5.77777777777778,0.0,0.0,0.0026459272,0.0
-0.333333333333333,0.0,5.77777777777778,0.0,0.0,0.010492656,0.0
-0.444444444444444,0.0,5.77777777777778,0.0,0.0,0.0034165967,0.0
-0.555555555555556,0.0,5.77777777777778,0.0,0.0,0.0009564567,0.0
-0.666666666666667,0.0,5.77777777777778,0.0,0.0,0.008233353,0.0
-0.777777777777778,0.0,5.77777777777778,0.0,0.0,0.0009347808,0.0
-0.888888888888889,0.0,5.77777777777778,0.0,0.0,0.013064942,0.0
-1.0,0.0,5.77777777777778,0.0,0.0,0.025465457,0.0
-1.11111111111111,0.0,5.77777777777778,0.0,0.0,0.0013814156,0.0
-1.22222222222222,0.0,5.77777777777778,0.0,0.0,0.0035150866,0.0
-1.33333333333333,0.0,5.77777777777778,0.0,0.0,0.0027724167,0.0
-1.44444444444444,0.0,5.77777777777778,0.0,0.0,0.01598371,0.0
-1.55555555555556,0.0,5.77777777777778,0.0,0.0,0.0026555813,0.0
-1.66666666666667,0.0,5.77777777777778,0.0,0.0,0.0003661415,0.0
-1.77777777777778,0.0,5.77777777777778,0.0,0.0,0.005351138,0.0
-1.88888888888889,0.0,5.77777777777778,0.0,0.0,0.01200328,0.0
-2.0,0.0,5.77777777777778,0.0,0.0,0.0056146504,0.0
-2.11111111111111,0.0,5.77777777777778,0.0,0.0,0.0028788447,0.0
-2.22222222222222,0.0,5.77777777777778,0.0,0.0,0.0012132138,0.0
-2.33333333333333,0.0,5.77777777777778,0.0,0.0,0.000734251,0.0
-2.44444444444444,0.0,5.77777777777778,0.0,0.0,0.0023720039,0.0
-2.55555555555556,0.0,5.77777777777778,0.0,0.0,0.0023017854,0.0
-2.66666666666667,0.0,5.77777777777778,0.0,0.0,0.00035315097,0.0
-2.77777777777778,0.0,5.77777777777778,0.0,0.0,0.0011766226,0.0
-2.88888888888889,0.0,5.77777777777778,0.0,0.0,0.005781317,0.0
-3.0,0.0,5.77777777777778,0.0,0.0,0.0060059526,0.0
-3.11111111111111,0.0,5.77777777777778,0.0,0.0,0.0055588223,0.0
-3.22222222222222,0.0,5.77777777777778,0.0,0.0,0.0012710858,0.0
-3.33333333333333,0.0,5.77777777777778,0.0,0.0,0.003934534,0.0
-3.44444444444444,0.0,5.77777777777778,0.0,0.0,0.0026325802,0.0
-3.55555555555556,0.0,5.77777777777778,0.0,0.0,0.0041218074,0.0
-3.66666666666667,0.0,5.77777777777778,0.0,0.0,0.0007195681,0.0
-3.77777777777778,0.0,5.77777777777778,0.0,0.0,0.0020834315,0.0
-3.88888888888889,0.0,5.77777777777778,0.0,0.0,0.0011920169,0.0
-4.0,0.0,5.77777777777778,0.0,0.0,0.0012474328,0.0
-4.11111111111111,0.0,5.77777777777778,0.0,0.0,0.0013183614,0.0
-4.22222222222222,0.0,5.77777777777778,0.0,0.0,0.0014931597,0.0
-4.33333333333333,0.0,5.77777777777778,0.0,0.0,0.0052966964,0.0
-4.44444444444444,0.0,5.77777777777778,0.0,0.0,0.0038127466,0.0
-4.55555555555556,0.0,5.77777777777778,0.0,0.0,0.00393755,0.0
-4.66666666666667,0.0,5.77777777777778,0.0,0.0,5.940616e-05,0.0
-4.77777777777778,0.0,5.77777777777778,0.0,0.0,0.0021140883,0.0
-0.111111111111111,0.0,5.88888888888889,0.0,0.0,0.0071661887,0.0
-0.222222222222222,0.0,5.88888888888889,0.0,0.0,0.0039703352,0.0
-0.333333333333333,0.0,5.88888888888889,0.0,0.0,0.01985286,0.0
-0.444444444444444,0.0,5.88888888888889,0.0,0.0,0.009053183,0.0
-0.555555555555556,0.0,5.88888888888889,0.0,0.0,0.0003593618,0.0
-0.666666666666667,0.0,5.88888888888889,0.0,0.0,0.0062237857,0.0
-0.777777777777778,0.0,5.88888888888889,0.0,0.0,0.0031411261,0.0
-0.888888888888889,0.0,5.88888888888889,0.0,0.0,0.0024006064,0.0
-1.0,0.0,5.88888888888889,0.0,0.0,0.018118106,0.0
-1.11111111111111,0.0,5.88888888888889,0.0,0.0,0.0029987828,0.0
-1.22222222222222,0.0,5.88888888888889,0.0,0.0,0.0020564094,0.0
-1.33333333333333,0.0,5.88888888888889,0.0,0.0,0.0040750806,0.0
-1.44444444444444,0.0,5.88888888888889,0.0,0.0,0.014405576,0.0
-1.55555555555556,0.0,5.88888888888889,0.0,0.0,0.002991692,0.0
-1.66666666666667,0.0,5.88888888888889,0.0,0.0,0.0009644815,0.0
-1.77777777777778,0.0,5.88888888888889,0.0,0.0,0.005111321,0.0
-1.88888888888889,0.0,5.88888888888889,0.0,0.0,0.011915967,0.0
-2.0,0.0,5.88888888888889,0.0,0.0,0.015429879,0.0
-2.11111111111111,0.0,5.88888888888889,0.0,0.0,0.0060285465,0.0
-2.22222222222222,0.0,5.88888888888889,0.0,0.0,0.0032499952,0.0
-2.33333333333333,0.0,5.88888888888889,0.0,0.0,2.0910152e-06,0.0
-2.44444444444444,0.0,5.88888888888889,0.0,0.0,0.0015954874,0.0
-2.55555555555556,0.0,5.88888888888889,0.0,0.0,0.0009483612,0.0
-2.66666666666667,0.0,5.88888888888889,0.0,0.0,0.009415747,0.0
-2.77777777777778,0.0,5.88888888888889,0.0,0.0,0.0034421978,0.0
-2.88888888888889,0.0,5.88888888888889,0.0,0.0,0.0027321815,0.0
-3.0,0.0,5.88888888888889,0.0,0.0,0.0052762227,0.0
-3.11111111111111,0.0,5.88888888888889,0.0,0.0,0.0036756662,0.0
-3.22222222222222,0.0,5.88888888888889,0.0,0.0,0.00057626027,0.0
-3.33333333333333,0.0,5.88888888888889,0.0,0.0,0.0018528367,0.0
-3.44444444444444,0.0,5.88888888888889,0.0,0.0,0.0012431873,0.0
-3.55555555555556,0.0,5.88888888888889,0.0,0.0,0.0023363542,0.0
-3.66666666666667,0.0,5.88888888888889,0.0,0.0,0.0019262761,0.0
-3.77777777777778,0.0,5.88888888888889,0.0,0.0,0.0018973391,0.0
-3.88888888888889,0.0,5.88888888888889,0.0,0.0,0.000316681,0.0
-4.0,0.0,5.88888888888889,0.0,0.0,0.0011005703,0.0
-4.11111111111111,0.0,5.88888888888889,0.0,0.0,0.0009436066,0.0
-4.22222222222222,0.0,5.88888888888889,0.0,0.0,0.0043290094,0.0
-4.33333333333333,0.0,5.88888888888889,0.0,0.0,0.007190933,0.0
-4.44444444444444,0.0,5.88888888888889,0.0,0.0,4.7167227e-06,0.0
-4.55555555555556,0.0,5.88888888888889,0.0,0.0,0.00089244277,0.0
-4.66666666666667,0.0,5.88888888888889,0.0,0.0,0.00060985633,0.0
-4.77777777777778,0.0,5.88888888888889,0.0,0.0,0.0019973046,0.0
-0.111111111111111,0.0,6.0,0.0,0.0,0.005914069,0.0
-0.222222222222222,0.0,6.0,0.0,0.0,0.0085973665,0.0
-0.333333333333333,0.0,6.0,2.92744929213209,0.0,0.019581879,0.07099036179841946
-0.444444444444444,0.0,6.0,0.0,0.0,0.008039592,0.0
-0.555555555555556,0.0,6.0,0.0,0.0,0.0018281764,0.0
-0.666666666666667,0.0,6.0,0.0,0.0,0.003018829,0.0
-0.777777777777778,0.0,6.0,0.0,0.0,0.014568024,0.0
-0.888888888888889,0.0,6.0,0.0,0.0,0.0006578757,0.0
-1.11111111111111,0.0,6.0,0.0,0.0,0.0081713395,0.0
-1.22222222222222,0.0,6.0,0.0,0.0,0.0018265799,0.0
-1.33333333333333,0.0,6.0,0.0,0.0,0.011275388,0.0
-1.44444444444444,0.0,6.0,0.0,0.0,0.0124178,0.0
-1.55555555555556,0.0,6.0,0.0,0.0,0.012031435,0.0
-1.66666666666667,0.0,6.0,7.85949730859206,0.0,0.006099027,0.19059204850796746
-1.77777777777778,0.0,6.0,0.0,0.0,0.005021233,0.0
-1.88888888888889,0.0,6.0,0.0,0.0,0.008420176,0.0
-2.11111111111111,0.0,6.0,0.0,0.0,0.0069298507,0.0
-2.22222222222222,0.0,6.0,0.0,0.0,0.008516787,0.0
-2.33333333333333,0.0,6.0,7.96309003551649,0.0,0.00078839547,0.19310416210249334
-2.44444444444444,0.0,6.0,0.0,0.0,9.797894e-05,0.0
-2.55555555555556,0.0,6.0,0.0,0.0,0.003621418,0.0
-2.66666666666667,0.0,6.0,1.11895957837225,0.0,0.01747786,0.027134661399582902
-2.77777777777778,0.0,6.0,0.0,0.0,0.0075600515,0.0
-2.88888888888889,0.0,6.0,0.0,0.0,0.0017917828,0.0
-3.11111111111111,0.0,6.0,0.0,0.0,0.005759785,0.0
-3.22222222222222,0.0,6.0,0.0,0.0,0.00042466115,0.0
-3.33333333333333,0.0,6.0,2.60030416322386,0.0,0.005120615,0.06305712410777738
-3.44444444444444,0.0,6.0,0.0,0.0,0.00060282915,0.0
-3.55555555555556,0.0,6.0,0.0,0.0,0.0008078257,0.0
-3.66666666666667,0.0,6.0,2.50976876913693,0.0,0.0022354478,0.06086164956990323
-3.77777777777778,0.0,6.0,0.0,0.0,0.0012909642,0.0
-3.88888888888889,0.0,6.0,0.0,0.0,0.00022159879,0.0
-4.11111111111111,0.0,6.0,0.0,0.0,0.00034112897,0.0
-4.22222222222222,0.0,6.0,0.0,0.0,0.0053113247,0.0
-4.33333333333333,0.0,6.0,2.32397594816759,0.0,0.0068471604,0.05635619165621334
-4.44444444444444,0.0,6.0,0.0,0.0,0.0018113953,0.0
-4.55555555555556,0.0,6.0,0.0,0.0,0.00048737912,0.0
-4.66666666666667,0.0,6.0,0.0,0.0,0.0013083799,0.0
-4.77777777777778,0.0,6.0,0.0,0.0,0.0030842563,0.0
-4.88888888888889,0.0,6.0,0.0,0.0,0.004967623,0.0
-0.111111111111111,0.0,6.11111111111111,0.0,0.0,0.004508786,0.0
-0.222222222222222,0.0,6.11111111111111,0.0,0.0,0.0036543,0.0
-0.333333333333333,0.0,6.11111111111111,0.0,0.0,0.011364975,0.0
-0.444444444444444,0.0,6.11111111111111,0.0,0.0,0.0027957296,0.0
-0.555555555555556,0.0,6.11111111111111,0.0,0.0,0.0029395672,0.0
-0.666666666666667,0.0,6.11111111111111,0.0,0.0,0.0012617387,0.0
-0.777777777777778,0.0,6.11111111111111,0.0,0.0,0.016403712,0.0
-0.888888888888889,0.0,6.11111111111111,0.0,0.0,0.003431273,0.0
-1.0,0.0,6.11111111111111,0.0,0.0,0.01447539,0.0
-1.11111111111111,0.0,6.11111111111111,0.0,0.0,0.004848099,0.0
-1.22222222222222,0.0,6.11111111111111,0.0,0.0,0.002391496,0.0
-1.33333333333333,0.0,6.11111111111111,0.0,0.0,0.005207474,0.0
-1.44444444444444,0.0,6.11111111111111,0.0,0.0,0.010258931,0.0
-1.55555555555556,0.0,6.11111111111111,0.0,0.0,0.008449401,0.0
-1.66666666666667,0.0,6.11111111111111,0.0,0.0,0.008168155,0.0
-1.77777777777778,0.0,6.11111111111111,0.0,0.0,0.0037645996,0.0
-1.88888888888889,0.0,6.11111111111111,0.0,0.0,0.004971515,0.0
-2.0,0.0,6.11111111111111,0.0,0.0,0.015076737,0.0
-2.11111111111111,0.0,6.11111111111111,0.0,0.0,0.0052379975,0.0
-2.22222222222222,0.0,6.11111111111111,0.0,0.0,0.009060594,0.0
-2.33333333333333,0.0,6.11111111111111,0.0,0.0,0.0028977254,0.0
-2.44444444444444,0.0,6.11111111111111,0.0,0.0,0.00150685,0.0
-2.55555555555556,0.0,6.11111111111111,0.0,0.0,0.004890258,0.0
-2.66666666666667,0.0,6.11111111111111,0.0,0.0,0.00964755,0.0
-2.77777777777778,0.0,6.11111111111111,0.0,0.0,0.007566442,0.0
-2.88888888888889,0.0,6.11111111111111,0.0,0.0,0.0018019155,0.0
-3.0,0.0,6.11111111111111,0.0,0.0,0.00548905,0.0
-3.11111111111111,0.0,6.11111111111111,0.0,0.0,0.0032773258,0.0
-3.22222222222222,0.0,6.11111111111111,0.0,0.0,0.0008199779,0.0
-3.33333333333333,0.0,6.11111111111111,0.0,0.0,0.0047121476,0.0
-3.44444444444444,0.0,6.11111111111111,0.0,0.0,0.0009197415,0.0
-3.55555555555556,0.0,6.11111111111111,0.0,0.0,1.3574097e-05,0.0
-3.66666666666667,0.0,6.11111111111111,0.0,0.0,0.00090714626,0.0
-3.77777777777778,0.0,6.11111111111111,0.0,0.0,0.0012391002,0.0
-3.88888888888889,0.0,6.11111111111111,0.0,0.0,0.0005785176,0.0
-4.0,0.0,6.11111111111111,0.0,0.0,0.009578543,0.0
-4.11111111111111,0.0,6.11111111111111,0.0,0.0,0.00025182165,0.0
-4.22222222222222,0.0,6.11111111111111,0.0,0.0,0.0032887335,0.0
-4.33333333333333,0.0,6.11111111111111,0.0,0.0,0.0051039644,0.0
-4.44444444444444,0.0,6.11111111111111,0.0,0.0,0.0010106083,0.0
-4.55555555555556,0.0,6.11111111111111,0.0,0.0,0.0003759273,0.0
-4.66666666666667,0.0,6.11111111111111,0.0,0.0,0.0008652372,0.0
-4.77777777777778,0.0,6.11111111111111,0.0,0.0,0.0023099452,0.0
-4.88888888888889,0.0,6.11111111111111,0.0,0.0,0.004862396,0.0
-0.111111111111111,0.0,6.22222222222222,0.0,0.0,0.0044020023,0.0
-0.222222222222222,0.0,6.22222222222222,0.0,0.0,0.00045429522,0.0
-0.333333333333333,0.0,6.22222222222222,0.0,0.0,0.004121431,0.0
-0.444444444444444,0.0,6.22222222222222,0.0,0.0,0.004560911,0.0
-0.555555555555556,0.0,6.22222222222222,0.0,0.0,0.00092504494,0.0
-0.666666666666667,0.0,6.22222222222222,0.0,0.0,0.000826065,0.0
-0.777777777777778,0.0,6.22222222222222,0.0,0.0,0.0071862433,0.0
-0.888888888888889,0.0,6.22222222222222,0.0,0.0,0.002164149,0.0
-1.0,0.0,6.22222222222222,0.0,0.0,0.0045338934,0.0
-1.11111111111111,0.0,6.22222222222222,0.0,0.0,0.0033786972,0.0
-1.22222222222222,0.0,6.22222222222222,0.0,0.0,0.00024241976,0.0
-1.33333333333333,0.0,6.22222222222222,0.0,0.0,8.314887e-05,0.0
-1.44444444444444,0.0,6.22222222222222,0.0,0.0,0.004577707,0.0
-1.55555555555556,0.0,6.22222222222222,0.0,0.0,1.3192889e-05,0.0
-1.66666666666667,0.0,6.22222222222222,0.0,0.0,0.0034002187,0.0
-1.77777777777778,0.0,6.22222222222222,0.0,0.0,0.0009867435,0.0
-1.88888888888889,0.0,6.22222222222222,0.0,0.0,0.003757207,0.0
-2.0,0.0,6.22222222222222,0.0,0.0,0.002252489,0.0
-2.11111111111111,0.0,6.22222222222222,0.0,0.0,0.003092316,0.0
-2.22222222222222,0.0,6.22222222222222,0.0,0.0,0.003198875,0.0
-2.33333333333333,0.0,6.22222222222222,0.0,0.0,0.004065562,0.0
-2.44444444444444,0.0,6.22222222222222,0.0,0.0,0.0037101186,0.0
-2.55555555555556,0.0,6.22222222222222,0.0,0.0,0.002506098,0.0
-2.66666666666667,0.0,6.22222222222222,0.0,0.0,0.00043122665,0.0
-2.77777777777778,0.0,6.22222222222222,0.0,0.0,0.0033284957,0.0
-2.88888888888889,0.0,6.22222222222222,0.0,0.0,0.00040631427,0.0
-3.0,0.0,6.22222222222222,0.0,0.0,0.0038030231,0.0
-3.11111111111111,0.0,6.22222222222222,0.0,0.0,4.3518052e-05,0.0
-3.22222222222222,0.0,6.22222222222222,0.0,0.0,0.0015407815,0.0
-3.33333333333333,0.0,6.22222222222222,0.0,0.0,0.0005973771,0.0
-3.44444444444444,0.0,6.22222222222222,0.0,0.0,0.0013460157,0.0
-3.55555555555556,0.0,6.22222222222222,0.0,0.0,0.00042588045,0.0
-3.66666666666667,0.0,6.22222222222222,0.0,0.0,6.179523e-05,0.0
-3.77777777777778,0.0,6.22222222222222,0.0,0.0,0.00081812195,0.0
-3.88888888888889,0.0,6.22222222222222,0.0,0.0,0.0012721377,0.0
-4.0,0.0,6.22222222222222,0.0,0.0,0.00066306203,0.0
-4.11111111111111,0.0,6.22222222222222,0.0,0.0,0.00087791117,0.0
-4.22222222222222,0.0,6.22222222222222,0.0,0.0,0.0011788806,0.0
-4.33333333333333,0.0,6.22222222222222,0.0,0.0,0.002678181,0.0
-4.44444444444444,0.0,6.22222222222222,0.0,0.0,0.00039924166,0.0
-4.55555555555556,0.0,6.22222222222222,0.0,0.0,0.00086746726,0.0
-4.66666666666667,0.0,6.22222222222222,0.0,0.0,0.00021938878,0.0
-4.77777777777778,0.0,6.22222222222222,0.0,0.0,0.000109712404,0.0
-4.88888888888889,0.0,6.22222222222222,0.0,0.0,0.0010112547,0.0
-0.111111111111111,0.0,6.33333333333333,0.0,0.0,0.007515121,0.0
-0.222222222222222,0.0,6.33333333333333,0.0,0.0,0.003205252,0.0
-0.333333333333333,0.0,6.33333333333333,0.0,0.0,0.0040559606,0.0
-0.444444444444444,0.0,6.33333333333333,0.0,0.0,0.010356467,0.0
-0.555555555555556,0.0,6.33333333333333,0.0,0.0,0.00035064813,0.0
-0.666666666666667,0.0,6.33333333333333,0.0,0.0,0.00062230066,0.0
-0.777777777777778,0.0,6.33333333333333,0.0,0.0,0.0042815874,0.0
-0.888888888888889,0.0,6.33333333333333,0.0,0.0,0.0025439234,0.0
-1.0,0.0,6.33333333333333,0.0,0.0,0.015246738,0.0
-1.11111111111111,0.0,6.33333333333333,0.0,0.0,0.0064063356,0.0
-1.22222222222222,0.0,6.33333333333333,0.0,0.0,0.00401691,0.0
-1.33333333333333,0.0,6.33333333333333,0.0,0.0,0.003356858,0.0
-1.44444444444444,0.0,6.33333333333333,0.0,0.0,5.6134042e-05,0.0
-1.55555555555556,0.0,6.33333333333333,0.0,0.0,0.010702256,0.0
-1.66666666666667,0.0,6.33333333333333,0.0,0.0,0.0005828705,0.0
-1.77777777777778,0.0,6.33333333333333,0.0,0.0,9.09417e-05,0.0
-1.88888888888889,0.0,6.33333333333333,0.0,0.0,0.0049376497,0.0
-2.0,0.0,6.33333333333333,0.0,0.0,0.0014749151,0.0
-2.11111111111111,0.0,6.33333333333333,0.0,0.0,0.001996879,0.0
-2.22222222222222,0.0,6.33333333333333,0.0,0.0,0.0002911965,0.0
-2.33333333333333,0.0,6.33333333333333,0.0,0.0,0.002121206,0.0
-2.44444444444444,0.0,6.33333333333333,0.0,0.0,0.0061562685,0.0
-2.55555555555556,0.0,6.33333333333333,0.0,0.0,0.0034445918,0.0
-2.66666666666667,0.0,6.33333333333333,0.0,0.0,0.0026534284,0.0
-2.77777777777778,0.0,6.33333333333333,0.0,0.0,0.00069150655,0.0
-2.88888888888889,0.0,6.33333333333333,0.0,0.0,0.0054341448,0.0
-3.0,0.0,6.33333333333333,0.0,0.0,0.0039650374,0.0
-3.11111111111111,0.0,6.33333333333333,0.0,0.0,0.002849662,0.0
-3.22222222222222,0.0,6.33333333333333,0.0,0.0,0.0016874314,0.0
-3.33333333333333,0.0,6.33333333333333,0.0,0.0,0.00093644316,0.0
-3.44444444444444,0.0,6.33333333333333,0.0,0.0,0.0007569313,0.0
-3.55555555555556,0.0,6.33333333333333,0.0,0.0,0.00055436604,0.0
-3.66666666666667,0.0,6.33333333333333,0.0,0.0,0.0011018547,0.0
-3.77777777777778,0.0,6.33333333333333,0.0,0.0,0.0017858152,0.0
-3.88888888888889,0.0,6.33333333333333,0.0,0.0,0.0029593445,0.0
-4.0,0.0,6.33333333333333,0.0,0.0,0.0074826907,0.0
-4.11111111111111,0.0,6.33333333333333,0.0,0.0,0.002247118,0.0
-4.22222222222222,0.0,6.33333333333333,0.0,0.0,0.0006981978,0.0
-4.33333333333333,0.0,6.33333333333333,0.0,0.0,0.00126179,0.0
-4.44444444444444,0.0,6.33333333333333,0.0,0.0,0.0046387627,0.0
-4.55555555555556,0.0,6.33333333333333,0.0,0.0,0.0038915963,0.0
-4.66666666666667,0.0,6.33333333333333,0.0,0.0,0.0029856695,0.0
-4.77777777777778,0.0,6.33333333333333,0.0,0.0,0.0010395917,0.0
-4.88888888888889,0.0,6.33333333333333,0.0,0.0,0.0004884248,0.0
-0.111111111111111,0.0,6.44444444444444,0.0,0.0,0.010231351,0.0
-0.222222222222222,0.0,6.44444444444444,0.0,0.0,0.0031236368,0.0
-0.333333333333333,0.0,6.44444444444444,0.0,0.0,0.009248878,0.0
-0.444444444444444,0.0,6.44444444444444,0.0,0.0,0.010580635,0.0
-0.555555555555556,0.0,6.44444444444444,0.0,0.0,0.0033381525,0.0
-0.666666666666667,0.0,6.44444444444444,0.0,0.0,0.0008463465,0.0
-0.777777777777778,0.0,6.44444444444444,0.0,0.0,0.014228521,0.0
-0.888888888888889,0.0,6.44444444444444,0.0,0.0,0.005155959,0.0
-1.0,0.0,6.44444444444444,0.0,0.0,0.039432045,0.0
-1.11111111111111,0.0,6.44444444444444,0.0,0.0,0.01015729,0.0
-1.22222222222222,0.0,6.44444444444444,0.0,0.0,0.014557666,0.0
-1.33333333333333,0.0,6.44444444444444,0.0,0.0,0.006471402,0.0
-1.44444444444444,0.0,6.44444444444444,0.0,0.0,0.005844392,0.0
-1.55555555555556,0.0,6.44444444444444,0.0,0.0,0.02285462,0.0
-1.66666666666667,0.0,6.44444444444444,0.0,0.0,0.0026879725,0.0
-1.77777777777778,0.0,6.44444444444444,0.0,0.0,0.0021251347,0.0
-1.88888888888889,0.0,6.44444444444444,0.0,0.0,0.007966554,0.0
-2.0,0.0,6.44444444444444,0.0,0.0,0.0032432603,0.0
-2.11111111111111,0.0,6.44444444444444,0.0,0.0,0.0020217604,0.0
-2.22222222222222,0.0,6.44444444444444,0.0,0.0,0.0034752355,0.0
-2.33333333333333,0.0,6.44444444444444,0.0,0.0,0.0002481117,0.0
-2.44444444444444,0.0,6.44444444444444,0.0,0.0,0.010564646,0.0
-2.55555555555556,0.0,6.44444444444444,0.0,0.0,0.008316475,0.0
-2.66666666666667,0.0,6.44444444444444,0.0,0.0,0.006988136,0.0
-2.77777777777778,0.0,6.44444444444444,0.0,0.0,0.0002965136,0.0
-2.88888888888889,0.0,6.44444444444444,0.0,0.0,0.009319994,0.0
-3.0,0.0,6.44444444444444,0.0,0.0,0.0071392953,0.0
-3.11111111111111,0.0,6.44444444444444,0.0,0.0,0.004044161,0.0
-3.22222222222222,0.0,6.44444444444444,0.0,0.0,0.0012105593,0.0
-3.33333333333333,0.0,6.44444444444444,0.0,0.0,0.0031219637,0.0
-3.44444444444444,0.0,6.44444444444444,0.0,0.0,0.00014801182,0.0
-3.55555555555556,0.0,6.44444444444444,0.0,0.0,0.00011177435,0.0
-3.66666666666667,0.0,6.44444444444444,0.0,0.0,0.002552392,0.0
-3.77777777777778,0.0,6.44444444444444,0.0,0.0,0.0033905199,0.0
-3.88888888888889,0.0,6.44444444444444,0.0,0.0,0.0054909647,0.0
-4.0,0.0,6.44444444444444,0.0,0.0,0.02609393,0.0
-4.11111111111111,0.0,6.44444444444444,0.0,0.0,0.0036820848,0.0
-4.22222222222222,0.0,6.44444444444444,0.0,0.0,0.0013377726,0.0
-4.33333333333333,0.0,6.44444444444444,0.0,0.0,0.0016076872,0.0
-4.44444444444444,0.0,6.44444444444444,0.0,0.0,0.0069834883,0.0
-4.55555555555556,0.0,6.44444444444444,0.0,0.0,0.008343988,0.0
-4.66666666666667,0.0,6.44444444444444,0.0,0.0,0.0070673656,0.0
-4.77777777777778,0.0,6.44444444444444,0.0,0.0,0.00155546,0.0
-4.88888888888889,0.0,6.44444444444444,0.0,0.0,0.0020356395,0.0
-0.111111111111111,0.0,6.55555555555556,0.0,0.0,0.0076897065,0.0
-0.222222222222222,0.0,6.55555555555556,0.0,0.0,0.0019452526,0.0
-0.333333333333333,0.0,6.55555555555556,0.0,0.0,0.009687511,0.0
-0.444444444444444,0.0,6.55555555555556,0.0,0.0,0.006348228,0.0
-0.555555555555556,0.0,6.55555555555556,0.0,0.0,0.0036439667,0.0
-0.666666666666667,0.0,6.55555555555556,0.0,0.0,0.0016250787,0.0
-0.777777777777778,0.0,6.55555555555556,0.0,0.0,0.02345797,0.0
-0.888888888888889,0.0,6.55555555555556,0.0,0.0,0.0056053386,0.0
-1.0,0.0,6.55555555555556,0.0,0.0,0.036088876,0.0
-1.11111111111111,0.0,6.55555555555556,0.0,0.0,0.010777713,0.0
-1.22222222222222,0.0,6.55555555555556,0.0,0.0,0.015297349,0.0
-1.33333333333333,0.0,6.55555555555556,0.0,0.0,0.0053207017,0.0
-1.44444444444444,0.0,6.55555555555556,0.0,0.0,0.008939171,0.0
-1.55555555555556,0.0,6.55555555555556,0.0,0.0,0.0133332815,0.0
-1.66666666666667,0.0,6.55555555555556,0.0,0.0,0.0049760775,0.0
-1.77777777777778,0.0,6.55555555555556,0.0,0.0,0.0027570666,0.0
-1.88888888888889,0.0,6.55555555555556,0.0,0.0,0.008943319,0.0
-2.0,0.0,6.55555555555556,0.0,0.0,0.00037450876,0.0
-2.11111111111111,0.0,6.55555555555556,0.0,0.0,0.0019662268,0.0
-2.22222222222222,0.0,6.55555555555556,0.0,0.0,0.00441596,0.0
-2.33333333333333,0.0,6.55555555555556,0.0,0.0,0.0005587337,0.0
-2.44444444444444,0.0,6.55555555555556,0.0,0.0,0.011812372,0.0
-2.55555555555556,0.0,6.55555555555556,0.0,0.0,0.010018638,0.0
-2.66666666666667,0.0,6.55555555555556,0.0,0.0,0.006096949,0.0
-2.77777777777778,0.0,6.55555555555556,0.0,0.0,0.0007692583,0.0
-2.88888888888889,0.0,6.55555555555556,0.0,0.0,0.005287737,0.0
-3.0,0.0,6.55555555555556,0.0,0.0,0.012822066,0.0
-3.11111111111111,0.0,6.55555555555556,0.0,0.0,0.0018552439,0.0
-3.22222222222222,0.0,6.55555555555556,0.0,0.0,0.0008664267,0.0
-3.33333333333333,0.0,6.55555555555556,0.0,0.0,0.0016203884,0.0
-3.44444444444444,0.0,6.55555555555556,0.0,0.0,0.001117265,0.0
-3.55555555555556,0.0,6.55555555555556,0.0,0.0,0.00039253608,0.0
-3.66666666666667,0.0,6.55555555555556,0.0,0.0,0.0022123132,0.0
-3.77777777777778,0.0,6.55555555555556,0.0,0.0,0.0027015936,0.0
-3.88888888888889,0.0,6.55555555555556,0.0,0.0,0.0059344936,0.0
-4.0,0.0,6.55555555555556,0.0,0.0,0.023853147,0.0
-4.11111111111111,0.0,6.55555555555556,0.0,0.0,0.0037620165,0.0
-4.22222222222222,0.0,6.55555555555556,0.0,0.0,0.0019379331,0.0
-4.33333333333333,0.0,6.55555555555556,0.0,0.0,0.0013708324,0.0
-4.44444444444444,0.0,6.55555555555556,0.0,0.0,0.005254834,0.0
-4.55555555555556,0.0,6.55555555555556,0.0,0.0,0.009437237,0.0
-4.66666666666667,0.0,6.55555555555556,0.0,0.0,0.006423763,0.0
-4.77777777777778,0.0,6.55555555555556,0.0,0.0,0.00021733624,0.0
-4.88888888888889,0.0,6.55555555555556,0.0,0.0,0.0008718152,0.0
-0.111111111111111,0.0,6.66666666666667,0.0,0.0,0.0018266013,0.0
-0.222222222222222,0.0,6.66666666666667,0.0,0.0,0.0017639763,0.0
-0.333333333333333,0.0,6.66666666666667,0.0,0.0,0.0027262988,0.0
-0.444444444444444,0.0,6.66666666666667,0.0,0.0,0.0027531574,0.0
-0.555555555555556,0.0,6.66666666666667,0.0,0.0,0.001237563,0.0
-0.666666666666667,0.0,6.66666666666667,0.0,0.0,0.0013677925,0.0
-0.777777777777778,0.0,6.66666666666667,0.0,0.0,0.01277486,0.0
-0.888888888888889,0.0,6.66666666666667,0.0,0.0,0.00315699,0.0
-1.0,0.0,6.66666666666667,0.0,0.0,0.013882247,0.0
-1.11111111111111,0.0,6.66666666666667,0.0,0.0,0.0060016415,0.0
-1.22222222222222,0.0,6.66666666666667,0.0,0.0,0.0051669003,0.0
-1.33333333333333,0.0,6.66666666666667,0.0,0.0,0.0017807873,0.0
-1.44444444444444,0.0,6.66666666666667,0.0,0.0,0.0017219966,0.0
-1.55555555555556,0.0,6.66666666666667,0.0,0.0,0.0009234394,0.0
-1.66666666666667,0.0,6.66666666666667,0.0,0.0,0.0052547944,0.0
-1.77777777777778,0.0,6.66666666666667,0.0,0.0,0.00039852798,0.0
-1.88888888888889,0.0,6.66666666666667,0.0,0.0,0.004465794,0.0
-2.0,0.0,6.66666666666667,0.0,0.0,0.0014998027,0.0
-2.11111111111111,0.0,6.66666666666667,0.0,0.0,0.0004610128,0.0
-2.22222222222222,0.0,6.66666666666667,0.0,0.0,0.0019015794,0.0
-2.33333333333333,0.0,6.66666666666667,0.0,0.0,0.0007409744,0.0
-2.44444444444444,0.0,6.66666666666667,0.0,0.0,0.0067166514,0.0
-2.55555555555556,0.0,6.66666666666667,0.0,0.0,0.0063643027,0.0
-2.66666666666667,0.0,6.66666666666667,0.0,0.0,0.0034562468,0.0
-2.77777777777778,0.0,6.66666666666667,0.0,0.0,0.0009638651,0.0
-2.88888888888889,0.0,6.66666666666667,0.0,0.0,0.0030271953,0.0
-3.0,0.0,6.66666666666667,0.0,0.0,0.012504221,0.0
-3.11111111111111,0.0,6.66666666666667,0.0,0.0,0.00044957094,0.0
-3.22222222222222,0.0,6.66666666666667,0.0,0.0,0.0016963473,0.0
-3.33333333333333,0.0,6.66666666666667,0.0,0.0,0.0006220391,0.0
-3.44444444444444,0.0,6.66666666666667,0.0,0.0,0.0013936602,0.0
-3.55555555555556,0.0,6.66666666666667,0.0,0.0,0.0005370847,0.0
-3.66666666666667,0.0,6.66666666666667,0.0,0.0,0.00073403685,0.0
-3.77777777777778,0.0,6.66666666666667,0.0,0.0,0.00056157063,0.0
-3.88888888888889,0.0,6.66666666666667,0.0,0.0,0.0019582175,0.0
-4.0,0.0,6.66666666666667,0.0,0.0,0.0061551165,0.0
-4.11111111111111,0.0,6.66666666666667,0.0,0.0,0.002106896,0.0
-4.22222222222222,0.0,6.66666666666667,0.0,0.0,0.0011520559,0.0
-4.33333333333333,0.0,6.66666666666667,0.0,0.0,0.00023177708,0.0
-4.44444444444444,0.0,6.66666666666667,0.0,0.0,0.0029404825,0.0
-4.55555555555556,0.0,6.66666666666667,0.0,0.0,0.0057201227,0.0
-4.66666666666667,0.0,6.66666666666667,0.0,0.0,0.002898334,0.0
-4.77777777777778,0.0,6.66666666666667,0.0,0.0,0.00018772506,0.0
-4.88888888888889,0.0,6.66666666666667,0.0,0.0,0.00033628097,0.0
-0.111111111111111,0.0,6.77777777777778,0.0,0.0,0.0010070902,0.0
-0.222222222222222,0.0,6.77777777777778,0.0,0.0,0.00048569587,0.0
-0.333333333333333,0.0,6.77777777777778,0.0,0.0,0.0006952882,0.0
-0.444444444444444,0.0,6.77777777777778,0.0,0.0,0.0008019398,0.0
-0.555555555555556,0.0,6.77777777777778,0.0,0.0,0.0018959166,0.0
-0.666666666666667,0.0,6.77777777777778,0.0,0.0,0.000330427,0.0
-0.777777777777778,0.0,6.77777777777778,0.0,0.0,0.00010145014,0.0
-0.888888888888889,0.0,6.77777777777778,0.0,0.0,0.0045554703,0.0
-1.0,0.0,6.77777777777778,0.0,0.0,0.00181091,0.0
-1.11111111111111,0.0,6.77777777777778,0.0,0.0,0.006038007,0.0
-1.22222222222222,0.0,6.77777777777778,0.0,0.0,0.0018577962,0.0
-1.33333333333333,0.0,6.77777777777778,0.0,0.0,4.8704307e-05,0.0
-1.44444444444444,0.0,6.77777777777778,0.0,0.0,0.0017481024,0.0
-1.55555555555556,0.0,6.77777777777778,0.0,0.0,0.0015746055,0.0
-1.66666666666667,0.0,6.77777777777778,0.0,0.0,0.0028705061,0.0
-1.77777777777778,0.0,6.77777777777778,0.0,0.0,0.002428871,0.0
-1.88888888888889,0.0,6.77777777777778,0.0,0.0,0.00062858884,0.0
-2.0,0.0,6.77777777777778,0.0,0.0,0.0059121614,0.0
-2.11111111111111,0.0,6.77777777777778,0.0,0.0,0.00055005524,0.0
-2.22222222222222,0.0,6.77777777777778,0.0,0.0,0.0064887553,0.0
-2.33333333333333,0.0,6.77777777777778,0.0,0.0,0.0031044502,0.0
-2.44444444444444,0.0,6.77777777777778,0.0,0.0,0.00084522937,0.0
-2.55555555555556,0.0,6.77777777777778,0.0,0.0,0.0020234175,0.0
-2.66666666666667,0.0,6.77777777777778,0.0,0.0,0.0020483437,0.0
-2.77777777777778,0.0,6.77777777777778,0.0,0.0,0.00060988753,0.0
-2.88888888888889,0.0,6.77777777777778,0.0,0.0,0.002919015,0.0
-3.0,0.0,6.77777777777778,0.0,0.0,0.004980824,0.0
-3.11111111111111,0.0,6.77777777777778,0.0,0.0,0.0004627632,0.0
-3.22222222222222,0.0,6.77777777777778,0.0,0.0,0.0042781993,0.0
-3.33333333333333,0.0,6.77777777777778,0.0,0.0,0.0023178672,0.0
-3.44444444444444,0.0,6.77777777777778,0.0,0.0,9.4965515e-05,0.0
-3.55555555555556,0.0,6.77777777777778,0.0,0.0,0.00047280587,0.0
-3.66666666666667,0.0,6.77777777777778,0.0,0.0,5.7097033e-05,0.0
-3.77777777777778,0.0,6.77777777777778,0.0,0.0,0.0003042451,0.0
-3.88888888888889,0.0,6.77777777777778,0.0,0.0,0.00030697664,0.0
-4.0,0.0,6.77777777777778,0.0,0.0,0.0001516041,0.0
-4.11111111111111,0.0,6.77777777777778,0.0,0.0,0.002256947,0.0
-4.22222222222222,0.0,6.77777777777778,0.0,0.0,0.00022814813,0.0
-4.33333333333333,0.0,6.77777777777778,0.0,0.0,0.0012944998,0.0
-4.44444444444444,0.0,6.77777777777778,0.0,0.0,0.0016022581,0.0
-4.55555555555556,0.0,6.77777777777778,0.0,0.0,0.0017662321,0.0
-4.66666666666667,0.0,6.77777777777778,0.0,0.0,0.0010989021,0.0
-4.77777777777778,0.0,6.77777777777778,0.0,0.0,0.00011710933,0.0
-4.88888888888889,0.0,6.77777777777778,0.0,0.0,0.0010075939,0.0
-0.111111111111111,0.0,6.88888888888889,0.0,0.0,0.004560056,0.0
-0.222222222222222,0.0,6.88888888888889,0.0,0.0,0.0006314573,0.0
-0.333333333333333,0.0,6.88888888888889,0.0,0.0,0.0064310823,0.0
-0.444444444444444,0.0,6.88888888888889,0.0,0.0,0.00021918934,0.0
-0.555555555555556,0.0,6.88888888888889,0.0,0.0,0.0038304594,0.0
-0.666666666666667,0.0,6.88888888888889,0.0,0.0,0.00043846166,0.0
-0.777777777777778,0.0,6.88888888888889,0.0,0.0,0.0059351902,0.0
-0.888888888888889,0.0,6.88888888888889,0.0,0.0,0.006502151,0.0
-1.0,0.0,6.88888888888889,0.0,0.0,0.0014044963,0.0
-1.11111111111111,0.0,6.88888888888889,0.0,0.0,0.008603526,0.0
-1.22222222222222,0.0,6.88888888888889,0.0,0.0,0.006499793,0.0
-1.33333333333333,0.0,6.88888888888889,0.0,0.0,0.0024370956,0.0
-1.44444444444444,0.0,6.88888888888889,0.0,0.0,0.007304279,0.0
-1.55555555555556,0.0,6.88888888888889,0.0,0.0,0.0040470366,0.0
-1.66666666666667,0.0,6.88888888888889,0.0,0.0,0.0012664091,0.0
-1.77777777777778,0.0,6.88888888888889,0.0,0.0,0.003676618,0.0
-1.88888888888889,0.0,6.88888888888889,0.0,0.0,0.0022818781,0.0
-2.0,0.0,6.88888888888889,0.0,0.0,0.007506313,0.0
-2.11111111111111,0.0,6.88888888888889,0.0,0.0,0.0029150215,0.0
-2.22222222222222,0.0,6.88888888888889,0.0,0.0,0.011879764,0.0
-2.33333333333333,0.0,6.88888888888889,0.0,0.0,0.00637303,0.0
-2.44444444444444,0.0,6.88888888888889,0.0,0.0,0.0014135675,0.0
-2.55555555555556,0.0,6.88888888888889,0.0,0.0,0.00029988954,0.0
-2.66666666666667,0.0,6.88888888888889,0.0,0.0,0.002351279,0.0
-2.77777777777778,0.0,6.88888888888889,0.0,0.0,0.001782549,0.0
-2.88888888888889,0.0,6.88888888888889,0.0,0.0,0.0013789424,0.0
-3.0,0.0,6.88888888888889,0.0,0.0,0.00092868484,0.0
-3.11111111111111,0.0,6.88888888888889,0.0,0.0,0.00052914297,0.0
-3.22222222222222,0.0,6.88888888888889,0.0,0.0,0.0062305024,0.0
-3.33333333333333,0.0,6.88888888888889,0.0,0.0,0.0017517479,0.0
-3.44444444444444,0.0,6.88888888888889,0.0,0.0,0.0013507492,0.0
-3.55555555555556,0.0,6.88888888888889,0.0,0.0,0.0013072556,0.0
-3.66666666666667,0.0,6.88888888888889,0.0,0.0,0.00037900778,0.0
-3.77777777777778,0.0,6.88888888888889,0.0,0.0,0.0026764064,0.0
-3.88888888888889,0.0,6.88888888888889,0.0,0.0,0.0030637484,0.0
-4.0,0.0,6.88888888888889,0.0,0.0,0.0027691962,0.0
-4.11111111111111,0.0,6.88888888888889,0.0,0.0,0.0045251986,0.0
-4.22222222222222,0.0,6.88888888888889,0.0,0.0,0.00039699744,0.0
-4.33333333333333,0.0,6.88888888888889,0.0,0.0,0.0037888382,0.0
-4.44444444444444,0.0,6.88888888888889,0.0,0.0,0.0018457324,0.0
-4.55555555555556,0.0,6.88888888888889,0.0,0.0,0.00051402167,0.0
-4.66666666666667,0.0,6.88888888888889,0.0,0.0,0.00018422889,0.0
-4.77777777777778,0.0,6.88888888888889,0.0,0.0,0.00041301505,0.0
-4.88888888888889,0.0,6.88888888888889,0.0,0.0,0.000422135,0.0
-0.111111111111111,0.0,7.0,0.0,0.0,0.003458079,0.0
-0.222222222222222,0.0,7.0,0.0,0.0,0.0020443688,0.0
-0.333333333333333,0.0,7.0,0.0,0.0,0.005468205,0.0
-0.444444444444444,0.0,7.0,0.0,0.0,0.0018568258,0.0
-0.555555555555556,0.0,7.0,0.0,0.0,0.002976287,0.0
-0.666666666666667,0.0,7.0,0.0,0.0,0.0015269805,0.0
-0.777777777777778,0.0,7.0,0.0,0.0,0.0060953386,0.0
-0.888888888888889,0.0,7.0,0.0,0.0,0.0018934429,0.0
-1.11111111111111,0.0,7.0,0.0,0.0,0.004054551,0.0
-1.22222222222222,0.0,7.0,0.0,0.0,0.004957354,0.0
-1.33333333333333,0.0,7.0,0.0,0.0,0.012082182,0.0
-1.44444444444444,0.0,7.0,0.0,0.0,0.005743453,0.0
-1.55555555555556,0.0,7.0,0.0,0.0,0.004255976,0.0
-1.66666666666667,0.0,7.0,0.0,0.0,0.00072762603,0.0
-1.77777777777778,0.0,7.0,0.0,0.0,0.00085307285,0.0
-1.88888888888889,0.0,7.0,0.0,0.0,0.0016178634,0.0
-2.11111111111111,0.0,7.0,0.0,0.0,0.0016918972,0.0
-2.22222222222222,0.0,7.0,0.0,0.0,0.007299985,0.0
-2.33333333333333,0.0,7.0,0.0,0.0,0.0053819455,0.0
-2.44444444444444,0.0,7.0,0.0,0.0,0.007974482,0.0
-2.55555555555556,0.0,7.0,0.0,0.0,0.00033628356,0.0
-2.66666666666667,0.0,7.0,0.0,0.0,0.0028935855,0.0
-2.77777777777778,0.0,7.0,0.0,0.0,0.0011648745,0.0
-2.88888888888889,0.0,7.0,0.0,0.0,0.00021780473,0.0
-3.11111111111111,0.0,7.0,0.0,0.0,7.884053e-05,0.0
-3.22222222222222,0.0,7.0,0.0,0.0,0.0039465204,0.0
-3.33333333333333,0.0,7.0,0.0,0.0,0.0006541783,0.0
-3.44444444444444,0.0,7.0,0.0,0.0,0.0023953717,0.0
-3.55555555555556,0.0,7.0,0.0,0.0,0.0037177647,0.0
-3.66666666666667,0.0,7.0,0.0,0.0,0.0012597527,0.0
-3.77777777777778,0.0,7.0,0.0,0.0,0.00379774,0.0
-3.88888888888889,0.0,7.0,0.0,0.0,0.0022093724,0.0
-4.11111111111111,0.0,7.0,0.0,0.0,0.0030380315,0.0
-4.22222222222222,0.0,7.0,0.0,0.0,0.00017774655,0.0
-4.33333333333333,0.0,7.0,0.0,0.0,0.0032081956,0.0
-4.44444444444444,0.0,7.0,0.0,0.0,0.0025535233,0.0
-4.55555555555556,0.0,7.0,0.0,0.0,0.00031429259,0.0
-4.66666666666667,0.0,7.0,0.0,0.0,0.00036745676,0.0
-4.77777777777778,0.0,7.0,0.0,0.0,0.0012560318,0.0
-4.88888888888889,0.0,7.0,0.0,0.0,0.0001985394,0.0
-0.111111111111111,0.0,7.11111111111111,0.0,0.0,0.0045702113,0.0
-0.222222222222222,0.0,7.11111111111111,0.0,0.0,0.0010902208,0.0
-0.333333333333333,0.0,7.11111111111111,0.0,0.0,0.0013510314,0.0
-0.444444444444444,0.0,7.11111111111111,0.0,0.0,0.00415709,0.0
-0.555555555555556,0.0,7.11111111111111,0.0,0.0,0.0008711007,0.0
-0.666666666666667,0.0,7.11111111111111,0.0,0.0,0.00020901424,0.0
-0.777777777777778,0.0,7.11111111111111,0.0,0.0,0.00031016394,0.0
-0.888888888888889,0.0,7.11111111111111,0.0,0.0,0.00012738953,0.0
-1.0,0.0,7.11111111111111,0.0,0.0,0.025729792,0.0
-1.11111111111111,0.0,7.11111111111111,0.0,0.0,0.00033106716,0.0
-1.22222222222222,0.0,7.11111111111111,0.0,0.0,0.0018189587,0.0
-1.33333333333333,0.0,7.11111111111111,0.0,0.0,0.017495187,0.0
-1.44444444444444,0.0,7.11111111111111,0.0,0.0,0.0016024171,0.0
-1.55555555555556,0.0,7.11111111111111,0.0,0.0,0.0028890274,0.0
-1.66666666666667,0.0,7.11111111111111,0.0,0.0,0.000461946,0.0
-1.77777777777778,0.0,7.11111111111111,0.0,0.0,0.0012783634,0.0
-1.88888888888889,0.0,7.11111111111111,0.0,0.0,0.0014568928,0.0
-2.0,0.0,7.11111111111111,0.0,0.0,0.003318793,0.0
-2.11111111111111,0.0,7.11111111111111,0.0,0.0,0.0005614783,0.0
-2.22222222222222,0.0,7.11111111111111,0.0,0.0,0.0030390075,0.0
-2.33333333333333,0.0,7.11111111111111,0.0,0.0,0.0023074183,0.0
-2.44444444444444,0.0,7.11111111111111,0.0,0.0,0.010035631,0.0
-2.55555555555556,0.0,7.11111111111111,0.0,0.0,0.0022437188,0.0
-2.66666666666667,0.0,7.11111111111111,0.0,0.0,0.0014875575,0.0
-2.77777777777778,0.0,7.11111111111111,0.0,0.0,0.0003204149,0.0
-2.88888888888889,0.0,7.11111111111111,0.0,0.0,9.239376e-05,0.0
-3.0,0.0,7.11111111111111,0.0,0.0,0.0039584334,0.0
-3.11111111111111,0.0,7.11111111111111,0.0,0.0,0.00013199473,0.0
-3.22222222222222,0.0,7.11111111111111,0.0,0.0,0.00046950643,0.0
-3.33333333333333,0.0,7.11111111111111,0.0,0.0,0.0021220716,0.0
-3.44444444444444,0.0,7.11111111111111,0.0,0.0,0.00087751227,0.0
-3.55555555555556,0.0,7.11111111111111,0.0,0.0,0.00589076,0.0
-3.66666666666667,0.0,7.11111111111111,0.0,0.0,0.0021710538,0.0
-3.77777777777778,0.0,7.11111111111111,0.0,0.0,0.0018388653,0.0
-3.88888888888889,0.0,7.11111111111111,0.0,0.0,0.00029416266,0.0
-4.0,0.0,7.11111111111111,0.0,0.0,0.004319141,0.0
-4.11111111111111,0.0,7.11111111111111,0.0,0.0,0.00029060364,0.0
-4.22222222222222,0.0,7.11111111111111,0.0,0.0,0.000822616,0.0
-4.33333333333333,0.0,7.11111111111111,0.0,0.0,0.0010867214,0.0
-4.44444444444444,0.0,7.11111111111111,0.0,0.0,0.0021086968,0.0
-4.55555555555556,0.0,7.11111111111111,0.0,0.0,0.00016871974,0.0
-4.66666666666667,0.0,7.11111111111111,0.0,0.0,0.001184849,0.0
-4.77777777777778,0.0,7.11111111111111,0.0,0.0,0.001092503,0.0
-4.88888888888889,0.0,7.11111111111111,0.0,0.0,0.0009784768,0.0
-0.111111111111111,0.0,7.22222222222222,0.0,0.0,0.012543065,0.0
-0.222222222222222,0.0,7.22222222222222,0.0,0.0,0.007016064,0.0
-0.333333333333333,0.0,7.22222222222222,0.0,0.0,0.0063374033,0.0
-0.444444444444444,0.0,7.22222222222222,0.0,0.0,0.0031642,0.0
-0.555555555555556,0.0,7.22222222222222,0.0,0.0,0.000485553,0.0
-0.666666666666667,0.0,7.22222222222222,0.0,0.0,0.0023234815,0.0
-0.777777777777778,0.0,7.22222222222222,0.0,0.0,0.0018597086,0.0
-0.888888888888889,0.0,7.22222222222222,0.0,0.0,0.000792866,0.0
-1.0,0.0,7.22222222222222,0.0,0.0,0.027779637,0.0
-1.11111111111111,0.0,7.22222222222222,0.0,0.0,0.0008740149,0.0
-1.22222222222222,0.0,7.22222222222222,0.0,0.0,0.0057648905,0.0
-1.33333333333333,0.0,7.22222222222222,0.0,0.0,0.007936692,0.0
-1.44444444444444,0.0,7.22222222222222,0.0,0.0,0.0003870684,0.0
-1.55555555555556,0.0,7.22222222222222,0.0,0.0,0.0009929807,0.0
-1.66666666666667,0.0,7.22222222222222,0.0,0.0,0.0013360787,0.0
-1.77777777777778,0.0,7.22222222222222,0.0,0.0,0.0030001586,0.0
-1.88888888888889,0.0,7.22222222222222,0.0,0.0,0.005066106,0.0
-2.0,0.0,7.22222222222222,0.0,0.0,0.0012975615,0.0
-2.11111111111111,0.0,7.22222222222222,0.0,0.0,0.0015238724,0.0
-2.22222222222222,0.0,7.22222222222222,0.0,0.0,0.0035461348,0.0
-2.33333333333333,0.0,7.22222222222222,0.0,0.0,0.00048089406,0.0
-2.44444444444444,0.0,7.22222222222222,0.0,0.0,0.0032307995,0.0
-2.55555555555556,0.0,7.22222222222222,0.0,0.0,0.0033274847,0.0
-2.66666666666667,0.0,7.22222222222222,0.0,0.0,0.00134174,0.0
-2.77777777777778,0.0,7.22222222222222,0.0,0.0,0.0011202266,0.0
-2.88888888888889,0.0,7.22222222222222,0.0,0.0,0.000284177,0.0
-3.0,0.0,7.22222222222222,0.0,0.0,0.004136754,0.0
-3.11111111111111,0.0,7.22222222222222,0.0,0.0,0.00015357744,0.0
-3.22222222222222,0.0,7.22222222222222,0.0,0.0,0.00018731663,0.0
-3.33333333333333,0.0,7.22222222222222,0.0,0.0,0.001611161,0.0
-3.44444444444444,0.0,7.22222222222222,0.0,0.0,0.0009532601,0.0
-3.55555555555556,0.0,7.22222222222222,0.0,0.0,0.0046376702,0.0
-3.66666666666667,0.0,7.22222222222222,0.0,0.0,0.0023891681,0.0
-3.77777777777778,0.0,7.22222222222222,0.0,0.0,0.001748528,0.0
-3.88888888888889,0.0,7.22222222222222,0.0,0.0,0.002630795,0.0
-4.0,0.0,7.22222222222222,0.0,0.0,0.002967227,0.0
-4.11111111111111,0.0,7.22222222222222,0.0,0.0,5.9848895e-05,0.0
-4.22222222222222,0.0,7.22222222222222,0.0,0.0,0.0026509366,0.0
-4.33333333333333,0.0,7.22222222222222,0.0,0.0,0.0013574583,0.0
-4.44444444444444,0.0,7.22222222222222,0.0,0.0,0.00086407166,0.0
-4.55555555555556,0.0,7.22222222222222,0.0,0.0,0.0001310373,0.0
-4.66666666666667,0.0,7.22222222222222,0.0,0.0,0.0004987113,0.0
-4.77777777777778,0.0,7.22222222222222,0.0,0.0,0.0007700636,0.0
-4.88888888888889,0.0,7.22222222222222,0.0,0.0,0.0017689236,0.0
-0.111111111111111,0.0,7.33333333333333,0.0,0.0,0.013288747,0.0
-0.222222222222222,0.0,7.33333333333333,0.0,0.0,0.017970605,0.0
-0.333333333333333,0.0,7.33333333333333,0.0,0.0,0.01225103,0.0
-0.444444444444444,0.0,7.33333333333333,0.0,0.0,0.0009142277,0.0
-0.555555555555556,0.0,7.33333333333333,0.0,0.0,0.0016037411,0.0
-0.666666666666667,0.0,7.33333333333333,0.0,0.0,0.009120586,0.0
-0.777777777777778,0.0,7.33333333333333,0.0,0.0,0.001078155,0.0
-0.888888888888889,0.0,7.33333333333333,0.0,0.0,0.00011445793,0.0
-1.0,0.0,7.33333333333333,0.0,0.0,0.011604468,0.0
-1.11111111111111,0.0,7.33333333333333,0.0,0.0,0.0006996676,0.0
-1.22222222222222,0.0,7.33333333333333,0.0,0.0,0.008094297,0.0
-1.33333333333333,0.0,7.33333333333333,0.0,0.0,0.00044749634,0.0
-1.44444444444444,0.0,7.33333333333333,0.0,0.0,0.0010753864,0.0
-1.55555555555556,0.0,7.33333333333333,0.0,0.0,0.0008358928,0.0
-1.66666666666667,0.0,7.33333333333333,0.0,0.0,0.00057862676,0.0
-1.77777777777778,0.0,7.33333333333333,0.0,0.0,0.0035982241,0.0
-1.88888888888889,0.0,7.33333333333333,0.0,0.0,0.0028403562,0.0
-2.0,0.0,7.33333333333333,0.0,0.0,0.014974713,0.0
-2.11111111111111,0.0,7.33333333333333,0.0,0.0,0.0006073536,0.0
-2.22222222222222,0.0,7.33333333333333,0.0,0.0,0.0043805316,0.0
-2.33333333333333,0.0,7.33333333333333,0.0,0.0,0.00026705905,0.0
-2.44444444444444,0.0,7.33333333333333,0.0,0.0,0.00052801083,0.0
-2.55555555555556,0.0,7.33333333333333,0.0,0.0,0.001000057,0.0
-2.66666666666667,0.0,7.33333333333333,0.0,0.0,0.0032194678,0.0
-2.77777777777778,0.0,7.33333333333333,0.0,0.0,0.00067256414,0.0
-2.88888888888889,0.0,7.33333333333333,0.0,0.0,0.001962647,0.0
-3.0,0.0,7.33333333333333,0.0,0.0,0.0042312085,0.0
-3.11111111111111,0.0,7.33333333333333,0.0,0.0,0.00010281081,0.0
-3.22222222222222,0.0,7.33333333333333,0.0,0.0,0.00017364495,0.0
-3.33333333333333,0.0,7.33333333333333,0.0,0.0,6.897854e-05,0.0
-3.44444444444444,0.0,7.33333333333333,0.0,0.0,0.0010709916,0.0
-3.55555555555556,0.0,7.33333333333333,0.0,0.0,0.001673395,0.0
-3.66666666666667,0.0,7.33333333333333,0.0,0.0,0.0015761522,0.0
-3.77777777777778,0.0,7.33333333333333,0.0,0.0,0.0034418309,0.0
-3.88888888888889,0.0,7.33333333333333,0.0,0.0,0.0044966023,0.0
-4.0,0.0,7.33333333333333,0.0,0.0,0.0005541717,0.0
-4.11111111111111,0.0,7.33333333333333,0.0,0.0,7.1362847e-06,0.0
-4.22222222222222,0.0,7.33333333333333,0.0,0.0,0.0025674945,0.0
-4.33333333333333,0.0,7.33333333333333,0.0,0.0,0.0017549205,0.0
-4.44444444444444,0.0,7.33333333333333,0.0,0.0,0.00027593423,0.0
-4.55555555555556,0.0,7.33333333333333,0.0,0.0,0.00020724328,0.0
-4.66666666666667,0.0,7.33333333333333,0.0,0.0,0.00033054137,0.0
-4.77777777777778,0.0,7.33333333333333,0.0,0.0,0.0003762266,0.0
-4.88888888888889,0.0,7.33333333333333,0.0,0.0,0.0018772986,0.0
-0.222222222222222,0.0,7.44444444444444,0.0,0.0,0.016958484,0.0
-0.333333333333333,0.0,7.44444444444444,0.0,0.0,0.011428934,0.0
-0.444444444444444,0.0,7.44444444444444,0.0,0.0,0.001134081,0.0
-0.555555555555556,0.0,7.44444444444444,0.0,0.0,0.0022055907,0.0
-0.666666666666667,0.0,7.44444444444444,0.0,0.0,0.009121586,0.0
-0.777777777777778,0.0,7.44444444444444,0.0,0.0,0.00033487997,0.0
-0.888888888888889,0.0,7.44444444444444,0.0,0.0,0.0021737842,0.0
-1.0,0.0,7.44444444444444,0.0,0.0,0.0055523077,0.0
-1.11111111111111,0.0,7.44444444444444,0.0,0.0,0.0024010502,0.0
-1.22222222222222,0.0,7.44444444444444,0.0,0.0,0.0061566066,0.0
-1.33333333333333,0.0,7.44444444444444,0.0,0.0,0.0028904176,0.0
-1.44444444444444,0.0,7.44444444444444,0.0,0.0,0.0045101983,0.0
-1.55555555555556,0.0,7.44444444444444,0.0,0.0,0.00015851391,0.0
-1.66666666666667,0.0,7.44444444444444,0.0,0.0,0.00037229274,0.0
-1.77777777777778,0.0,7.44444444444444,0.0,0.0,0.008008003,0.0
-1.88888888888889,0.0,7.44444444444444,0.0,0.0,0.0014884102,0.0
-2.0,0.0,7.44444444444444,0.0,0.0,0.02132459,0.0
-2.11111111111111,0.0,7.44444444444444,0.0,0.0,0.00019410011,0.0
-2.22222222222222,0.0,7.44444444444444,0.0,0.0,0.0061754216,0.0
-2.33333333333333,0.0,7.44444444444444,0.0,0.0,0.0018855971,0.0
-2.44444444444444,0.0,7.44444444444444,0.0,0.0,0.005694429,0.0
-2.55555555555556,0.0,7.44444444444444,0.0,0.0,0.00044577743,0.0
-2.66666666666667,0.0,7.44444444444444,0.0,0.0,0.0019290122,0.0
-2.77777777777778,0.0,7.44444444444444,0.0,0.0,0.003166603,0.0
-2.88888888888889,0.0,7.44444444444444,0.0,0.0,0.0042431937,0.0
-3.0,0.0,7.44444444444444,0.0,0.0,0.008481472,0.0
-3.11111111111111,0.0,7.44444444444444,0.0,0.0,0.00052588526,0.0
-3.22222222222222,0.0,7.44444444444444,0.0,0.0,0.00044131113,0.0
-3.33333333333333,0.0,7.44444444444444,0.0,0.0,0.0001847238,0.0
-3.44444444444444,0.0,7.44444444444444,0.0,0.0,0.0015108149,0.0
-3.55555555555556,0.0,7.44444444444444,0.0,0.0,0.00038820278,0.0
-3.66666666666667,0.0,7.44444444444444,0.0,0.0,0.0007056463,0.0
-3.77777777777778,0.0,7.44444444444444,0.0,0.0,0.00223204,0.0
-3.88888888888889,0.0,7.44444444444444,0.0,0.0,0.0034949686,0.0
-4.0,0.0,7.44444444444444,0.0,0.0,0.0064950236,0.0
-4.11111111111111,0.0,7.44444444444444,0.0,0.0,0.00049910176,0.0
-4.22222222222222,0.0,7.44444444444444,0.0,0.0,0.0013308149,0.0
-4.33333333333333,0.0,7.44444444444444,0.0,0.0,0.0013341404,0.0
-4.44444444444444,0.0,7.44444444444444,0.0,0.0,0.0017290993,0.0
-4.55555555555556,0.0,7.44444444444444,0.0,0.0,0.00072461384,0.0
-4.66666666666667,0.0,7.44444444444444,0.0,0.0,0.00056539796,0.0
-4.77777777777778,0.0,7.44444444444444,0.0,0.0,0.0001434031,0.0
-4.88888888888889,0.0,7.44444444444444,0.0,0.0,0.0010163084,0.0
-0.222222222222222,0.0,7.55555555555556,0.0,0.0,0.009312539,0.0
-0.333333333333333,0.0,7.55555555555556,0.0,0.0,0.005354228,0.0
-0.444444444444444,0.0,7.55555555555556,0.0,0.0,0.001570545,0.0
-0.555555555555556,0.0,7.55555555555556,0.0,0.0,0.0015301,0.0
-0.666666666666667,0.0,7.55555555555556,0.0,0.0,0.004175213,0.0
-0.777777777777778,0.0,7.55555555555556,0.0,0.0,0.0017923749,0.0
-0.888888888888889,0.0,7.55555555555556,0.0,0.0,0.0048353374,0.0
-1.0,0.0,7.55555555555556,0.0,0.0,0.009853776,0.0
-1.11111111111111,0.0,7.55555555555556,0.0,0.0,0.00666324,0.0
-1.22222222222222,0.0,7.55555555555556,0.0,0.0,0.004415572,0.0
-1.33333333333333,0.0,7.55555555555556,0.0,0.0,0.0033464928,0.0
-1.44444444444444,0.0,7.55555555555556,0.0,0.0,0.0069974214,0.0
-1.55555555555556,0.0,7.55555555555556,0.0,0.0,0.000577248,0.0
-1.66666666666667,0.0,7.55555555555556,0.0,0.0,0.0018682573,0.0
-1.77777777777778,0.0,7.55555555555556,0.0,0.0,0.012583809,0.0
-1.88888888888889,0.0,7.55555555555556,0.0,0.0,0.0033846772,0.0
-2.0,0.0,7.55555555555556,0.0,0.0,0.011467465,0.0
-2.11111111111111,0.0,7.55555555555556,0.0,0.0,0.00047589364,0.0
-2.22222222222222,0.0,7.55555555555556,0.0,0.0,0.0057439627,0.0
-2.33333333333333,0.0,7.55555555555556,0.0,0.0,0.0045079356,0.0
-2.44444444444444,0.0,7.55555555555556,0.0,0.0,0.0053439564,0.0
-2.55555555555556,0.0,7.55555555555556,0.0,0.0,0.0020774074,0.0
-2.66666666666667,0.0,7.55555555555556,0.0,0.0,0.000515234,0.0
-2.77777777777778,0.0,7.55555555555556,0.0,0.0,0.0055605266,0.0
-2.88888888888889,0.0,7.55555555555556,0.0,0.0,0.004400988,0.0
-3.0,0.0,7.55555555555556,0.0,0.0,0.018010559,0.0
-3.11111111111111,0.0,7.55555555555556,0.0,0.0,0.0010937307,0.0
-3.22222222222222,0.0,7.55555555555556,0.0,0.0,0.002850764,0.0
-3.33333333333333,0.0,7.55555555555556,0.0,0.0,0.00016085681,0.0
-3.44444444444444,0.0,7.55555555555556,0.0,0.0,0.003252125,0.0
-3.55555555555556,0.0,7.55555555555556,0.0,0.0,0.00050293736,0.0
-3.66666666666667,0.0,7.55555555555556,0.0,0.0,0.0004424448,0.0
-3.77777777777778,0.0,7.55555555555556,0.0,0.0,0.00038021855,0.0
-3.88888888888889,0.0,7.55555555555556,0.0,0.0,0.0015931831,0.0
-4.0,0.0,7.55555555555556,0.0,0.0,0.010677853,0.0
-4.11111111111111,0.0,7.55555555555556,0.0,0.0,0.0007096747,0.0
-4.22222222222222,0.0,7.55555555555556,0.0,0.0,0.0008857231,0.0
-4.33333333333333,0.0,7.55555555555556,0.0,0.0,0.0017009568,0.0
-4.44444444444444,0.0,7.55555555555556,0.0,0.0,0.0031353906,0.0
-4.55555555555556,0.0,7.55555555555556,0.0,0.0,0.0018815729,0.0
-4.66666666666667,0.0,7.55555555555556,0.0,0.0,0.00019312878,0.0
-4.77777777777778,0.0,7.55555555555556,0.0,0.0,0.00012135671,0.0
-4.88888888888889,0.0,7.55555555555556,0.0,0.0,0.00029257,0.0
-0.222222222222222,0.0,7.66666666666667,0.0,0.0,0.0052142385,0.0
-0.333333333333333,0.0,7.66666666666667,0.0,0.0,0.00096505217,0.0
-0.444444444444444,0.0,7.66666666666667,0.0,0.0,0.004045489,0.0
-0.555555555555556,0.0,7.66666666666667,0.0,0.0,0.0004328413,0.0
-0.666666666666667,0.0,7.66666666666667,0.0,0.0,0.0014089905,0.0
-0.777777777777778,0.0,7.66666666666667,0.0,0.0,0.0022610114,0.0
-0.888888888888889,0.0,7.66666666666667,0.0,0.0,0.0040401467,0.0
-1.0,0.0,7.66666666666667,0.0,0.0,0.005919983,0.0
-1.11111111111111,0.0,7.66666666666667,0.0,0.0,0.0063122488,0.0
-1.22222222222222,0.0,7.66666666666667,0.0,0.0,0.0025647786,0.0
-1.33333333333333,0.0,7.66666666666667,0.0,0.0,0.0010313592,0.0
-1.44444444444444,0.0,7.66666666666667,0.0,0.0,0.004103638,0.0
-1.55555555555556,0.0,7.66666666666667,0.0,0.0,0.0021740557,0.0
-1.66666666666667,0.0,7.66666666666667,0.0,0.0,0.0008184961,0.0
-1.77777777777778,0.0,7.66666666666667,0.0,0.0,0.0071039707,0.0
-1.88888888888889,0.0,7.66666666666667,0.0,0.0,0.002102026,0.0
-2.0,0.0,7.66666666666667,0.0,0.0,0.008437748,0.0
-2.11111111111111,0.0,7.66666666666667,0.0,0.0,0.00081628445,0.0
-2.22222222222222,0.0,7.66666666666667,0.0,0.0,0.0015707387,0.0
-2.33333333333333,0.0,7.66666666666667,0.0,0.0,0.0050963745,0.0
-2.44444444444444,0.0,7.66666666666667,0.0,0.0,0.00061450235,0.0
-2.55555555555556,0.0,7.66666666666667,0.0,0.0,0.0008269703,0.0
-2.66666666666667,0.0,7.66666666666667,0.0,0.0,0.0010080988,0.0
-2.77777777777778,0.0,7.66666666666667,0.0,0.0,0.002676491,0.0
-2.88888888888889,0.0,7.66666666666667,0.0,0.0,0.0027543188,0.0
-3.0,0.0,7.66666666666667,0.0,0.0,0.018999571,0.0
-3.11111111111111,0.0,7.66666666666667,0.0,0.0,0.0005190756,0.0
-3.22222222222222,0.0,7.66666666666667,0.0,0.0,0.0028435881,0.0
-3.33333333333333,0.0,7.66666666666667,0.0,0.0,0.0007892293,0.0
-3.44444444444444,0.0,7.66666666666667,0.0,0.0,0.0044679544,0.0
-3.55555555555556,0.0,7.66666666666667,0.0,0.0,0.001213165,0.0
-3.66666666666667,0.0,7.66666666666667,0.0,0.0,0.0008520012,0.0
-3.77777777777778,0.0,7.66666666666667,0.0,0.0,0.0001455664,0.0
-3.88888888888889,0.0,7.66666666666667,0.0,0.0,0.00064027053,0.0
-4.0,0.0,7.66666666666667,0.0,0.0,0.0048371362,0.0
-4.11111111111111,0.0,7.66666666666667,0.0,0.0,0.00074088335,0.0
-4.22222222222222,0.0,7.66666666666667,0.0,0.0,0.00095640245,0.0
-4.33333333333333,0.0,7.66666666666667,0.0,0.0,0.0011047276,0.0
-4.44444444444444,0.0,7.66666666666667,0.0,0.0,0.001796624,0.0
-4.55555555555556,0.0,7.66666666666667,0.0,0.0,0.0029729004,0.0
-4.66666666666667,0.0,7.66666666666667,0.0,0.0,0.00071987184,0.0
-4.77777777777778,0.0,7.66666666666667,0.0,0.0,0.00044460024,0.0
-4.88888888888889,0.0,7.66666666666667,0.0,0.0,8.30147e-05,0.0
-0.222222222222222,0.0,7.77777777777778,0.0,0.0,0.0023206144,0.0
-0.333333333333333,0.0,7.77777777777778,0.0,0.0,0.00094253663,0.0
-0.444444444444444,0.0,7.77777777777778,0.0,0.0,0.011398675,0.0
-0.555555555555556,0.0,7.77777777777778,0.0,0.0,0.0011857052,0.0
-0.666666666666667,0.0,7.77777777777778,0.0,0.0,0.00050274824,0.0
-0.777777777777778,0.0,7.77777777777778,0.0,0.0,0.0019289466,0.0
-0.888888888888889,0.0,7.77777777777778,0.0,0.0,0.001132562,0.0
-1.0,0.0,7.77777777777778,0.0,0.0,9.358868e-05,0.0
-1.11111111111111,0.0,7.77777777777778,0.0,0.0,0.0030072546,0.0
-1.22222222222222,0.0,7.77777777777778,0.0,0.0,0.0015278747,0.0
-1.33333333333333,0.0,7.77777777777778,0.0,0.0,0.0009167891,0.0
-1.44444444444444,0.0,7.77777777777778,0.0,0.0,0.0012987391,0.0
-1.55555555555556,0.0,7.77777777777778,0.0,0.0,0.0030952382,0.0
-1.66666666666667,0.0,7.77777777777778,0.0,0.0,0.0057904683,0.0
-1.77777777777778,0.0,7.77777777777778,0.0,0.0,0.001333061,0.0
-1.88888888888889,0.0,7.77777777777778,0.0,0.0,0.0008516897,0.0
-2.0,0.0,7.77777777777778,0.0,0.0,0.013618735,0.0
-2.11111111111111,0.0,7.77777777777778,0.0,0.0,0.00037309792,0.0
-2.22222222222222,0.0,7.77777777777778,0.0,0.0,0.00024120514,0.0
-2.33333333333333,0.0,7.77777777777778,0.0,0.0,0.0020414998,0.0
-2.44444444444444,0.0,7.77777777777778,0.0,0.0,0.0009116472,0.0
-2.55555555555556,0.0,7.77777777777778,0.0,0.0,0.00040835168,0.0
-2.66666666666667,0.0,7.77777777777778,0.0,0.0,0.00084999925,0.0
-2.77777777777778,0.0,7.77777777777778,0.0,0.0,0.0008591776,0.0
-2.88888888888889,0.0,7.77777777777778,0.0,0.0,0.0014863724,0.0
-3.0,0.0,7.77777777777778,0.0,0.0,0.0076468643,0.0
-3.11111111111111,0.0,7.77777777777778,0.0,0.0,0.00081815233,0.0
-3.22222222222222,0.0,7.77777777777778,0.0,0.0,0.0008196633,0.0
-3.33333333333333,0.0,7.77777777777778,0.0,0.0,0.0016191708,0.0
-3.44444444444444,0.0,7.77777777777778,0.0,0.0,0.0063163396,0.0
-3.55555555555556,0.0,7.77777777777778,0.0,0.0,0.003842448,0.0
-3.66666666666667,0.0,7.77777777777778,0.0,0.0,0.0021897305,0.0
-3.77777777777778,0.0,7.77777777777778,0.0,0.0,0.00029287435,0.0
-3.88888888888889,0.0,7.77777777777778,0.0,0.0,0.00066901254,0.0
-4.0,0.0,7.77777777777778,0.0,0.0,0.00068409846,0.0
-4.11111111111111,0.0,7.77777777777778,0.0,0.0,0.0008116404,0.0
-4.22222222222222,0.0,7.77777777777778,0.0,0.0,0.0025597003,0.0
-4.33333333333333,0.0,7.77777777777778,0.0,0.0,4.3761236e-05,0.0
-4.44444444444444,0.0,7.77777777777778,0.0,0.0,0.0001376554,0.0
-4.55555555555556,0.0,7.77777777777778,0.0,0.0,0.0022190695,0.0
-4.66666666666667,0.0,7.77777777777778,0.0,0.0,0.0017601707,0.0
-4.77777777777778,0.0,7.77777777777778,0.0,0.0,0.002467676,0.0
-4.88888888888889,0.0,7.77777777777778,0.0,0.0,0.00030804944,0.0
-0.222222222222222,0.0,7.88888888888889,0.0,0.0,0.0013798376,0.0
-0.333333333333333,0.0,7.88888888888889,0.0,0.0,0.0009242696,0.0
-0.444444444444444,0.0,7.88888888888889,0.0,0.0,0.015415455,0.0
-0.555555555555556,0.0,7.88888888888889,0.0,0.0,0.004243488,0.0
-0.666666666666667,0.0,7.88888888888889,0.0,0.0,0.00019274635,0.0
-0.777777777777778,0.0,7.88888888888889,0.0,0.0,0.0008251454,0.0
-0.888888888888889,0.0,7.88888888888889,0.0,0.0,8.385069e-05,0.0
-1.0,0.0,7.88888888888889,0.0,0.0,0.0027790593,0.0
-1.11111111111111,0.0,7.88888888888889,0.0,0.0,0.0036061658,0.0
-1.22222222222222,0.0,7.88888888888889,0.0,0.0,0.0019430362,0.0
-1.33333333333333,0.0,7.88888888888889,0.0,0.0,0.0021755768,0.0
-1.44444444444444,0.0,7.88888888888889,0.0,0.0,0.0016045596,0.0
-1.55555555555556,0.0,7.88888888888889,0.0,0.0,0.0035826191,0.0
-1.66666666666667,0.0,7.88888888888889,0.0,0.0,0.018121755,0.0
-1.77777777777778,0.0,7.88888888888889,0.0,0.0,0.0024348055,0.0
-1.88888888888889,0.0,7.88888888888889,0.0,0.0,0.0005887875,0.0
-2.0,0.0,7.88888888888889,0.0,0.0,0.016150467,0.0
-2.11111111111111,0.0,7.88888888888889,0.0,0.0,0.001546572,0.0
-2.22222222222222,0.0,7.88888888888889,0.0,0.0,0.003205774,0.0
-2.33333333333333,0.0,7.88888888888889,0.0,0.0,0.0001580202,0.0
-2.44444444444444,0.0,7.88888888888889,0.0,0.0,0.0023085133,0.0
-2.55555555555556,0.0,7.88888888888889,0.0,0.0,0.0040708208,0.0
-2.66666666666667,0.0,7.88888888888889,0.0,0.0,0.0011239583,0.0
-2.77777777777778,0.0,7.88888888888889,0.0,0.0,0.0039476403,0.0
-2.88888888888889,0.0,7.88888888888889,0.0,0.0,0.0018540403,0.0
-3.0,0.0,7.88888888888889,0.0,0.0,0.0022376238,0.0
-3.11111111111111,0.0,7.88888888888889,0.0,0.0,0.0026077803,0.0
-3.22222222222222,0.0,7.88888888888889,0.0,0.0,0.003276863,0.0
-3.33333333333333,0.0,7.88888888888889,0.0,0.0,0.0015678206,0.0
-3.44444444444444,0.0,7.88888888888889,0.0,0.0,0.009131777,0.0
-3.55555555555556,0.0,7.88888888888889,0.0,0.0,0.008873149,0.0
-3.66666666666667,0.0,7.88888888888889,0.0,0.0,0.0029030452,0.0
-3.77777777777778,0.0,7.88888888888889,0.0,0.0,0.00024692313,0.0
-3.88888888888889,0.0,7.88888888888889,0.0,0.0,0.0021214916,0.0
-4.0,0.0,7.88888888888889,0.0,0.0,0.001914065,0.0
-4.11111111111111,0.0,7.88888888888889,0.0,0.0,0.00097444013,0.0
-4.22222222222222,0.0,7.88888888888889,0.0,0.0,0.0057882755,0.0
-4.33333333333333,0.0,7.88888888888889,0.0,0.0,0.0005728267,0.0
-4.44444444444444,0.0,7.88888888888889,0.0,0.0,0.00045167448,0.0
-4.55555555555556,0.0,7.88888888888889,0.0,0.0,0.0011806063,0.0
-4.66666666666667,0.0,7.88888888888889,0.0,0.0,0.0021325992,0.0
-4.77777777777778,0.0,7.88888888888889,0.0,0.0,0.0043851486,0.0
-4.88888888888889,0.0,7.88888888888889,0.0,0.0,0.0011048093,0.0
-0.222222222222222,0.0,8.0,0.0,0.0,0.0028203013,0.0
-0.333333333333333,0.0,8.0,0.0,0.0,0.001959177,0.0
-0.444444444444444,0.0,8.0,0.0,0.0,0.01181003,0.0
-0.555555555555556,0.0,8.0,0.0,0.0,0.0054954984,0.0
-0.666666666666667,0.0,8.0,0.0,0.0,0.00032425314,0.0
-0.777777777777778,0.0,8.0,0.0,0.0,0.0002660159,0.0
-0.888888888888889,0.0,8.0,18.8183022397708,0.0,0.00177154,0.4563420066826757
-1.11111111111111,0.0,8.0,0.0,0.0,0.0058058286,0.0
-1.22222222222222,0.0,8.0,0.0,0.0,0.0013931738,0.0
-1.33333333333333,0.0,8.0,0.0,0.0,0.0023320476,0.0
-1.44444444444444,0.0,8.0,0.0,0.0,0.0054980805,0.0
-1.55555555555556,0.0,8.0,0.0,0.0,0.0031955626,0.0
-1.66666666666667,0.0,8.0,0.0,0.0,0.019749226,0.0
-1.77777777777778,0.0,8.0,0.0,0.0,0.002328967,0.0
-1.88888888888889,0.0,8.0,0.0,0.0,0.00023889684,0.0
-2.11111111111111,0.0,8.0,0.0,0.0,0.0036712112,0.0
-2.22222222222222,0.0,8.0,0.0,0.0,0.003681789,0.0
-2.33333333333333,0.0,8.0,0.0,0.0,0.00092632056,0.0
-2.44444444444444,0.0,8.0,0.0,0.0,0.0013660269,0.0
-2.55555555555556,0.0,8.0,0.0,0.0,0.004907526,0.0
-2.66666666666667,0.0,8.0,15.5932819527491,0.0,0.0013058257,0.37813557707918627
-2.77777777777778,0.0,8.0,0.0,0.0,0.006176661,0.0
-2.88888888888889,0.0,8.0,0.0,0.0,0.0028307342,0.0
-3.11111111111111,0.0,8.0,0.0,0.0,0.0030331751,0.0
-3.22222222222222,0.0,8.0,0.0,0.0,0.0060835034,0.0
-3.33333333333333,0.0,8.0,0.0,0.0,0.0010043456,0.0
-3.44444444444444,0.0,8.0,0.0,0.0,0.012837614,0.0
-3.55555555555556,0.0,8.0,0.0,0.0,0.01115277,0.0
-3.66666666666667,0.0,8.0,0.0,0.0,0.0014988419,0.0
-3.77777777777778,0.0,8.0,0.0,0.0,0.00040357493,0.0
-3.88888888888889,0.0,8.0,0.0,0.0,0.003426773,0.0
-4.11111111111111,0.0,8.0,0.0,0.0,0.0015902487,0.0
-4.22222222222222,0.0,8.0,0.0,0.0,0.007964299,0.0
-4.33333333333333,0.0,8.0,0.0,0.0,0.0010457668,0.0
-4.44444444444444,0.0,8.0,9.12655665489511,0.0,0.0007509902,0.2213181149357865
-4.55555555555556,0.0,8.0,0.0,0.0,0.00270765,0.0
-4.66666666666667,0.0,8.0,0.0,0.0,0.0017674543,0.0
-4.77777777777778,0.0,8.0,0.0,0.0,0.0029394813,0.0
-4.88888888888889,0.0,8.0,0.0,0.0,0.0014956659,0.0
-0.222222222222222,0.0,8.11111111111111,0.0,0.0,0.004837493,0.0
-0.333333333333333,0.0,8.11111111111111,0.0,0.0,0.0030598023,0.0
-0.444444444444444,0.0,8.11111111111111,0.0,0.0,0.0069103106,0.0
-0.555555555555556,0.0,8.11111111111111,0.0,0.0,0.0027758095,0.0
-0.666666666666667,0.0,8.11111111111111,0.0,0.0,0.00040720493,0.0
-0.777777777777778,0.0,8.11111111111111,0.0,0.0,0.0009212359,0.0
-0.888888888888889,0.0,8.11111111111111,0.0,0.0,0.003829985,0.0
-1.0,0.0,8.11111111111111,0.0,0.0,0.0017753735,0.0
-1.11111111111111,0.0,8.11111111111111,0.0,0.0,0.005039542,0.0
-1.22222222222222,0.0,8.11111111111111,0.0,0.0,0.00092247385,0.0
-1.33333333333333,0.0,8.11111111111111,0.0,0.0,0.001166926,0.0
-1.44444444444444,0.0,8.11111111111111,0.0,0.0,0.008248191,0.0
-1.55555555555556,0.0,8.11111111111111,0.0,0.0,0.0011709824,0.0
-1.66666666666667,0.0,8.11111111111111,0.0,0.0,0.011328952,0.0
-1.77777777777778,0.0,8.11111111111111,0.0,0.0,0.00088789,0.0
-1.88888888888889,0.0,8.11111111111111,0.0,0.0,0.00010177529,0.0
-2.0,0.0,8.11111111111111,0.0,0.0,0.006925413,0.0
-2.11111111111111,0.0,8.11111111111111,0.0,0.0,0.0019399645,0.0
-2.22222222222222,0.0,8.11111111111111,0.0,0.0,0.0019584994,0.0
-2.33333333333333,0.0,8.11111111111111,0.0,0.0,0.00055352965,0.0
-2.44444444444444,0.0,8.11111111111111,0.0,0.0,0.0007443092,0.0
-2.55555555555556,0.0,8.11111111111111,0.0,0.0,0.0016983028,0.0
-2.66666666666667,0.0,8.11111111111111,0.0,0.0,0.0008375097,0.0
-2.77777777777778,0.0,8.11111111111111,0.0,0.0,0.0040476536,0.0
-2.88888888888889,0.0,8.11111111111111,0.0,0.0,0.0023750209,0.0
-3.0,0.0,8.11111111111111,0.0,0.0,0.006712526,0.0
-3.11111111111111,0.0,8.11111111111111,0.0,0.0,0.0019549644,0.0
-3.22222222222222,0.0,8.11111111111111,0.0,0.0,0.0030908417,0.0
-3.33333333333333,0.0,8.11111111111111,0.0,0.0,0.0002180176,0.0
-3.44444444444444,0.0,8.11111111111111,0.0,0.0,0.014047573,0.0
-3.55555555555556,0.0,8.11111111111111,0.0,0.0,0.0076865666,0.0
-3.66666666666667,0.0,8.11111111111111,0.0,0.0,0.000111110545,0.0
-3.77777777777778,0.0,8.11111111111111,0.0,0.0,0.0012225768,0.0
-3.88888888888889,0.0,8.11111111111111,0.0,0.0,0.0019934105,0.0
-4.0,0.0,8.11111111111111,0.0,0.0,0.00021781767,0.0
-4.11111111111111,0.0,8.11111111111111,0.0,0.0,0.0012607041,0.0
-4.22222222222222,0.0,8.11111111111111,0.0,0.0,0.0066739004,0.0
-4.33333333333333,0.0,8.11111111111111,0.0,0.0,0.00042553566,0.0
-4.44444444444444,0.0,8.11111111111111,0.0,0.0,0.00040291154,0.0
-4.55555555555556,0.0,8.11111111111111,0.0,0.0,0.0049949763,0.0
-4.66666666666667,0.0,8.11111111111111,0.0,0.0,0.0015632127,0.0
-4.77777777777778,0.0,8.11111111111111,0.0,0.0,0.0007147887,0.0
-4.88888888888889,0.0,8.11111111111111,0.0,0.0,0.0007086621,0.0
-0.222222222222222,0.0,8.22222222222222,0.0,0.0,0.007408978,0.0
-0.333333333333333,0.0,8.22222222222222,0.0,0.0,0.0012586876,0.0
-0.444444444444444,0.0,8.22222222222222,0.0,0.0,0.004372999,0.0
-0.555555555555556,0.0,8.22222222222222,0.0,0.0,0.0011269889,0.0
-0.666666666666667,0.0,8.22222222222222,0.0,0.0,0.00012419742,0.0
-0.777777777777778,0.0,8.22222222222222,0.0,0.0,0.003839144,0.0
-0.888888888888889,0.0,8.22222222222222,0.0,0.0,0.0032595927,0.0
-1.0,0.0,8.22222222222222,0.0,0.0,0.00013252105,0.0
-1.11111111111111,0.0,8.22222222222222,0.0,0.0,0.00216446,0.0
-1.22222222222222,0.0,8.22222222222222,0.0,0.0,0.0013580023,0.0
-1.33333333333333,0.0,8.22222222222222,0.0,0.0,0.00030671898,0.0
-1.44444444444444,0.0,8.22222222222222,0.0,0.0,0.00455153,0.0
-1.55555555555556,0.0,8.22222222222222,0.0,0.0,0.00010082993,0.0
-1.66666666666667,0.0,8.22222222222222,0.0,0.0,0.005005034,0.0
-1.77777777777778,0.0,8.22222222222222,0.0,0.0,0.0004455856,0.0
-1.88888888888889,0.0,8.22222222222222,0.0,0.0,0.001072869,0.0
-2.0,0.0,8.22222222222222,0.0,0.0,0.005638557,0.0
-2.11111111111111,0.0,8.22222222222222,0.0,0.0,0.00057792413,0.0
-2.22222222222222,0.0,8.22222222222222,0.0,0.0,0.0028808843,0.0
-2.33333333333333,0.0,8.22222222222222,0.0,0.0,0.0008741108,0.0
-2.44444444444444,0.0,8.22222222222222,0.0,0.0,0.00030075986,0.0
-2.55555555555556,0.0,8.22222222222222,0.0,0.0,2.9001027e-05,0.0
-2.66666666666667,0.0,8.22222222222222,0.0,0.0,0.00067022233,0.0
-2.77777777777778,0.0,8.22222222222222,0.0,0.0,0.0017816571,0.0
-2.88888888888889,0.0,8.22222222222222,0.0,0.0,0.0013541606,0.0
-3.0,0.0,8.22222222222222,0.0,0.0,0.0077823587,0.0
-3.11111111111111,0.0,8.22222222222222,0.0,0.0,0.0012151795,0.0
-3.22222222222222,0.0,8.22222222222222,0.0,0.0,0.0001489887,0.0
-3.33333333333333,0.0,8.22222222222222,0.0,0.0,0.00097074226,0.0
-3.44444444444444,0.0,8.22222222222222,0.0,0.0,0.009380048,0.0
-3.55555555555556,0.0,8.22222222222222,0.0,0.0,0.0045891334,0.0
-3.66666666666667,0.0,8.22222222222222,0.0,0.0,0.00010004902,0.0
-3.77777777777778,0.0,8.22222222222222,0.0,0.0,0.0014421229,0.0
-3.88888888888889,0.0,8.22222222222222,0.0,0.0,0.0003990013,0.0
-4.0,0.0,8.22222222222222,0.0,0.0,0.0021383613,0.0
-4.11111111111111,0.0,8.22222222222222,0.0,0.0,0.00047821758,0.0
-4.22222222222222,0.0,8.22222222222222,0.0,0.0,0.002840535,0.0
-4.33333333333333,0.0,8.22222222222222,0.0,0.0,4.4383283e-05,0.0
-4.44444444444444,0.0,8.22222222222222,0.0,0.0,0.0011964439,0.0
-4.55555555555556,0.0,8.22222222222222,0.0,0.0,0.005645473,0.0
-4.66666666666667,0.0,8.22222222222222,0.0,0.0,0.0018322471,0.0
-4.77777777777778,0.0,8.22222222222222,0.0,0.0,0.00014684394,0.0
-4.88888888888889,0.0,8.22222222222222,0.0,0.0,0.0007113425,0.0
-0.222222222222222,0.0,8.33333333333333,0.0,0.0,0.007299622,0.0
-0.333333333333333,0.0,8.33333333333333,0.0,0.0,3.7146463e-05,0.0
-0.444444444444444,0.0,8.33333333333333,0.0,0.0,0.0034272387,0.0
-0.555555555555556,0.0,8.33333333333333,0.0,0.0,0.0013518273,0.0
-0.666666666666667,0.0,8.33333333333333,0.0,0.0,0.00056091463,0.0
-0.777777777777778,0.0,8.33333333333333,0.0,0.0,0.006164088,0.0
-0.888888888888889,0.0,8.33333333333333,0.0,0.0,0.0011610636,0.0
-1.0,0.0,8.33333333333333,0.0,0.0,0.0027388358,0.0
-1.11111111111111,0.0,8.33333333333333,0.0,0.0,0.0016432544,0.0
-1.22222222222222,0.0,8.33333333333333,0.0,0.0,0.0007301962,0.0
-1.33333333333333,0.0,8.33333333333333,0.0,0.0,0.00026888557,0.0
-1.44444444444444,0.0,8.33333333333333,0.0,0.0,0.0038893907,0.0
-1.55555555555556,0.0,8.33333333333333,0.0,0.0,0.0014867209,0.0
-1.66666666666667,0.0,8.33333333333333,0.0,0.0,0.0018334734,0.0
-1.77777777777778,0.0,8.33333333333333,0.0,0.0,0.00022746998,0.0
-1.88888888888889,0.0,8.33333333333333,0.0,0.0,0.0024788952,0.0
-2.0,0.0,8.33333333333333,0.0,0.0,0.0075530685,0.0
-2.11111111111111,0.0,8.33333333333333,0.0,0.0,0.0013879095,0.0
-2.22222222222222,0.0,8.33333333333333,0.0,0.0,0.0038344574,0.0
-2.33333333333333,0.0,8.33333333333333,0.0,0.0,0.002746264,0.0
-2.44444444444444,0.0,8.33333333333333,0.0,0.0,0.00010339874,0.0
-2.55555555555556,0.0,8.33333333333333,0.0,0.0,0.00045080946,0.0
-2.66666666666667,0.0,8.33333333333333,0.0,0.0,0.00030898058,0.0
-2.77777777777778,0.0,8.33333333333333,0.0,0.0,0.0018573093,0.0
-2.88888888888889,0.0,8.33333333333333,0.0,0.0,0.0017475529,0.0
-3.0,0.0,8.33333333333333,0.0,0.0,0.0032812485,0.0
-3.11111111111111,0.0,8.33333333333333,0.0,0.0,0.0011713164,0.0
-3.22222222222222,0.0,8.33333333333333,0.0,0.0,0.0009233622,0.0
-3.33333333333333,0.0,8.33333333333333,0.0,0.0,0.003501452,0.0
-3.44444444444444,0.0,8.33333333333333,0.0,0.0,0.003423951,0.0
-3.55555555555556,0.0,8.33333333333333,0.0,0.0,0.004102621,0.0
-3.66666666666667,0.0,8.33333333333333,0.0,0.0,0.00017174763,0.0
-3.77777777777778,0.0,8.33333333333333,0.0,0.0,0.00032465282,0.0
-3.88888888888889,0.0,8.33333333333333,0.0,0.0,1.8072116e-05,0.0
-4.0,0.0,8.33333333333333,0.0,0.0,0.006284284,0.0
-4.11111111111111,0.0,8.33333333333333,0.0,0.0,0.0002090135,0.0
-4.22222222222222,0.0,8.33333333333333,0.0,0.0,0.00039223093,0.0
-4.33333333333333,0.0,8.33333333333333,0.0,0.0,0.0011526404,0.0
-4.44444444444444,0.0,8.33333333333333,0.0,0.0,0.002347853,0.0
-4.55555555555556,0.0,8.33333333333333,0.0,0.0,0.005020612,0.0
-4.66666666666667,0.0,8.33333333333333,0.0,0.0,0.0019973028,0.0
-4.77777777777778,0.0,8.33333333333333,0.0,0.0,0.000573328,0.0
-4.88888888888889,0.0,8.33333333333333,0.0,0.0,0.0016732432,0.0
-0.222222222222222,0.0,8.44444444444444,0.0,0.0,0.004975077,0.0
-0.333333333333333,0.0,8.44444444444444,0.0,0.0,0.0018055582,0.0
-0.444444444444444,0.0,8.44444444444444,0.0,0.0,0.002831684,0.0
-0.555555555555556,0.0,8.44444444444444,0.0,0.0,0.00032398404,0.0
-0.666666666666667,0.0,8.44444444444444,0.0,0.0,0.0015655648,0.0
-0.777777777777778,0.0,8.44444444444444,0.0,0.0,0.0030475764,0.0
-0.888888888888889,0.0,8.44444444444444,0.0,0.0,0.0007460012,0.0
-1.0,0.0,8.44444444444444,0.0,0.0,0.0017830585,0.0
-1.11111111111111,0.0,8.44444444444444,0.0,0.0,0.0022727004,0.0
-1.22222222222222,0.0,8.44444444444444,0.0,0.0,0.0010778415,0.0
-1.33333333333333,0.0,8.44444444444444,0.0,0.0,0.0005964098,0.0
-1.44444444444444,0.0,8.44444444444444,0.0,0.0,0.00654535,0.0
-1.55555555555556,0.0,8.44444444444444,0.0,0.0,0.0021652726,0.0
-1.66666666666667,0.0,8.44444444444444,0.0,0.0,0.001915646,0.0
-1.77777777777778,0.0,8.44444444444444,0.0,0.0,0.00036277063,0.0
-1.88888888888889,0.0,8.44444444444444,0.0,0.0,0.0013875907,0.0
-2.0,0.0,8.44444444444444,0.0,0.0,0.0051774145,0.0
-2.11111111111111,0.0,8.44444444444444,0.0,0.0,0.00091635966,0.0
-2.22222222222222,0.0,8.44444444444444,0.0,0.0,0.002365571,0.0
-2.33333333333333,0.0,8.44444444444444,0.0,0.0,0.0024184436,0.0
-2.44444444444444,0.0,8.44444444444444,0.0,0.0,0.0005489985,0.0
-2.55555555555556,0.0,8.44444444444444,0.0,0.0,0.0010502684,0.0
-2.66666666666667,0.0,8.44444444444444,0.0,0.0,0.0005999388,0.0
-2.77777777777778,0.0,8.44444444444444,0.0,0.0,0.0015545913,0.0
-2.88888888888889,0.0,8.44444444444444,0.0,0.0,0.00084978616,0.0
-3.0,0.0,8.44444444444444,0.0,0.0,0.0005028194,0.0
-3.11111111111111,0.0,8.44444444444444,0.0,0.0,0.0009451123,0.0
-3.22222222222222,0.0,8.44444444444444,0.0,0.0,0.0014517517,0.0
-3.33333333333333,0.0,8.44444444444444,0.0,0.0,0.004170461,0.0
-3.44444444444444,0.0,8.44444444444444,0.0,0.0,0.0006715686,0.0
-3.55555555555556,0.0,8.44444444444444,0.0,0.0,0.002384005,0.0
-3.66666666666667,0.0,8.44444444444444,0.0,0.0,6.7475004e-05,0.0
-3.77777777777778,0.0,8.44444444444444,0.0,0.0,9.493192e-05,0.0
-3.88888888888889,0.0,8.44444444444444,0.0,0.0,5.9041588e-05,0.0
-4.0,0.0,8.44444444444444,0.0,0.0,0.0020901954,0.0
-4.11111111111111,0.0,8.44444444444444,0.0,0.0,0.00013159783,0.0
-4.22222222222222,0.0,8.44444444444444,0.0,0.0,8.05809e-05,0.0
-4.33333333333333,0.0,8.44444444444444,0.0,0.0,0.0030191496,0.0
-4.44444444444444,0.0,8.44444444444444,0.0,0.0,0.00274684,0.0
-4.55555555555556,0.0,8.44444444444444,0.0,0.0,0.0042243414,0.0
-4.66666666666667,0.0,8.44444444444444,0.0,0.0,0.0012509368,0.0
-4.77777777777778,0.0,8.44444444444444,0.0,0.0,0.0013290662,0.0
-4.88888888888889,0.0,8.44444444444444,0.0,0.0,0.0011006139,0.0
-0.222222222222222,0.0,8.55555555555556,0.0,0.0,0.0008175305,0.0
-0.333333333333333,0.0,8.55555555555556,0.0,0.0,0.002440819,0.0
-0.444444444444444,0.0,8.55555555555556,0.0,0.0,0.002635524,0.0
-0.555555555555556,0.0,8.55555555555556,0.0,0.0,0.0009313506,0.0
-0.666666666666667,0.0,8.55555555555556,0.0,0.0,0.0026671349,0.0
-0.777777777777778,0.0,8.55555555555556,0.0,0.0,0.00015929577,0.0
-0.888888888888889,0.0,8.55555555555556,0.0,0.0,0.00046881393,0.0
-1.0,0.0,8.55555555555556,0.0,0.0,0.00021996151,0.0
-1.11111111111111,0.0,8.55555555555556,0.0,0.0,0.00038883567,0.0
-1.22222222222222,0.0,8.55555555555556,0.0,0.0,0.0023214198,0.0
-1.33333333333333,0.0,8.55555555555556,0.0,0.0,0.00019854892,0.0
-1.44444444444444,0.0,8.55555555555556,0.0,0.0,0.003862103,0.0
-1.55555555555556,0.0,8.55555555555556,0.0,0.0,0.004254502,0.0
-1.66666666666667,0.0,8.55555555555556,0.0,0.0,0.006226936,0.0
-1.77777777777778,0.0,8.55555555555556,0.0,0.0,0.0014460373,0.0
-1.88888888888889,0.0,8.55555555555556,0.0,0.0,0.00034377733,0.0
-2.0,0.0,8.55555555555556,0.0,0.0,0.0020454563,0.0
-2.11111111111111,0.0,8.55555555555556,0.0,0.0,9.990996e-05,0.0
-2.22222222222222,0.0,8.55555555555556,0.0,0.0,0.0023702956,0.0
-2.33333333333333,0.0,8.55555555555556,0.0,0.0,0.0008128766,0.0
-2.44444444444444,0.0,8.55555555555556,0.0,0.0,0.0004103681,0.0
-2.55555555555556,0.0,8.55555555555556,0.0,0.0,0.00034359974,0.0
-2.66666666666667,0.0,8.55555555555556,0.0,0.0,0.0024649717,0.0
-2.77777777777778,0.0,8.55555555555556,0.0,0.0,0.0006336064,0.0
-2.88888888888889,0.0,8.55555555555556,0.0,0.0,0.00050698227,0.0
-3.0,0.0,8.55555555555556,0.0,0.0,0.0046870452,0.0
-3.11111111111111,0.0,8.55555555555556,0.0,0.0,0.000988265,0.0
-3.22222222222222,0.0,8.55555555555556,0.0,0.0,0.0009335942,0.0
-3.33333333333333,0.0,8.55555555555556,0.0,0.0,0.0016229518,0.0
-3.44444444444444,0.0,8.55555555555556,0.0,0.0,2.2551301e-05,0.0
-3.55555555555556,0.0,8.55555555555556,0.0,0.0,0.0010887908,0.0
-3.66666666666667,0.0,8.55555555555556,0.0,0.0,0.00026265185,0.0
-3.77777777777778,0.0,8.55555555555556,0.0,0.0,0.0010782107,0.0
-3.88888888888889,0.0,8.55555555555556,0.0,0.0,5.638929e-05,0.0
-4.0,0.0,8.55555555555556,0.0,0.0,0.0016845989,0.0
-4.11111111111111,0.0,8.55555555555556,0.0,0.0,0.0003557955,0.0
-4.22222222222222,0.0,8.55555555555556,0.0,0.0,6.833952e-05,0.0
-4.33333333333333,0.0,8.55555555555556,0.0,0.0,0.0029327571,0.0
-4.44444444444444,0.0,8.55555555555556,0.0,0.0,0.0028558776,0.0
-4.55555555555556,0.0,8.55555555555556,0.0,0.0,0.003429315,0.0
-4.66666666666667,0.0,8.55555555555556,0.0,0.0,0.00037277554,0.0
-4.77777777777778,0.0,8.55555555555556,0.0,0.0,0.0010146878,0.0
-4.88888888888889,0.0,8.55555555555556,0.0,0.0,0.0001656937,0.0
-0.222222222222222,0.0,8.66666666666667,0.0,0.0,0.0032818494,0.0
-0.333333333333333,0.0,8.66666666666667,0.0,0.0,0.00033410353,0.0
-0.444444444444444,0.0,8.66666666666667,0.0,0.0,0.00419445,0.0
-0.555555555555556,0.0,8.66666666666667,0.0,0.0,0.004019055,0.0
-0.666666666666667,0.0,8.66666666666667,0.0,0.0,0.0043292646,0.0
-0.777777777777778,0.0,8.66666666666667,0.0,0.0,0.0035422163,0.0
-0.888888888888889,0.0,8.66666666666667,0.0,0.0,0.002064874,0.0
-1.0,0.0,8.66666666666667,0.0,0.0,0.00084432424,0.0
-1.11111111111111,0.0,8.66666666666667,0.0,0.0,0.0024915698,0.0
-1.22222222222222,0.0,8.66666666666667,0.0,0.0,0.0020706158,0.0
-1.33333333333333,0.0,8.66666666666667,0.0,0.0,0.0012930108,0.0
-1.44444444444444,0.0,8.66666666666667,0.0,0.0,0.0022389777,0.0
-1.55555555555556,0.0,8.66666666666667,0.0,0.0,0.0076451506,0.0
-1.66666666666667,0.0,8.66666666666667,0.0,0.0,0.006764786,0.0
-1.77777777777778,0.0,8.66666666666667,0.0,0.0,0.0023144167,0.0
-1.88888888888889,0.0,8.66666666666667,0.0,0.0,0.0020059312,0.0
-2.0,0.0,8.66666666666667,0.0,0.0,0.00094920816,0.0
-2.11111111111111,0.0,8.66666666666667,0.0,0.0,5.388938e-05,0.0
-2.22222222222222,0.0,8.66666666666667,0.0,0.0,0.005456164,0.0
-2.33333333333333,0.0,8.66666666666667,0.0,0.0,0.0011145985,0.0
-2.44444444444444,0.0,8.66666666666667,0.0,0.0,0.00043063608,0.0
-2.55555555555556,0.0,8.66666666666667,0.0,0.0,0.00029745323,0.0
-2.66666666666667,0.0,8.66666666666667,0.0,0.0,0.0039333245,0.0
-2.77777777777778,0.0,8.66666666666667,0.0,0.0,0.00026212726,0.0
-2.88888888888889,0.0,8.66666666666667,0.0,0.0,0.006481872,0.0
-3.0,0.0,8.66666666666667,0.0,0.0,0.011586333,0.0
-3.11111111111111,0.0,8.66666666666667,0.0,0.0,0.0015069615,0.0
-3.22222222222222,0.0,8.66666666666667,0.0,0.0,0.0022294028,0.0
-3.33333333333333,0.0,8.66666666666667,0.0,0.0,0.00074774015,0.0
-3.44444444444444,0.0,8.66666666666667,0.0,0.0,0.00037190106,0.0
-3.55555555555556,0.0,8.66666666666667,0.0,0.0,0.0021422,0.0
-3.66666666666667,0.0,8.66666666666667,0.0,0.0,0.0010969912,0.0
-3.77777777777778,0.0,8.66666666666667,0.0,0.0,0.0035547735,0.0
-3.88888888888889,0.0,8.66666666666667,0.0,0.0,8.031717e-05,0.0
-4.0,0.0,8.66666666666667,0.0,0.0,0.011657722,0.0
-4.11111111111111,0.0,8.66666666666667,0.0,0.0,0.0010187075,0.0
-4.22222222222222,0.0,8.66666666666667,0.0,0.0,0.0016817334,0.0
-4.33333333333333,0.0,8.66666666666667,0.0,0.0,0.0011704514,0.0
-4.44444444444444,0.0,8.66666666666667,0.0,0.0,0.001742334,0.0
-4.55555555555556,0.0,8.66666666666667,0.0,0.0,0.001869088,0.0
-4.66666666666667,0.0,8.66666666666667,0.0,0.0,0.0013864217,0.0
-4.77777777777778,0.0,8.66666666666667,0.0,0.0,0.00013114722,0.0
-0.222222222222222,0.0,8.77777777777778,0.0,0.0,0.01849088,0.0
-0.333333333333333,0.0,8.77777777777778,0.0,0.0,0.0017032732,0.0
-0.444444444444444,0.0,8.77777777777778,0.0,0.0,0.006886187,0.0
-0.555555555555556,0.0,8.77777777777778,0.0,0.0,0.010202633,0.0
-0.666666666666667,0.0,8.77777777777778,0.0,0.0,0.0050588027,0.0
-0.777777777777778,0.0,8.77777777777778,0.0,0.0,0.006590357,0.0
-0.888888888888889,0.0,8.77777777777778,0.0,0.0,0.004309383,0.0
-1.0,0.0,8.77777777777778,0.0,0.0,0.001629599,0.0
-1.11111111111111,0.0,8.77777777777778,0.0,0.0,0.0075530815,0.0
-1.22222222222222,0.0,8.77777777777778,0.0,0.0,0.0005053781,0.0
-1.33333333333333,0.0,8.77777777777778,0.0,0.0,0.0029597015,0.0
-1.44444444444444,0.0,8.77777777777778,0.0,0.0,0.004587115,0.0
-1.55555555555556,0.0,8.77777777777778,0.0,0.0,0.0063034366,0.0
-1.66666666666667,0.0,8.77777777777778,0.0,0.0,0.0010630579,0.0
-1.77777777777778,0.0,8.77777777777778,0.0,0.0,0.0018709986,0.0
-1.88888888888889,0.0,8.77777777777778,0.0,0.0,0.0022125598,0.0
-2.0,0.0,8.77777777777778,0.0,0.0,0.0006367874,0.0
-2.11111111111111,0.0,8.77777777777778,0.0,0.0,0.00084622996,0.0
-2.22222222222222,0.0,8.77777777777778,0.0,0.0,0.0071129706,0.0
-2.33333333333333,0.0,8.77777777777778,0.0,0.0,0.0036549896,0.0
-2.44444444444444,0.0,8.77777777777778,0.0,0.0,0.001121743,0.0
-2.55555555555556,0.0,8.77777777777778,0.0,0.0,0.002446024,0.0
-2.66666666666667,0.0,8.77777777777778,0.0,0.0,0.0033679714,0.0
-2.77777777777778,0.0,8.77777777777778,0.0,0.0,0.00022833224,0.0
-2.88888888888889,0.0,8.77777777777778,0.0,0.0,0.009293918,0.0
-3.0,0.0,8.77777777777778,0.0,0.0,0.0099529475,0.0
-3.11111111111111,0.0,8.77777777777778,0.0,0.0,0.001607814,0.0
-3.22222222222222,0.0,8.77777777777778,0.0,0.0,0.0030794984,0.0
-3.33333333333333,0.0,8.77777777777778,0.0,0.0,0.003145018,0.0
-3.44444444444444,0.0,8.77777777777778,0.0,0.0,0.0018401954,0.0
-3.55555555555556,0.0,8.77777777777778,0.0,0.0,0.0024577398,0.0
-3.66666666666667,0.0,8.77777777777778,0.0,0.0,0.0028885219,0.0
-3.77777777777778,0.0,8.77777777777778,0.0,0.0,0.003694223,0.0
-3.88888888888889,0.0,8.77777777777778,0.0,0.0,0.0009961993,0.0
-4.0,0.0,8.77777777777778,0.0,0.0,0.010640117,0.0
-4.11111111111111,0.0,8.77777777777778,0.0,0.0,0.0008393873,0.0
-4.22222222222222,0.0,8.77777777777778,0.0,0.0,0.0048610186,0.0
-4.33333333333333,0.0,8.77777777777778,0.0,0.0,0.00015607156,0.0
-4.44444444444444,0.0,8.77777777777778,0.0,0.0,0.00025272218,0.0
-4.55555555555556,0.0,8.77777777777778,0.0,0.0,0.00037327083,0.0
-4.66666666666667,0.0,8.77777777777778,0.0,0.0,0.0023946478,0.0
-4.77777777777778,0.0,8.77777777777778,0.0,0.0,0.00079136994,0.0
-4.88888888888889,0.0,8.77777777777778,0.0,0.0,0.0020305417,0.0
-0.222222222222222,0.0,8.88888888888889,0.0,0.0,0.020648755,0.0
-0.333333333333333,0.0,8.88888888888889,0.0,0.0,0.008785062,0.0
-0.444444444444444,0.0,8.88888888888889,0.0,0.0,0.0072260974,0.0
-0.555555555555556,0.0,8.88888888888889,0.0,0.0,0.01684538,0.0
-0.666666666666667,0.0,8.88888888888889,0.0,0.0,0.0038111596,0.0
-0.777777777777778,0.0,8.88888888888889,0.0,0.0,0.004306494,0.0
-0.888888888888889,0.0,8.88888888888889,0.0,0.0,0.0013316247,0.0
-1.0,0.0,8.88888888888889,0.0,0.0,0.011109988,0.0
-1.11111111111111,0.0,8.88888888888889,0.0,0.0,0.005464692,0.0
-1.22222222222222,0.0,8.88888888888889,0.0,0.0,0.00046012452,0.0
-1.33333333333333,0.0,8.88888888888889,0.0,0.0,0.0013538001,0.0
-1.44444444444444,0.0,8.88888888888889,0.0,0.0,0.0029618812,0.0
-1.55555555555556,0.0,8.88888888888889,0.0,0.0,0.002839459,0.0
-1.66666666666667,0.0,8.88888888888889,0.0,0.0,0.0015239986,0.0
-1.77777777777778,0.0,8.88888888888889,0.0,0.0,0.004857,0.0
-1.88888888888889,0.0,8.88888888888889,0.0,0.0,0.0022605269,0.0
-2.0,0.0,8.88888888888889,0.0,0.0,0.002565654,0.0
-2.11111111111111,0.0,8.88888888888889,0.0,0.0,0.0020173017,0.0
-2.22222222222222,0.0,8.88888888888889,0.0,0.0,0.0045080543,0.0
-2.33333333333333,0.0,8.88888888888889,0.0,0.0,0.004960456,0.0
-2.44444444444444,0.0,8.88888888888889,0.0,0.0,0.001156066,0.0
-2.55555555555556,0.0,8.88888888888889,0.0,0.0,0.00280575,0.0
-2.66666666666667,0.0,8.88888888888889,0.0,0.0,0.0030087475,0.0
-2.77777777777778,0.0,8.88888888888889,0.0,0.0,0.0010308555,0.0
-2.88888888888889,0.0,8.88888888888889,0.0,0.0,0.0026910796,0.0
-3.0,0.0,8.88888888888889,0.0,0.0,0.0044309343,0.0
-3.11111111111111,0.0,8.88888888888889,0.0,0.0,0.00037920044,0.0
-3.22222222222222,0.0,8.88888888888889,0.0,0.0,0.0009850527,0.0
-3.33333333333333,0.0,8.88888888888889,0.0,0.0,0.002947634,0.0
-3.44444444444444,0.0,8.88888888888889,0.0,0.0,0.0027286357,0.0
-3.55555555555556,0.0,8.88888888888889,0.0,0.0,0.0021422417,0.0
-3.66666666666667,0.0,8.88888888888889,0.0,0.0,0.0052966336,0.0
-3.77777777777778,0.0,8.88888888888889,0.0,0.0,0.0005235245,0.0
-3.88888888888889,0.0,8.88888888888889,0.0,0.0,0.002139537,0.0
-4.0,0.0,8.88888888888889,0.0,0.0,0.0018921053,0.0
-4.11111111111111,0.0,8.88888888888889,0.0,0.0,0.0033495144,0.0
-4.22222222222222,0.0,8.88888888888889,0.0,0.0,0.0070543536,0.0
-4.33333333333333,0.0,8.88888888888889,0.0,0.0,8.573197e-06,0.0
-4.44444444444444,0.0,8.88888888888889,0.0,0.0,4.846665e-05,0.0
-4.55555555555556,0.0,8.88888888888889,0.0,0.0,6.624275e-05,0.0
-4.66666666666667,0.0,8.88888888888889,0.0,0.0,0.0011948722,0.0
-4.77777777777778,0.0,8.88888888888889,0.0,0.0,0.0034315991,0.0
-4.88888888888889,0.0,8.88888888888889,0.0,0.0,0.0013838129,0.0
-0.222222222222222,0.0,9.0,0.0,0.0,0.0072925612,0.0
-0.333333333333333,0.0,9.0,0.0,0.0,0.011095481,0.0
-0.444444444444444,0.0,9.0,0.0,0.0,0.0061108763,0.0
-0.555555555555556,0.0,9.0,0.0,0.0,0.014269051,0.0
-0.666666666666667,0.0,9.0,0.0,0.0,0.0024604402,0.0
-0.777777777777778,0.0,9.0,0.0,0.0,0.001040406,0.0
-0.888888888888889,0.0,9.0,0.0,0.0,0.00044869474,0.0
-1.11111111111111,0.0,9.0,0.0,0.0,0.0023372169,0.0
-1.22222222222222,0.0,9.0,0.0,0.0,0.003374854,0.0
-1.33333333333333,0.0,9.0,0.621086451416597,0.0,0.0030014683,0.015061286292015898
-1.44444444444444,0.0,9.0,0.0,0.0,3.596014e-05,0.0
-1.55555555555556,0.0,9.0,0.0,0.0,0.0020578844,0.0
-1.66666666666667,0.0,9.0,0.0,0.0,0.005565432,0.0
-1.77777777777778,0.0,9.0,0.0,0.0,0.0114868395,0.0
-1.88888888888889,0.0,9.0,0.0,0.0,0.0028091697,0.0
-2.11111111111111,0.0,9.0,0.0,0.0,0.0010267318,0.0
-2.22222222222222,0.0,9.0,0.0,0.0,0.0017536748,0.0
-2.33333333333333,0.0,9.0,0.265790502143616,0.0,0.0016492555,0.006445393934054011
-2.44444444444444,0.0,9.0,0.0,0.0,0.00035975318,0.0
-2.55555555555556,0.0,9.0,0.0,0.0,0.0005598217,0.0
-2.66666666666667,0.0,9.0,0.332945381290077,0.0,0.0046407143,0.008073893249123033
-2.77777777777778,0.0,9.0,0.0,0.0,0.0010456095,0.0
-2.88888888888889,0.0,9.0,0.0,0.0,0.00031223687,0.0
-3.11111111111111,0.0,9.0,0.0,0.0,0.0002926256,0.0
-3.22222222222222,0.0,9.0,0.0,0.0,0.0006935656,0.0
-3.33333333333333,0.0,9.0,0.824981273415968,0.0,0.0003932104,0.020005715977429072
-3.44444444444444,0.0,9.0,0.0,0.0,0.0015159358,0.0
-3.55555555555556,0.0,9.0,0.0,0.0,0.0035045068,0.0
-3.66666666666667,0.0,9.0,0.0,0.0,0.0062610507,0.0
-3.77777777777778,0.0,9.0,0.0,0.0,0.0021771672,0.0
-3.88888888888889,0.0,9.0,0.0,0.0,0.0016909691,0.0
-4.11111111111111,0.0,9.0,0.0,0.0,0.006738757,0.0
-4.22222222222222,0.0,9.0,0.0,0.0,0.0075212405,0.0
-4.33333333333333,0.0,9.0,0.905655114864854,0.0,0.00027645635,0.021962048818963506
-4.44444444444444,0.0,9.0,0.0,0.0,0.00014155016,0.0
-4.55555555555556,0.0,9.0,0.0,0.0,0.00012503649,0.0
-4.66666666666667,0.0,9.0,0.72891469960268,0.0,0.00017265513,0.017676110866908793
-4.77777777777778,0.0,9.0,0.0,0.0,0.0037158339,0.0
-4.88888888888889,0.0,9.0,0.0,0.0,0.00082710275,0.0
-0.222222222222222,0.0,9.11111111111111,0.0,0.0,0.0006776949,0.0
-0.333333333333333,0.0,9.11111111111111,0.0,0.0,0.004834779,0.0
-0.444444444444444,0.0,9.11111111111111,0.0,0.0,0.0061042584,0.0
-0.555555555555556,0.0,9.11111111111111,0.0,0.0,0.004826227,0.0
-0.666666666666667,0.0,9.11111111111111,0.0,0.0,0.0022244575,0.0
-0.777777777777778,0.0,9.11111111111111,0.0,0.0,1.3480861e-05,0.0
-0.888888888888889,0.0,9.11111111111111,0.0,0.0,0.0032497044,0.0
-1.0,0.0,9.11111111111111,0.0,0.0,0.010601796,0.0
-1.11111111111111,0.0,9.11111111111111,0.0,0.0,0.0019514662,0.0
-1.22222222222222,0.0,9.11111111111111,0.0,0.0,0.004386455,0.0
-1.33333333333333,0.0,9.11111111111111,0.0,0.0,0.0055587906,0.0
-1.44444444444444,0.0,9.11111111111111,0.0,0.0,0.0015492374,0.0
-1.55555555555556,0.0,9.11111111111111,0.0,0.0,0.0012453423,0.0
-1.66666666666667,0.0,9.11111111111111,0.0,0.0,0.0035557665,0.0
-1.77777777777778,0.0,9.11111111111111,0.0,0.0,0.011496599,0.0
-1.88888888888889,0.0,9.11111111111111,0.0,0.0,0.0016041403,0.0
-2.0,0.0,9.11111111111111,0.0,0.0,0.014760923,0.0
-2.11111111111111,0.0,9.11111111111111,0.0,0.0,3.6417372e-05,0.0
-2.22222222222222,0.0,9.11111111111111,0.0,0.0,0.0016869009,0.0
-2.33333333333333,0.0,9.11111111111111,0.0,0.0,0.00014291515,0.0
-2.44444444444444,0.0,9.11111111111111,0.0,0.0,8.0779835e-05,0.0
-2.55555555555556,0.0,9.11111111111111,0.0,0.0,0.00047057477,0.0
-2.66666666666667,0.0,9.11111111111111,0.0,0.0,0.0050177267,0.0
-2.77777777777778,0.0,9.11111111111111,0.0,0.0,0.0005621101,0.0
-2.88888888888889,0.0,9.11111111111111,0.0,0.0,0.0024126235,0.0
-3.0,0.0,9.11111111111111,0.0,0.0,0.0013328339,0.0
-3.11111111111111,0.0,9.11111111111111,0.0,0.0,0.00070979825,0.0
-3.22222222222222,0.0,9.11111111111111,0.0,0.0,0.0034156502,0.0
-3.33333333333333,0.0,9.11111111111111,0.0,0.0,0.0003776495,0.0
-3.44444444444444,0.0,9.11111111111111,0.0,0.0,0.0002557393,0.0
-3.55555555555556,0.0,9.11111111111111,0.0,0.0,0.0045641167,0.0
-3.66666666666667,0.0,9.11111111111111,0.0,0.0,0.004663049,0.0
-3.77777777777778,0.0,9.11111111111111,0.0,0.0,0.0046970304,0.0
-3.88888888888889,0.0,9.11111111111111,0.0,0.0,0.00047953113,0.0
-4.0,0.0,9.11111111111111,0.0,0.0,0.005448588,0.0
-4.11111111111111,0.0,9.11111111111111,0.0,0.0,0.0045276172,0.0
-4.22222222222222,0.0,9.11111111111111,0.0,0.0,0.004775907,0.0
-4.33333333333333,0.0,9.11111111111111,0.0,0.0,0.0011645589,0.0
-4.44444444444444,0.0,9.11111111111111,0.0,0.0,0.00013047708,0.0
-4.55555555555556,0.0,9.11111111111111,0.0,0.0,0.00020477176,0.0
-4.66666666666667,0.0,9.11111111111111,0.0,0.0,0.00014942215,0.0
-4.77777777777778,0.0,9.11111111111111,0.0,0.0,0.0012001396,0.0
-4.88888888888889,0.0,9.11111111111111,0.0,0.0,0.0013618135,0.0
-0.222222222222222,0.0,9.22222222222222,0.0,0.0,8.574768e-05,0.0
-0.333333333333333,0.0,9.22222222222222,0.0,0.0,0.000116278905,0.0
-0.444444444444444,0.0,9.22222222222222,0.0,0.0,0.0040402296,0.0
-0.555555555555556,0.0,9.22222222222222,0.0,0.0,0.00023951799,0.0
-0.666666666666667,0.0,9.22222222222222,0.0,0.0,0.004321358,0.0
-0.777777777777778,0.0,9.22222222222222,0.0,0.0,0.00036319986,0.0
-0.888888888888889,0.0,9.22222222222222,0.0,0.0,0.003272378,0.0
-1.0,0.0,9.22222222222222,0.0,0.0,0.0032576078,0.0
-1.11111111111111,0.0,9.22222222222222,0.0,0.0,0.0003148493,0.0
-1.22222222222222,0.0,9.22222222222222,0.0,0.0,0.001249326,0.0
-1.33333333333333,0.0,9.22222222222222,0.0,0.0,0.0018061851,0.0
-1.44444444444444,0.0,9.22222222222222,0.0,0.0,0.0017834539,0.0
-1.55555555555556,0.0,9.22222222222222,0.0,0.0,0.0005753601,0.0
-1.66666666666667,0.0,9.22222222222222,0.0,0.0,0.0019562189,0.0
-1.77777777777778,0.0,9.22222222222222,0.0,0.0,0.0053993748,0.0
-1.88888888888889,0.0,9.22222222222222,0.0,0.0,0.0011188056,0.0
-2.0,0.0,9.22222222222222,0.0,0.0,0.008179979,0.0
-2.11111111111111,0.0,9.22222222222222,0.0,0.0,0.00014196085,0.0
-2.22222222222222,0.0,9.22222222222222,0.0,0.0,0.0019907234,0.0
-2.33333333333333,0.0,9.22222222222222,0.0,0.0,0.0015484585,0.0
-2.44444444444444,0.0,9.22222222222222,0.0,0.0,6.5618224e-05,0.0
-2.55555555555556,0.0,9.22222222222222,0.0,0.0,0.00224571,0.0
-2.66666666666667,0.0,9.22222222222222,0.0,0.0,0.0026850929,0.0
-2.77777777777778,0.0,9.22222222222222,0.0,0.0,0.0004346237,0.0
-2.88888888888889,0.0,9.22222222222222,0.0,0.0,0.00064519286,0.0
-3.0,0.0,9.22222222222222,0.0,0.0,4.9914677e-05,0.0
-3.11111111111111,0.0,9.22222222222222,0.0,0.0,1.8303017e-05,0.0
-3.22222222222222,0.0,9.22222222222222,0.0,0.0,0.0039622476,0.0
-3.33333333333333,0.0,9.22222222222222,0.0,0.0,0.0015580031,0.0
-3.44444444444444,0.0,9.22222222222222,0.0,0.0,0.00012459137,0.0
-3.55555555555556,0.0,9.22222222222222,0.0,0.0,0.003050416,0.0
-3.66666666666667,0.0,9.22222222222222,0.0,0.0,0.0022550956,0.0
-3.77777777777778,0.0,9.22222222222222,0.0,0.0,0.004088188,0.0
-3.88888888888889,0.0,9.22222222222222,0.0,0.0,0.0004626626,0.0
-4.0,0.0,9.22222222222222,0.0,0.0,0.0033106043,0.0
-4.11111111111111,0.0,9.22222222222222,0.0,0.0,0.0012769639,0.0
-4.22222222222222,0.0,9.22222222222222,0.0,0.0,0.0007709476,0.0
-4.33333333333333,0.0,9.22222222222222,0.0,0.0,0.002073123,0.0
-4.44444444444444,0.0,9.22222222222222,0.0,0.0,0.00016748458,0.0
-4.55555555555556,0.0,9.22222222222222,0.0,0.0,0.0007150473,0.0
-4.66666666666667,0.0,9.22222222222222,0.0,0.0,5.7621095e-05,0.0
-4.77777777777778,0.0,9.22222222222222,0.0,0.0,0.00088160456,0.0
-4.88888888888889,0.0,9.22222222222222,0.0,0.0,0.0010761436,0.0
-0.222222222222222,0.0,9.33333333333333,0.0,0.0,0.0025165402,0.0
-0.333333333333333,0.0,9.33333333333333,0.0,0.0,0.002717582,0.0
-0.444444444444444,0.0,9.33333333333333,0.0,0.0,0.0019549567,0.0
-0.555555555555556,0.0,9.33333333333333,0.0,0.0,0.0018892249,0.0
-0.666666666666667,0.0,9.33333333333333,0.0,0.0,0.007901873,0.0
-0.777777777777778,0.0,9.33333333333333,0.0,0.0,0.0017188422,0.0
-0.888888888888889,0.0,9.33333333333333,0.0,0.0,0.0030515431,0.0
-1.0,0.0,9.33333333333333,0.0,0.0,0.003962278,0.0
-1.11111111111111,0.0,9.33333333333333,0.0,0.0,0.0015315579,0.0
-1.22222222222222,0.0,9.33333333333333,0.0,0.0,0.00033961632,0.0
-1.33333333333333,0.0,9.33333333333333,0.0,0.0,0.00048446783,0.0
-1.44444444444444,0.0,9.33333333333333,0.0,0.0,6.7095657e-06,0.0
-1.55555555555556,0.0,9.33333333333333,0.0,0.0,0.0025897273,0.0
-1.66666666666667,0.0,9.33333333333333,0.0,0.0,0.004666591,0.0
-1.77777777777778,0.0,9.33333333333333,0.0,0.0,0.0020845025,0.0
-1.88888888888889,0.0,9.33333333333333,0.0,0.0,0.0017348994,0.0
-2.0,0.0,9.33333333333333,0.0,0.0,0.0062401616,0.0
-2.11111111111111,0.0,9.33333333333333,0.0,0.0,0.0009491374,0.0
-2.22222222222222,0.0,9.33333333333333,0.0,0.0,0.002761011,0.0
-2.33333333333333,0.0,9.33333333333333,0.0,0.0,0.0015479091,0.0
-2.44444444444444,0.0,9.33333333333333,0.0,0.0,0.00070734695,0.0
-2.55555555555556,0.0,9.33333333333333,0.0,0.0,0.0016290147,0.0
-2.66666666666667,0.0,9.33333333333333,0.0,0.0,0.000361735,0.0
-2.77777777777778,0.0,9.33333333333333,0.0,0.0,0.0015617572,0.0
-2.88888888888889,0.0,9.33333333333333,0.0,0.0,0.0009696481,0.0
-3.0,0.0,9.33333333333333,0.0,0.0,0.0007136187,0.0
-3.11111111111111,0.0,9.33333333333333,0.0,0.0,0.00073362526,0.0
-3.22222222222222,0.0,9.33333333333333,0.0,0.0,0.002237197,0.0
-3.33333333333333,0.0,9.33333333333333,0.0,0.0,0.0025840963,0.0
-3.44444444444444,0.0,9.33333333333333,0.0,0.0,0.00030989977,0.0
-3.55555555555556,0.0,9.33333333333333,0.0,0.0,0.00092871825,0.0
-3.66666666666667,0.0,9.33333333333333,0.0,0.0,0.0005419768,0.0
-3.77777777777778,0.0,9.33333333333333,0.0,0.0,0.0025815442,0.0
-3.88888888888889,0.0,9.33333333333333,0.0,0.0,0.00071577483,0.0
-4.0,0.0,9.33333333333333,0.0,0.0,0.002607327,0.0
-4.11111111111111,0.0,9.33333333333333,0.0,0.0,0.0003595931,0.0
-4.22222222222222,0.0,9.33333333333333,0.0,0.0,0.00031403184,0.0
-4.33333333333333,0.0,9.33333333333333,0.0,0.0,0.0019578089,0.0
-4.44444444444444,0.0,9.33333333333333,0.0,0.0,0.00017086364,0.0
-4.55555555555556,0.0,9.33333333333333,0.0,0.0,0.0013625722,0.0
-4.66666666666667,0.0,9.33333333333333,0.0,0.0,0.0011115756,0.0
-4.77777777777778,0.0,9.33333333333333,0.0,0.0,0.003142224,0.0
-4.88888888888889,0.0,9.33333333333333,0.0,0.0,0.00044642822,0.0
-0.222222222222222,0.0,9.44444444444444,0.0,0.0,0.0065708957,0.0
-0.333333333333333,0.0,9.44444444444444,0.0,0.0,0.009635929,0.0
-0.444444444444444,0.0,9.44444444444444,0.0,0.0,0.0042359587,0.0
-0.555555555555556,0.0,9.44444444444444,0.0,0.0,0.0035363717,0.0
-0.666666666666667,0.0,9.44444444444444,0.0,0.0,0.0070304023,0.0
-0.777777777777778,0.0,9.44444444444444,0.0,0.0,0.0025773365,0.0
-0.888888888888889,0.0,9.44444444444444,0.0,0.0,0.0035226557,0.0
-1.0,0.0,9.44444444444444,0.0,0.0,0.019371802,0.0
-1.11111111111111,0.0,9.44444444444444,0.0,0.0,0.0042920047,0.0
-1.22222222222222,0.0,9.44444444444444,0.0,0.0,0.0019989463,0.0
-1.33333333333333,0.0,9.44444444444444,0.0,0.0,0.004051644,0.0
-1.44444444444444,0.0,9.44444444444444,0.0,0.0,0.0029897832,0.0
-1.55555555555556,0.0,9.44444444444444,0.0,0.0,0.0032404975,0.0
-1.66666666666667,0.0,9.44444444444444,0.0,0.0,0.0064328588,0.0
-1.77777777777778,0.0,9.44444444444444,0.0,0.0,0.0017793535,0.0
-1.88888888888889,0.0,9.44444444444444,0.0,0.0,0.0024184391,0.0
-2.0,0.0,9.44444444444444,0.0,0.0,0.0057342127,0.0
-2.11111111111111,0.0,9.44444444444444,0.0,0.0,0.003057055,0.0
-2.22222222222222,0.0,9.44444444444444,0.0,0.0,0.0046272394,0.0
-2.33333333333333,0.0,9.44444444444444,0.0,0.0,0.004272298,0.0
-2.44444444444444,0.0,9.44444444444444,0.0,0.0,0.0028160887,0.0
-2.55555555555556,0.0,9.44444444444444,0.0,0.0,0.00035028823,0.0
-2.66666666666667,0.0,9.44444444444444,0.0,0.0,0.0017757786,0.0
-2.77777777777778,0.0,9.44444444444444,0.0,0.0,0.005505643,0.0
-2.88888888888889,0.0,9.44444444444444,0.0,0.0,0.004704606,0.0
-3.0,0.0,9.44444444444444,0.0,0.0,0.0023209166,0.0
-3.11111111111111,0.0,9.44444444444444,0.0,0.0,0.0013487339,0.0
-3.22222222222222,0.0,9.44444444444444,0.0,0.0,0.0014648255,0.0
-3.33333333333333,0.0,9.44444444444444,0.0,0.0,0.004056455,0.0
-3.44444444444444,0.0,9.44444444444444,0.0,0.0,0.0022346259,0.0
-3.55555555555556,0.0,9.44444444444444,0.0,0.0,0.00012236134,0.0
-3.66666666666667,0.0,9.44444444444444,0.0,0.0,5.5730834e-05,0.0
-3.77777777777778,0.0,9.44444444444444,0.0,0.0,0.00041602986,0.0
-3.88888888888889,0.0,9.44444444444444,0.0,0.0,0.001795467,0.0
-4.0,0.0,9.44444444444444,0.0,0.0,0.003915474,0.0
-4.11111111111111,0.0,9.44444444444444,0.0,0.0,0.0005002463,0.0
-4.22222222222222,0.0,9.44444444444444,0.0,0.0,0.0016449183,0.0
-4.33333333333333,0.0,9.44444444444444,0.0,0.0,0.0011057991,0.0
-4.44444444444444,0.0,9.44444444444444,0.0,0.0,0.0002154875,0.0
-4.55555555555556,0.0,9.44444444444444,0.0,0.0,0.0015361414,0.0
-4.66666666666667,0.0,9.44444444444444,0.0,0.0,0.0022827273,0.0
-4.77777777777778,0.0,9.44444444444444,0.0,0.0,0.0054494864,0.0
-4.88888888888889,0.0,9.44444444444444,0.0,0.0,0.0003543363,0.0
-0.222222222222222,0.0,9.55555555555556,0.0,0.0,0.005904923,0.0
-0.333333333333333,0.0,9.55555555555556,0.0,0.0,0.0114592295,0.0
-0.444444444444444,0.0,9.55555555555556,0.0,0.0,0.0048109563,0.0
-0.555555555555556,0.0,9.55555555555556,0.0,0.0,0.0031342506,0.0
-0.666666666666667,0.0,9.55555555555556,0.0,0.0,0.0023681324,0.0
-0.777777777777778,0.0,9.55555555555556,0.0,0.0,0.0016767628,0.0
-0.888888888888889,0.0,9.55555555555556,0.0,0.0,0.0029045912,0.0
-1.0,0.0,9.55555555555556,0.0,0.0,0.021839626,0.0
-1.11111111111111,0.0,9.55555555555556,0.0,0.0,0.0035135604,0.0
-1.22222222222222,0.0,9.55555555555556,0.0,0.0,0.0014047858,0.0
-1.33333333333333,0.0,9.55555555555556,0.0,0.0,0.004777328,0.0
-1.44444444444444,0.0,9.55555555555556,0.0,0.0,0.00755925,0.0
-1.55555555555556,0.0,9.55555555555556,0.0,0.0,0.0012431527,0.0
-1.66666666666667,0.0,9.55555555555556,0.0,0.0,0.0056626913,0.0
-1.77777777777778,0.0,9.55555555555556,0.0,0.0,0.0020117608,0.0
-1.88888888888889,0.0,9.55555555555556,0.0,0.0,0.0024246871,0.0
-2.0,0.0,9.55555555555556,0.0,0.0,0.0020537572,0.0
-2.11111111111111,0.0,9.55555555555556,0.0,0.0,0.002870053,0.0
-2.22222222222222,0.0,9.55555555555556,0.0,0.0,0.0050202874,0.0
-2.33333333333333,0.0,9.55555555555556,0.0,0.0,0.0053514168,0.0
-2.44444444444444,0.0,9.55555555555556,0.0,0.0,0.0023774728,0.0
-2.55555555555556,0.0,9.55555555555556,0.0,0.0,0.00021265645,0.0
-2.66666666666667,0.0,9.55555555555556,0.0,0.0,0.003713084,0.0
-2.77777777777778,0.0,9.55555555555556,0.0,0.0,0.0068028476,0.0
-2.88888888888889,0.0,9.55555555555556,0.0,0.0,0.0050413893,0.0
-3.0,0.0,9.55555555555556,0.0,0.0,0.0035264445,0.0
-3.11111111111111,0.0,9.55555555555556,0.0,0.0,0.0008030285,0.0
-3.22222222222222,0.0,9.55555555555556,0.0,0.0,0.0012731551,0.0
-3.33333333333333,0.0,9.55555555555556,0.0,0.0,0.003938464,0.0
-3.44444444444444,0.0,9.55555555555556,0.0,0.0,0.0045211404,0.0
-3.55555555555556,0.0,9.55555555555556,0.0,0.0,0.00017559953,0.0
-3.66666666666667,0.0,9.55555555555556,0.0,0.0,0.0008343255,0.0
-3.77777777777778,0.0,9.55555555555556,0.0,0.0,0.00027376637,0.0
-3.88888888888889,0.0,9.55555555555556,0.0,0.0,0.0027361442,0.0
-4.0,0.0,9.55555555555556,0.0,0.0,0.005668456,0.0
-4.11111111111111,0.0,9.55555555555556,0.0,0.0,0.0010060066,0.0
-4.22222222222222,0.0,9.55555555555556,0.0,0.0,0.001489404,0.0
-4.33333333333333,0.0,9.55555555555556,0.0,0.0,0.00043604808,0.0
-4.44444444444444,0.0,9.55555555555556,0.0,0.0,0.00046529615,0.0
-4.55555555555556,0.0,9.55555555555556,0.0,0.0,0.0009131514,0.0
-4.66666666666667,0.0,9.55555555555556,0.0,0.0,0.0012453614,0.0
-4.77777777777778,0.0,9.55555555555556,0.0,0.0,0.0051494213,0.0
-4.88888888888889,0.0,9.55555555555556,0.0,0.0,0.00016552846,0.0
-0.222222222222222,0.0,9.66666666666667,0.0,0.0,0.0013512346,0.0
-0.333333333333333,0.0,9.66666666666667,0.0,0.0,0.0048408527,0.0
-0.444444444444444,0.0,9.66666666666667,0.0,0.0,0.0013707514,0.0
-0.555555555555556,0.0,9.66666666666667,0.0,0.0,0.0019693458,0.0
-0.666666666666667,0.0,9.66666666666667,0.0,0.0,0.0009989706,0.0
-0.777777777777778,0.0,9.66666666666667,0.0,0.0,0.0009255782,0.0
-0.888888888888889,0.0,9.66666666666667,0.0,0.0,0.0024594485,0.0
-1.0,0.0,9.66666666666667,0.0,0.0,0.0052981926,0.0
-1.11111111111111,0.0,9.66666666666667,0.0,0.0,0.0011332019,0.0
-1.22222222222222,0.0,9.66666666666667,0.0,0.0,0.00045554494,0.0
-1.33333333333333,0.0,9.66666666666667,0.0,0.0,0.0020018355,0.0
-1.44444444444444,0.0,9.66666666666667,0.0,0.0,0.0060506207,0.0
-1.55555555555556,0.0,9.66666666666667,0.0,0.0,0.00011656622,0.0
-1.66666666666667,0.0,9.66666666666667,0.0,0.0,0.004315396,0.0
-1.77777777777778,0.0,9.66666666666667,0.0,0.0,0.0019477417,0.0
-1.88888888888889,0.0,9.66666666666667,0.0,0.0,0.0018330958,0.0
-2.0,0.0,9.66666666666667,0.0,0.0,0.00016805858,0.0
-2.11111111111111,0.0,9.66666666666667,0.0,0.0,0.0008663584,0.0
-2.22222222222222,0.0,9.66666666666667,0.0,0.0,0.004021338,0.0
-2.33333333333333,0.0,9.66666666666667,0.0,0.0,0.0013018493,0.0
-2.44444444444444,0.0,9.66666666666667,0.0,0.0,0.00024100143,0.0
-2.55555555555556,0.0,9.66666666666667,0.0,0.0,0.00034766737,0.0
-2.66666666666667,0.0,9.66666666666667,0.0,0.0,0.0008886976,0.0
-2.77777777777778,0.0,9.66666666666667,0.0,0.0,0.0029941257,0.0
-2.88888888888889,0.0,9.66666666666667,0.0,0.0,0.0015888889,0.0
-3.0,0.0,9.66666666666667,0.0,0.0,0.0023466381,0.0
-3.11111111111111,0.0,9.66666666666667,0.0,0.0,0.00044470245,0.0
-3.22222222222222,0.0,9.66666666666667,0.0,0.0,0.0007897139,0.0
-3.33333333333333,0.0,9.66666666666667,0.0,0.0,0.0018454676,0.0
-3.44444444444444,0.0,9.66666666666667,0.0,0.0,0.004142597,0.0
-3.55555555555556,0.0,9.66666666666667,0.0,0.0,0.0009410927,0.0
-3.66666666666667,0.0,9.66666666666667,0.0,0.0,0.0026963577,0.0
-3.77777777777778,0.0,9.66666666666667,0.0,0.0,0.00041652934,0.0
-3.88888888888889,0.0,9.66666666666667,0.0,0.0,0.00099421,0.0
-4.0,0.0,9.66666666666667,0.0,0.0,0.004941228,0.0
-4.11111111111111,0.0,9.66666666666667,0.0,0.0,0.0006560633,0.0
-4.22222222222222,0.0,9.66666666666667,0.0,0.0,0.0007262526,0.0
-4.33333333333333,0.0,9.66666666666667,0.0,0.0,0.00023848288,0.0
-4.44444444444444,0.0,9.66666666666667,0.0,0.0,0.0006976619,0.0
-4.55555555555556,0.0,9.66666666666667,0.0,0.0,0.00012343454,0.0
-4.66666666666667,0.0,9.66666666666667,0.0,0.0,9.740461e-05,0.0
-4.77777777777778,0.0,9.66666666666667,0.0,0.0,0.0023479457,0.0
-4.88888888888889,0.0,9.66666666666667,0.0,0.0,0.00021448167,0.0
-0.222222222222222,0.0,9.77777777777778,0.0,0.0,0.000943167,0.0
-0.333333333333333,0.0,9.77777777777778,0.0,0.0,0.0009802046,0.0
-0.444444444444444,0.0,9.77777777777778,0.0,0.0,3.133271e-05,0.0
-0.555555555555556,0.0,9.77777777777778,0.0,0.0,0.0009201641,0.0
-0.666666666666667,0.0,9.77777777777778,0.0,0.0,0.00297793,0.0
-0.777777777777778,0.0,9.77777777777778,0.0,0.0,0.0015601739,0.0
-0.888888888888889,0.0,9.77777777777778,0.0,0.0,0.0031988022,0.0
-1.0,0.0,9.77777777777778,0.0,0.0,0.0011591474,0.0
-1.11111111111111,0.0,9.77777777777778,0.0,0.0,0.0027482142,0.0
-1.22222222222222,0.0,9.77777777777778,0.0,0.0,0.0007597884,0.0
-1.33333333333333,0.0,9.77777777777778,0.0,0.0,0.0008237744,0.0
-1.44444444444444,0.0,9.77777777777778,0.0,0.0,0.0009993337,0.0
-1.55555555555556,0.0,9.77777777777778,0.0,0.0,0.000117323056,0.0
-1.66666666666667,0.0,9.77777777777778,0.0,0.0,0.0017510261,0.0
-1.77777777777778,0.0,9.77777777777778,0.0,0.0,0.0013604978,0.0
-1.88888888888889,0.0,9.77777777777778,0.0,0.0,0.0016677246,0.0
-2.0,0.0,9.77777777777778,0.0,0.0,0.0005200378,0.0
-2.11111111111111,0.0,9.77777777777778,0.0,0.0,4.9949927e-06,0.0
-2.22222222222222,0.0,9.77777777777778,0.0,0.0,0.0023070998,0.0
-2.33333333333333,0.0,9.77777777777778,0.0,0.0,0.0032376908,0.0
-2.44444444444444,0.0,9.77777777777778,0.0,0.0,0.00047479608,0.0
-2.55555555555556,0.0,9.77777777777778,0.0,0.0,0.00046743292,0.0
-2.66666666666667,0.0,9.77777777777778,0.0,0.0,0.0015253853,0.0
-2.77777777777778,0.0,9.77777777777778,0.0,0.0,0.00059859664,0.0
-2.88888888888889,0.0,9.77777777777778,0.0,0.0,3.0176196e-05,0.0
-3.0,0.0,9.77777777777778,0.0,0.0,0.0019983451,0.0
-3.11111111111111,0.0,9.77777777777778,0.0,0.0,0.00033150558,0.0
-3.22222222222222,0.0,9.77777777777778,0.0,0.0,0.0007813949,0.0
-3.33333333333333,0.0,9.77777777777778,0.0,0.0,0.00034979355,0.0
-3.44444444444444,0.0,9.77777777777778,0.0,0.0,0.0023001402,0.0
-3.55555555555556,0.0,9.77777777777778,0.0,0.0,0.002168937,0.0
-3.66666666666667,0.0,9.77777777777778,0.0,0.0,0.00420838,0.0
-3.77777777777778,0.0,9.77777777777778,0.0,0.0,0.0013493785,0.0
-3.88888888888889,0.0,9.77777777777778,0.0,0.0,0.0001991825,0.0
-4.0,0.0,9.77777777777778,0.0,0.0,0.0039515886,0.0
-4.11111111111111,0.0,9.77777777777778,0.0,0.0,0.0015182002,0.0
-4.22222222222222,0.0,9.77777777777778,0.0,0.0,0.00042439866,0.0
-4.33333333333333,0.0,9.77777777777778,0.0,0.0,0.00050904974,0.0
-4.44444444444444,0.0,9.77777777777778,0.0,0.0,0.0011589278,0.0
-4.55555555555556,0.0,9.77777777777778,0.0,0.0,0.00013113757,0.0
-4.66666666666667,0.0,9.77777777777778,0.0,0.0,2.2089465e-05,0.0
-4.77777777777778,0.0,9.77777777777778,0.0,0.0,0.0004687562,0.0
-0.222222222222222,0.0,9.88888888888889,0.0,0.0,0.0053692516,0.0
-0.333333333333333,0.0,9.88888888888889,0.0,0.0,0.0044886502,0.0
-0.444444444444444,0.0,9.88888888888889,0.0,0.0,0.00079381705,0.0
-0.555555555555556,0.0,9.88888888888889,0.0,0.0,0.0020498915,0.0
-0.666666666666667,0.0,9.88888888888889,0.0,0.0,0.0050174324,0.0
-0.777777777777778,0.0,9.88888888888889,0.0,0.0,0.001956122,0.0
-0.888888888888889,0.0,9.88888888888889,0.0,0.0,0.0036285939,0.0
-1.0,0.0,9.88888888888889,0.0,0.0,0.010690953,0.0
-1.11111111111111,0.0,9.88888888888889,0.0,0.0,0.007951055,0.0
-1.22222222222222,0.0,9.88888888888889,0.0,0.0,0.0023571658,0.0
-1.33333333333333,0.0,9.88888888888889,0.0,0.0,0.002789796,0.0
-1.44444444444444,0.0,9.88888888888889,0.0,0.0,0.00080840965,0.0
-1.55555555555556,0.0,9.88888888888889,0.0,0.0,0.00094527897,0.0
-1.66666666666667,0.0,9.88888888888889,0.0,0.0,7.282547e-05,0.0
-1.77777777777778,0.0,9.88888888888889,0.0,0.0,0.0007491776,0.0
-1.88888888888889,0.0,9.88888888888889,0.0,0.0,0.0017260081,0.0
-2.0,0.0,9.88888888888889,0.0,0.0,0.0029646114,0.0
-2.11111111111111,0.0,9.88888888888889,0.0,0.0,0.0003149374,0.0
-2.22222222222222,0.0,9.88888888888889,0.0,0.0,0.00039474462,0.0
-2.33333333333333,0.0,9.88888888888889,0.0,0.0,0.008463494,0.0
-2.44444444444444,0.0,9.88888888888889,0.0,0.0,0.0006274802,0.0
-2.55555555555556,0.0,9.88888888888889,0.0,0.0,0.0009502854,0.0
-2.66666666666667,0.0,9.88888888888889,0.0,0.0,0.007487512,0.0
-2.77777777777778,0.0,9.88888888888889,0.0,0.0,0.0018975035,0.0
-2.88888888888889,0.0,9.88888888888889,0.0,0.0,0.0007509273,0.0
-3.0,0.0,9.88888888888889,0.0,0.0,0.0044289343,0.0
-3.11111111111111,0.0,9.88888888888889,0.0,0.0,0.00015592905,0.0
-3.22222222222222,0.0,9.88888888888889,0.0,0.0,0.0016815172,0.0
-3.33333333333333,0.0,9.88888888888889,0.0,0.0,2.000196e-05,0.0
-3.44444444444444,0.0,9.88888888888889,0.0,0.0,0.0012055525,0.0
-3.55555555555556,0.0,9.88888888888889,0.0,0.0,0.0029418217,0.0
-3.66666666666667,0.0,9.88888888888889,0.0,0.0,0.002984051,0.0
-3.77777777777778,0.0,9.88888888888889,0.0,0.0,0.0044168816,0.0
-3.88888888888889,0.0,9.88888888888889,0.0,0.0,0.001768806,0.0
-4.0,0.0,9.88888888888889,0.0,0.0,0.004506806,0.0
-4.11111111111111,0.0,9.88888888888889,0.0,0.0,0.0033103263,0.0
-4.22222222222222,0.0,9.88888888888889,0.0,0.0,0.0003963345,0.0
-4.33333333333333,0.0,9.88888888888889,0.0,0.0,0.0013483622,0.0
-4.44444444444444,0.0,9.88888888888889,0.0,0.0,0.0018869533,0.0
-4.55555555555556,0.0,9.88888888888889,0.0,0.0,0.00027634035,0.0
-4.66666666666667,0.0,9.88888888888889,0.0,0.0,2.9577684e-05,0.0
-4.77777777777778,0.0,9.88888888888889,0.0,0.0,0.00068926526,0.0
-0.222222222222222,0.0,10.0,0.0,0.0,0.0061197416,0.0
-0.333333333333333,0.0,10.0,0.0,0.0,0.005519206,0.0
-0.444444444444444,0.0,10.0,0.0,0.0,0.00053246046,0.0
-0.555555555555556,0.0,10.0,0.0,0.0,0.003037617,0.0
-0.666666666666667,0.0,10.0,0.0,0.0,0.0047095898,0.0
-0.777777777777778,0.0,10.0,0.0,0.0,0.0011401817,0.0
-0.888888888888889,0.0,10.0,0.0,0.0,0.0027671962,0.0
-1.11111111111111,0.0,10.0,0.0,0.0,0.007952007,0.0
-1.22222222222222,0.0,10.0,0.0,0.0,0.0028733732,0.0
-1.33333333333333,0.0,10.0,0.0,0.0,0.003958879,0.0
-1.44444444444444,0.0,10.0,0.0,0.0,0.0037187724,0.0
-1.55555555555556,0.0,10.0,0.0,0.0,0.0016622805,0.0
-1.66666666666667,0.0,10.0,0.0,0.0,0.00373796,0.0
-1.77777777777778,0.0,10.0,0.0,0.0,0.0005425291,0.0
-1.88888888888889,0.0,10.0,0.0,0.0,0.0011625299,0.0
-2.11111111111111,0.0,10.0,0.0,0.0,0.00039371997,0.0
-2.22222222222222,0.0,10.0,0.0,0.0,0.0007354937,0.0
-2.33333333333333,0.0,10.0,0.0,0.0,0.004201499,0.0
-2.44444444444444,0.0,10.0,0.0,0.0,0.00016734762,0.0
-2.55555555555556,0.0,10.0,0.0,0.0,0.0030805853,0.0
-2.66666666666667,0.0,10.0,0.0,0.0,0.007316202,0.0
-2.77777777777778,0.0,10.0,0.0,0.0,0.0023772134,0.0
-2.88888888888889,0.0,10.0,0.0,0.0,0.00033945942,0.0
-3.11111111111111,0.0,10.0,0.0,0.0,0.0004866939,0.0
-3.22222222222222,0.0,10.0,0.0,0.0,0.001846892,0.0
-3.33333333333333,0.0,10.0,0.0,0.0,0.0007128677,0.0
-3.44444444444444,0.0,10.0,0.0,0.0,0.0010679452,0.0
-3.55555555555556,0.0,10.0,0.0,0.0,0.0016991161,0.0
-3.66666666666667,0.0,10.0,0.0,0.0,0.000949498,0.0
-3.77777777777778,0.0,10.0,0.0,0.0,0.00577506,0.0
-3.88888888888889,0.0,10.0,0.0,0.0,0.0018449621,0.0
-4.11111111111111,0.0,10.0,0.0,0.0,0.0024465322,0.0
-4.22222222222222,0.0,10.0,0.0,0.0,0.00016062478,0.0
-4.33333333333333,0.0,10.0,0.0,0.0,0.0017432221,0.0
-4.44444444444444,0.0,10.0,0.0,0.0,0.001104814,0.0
-4.55555555555556,0.0,10.0,0.0,0.0,8.3377294e-05,0.0
-4.66666666666667,0.0,10.0,0.0,0.0,0.00044662936,0.0
-4.88888888888889,0.0,10.0,0.0,0.0,0.0010563594,0.0
-0.222222222222222,0.0,10.1111111111111,0.0,0.0,0.0019194593,0.0
-0.333333333333333,0.0,10.1111111111111,0.0,0.0,0.0020547311,0.0
-0.444444444444444,0.0,10.1111111111111,0.0,0.0,0.00018628879,0.0
-0.555555555555556,0.0,10.1111111111111,0.0,0.0,0.0010736159,0.0
-0.666666666666667,0.0,10.1111111111111,0.0,0.0,0.0016737278,0.0
-0.777777777777778,0.0,10.1111111111111,0.0,0.0,0.000994877,0.0
-0.888888888888889,0.0,10.1111111111111,0.0,0.0,0.0033009804,0.0
-1.0,0.0,10.1111111111111,0.0,0.0,0.0030200058,0.0
-1.11111111111111,0.0,10.1111111111111,0.0,0.0,0.0028656865,0.0
-1.22222222222222,0.0,10.1111111111111,0.0,0.0,0.0015006779,0.0
-1.33333333333333,0.0,10.1111111111111,0.0,0.0,0.0034880603,0.0
-1.44444444444444,0.0,10.1111111111111,0.0,0.0,0.0025050081,0.0
-1.55555555555556,0.0,10.1111111111111,0.0,0.0,0.0010943578,0.0
-1.66666666666667,0.0,10.1111111111111,0.0,0.0,0.005430954,0.0
-1.77777777777778,0.0,10.1111111111111,0.0,0.0,0.0008917815,0.0
-1.88888888888889,0.0,10.1111111111111,0.0,0.0,0.00059802335,0.0
-2.0,0.0,10.1111111111111,0.0,0.0,0.005351083,0.0
-2.11111111111111,0.0,10.1111111111111,0.0,0.0,0.00043874935,0.0
-2.22222222222222,0.0,10.1111111111111,0.0,0.0,0.0033103419,0.0
-2.33333333333333,0.0,10.1111111111111,0.0,0.0,0.0004850016,0.0
-2.44444444444444,0.0,10.1111111111111,0.0,0.0,0.00023912247,0.0
-2.55555555555556,0.0,10.1111111111111,0.0,0.0,0.0035351834,0.0
-2.66666666666667,0.0,10.1111111111111,0.0,0.0,0.0030754758,0.0
-2.77777777777778,0.0,10.1111111111111,0.0,0.0,0.0006728237,0.0
-2.88888888888889,0.0,10.1111111111111,0.0,0.0,0.00031674124,0.0
-3.0,0.0,10.1111111111111,0.0,0.0,0.003118425,0.0
-3.11111111111111,0.0,10.1111111111111,0.0,0.0,0.0013257911,0.0
-3.22222222222222,0.0,10.1111111111111,0.0,0.0,0.0009965919,0.0
-3.33333333333333,0.0,10.1111111111111,0.0,0.0,0.0014092064,0.0
-3.44444444444444,0.0,10.1111111111111,0.0,0.0,0.0008242072,0.0
-3.55555555555556,0.0,10.1111111111111,0.0,0.0,7.2920826e-05,0.0
-3.66666666666667,0.0,10.1111111111111,0.0,0.0,0.00041851215,0.0
-3.77777777777778,0.0,10.1111111111111,0.0,0.0,0.0042459155,0.0
-3.88888888888889,0.0,10.1111111111111,0.0,0.0,0.0004066916,0.0
-4.0,0.0,10.1111111111111,0.0,0.0,0.002790641,0.0
-4.11111111111111,0.0,10.1111111111111,0.0,0.0,0.00096537184,0.0
-4.22222222222222,0.0,10.1111111111111,0.0,0.0,0.00044965328,0.0
-4.33333333333333,0.0,10.1111111111111,0.0,0.0,0.00080968486,0.0
-4.44444444444444,0.0,10.1111111111111,0.0,0.0,5.355191e-05,0.0
-4.55555555555556,0.0,10.1111111111111,0.0,0.0,7.770047e-05,0.0
-4.66666666666667,0.0,10.1111111111111,0.0,0.0,0.000677089,0.0
-4.77777777777778,0.0,10.1111111111111,0.0,0.0,0.000835005,0.0
-0.222222222222222,0.0,10.2222222222222,0.0,0.0,0.0014450178,0.0
-0.333333333333333,0.0,10.2222222222222,0.0,0.0,0.0019262349,0.0
-0.444444444444444,0.0,10.2222222222222,0.0,0.0,0.001890531,0.0
-0.555555555555556,0.0,10.2222222222222,0.0,0.0,0.005377699,0.0
-0.666666666666667,0.0,10.2222222222222,0.0,0.0,2.4219395e-05,0.0
-0.777777777777778,0.0,10.2222222222222,0.0,0.0,0.0015088854,0.0
-0.888888888888889,0.0,10.2222222222222,0.0,0.0,0.0052537424,0.0
-1.0,0.0,10.2222222222222,0.0,0.0,0.0026430383,0.0
-1.11111111111111,0.0,10.2222222222222,0.0,0.0,0.0013746334,0.0
-1.22222222222222,0.0,10.2222222222222,0.0,0.0,0.0007485534,0.0
-1.33333333333333,0.0,10.2222222222222,0.0,0.0,0.0034394506,0.0
-1.44444444444444,0.0,10.2222222222222,0.0,0.0,0.0006542809,0.0
-1.55555555555556,0.0,10.2222222222222,0.0,0.0,0.0006696644,0.0
-1.66666666666667,0.0,10.2222222222222,0.0,0.0,0.001443975,0.0
-1.77777777777778,0.0,10.2222222222222,0.0,0.0,0.0014346684,0.0
-1.88888888888889,0.0,10.2222222222222,0.0,0.0,0.00050681614,0.0
-2.0,0.0,10.2222222222222,0.0,0.0,0.00239688,0.0
-2.11111111111111,0.0,10.2222222222222,0.0,0.0,0.0008945556,0.0
-2.22222222222222,0.0,10.2222222222222,0.0,0.0,0.0071937595,0.0
-2.33333333333333,0.0,10.2222222222222,0.0,0.0,0.004299438,0.0
-2.44444444444444,0.0,10.2222222222222,0.0,0.0,0.00012983046,0.0
-2.55555555555556,0.0,10.2222222222222,0.0,0.0,0.0010128246,0.0
-2.66666666666667,0.0,10.2222222222222,0.0,0.0,0.0022336722,0.0
-2.77777777777778,0.0,10.2222222222222,0.0,0.0,8.788255e-05,0.0
-2.88888888888889,0.0,10.2222222222222,0.0,0.0,0.0013815006,0.0
-3.0,0.0,10.2222222222222,0.0,0.0,0.0061288807,0.0
-3.11111111111111,0.0,10.2222222222222,0.0,0.0,0.0010882936,0.0
-3.22222222222222,0.0,10.2222222222222,0.0,0.0,0.0003610579,0.0
-3.33333333333333,0.0,10.2222222222222,0.0,0.0,0.0017424602,0.0
-3.44444444444444,0.0,10.2222222222222,0.0,0.0,0.0005068914,0.0
-3.55555555555556,0.0,10.2222222222222,0.0,0.0,0.001036067,0.0
-3.66666666666667,0.0,10.2222222222222,0.0,0.0,0.0010808245,0.0
-3.77777777777778,0.0,10.2222222222222,0.0,0.0,0.0016091214,0.0
-3.88888888888889,0.0,10.2222222222222,0.0,0.0,0.00017378619,0.0
-4.0,0.0,10.2222222222222,0.0,0.0,0.0009563974,0.0
-4.11111111111111,0.0,10.2222222222222,0.0,0.0,0.00057568576,0.0
-4.22222222222222,0.0,10.2222222222222,0.0,0.0,0.0028625887,0.0
-4.33333333333333,0.0,10.2222222222222,0.0,0.0,5.1819068e-05,0.0
-4.44444444444444,0.0,10.2222222222222,0.0,0.0,0.00072207255,0.0
-4.55555555555556,0.0,10.2222222222222,0.0,0.0,0.00011988239,0.0
-4.66666666666667,0.0,10.2222222222222,0.0,0.0,0.00045004275,0.0
-4.77777777777778,0.0,10.2222222222222,0.0,0.0,0.0003053066,0.0
-0.222222222222222,0.0,10.3333333333333,0.0,0.0,0.0026548142,0.0
-0.333333333333333,0.0,10.3333333333333,0.0,0.0,0.0023281213,0.0
-0.444444444444444,0.0,10.3333333333333,0.0,0.0,0.0038606867,0.0
-0.555555555555556,0.0,10.3333333333333,0.0,0.0,0.013001912,0.0
-0.666666666666667,0.0,10.3333333333333,0.0,0.0,0.0005841052,0.0
-0.777777777777778,0.0,10.3333333333333,0.0,0.0,0.00044983512,0.0
-0.888888888888889,0.0,10.3333333333333,0.0,0.0,0.0036777696,0.0
-1.0,0.0,10.3333333333333,0.0,0.0,0.0030832891,0.0
-1.11111111111111,0.0,10.3333333333333,0.0,0.0,0.002307772,0.0
-1.22222222222222,0.0,10.3333333333333,0.0,0.0,0.0009241214,0.0
-1.33333333333333,0.0,10.3333333333333,0.0,0.0,0.0021442617,0.0
-1.44444444444444,0.0,10.3333333333333,0.0,0.0,0.0015435941,0.0
-1.55555555555556,0.0,10.3333333333333,0.0,0.0,0.0009199993,0.0
-1.66666666666667,0.0,10.3333333333333,0.0,0.0,0.0016718978,0.0
-1.77777777777778,0.0,10.3333333333333,0.0,0.0,0.00095355837,0.0
-1.88888888888889,0.0,10.3333333333333,0.0,0.0,0.00031985968,0.0
-2.0,0.0,10.3333333333333,0.0,0.0,0.00012521762,0.0
-2.11111111111111,0.0,10.3333333333333,0.0,0.0,0.00055794104,0.0
-2.22222222222222,0.0,10.3333333333333,0.0,0.0,0.0070434352,0.0
-2.33333333333333,0.0,10.3333333333333,0.0,0.0,0.0041638417,0.0
-2.44444444444444,0.0,10.3333333333333,0.0,0.0,1.2609423e-05,0.0
-2.55555555555556,0.0,10.3333333333333,0.0,0.0,0.000138826,0.0
-2.66666666666667,0.0,10.3333333333333,0.0,0.0,0.0018790428,0.0
-2.77777777777778,0.0,10.3333333333333,0.0,0.0,0.0015029769,0.0
-2.88888888888889,0.0,10.3333333333333,0.0,0.0,0.0013038242,0.0
-3.0,0.0,10.3333333333333,0.0,0.0,0.005763607,0.0
-3.11111111111111,0.0,10.3333333333333,0.0,0.0,0.00061778695,0.0
-3.22222222222222,0.0,10.3333333333333,0.0,0.0,0.0002499001,0.0
-3.33333333333333,0.0,10.3333333333333,0.0,0.0,0.0013974361,0.0
-3.44444444444444,0.0,10.3333333333333,0.0,0.0,0.00032138685,0.0
-3.55555555555556,0.0,10.3333333333333,0.0,0.0,0.0018709463,0.0
-3.66666666666667,0.0,10.3333333333333,0.0,0.0,0.0024703078,0.0
-3.77777777777778,0.0,10.3333333333333,0.0,0.0,8.5819374e-05,0.0
-3.88888888888889,0.0,10.3333333333333,0.0,0.0,0.0013864974,0.0
-4.0,0.0,10.3333333333333,0.0,0.0,0.0006736675,0.0
-4.11111111111111,0.0,10.3333333333333,0.0,0.0,0.00032428556,0.0
-4.22222222222222,0.0,10.3333333333333,0.0,0.0,0.004211028,0.0
-4.33333333333333,0.0,10.3333333333333,0.0,0.0,0.00081235834,0.0
-4.44444444444444,0.0,10.3333333333333,0.0,0.0,0.0015850718,0.0
-4.55555555555556,0.0,10.3333333333333,0.0,0.0,0.0010881921,0.0
-4.66666666666667,0.0,10.3333333333333,0.0,0.0,0.0001860652,0.0
-4.77777777777778,0.0,10.3333333333333,0.0,0.0,0.0014226651,0.0
-0.222222222222222,0.0,10.4444444444444,0.0,0.0,0.0006973144,0.0
-0.333333333333333,0.0,10.4444444444444,0.0,0.0,0.00023752701,0.0
-0.444444444444444,0.0,10.4444444444444,0.0,0.0,0.0029699155,0.0
-0.555555555555556,0.0,10.4444444444444,0.0,0.0,0.009272298,0.0
-0.666666666666667,0.0,10.4444444444444,0.0,0.0,0.0013220483,0.0
-0.777777777777778,0.0,10.4444444444444,0.0,0.0,0.00089689554,0.0
-0.888888888888889,0.0,10.4444444444444,0.0,0.0,0.00079233974,0.0
-1.0,0.0,10.4444444444444,0.0,0.0,0.0039101006,0.0
-1.11111111111111,0.0,10.4444444444444,0.0,0.0,0.0009878795,0.0
-1.22222222222222,0.0,10.4444444444444,0.0,0.0,0.0012890735,0.0
-1.33333333333333,0.0,10.4444444444444,0.0,0.0,0.000466724,0.0
-1.44444444444444,0.0,10.4444444444444,0.0,0.0,0.0011180813,0.0
-1.55555555555556,0.0,10.4444444444444,0.0,0.0,0.00026260197,0.0
-1.66666666666667,0.0,10.4444444444444,0.0,0.0,0.0055450066,0.0
-1.77777777777778,0.0,10.4444444444444,0.0,0.0,5.737334e-05,0.0
-1.88888888888889,0.0,10.4444444444444,0.0,0.0,0.00025211062,0.0
-2.0,0.0,10.4444444444444,0.0,0.0,0.0009173596,0.0
-2.11111111111111,0.0,10.4444444444444,0.0,0.0,0.0014723646,0.0
-2.22222222222222,0.0,10.4444444444444,0.0,0.0,0.0036948447,0.0
-2.33333333333333,0.0,10.4444444444444,0.0,0.0,0.0011609091,0.0
-2.44444444444444,0.0,10.4444444444444,0.0,0.0,0.0003354569,0.0
-2.55555555555556,0.0,10.4444444444444,0.0,0.0,0.0013548968,0.0
-2.66666666666667,0.0,10.4444444444444,0.0,0.0,0.00051476026,0.0
-2.77777777777778,0.0,10.4444444444444,0.0,0.0,0.0031186473,0.0
-2.88888888888889,0.0,10.4444444444444,0.0,0.0,0.00055186433,0.0
-3.0,0.0,10.4444444444444,0.0,0.0,0.0011461703,0.0
-3.11111111111111,0.0,10.4444444444444,0.0,0.0,0.00080775097,0.0
-3.22222222222222,0.0,10.4444444444444,0.0,0.0,0.00051442784,0.0
-3.33333333333333,0.0,10.4444444444444,0.0,0.0,0.00014667207,0.0
-3.44444444444444,0.0,10.4444444444444,0.0,0.0,1.7758277e-05,0.0
-3.55555555555556,0.0,10.4444444444444,0.0,0.0,0.0013322532,0.0
-3.66666666666667,0.0,10.4444444444444,0.0,0.0,0.003008691,0.0
-3.77777777777778,0.0,10.4444444444444,0.0,0.0,0.0008455049,0.0
-3.88888888888889,0.0,10.4444444444444,0.0,0.0,0.001988519,0.0
-4.0,0.0,10.4444444444444,0.0,0.0,0.0015715469,0.0
-4.11111111111111,0.0,10.4444444444444,0.0,0.0,0.00034907914,0.0
-4.22222222222222,0.0,10.4444444444444,0.0,0.0,0.0022612202,0.0
-4.33333333333333,0.0,10.4444444444444,0.0,0.0,0.0019387512,0.0
-4.44444444444444,0.0,10.4444444444444,0.0,0.0,0.0014629157,0.0
-4.55555555555556,0.0,10.4444444444444,0.0,0.0,0.0030347637,0.0
-4.66666666666667,0.0,10.4444444444444,0.0,0.0,4.3295786e-06,0.0
-4.77777777777778,0.0,10.4444444444444,0.0,0.0,0.00273539,0.0
-0.222222222222222,0.0,10.5555555555556,0.0,0.0,0.00037909969,0.0
-0.333333333333333,0.0,10.5555555555556,0.0,0.0,0.0066074785,0.0
-0.444444444444444,0.0,10.5555555555556,0.0,0.0,0.00077923044,0.0
-0.555555555555556,0.0,10.5555555555556,0.0,0.0,0.0015967132,0.0
-0.666666666666667,0.0,10.5555555555556,0.0,0.0,0.0037553147,0.0
-0.777777777777778,0.0,10.5555555555556,0.0,0.0,0.005151464,0.0
-0.888888888888889,0.0,10.5555555555556,0.0,0.0,0.0006340566,0.0
-1.0,0.0,10.5555555555556,0.0,0.0,0.0070010787,0.0
-1.11111111111111,0.0,10.5555555555556,0.0,0.0,0.00017072474,0.0
-1.22222222222222,0.0,10.5555555555556,0.0,0.0,0.0024123169,0.0
-1.33333333333333,0.0,10.5555555555556,0.0,0.0,6.688168e-05,0.0
-1.44444444444444,0.0,10.5555555555556,0.0,0.0,0.00064495625,0.0
-1.55555555555556,0.0,10.5555555555556,0.0,0.0,0.0005145652,0.0
-1.66666666666667,0.0,10.5555555555556,0.0,0.0,0.006769765,0.0
-1.77777777777778,0.0,10.5555555555556,0.0,0.0,0.0005384913,0.0
-1.88888888888889,0.0,10.5555555555556,0.0,0.0,0.00057391793,0.0
-2.0,0.0,10.5555555555556,0.0,0.0,0.0023374932,0.0
-2.11111111111111,0.0,10.5555555555556,0.0,0.0,0.002991088,0.0
-2.22222222222222,0.0,10.5555555555556,0.0,0.0,0.004116396,0.0
-2.33333333333333,0.0,10.5555555555556,0.0,0.0,0.0021463088,0.0
-2.44444444444444,0.0,10.5555555555556,0.0,0.0,0.001596751,0.0
-2.55555555555556,0.0,10.5555555555556,0.0,0.0,0.00198836,0.0
-2.66666666666667,0.0,10.5555555555556,0.0,0.0,0.00041542388,0.0
-2.77777777777778,0.0,10.5555555555556,0.0,0.0,0.0038090427,0.0
-2.88888888888889,0.0,10.5555555555556,0.0,0.0,0.00031214787,0.0
-3.0,0.0,10.5555555555556,0.0,0.0,0.0006275921,0.0
-3.11111111111111,0.0,10.5555555555556,0.0,0.0,9.9235345e-05,0.0
-3.22222222222222,0.0,10.5555555555556,0.0,0.0,0.00070211047,0.0
-3.33333333333333,0.0,10.5555555555556,0.0,0.0,0.00052959006,0.0
-3.44444444444444,0.0,10.5555555555556,0.0,0.0,0.00018962838,0.0
-3.55555555555556,0.0,10.5555555555556,0.0,0.0,0.0009031802,0.0
-3.66666666666667,0.0,10.5555555555556,0.0,0.0,0.002348413,0.0
-3.77777777777778,0.0,10.5555555555556,0.0,0.0,0.0025134315,0.0
-3.88888888888889,0.0,10.5555555555556,0.0,0.0,0.0013788022,0.0
-4.0,0.0,10.5555555555556,0.0,0.0,0.0015556652,0.0
-4.11111111111111,0.0,10.5555555555556,0.0,0.0,0.00016428072,0.0
-4.22222222222222,0.0,10.5555555555556,0.0,0.0,0.0010865696,0.0
-4.33333333333333,0.0,10.5555555555556,0.0,0.0,0.002050541,0.0
-4.44444444444444,0.0,10.5555555555556,0.0,0.0,0.00075282546,0.0
-4.55555555555556,0.0,10.5555555555556,0.0,0.0,0.00370445,0.0
-4.66666666666667,0.0,10.5555555555556,0.0,0.0,9.892692e-05,0.0
-4.77777777777778,0.0,10.5555555555556,0.0,0.0,0.0019778865,0.0
-4.88888888888889,0.0,10.5555555555556,0.0,0.0,0.0021322044,0.0
-0.222222222222222,0.0,10.6666666666667,0.0,0.0,0.0012618825,0.0
-0.333333333333333,0.0,10.6666666666667,0.0,0.0,0.016668323,0.0
-0.444444444444444,0.0,10.6666666666667,0.0,0.0,2.0907e-05,0.0
-0.555555555555556,0.0,10.6666666666667,0.0,0.0,0.00022950995,0.0
-0.666666666666667,0.0,10.6666666666667,0.0,0.0,0.005188178,0.0
-0.777777777777778,0.0,10.6666666666667,0.0,0.0,0.005817335,0.0
-0.888888888888889,0.0,10.6666666666667,0.0,0.0,0.002237256,0.0
-1.0,0.0,10.6666666666667,0.0,0.0,0.008852095,0.0
-1.11111111111111,0.0,10.6666666666667,0.0,0.0,0.00059152266,0.0
-1.22222222222222,0.0,10.6666666666667,0.0,0.0,0.0030488113,0.0
-1.33333333333333,0.0,10.6666666666667,0.0,0.0,0.00034511188,0.0
-1.44444444444444,0.0,10.6666666666667,0.0,0.0,0.0016960736,0.0
-1.55555555555556,0.0,10.6666666666667,0.0,0.0,0.002823974,0.0
-1.66666666666667,0.0,10.6666666666667,0.0,0.0,0.004939038,0.0
-1.77777777777778,0.0,10.6666666666667,9.25646282179714,0.0,0.00076748856,0.22446832690120178
-1.88888888888889,0.0,10.6666666666667,0.0,0.0,0.0010153393,0.0
-2.0,0.0,10.6666666666667,0.0,0.0,0.003273918,0.0
-2.11111111111111,0.0,10.6666666666667,0.0,0.0,0.0014303867,0.0
-2.22222222222222,0.0,10.6666666666667,0.0,0.0,0.0051099127,0.0
-2.33333333333333,0.0,10.6666666666667,0.0,0.0,0.001911137,0.0
-2.44444444444444,0.0,10.6666666666667,0.0,0.0,0.0032707602,0.0
-2.55555555555556,0.0,10.6666666666667,0.0,0.0,0.0019317004,0.0
-2.66666666666667,0.0,10.6666666666667,0.0,0.0,0.0018045704,0.0
-2.77777777777778,0.0,10.6666666666667,0.0,0.0,0.0028531158,0.0
-2.88888888888889,0.0,10.6666666666667,0.0,0.0,0.001365681,0.0
-3.0,0.0,10.6666666666667,0.0,0.0,0.0022255788,0.0
-3.11111111111111,0.0,10.6666666666667,0.0,0.0,0.001748098,0.0
-3.22222222222222,0.0,10.6666666666667,0.0,0.0,0.00024542233,0.0
-3.33333333333333,0.0,10.6666666666667,0.0,0.0,0.0007642673,0.0
-3.44444444444444,0.0,10.6666666666667,0.0,0.0,0.0003596855,0.0
-3.55555555555556,0.0,10.6666666666667,6.15635372797682,0.0,0.00015979362,0.14929098163467117
-3.66666666666667,0.0,10.6666666666667,0.0,0.0,0.00062653463,0.0
-3.77777777777778,0.0,10.6666666666667,0.0,0.0,0.0026851934,0.0
-3.88888888888889,0.0,10.6666666666667,0.0,0.0,0.0005981349,0.0
-4.0,0.0,10.6666666666667,0.0,0.0,0.002037507,0.0
-4.11111111111111,0.0,10.6666666666667,0.0,0.0,0.00024260292,0.0
-4.22222222222222,0.0,10.6666666666667,0.0,0.0,0.0012517127,0.0
-4.33333333333333,0.0,10.6666666666667,0.0,0.0,0.0019300103,0.0
-4.44444444444444,0.0,10.6666666666667,0.0,0.0,0.0002186317,0.0
-4.55555555555556,0.0,10.6666666666667,0.0,0.0,0.0024073834,0.0
-4.77777777777778,0.0,10.6666666666667,0.0,0.0,0.00055337354,0.0
-4.88888888888889,0.0,10.6666666666667,0.0,0.0,0.0014447662,0.0
-0.222222222222222,0.0,10.7777777777778,0.0,0.0,0.0028520508,0.0
-0.333333333333333,0.0,10.7777777777778,0.0,0.0,0.0139920255,0.0
-0.444444444444444,0.0,10.7777777777778,0.0,0.0,0.0006386906,0.0
-0.555555555555556,0.0,10.7777777777778,0.0,0.0,0.0013396152,0.0
-0.666666666666667,0.0,10.7777777777778,0.0,0.0,0.0028943936,0.0
-0.777777777777778,0.0,10.7777777777778,0.0,0.0,0.004500482,0.0
-0.888888888888889,0.0,10.7777777777778,0.0,0.0,0.0032802946,0.0
-1.0,0.0,10.7777777777778,0.0,0.0,0.010412947,0.0
-1.11111111111111,0.0,10.7777777777778,0.0,0.0,8.247991e-05,0.0
-1.22222222222222,0.0,10.7777777777778,0.0,0.0,0.0009849094,0.0
-1.33333333333333,0.0,10.7777777777778,0.0,0.0,0.0005825023,0.0
-1.44444444444444,0.0,10.7777777777778,0.0,0.0,0.000996473,0.0
-1.55555555555556,0.0,10.7777777777778,0.0,0.0,0.0023531723,0.0
-1.66666666666667,0.0,10.7777777777778,0.0,0.0,0.001067976,0.0
-1.77777777777778,0.0,10.7777777777778,0.0,0.0,0.0005075771,0.0
-1.88888888888889,0.0,10.7777777777778,0.0,0.0,0.001120367,0.0
-2.0,0.0,10.7777777777778,0.0,0.0,0.009484038,0.0
-2.11111111111111,0.0,10.7777777777778,0.0,0.0,9.397808e-06,0.0
-2.22222222222222,0.0,10.7777777777778,0.0,0.0,0.0072073503,0.0
-2.33333333333333,0.0,10.7777777777778,0.0,0.0,0.00038515741,0.0
-2.44444444444444,0.0,10.7777777777778,0.0,0.0,0.0032390198,0.0
-2.55555555555556,0.0,10.7777777777778,0.0,0.0,0.0021780862,0.0
-2.66666666666667,0.0,10.7777777777778,0.0,0.0,0.003081388,0.0
-2.77777777777778,0.0,10.7777777777778,0.0,0.0,0.00081927335,0.0
-2.88888888888889,0.0,10.7777777777778,0.0,0.0,0.004071769,0.0
-3.0,0.0,10.7777777777778,0.0,0.0,0.0029662391,0.0
-3.11111111111111,0.0,10.7777777777778,0.0,0.0,0.0068837153,0.0
-3.22222222222222,0.0,10.7777777777778,0.0,0.0,0.0008942813,0.0
-3.33333333333333,0.0,10.7777777777778,0.0,0.0,0.00014220898,0.0
-3.44444444444444,0.0,10.7777777777778,0.0,0.0,0.000165955,0.0
-3.55555555555556,0.0,10.7777777777778,0.0,0.0,0.0003437427,0.0
-3.66666666666667,0.0,10.7777777777778,0.0,0.0,0.0003086551,0.0
-3.77777777777778,0.0,10.7777777777778,0.0,0.0,0.0009395304,0.0
-3.88888888888889,0.0,10.7777777777778,0.0,0.0,0.00013164744,0.0
-4.0,0.0,10.7777777777778,0.0,0.0,0.006550797,0.0
-4.11111111111111,0.0,10.7777777777778,0.0,0.0,0.0017176064,0.0
-4.22222222222222,0.0,10.7777777777778,0.0,0.0,0.0010321154,0.0
-4.33333333333333,0.0,10.7777777777778,0.0,0.0,0.0029005706,0.0
-4.44444444444444,0.0,10.7777777777778,0.0,0.0,0.00012772426,0.0
-4.55555555555556,0.0,10.7777777777778,0.0,0.0,0.0012322797,0.0
-4.66666666666667,0.0,10.7777777777778,0.0,0.0,0.00010690638,0.0
-4.77777777777778,0.0,10.7777777777778,0.0,0.0,0.0007373558,0.0
-4.88888888888889,0.0,10.7777777777778,0.0,0.0,0.00036604074,0.0
-0.222222222222222,0.0,10.8888888888889,0.0,0.0,0.006465856,0.0
-0.333333333333333,0.0,10.8888888888889,0.0,0.0,0.0050711543,0.0
-0.444444444444444,0.0,10.8888888888889,0.0,0.0,0.0011027363,0.0
-0.555555555555556,0.0,10.8888888888889,0.0,0.0,0.0019950764,0.0
-0.666666666666667,0.0,10.8888888888889,0.0,0.0,0.0011274107,0.0
-0.777777777777778,0.0,10.8888888888889,0.0,0.0,0.011116043,0.0
-0.888888888888889,0.0,10.8888888888889,0.0,0.0,0.0016484649,0.0
-1.0,0.0,10.8888888888889,0.0,0.0,0.01573391,0.0
-1.11111111111111,0.0,10.8888888888889,0.0,0.0,0.0010393967,0.0
-1.22222222222222,0.0,10.8888888888889,0.0,0.0,0.0006848412,0.0
-1.33333333333333,0.0,10.8888888888889,0.0,0.0,0.00028299287,0.0
-1.44444444444444,0.0,10.8888888888889,0.0,0.0,0.0004062243,0.0
-1.55555555555556,0.0,10.8888888888889,0.0,0.0,0.00057659077,0.0
-1.66666666666667,0.0,10.8888888888889,0.0,0.0,0.0007567161,0.0
-1.77777777777778,0.0,10.8888888888889,0.0,0.0,0.002770314,0.0
-1.88888888888889,0.0,10.8888888888889,0.0,0.0,0.0008968883,0.0
-2.0,0.0,10.8888888888889,3.48301926987852,0.0,0.016924419,0.08446287994948
-2.11111111111111,0.0,10.8888888888889,0.0,0.0,0.0005822017,0.0
-2.22222222222222,0.0,10.8888888888889,0.0,0.0,0.011191758,0.0
-2.33333333333333,0.0,10.8888888888889,0.0,0.0,0.006219355,0.0
-2.44444444444444,0.0,10.8888888888889,0.0,0.0,0.0016027546,0.0
-2.55555555555556,0.0,10.8888888888889,0.0,0.0,0.003049972,0.0
-2.66666666666667,0.0,10.8888888888889,0.0,0.0,0.0033167147,0.0
-2.77777777777778,0.0,10.8888888888889,0.0,0.0,0.00031168174,0.0
-2.88888888888889,0.0,10.8888888888889,0.0,0.0,0.0057120738,0.0
-3.0,0.0,10.8888888888889,0.0,0.0,0.008096904,0.0
-3.11111111111111,0.0,10.8888888888889,0.0,0.0,0.00878481,0.0
-3.22222222222222,0.0,10.8888888888889,0.0,0.0,0.0038306813,0.0
-3.33333333333333,0.0,10.8888888888889,0.0,0.0,0.00034690686,0.0
-3.44444444444444,0.0,10.8888888888889,0.0,0.0,0.00057365966,0.0
-3.55555555555556,0.0,10.8888888888889,0.0,0.0,0.0012855753,0.0
-3.66666666666667,0.0,10.8888888888889,0.0,0.0,0.00300944,0.0
-3.77777777777778,0.0,10.8888888888889,0.0,0.0,2.3001121e-05,0.0
-3.88888888888889,0.0,10.8888888888889,0.0,0.0,3.126931e-05,0.0
-4.0,0.0,10.8888888888889,0.0,0.0,0.008218816,0.0
-4.11111111111111,0.0,10.8888888888889,0.0,0.0,0.0045760833,0.0
-4.22222222222222,0.0,10.8888888888889,0.0,0.0,0.0011635276,0.0
-4.33333333333333,0.0,10.8888888888889,0.0,0.0,0.0046929535,0.0
-4.44444444444444,0.0,10.8888888888889,0.0,0.0,0.00015244793,0.0
-4.55555555555556,0.0,10.8888888888889,0.0,0.0,0.0015887192,0.0
-4.66666666666667,0.0,10.8888888888889,0.0,0.0,0.0009877947,0.0
-4.77777777777778,0.0,10.8888888888889,0.0,0.0,0.0030006904,0.0
-4.88888888888889,0.0,10.8888888888889,0.0,0.0,9.018944e-05,0.0
-0.333333333333333,0.0,11.0,0.0,0.0,0.0014468842,0.0
-0.444444444444444,0.0,11.0,0.0,0.0,0.0008262781,0.0
-0.555555555555556,0.0,11.0,0.0,0.0,0.0028196648,0.0
-0.666666666666667,0.0,11.0,0.0,0.0,0.00072707306,0.0
-0.777777777777778,0.0,11.0,0.0,0.0,0.017265039,0.0
-0.888888888888889,0.0,11.0,0.0,0.0,0.0005510465,0.0
-1.11111111111111,0.0,11.0,0.0,0.0,0.0015717306,0.0
-1.22222222222222,0.0,11.0,0.0,0.0,0.00087678427,0.0
-1.33333333333333,0.0,11.0,0.0,0.0,0.0022313502,0.0
-1.44444444444444,0.0,11.0,0.0,0.0,0.002090558,0.0
-1.55555555555556,0.0,11.0,0.0,0.0,0.0013879342,0.0
-1.66666666666667,0.0,11.0,0.0,0.0,0.002593244,0.0
-1.77777777777778,0.0,11.0,0.0,0.0,0.004943148,0.0
-1.88888888888889,0.0,11.0,0.0,0.0,0.0010540936,0.0
-2.11111111111111,0.0,11.0,0.0,0.0,0.00033278228,0.0
-2.22222222222222,0.0,11.0,0.0,0.0,0.009102391,0.0
-2.33333333333333,0.0,11.0,0.0,0.0,0.010780313,0.0
-2.44444444444444,0.0,11.0,0.0,0.0,0.00063128286,0.0
-2.55555555555556,0.0,11.0,0.0,0.0,0.0040378477,0.0
-2.66666666666667,0.0,11.0,0.0,0.0,0.0033365136,0.0
-2.77777777777778,0.0,11.0,0.0,0.0,0.00046680582,0.0
-2.88888888888889,0.0,11.0,0.0,0.0,0.004488758,0.0
-3.11111111111111,0.0,11.0,0.0,0.0,0.0061932704,0.0
-3.22222222222222,0.0,11.0,0.0,0.0,0.004506183,0.0
-3.33333333333333,0.0,11.0,0.0,0.0,0.0002107264,0.0
-3.44444444444444,0.0,11.0,0.0,0.0,0.0011168191,0.0
-3.55555555555556,0.0,11.0,0.0,0.0,0.00094413746,0.0
-3.66666666666667,0.0,11.0,0.0,0.0,0.004348184,0.0
-3.77777777777778,0.0,11.0,0.0,0.0,0.0010274117,0.0
-3.88888888888889,0.0,11.0,0.0,0.0,4.474399e-05,0.0
-4.11111111111111,0.0,11.0,0.0,0.0,0.0056533217,0.0
-4.22222222222222,0.0,11.0,0.0,0.0,0.0013614518,0.0
-4.33333333333333,0.0,11.0,0.0,0.0,0.0054243943,0.0
-4.44444444444444,0.0,11.0,0.0,0.0,0.000101504236,0.0
-4.55555555555556,0.0,11.0,0.0,0.0,0.0016218652,0.0
-4.66666666666667,0.0,11.0,0.0,0.0,0.0016464641,0.0
-4.77777777777778,0.0,11.0,0.0,0.0,0.0050851516,0.0
-4.88888888888889,0.0,11.0,0.0,0.0,0.0008154359,0.0
-0.333333333333333,0.0,11.1111111111111,0.0,0.0,0.0013776902,0.0
-0.444444444444444,0.0,11.1111111111111,0.0,0.0,7.044351e-05,0.0
-0.555555555555556,0.0,11.1111111111111,0.0,0.0,0.0024495805,0.0
-0.666666666666667,0.0,11.1111111111111,0.0,0.0,0.00023112213,0.0
-0.777777777777778,0.0,11.1111111111111,0.0,0.0,0.012339687,0.0
-0.888888888888889,0.0,11.1111111111111,0.0,0.0,0.0006675118,0.0
-1.0,0.0,11.1111111111111,0.0,0.0,0.02458689,0.0
-1.11111111111111,0.0,11.1111111111111,0.0,0.0,0.00076328055,0.0
-1.22222222222222,0.0,11.1111111111111,0.0,0.0,5.3630458e-05,0.0
-1.33333333333333,0.0,11.1111111111111,0.0,0.0,0.0028201803,0.0
-1.44444444444444,0.0,11.1111111111111,0.0,0.0,0.0037119826,0.0
-1.55555555555556,0.0,11.1111111111111,0.0,0.0,0.0020359573,0.0
-1.66666666666667,0.0,11.1111111111111,0.0,0.0,0.0008349758,0.0
-1.77777777777778,0.0,11.1111111111111,0.0,0.0,0.0027648867,0.0
-1.88888888888889,0.0,11.1111111111111,0.0,0.0,0.0024015924,0.0
-2.0,0.0,11.1111111111111,0.0,0.0,0.010210517,0.0
-2.11111111111111,0.0,11.1111111111111,0.0,0.0,1.4667847e-05,0.0
-2.22222222222222,0.0,11.1111111111111,0.0,0.0,0.0026503035,0.0
-2.33333333333333,0.0,11.1111111111111,0.0,0.0,0.0052759005,0.0
-2.44444444444444,0.0,11.1111111111111,0.0,0.0,0.00019942032,0.0
-2.55555555555556,0.0,11.1111111111111,0.0,0.0,0.0034447438,0.0
-2.66666666666667,0.0,11.1111111111111,0.0,0.0,0.0027238424,0.0
-2.77777777777778,0.0,11.1111111111111,0.0,0.0,0.00014202268,0.0
-2.88888888888889,0.0,11.1111111111111,0.0,0.0,0.0022639974,0.0
-3.0,0.0,11.1111111111111,0.0,0.0,0.013855584,0.0
-3.11111111111111,0.0,11.1111111111111,0.0,0.0,0.0035997462,0.0
-3.22222222222222,0.0,11.1111111111111,0.0,0.0,0.0027042627,0.0
-3.33333333333333,0.0,11.1111111111111,0.0,0.0,5.5040647e-07,0.0
-3.44444444444444,0.0,11.1111111111111,0.0,0.0,0.0013637944,0.0
-3.55555555555556,0.0,11.1111111111111,0.0,0.0,0.00013456799,0.0
-3.66666666666667,0.0,11.1111111111111,0.0,0.0,0.0026177696,0.0
-3.77777777777778,0.0,11.1111111111111,0.0,0.0,0.0008603557,0.0
-3.88888888888889,0.0,11.1111111111111,0.0,0.0,0.00024108321,0.0
-4.0,0.0,11.1111111111111,0.0,0.0,0.0014859634,0.0
-4.11111111111111,0.0,11.1111111111111,0.0,0.0,0.0035990886,0.0
-4.22222222222222,0.0,11.1111111111111,0.0,0.0,0.00082686835,0.0
-4.33333333333333,0.0,11.1111111111111,0.0,0.0,0.0047521275,0.0
-4.44444444444444,0.0,11.1111111111111,0.0,0.0,0.0003926865,0.0
-4.55555555555556,0.0,11.1111111111111,0.0,0.0,0.00071138365,0.0
-4.66666666666667,0.0,11.1111111111111,0.0,0.0,0.0011609542,0.0
-4.77777777777778,0.0,11.1111111111111,0.0,0.0,0.004275115,0.0
-4.88888888888889,0.0,11.1111111111111,0.0,0.0,0.0006950369,0.0
-0.333333333333333,0.0,11.2222222222222,0.0,0.0,0.0012504624,0.0
-0.444444444444444,0.0,11.2222222222222,0.0,0.0,0.0007307461,0.0
-0.555555555555556,0.0,11.2222222222222,0.0,0.0,0.0005156482,0.0
-0.666666666666667,0.0,11.2222222222222,0.0,0.0,0.00010270764,0.0
-0.777777777777778,0.0,11.2222222222222,0.0,0.0,0.0045181355,0.0
-0.888888888888889,0.0,11.2222222222222,0.0,0.0,5.8038117e-05,0.0
-1.0,0.0,11.2222222222222,0.0,0.0,0.013730956,0.0
-1.11111111111111,0.0,11.2222222222222,0.0,0.0,0.0015013578,0.0
-1.22222222222222,0.0,11.2222222222222,0.0,0.0,0.0006459687,0.0
-1.33333333333333,0.0,11.2222222222222,0.0,0.0,0.00027283657,0.0
-1.44444444444444,0.0,11.2222222222222,0.0,0.0,0.0037037225,0.0
-1.55555555555556,0.0,11.2222222222222,0.0,0.0,0.0017455915,0.0
-1.66666666666667,0.0,11.2222222222222,0.0,0.0,0.00386657,0.0
-1.77777777777778,0.0,11.2222222222222,0.0,0.0,0.00047152277,0.0
-1.88888888888889,0.0,11.2222222222222,0.0,0.0,0.004365587,0.0
-2.0,0.0,11.2222222222222,0.0,0.0,0.003987739,0.0
-2.11111111111111,0.0,11.2222222222222,0.0,0.0,0.0001579312,0.0
-2.22222222222222,0.0,11.2222222222222,0.0,0.0,0.001578136,0.0
-2.33333333333333,0.0,11.2222222222222,0.0,0.0,0.00030650047,0.0
-2.44444444444444,0.0,11.2222222222222,0.0,0.0,8.276576e-06,0.0
-2.55555555555556,0.0,11.2222222222222,0.0,0.0,0.0017461269,0.0
-2.66666666666667,0.0,11.2222222222222,0.0,0.0,0.0014394679,0.0
-2.77777777777778,0.0,11.2222222222222,0.0,0.0,0.0029881585,0.0
-2.88888888888889,0.0,11.2222222222222,0.0,0.0,0.0016186356,0.0
-3.0,0.0,11.2222222222222,0.0,0.0,0.0055128955,0.0
-3.11111111111111,0.0,11.2222222222222,0.0,0.0,0.002424472,0.0
-3.22222222222222,0.0,11.2222222222222,0.0,0.0,0.0016288183,0.0
-3.33333333333333,0.0,11.2222222222222,0.0,0.0,2.9782745e-05,0.0
-3.44444444444444,0.0,11.2222222222222,0.0,0.0,0.0013090384,0.0
-3.55555555555556,0.0,11.2222222222222,0.0,0.0,6.0380175e-05,0.0
-3.66666666666667,0.0,11.2222222222222,0.0,0.0,0.00073252316,0.0
-3.77777777777778,0.0,11.2222222222222,0.0,0.0,3.311845e-05,0.0
-3.88888888888889,0.0,11.2222222222222,0.0,0.0,0.00076369947,0.0
-4.0,0.0,11.2222222222222,0.0,0.0,0.0014003239,0.0
-4.11111111111111,0.0,11.2222222222222,0.0,0.0,0.001221359,0.0
-4.22222222222222,0.0,11.2222222222222,0.0,0.0,0.0016475724,0.0
-4.33333333333333,0.0,11.2222222222222,0.0,0.0,0.0041978867,0.0
-4.44444444444444,0.0,11.2222222222222,0.0,0.0,0.00055219023,0.0
-4.55555555555556,0.0,11.2222222222222,0.0,0.0,0.00131428,0.0
-4.66666666666667,0.0,11.2222222222222,0.0,0.0,0.00035401335,0.0
-4.77777777777778,0.0,11.2222222222222,0.0,0.0,0.0018343563,0.0
-4.88888888888889,0.0,11.2222222222222,0.0,0.0,0.0004558952,0.0
-0.333333333333333,0.0,11.3333333333333,0.0,0.0,0.0007182485,0.0
-0.444444444444444,0.0,11.3333333333333,0.0,0.0,0.003034546,0.0
-0.555555555555556,0.0,11.3333333333333,0.0,0.0,0.0006405142,0.0
-0.666666666666667,0.0,11.3333333333333,0.0,0.0,0.0011405839,0.0
-0.777777777777778,0.0,11.3333333333333,0.0,0.0,0.001829169,0.0
-0.888888888888889,0.0,11.3333333333333,0.0,0.0,0.00044873994,0.0
-1.0,0.0,11.3333333333333,0.0,0.0,0.003033017,0.0
-1.11111111111111,0.0,11.3333333333333,0.0,0.0,0.00044653262,0.0
-1.22222222222222,0.0,11.3333333333333,0.0,0.0,0.0004942157,0.0
-1.33333333333333,0.0,11.3333333333333,0.0,0.0,0.0009752413,0.0
-1.44444444444444,0.0,11.3333333333333,0.0,0.0,0.0018431548,0.0
-1.55555555555556,0.0,11.3333333333333,0.0,0.0,0.0013588053,0.0
-1.66666666666667,0.0,11.3333333333333,0.0,0.0,0.008376638,0.0
-1.77777777777778,0.0,11.3333333333333,0.0,0.0,0.001875331,0.0
-1.88888888888889,0.0,11.3333333333333,0.0,0.0,0.005206685,0.0
-2.0,0.0,11.3333333333333,0.0,0.0,0.0005493766,0.0
-2.11111111111111,0.0,11.3333333333333,0.0,0.0,0.00029072425,0.0
-2.22222222222222,0.0,11.3333333333333,0.0,0.0,0.0031814317,0.0
-2.33333333333333,0.0,11.3333333333333,0.0,0.0,0.00040701308,0.0
-2.44444444444444,0.0,11.3333333333333,0.0,0.0,8.62734e-05,0.0
-2.55555555555556,0.0,11.3333333333333,0.0,0.0,0.0013685188,0.0
-2.66666666666667,0.0,11.3333333333333,0.0,0.0,0.00094742526,0.0
-2.77777777777778,0.0,11.3333333333333,0.0,0.0,0.0049892794,0.0
-2.88888888888889,0.0,11.3333333333333,0.0,0.0,0.0014312143,0.0
-3.0,0.0,11.3333333333333,0.0,0.0,0.00024670453,0.0
-3.11111111111111,0.0,11.3333333333333,0.0,0.0,0.0012514726,0.0
-3.22222222222222,0.0,11.3333333333333,0.0,0.0,0.0014314273,0.0
-3.33333333333333,0.0,11.3333333333333,0.0,0.0,4.700048e-06,0.0
-3.44444444444444,0.0,11.3333333333333,0.0,0.0,0.0005943316,0.0
-3.55555555555556,0.0,11.3333333333333,0.0,0.0,4.9798928e-05,0.0
-3.66666666666667,0.0,11.3333333333333,0.0,0.0,0.0004163547,0.0
-3.77777777777778,0.0,11.3333333333333,0.0,0.0,0.0027426938,0.0
-3.88888888888889,0.0,11.3333333333333,0.0,0.0,0.0010202565,0.0
-4.0,0.0,11.3333333333333,0.0,0.0,0.0027763003,0.0
-4.11111111111111,0.0,11.3333333333333,0.0,0.0,0.0002994594,0.0
-4.22222222222222,0.0,11.3333333333333,0.0,0.0,0.0037222574,0.0
-4.33333333333333,0.0,11.3333333333333,0.0,0.0,0.0041491026,0.0
-4.44444444444444,0.0,11.3333333333333,0.0,0.0,0.0001533357,0.0
-4.55555555555556,0.0,11.3333333333333,0.0,0.0,0.003992663,0.0
-4.66666666666667,0.0,11.3333333333333,0.0,0.0,1.2763638e-05,0.0
-4.77777777777778,0.0,11.3333333333333,0.0,0.0,0.0005541762,0.0
-4.88888888888889,0.0,11.3333333333333,0.0,0.0,0.0019116419,0.0
-0.333333333333333,0.0,11.4444444444444,0.0,0.0,0.00045104287,0.0
-0.444444444444444,0.0,11.4444444444444,0.0,0.0,0.0030727861,0.0
-0.555555555555556,0.0,11.4444444444444,0.0,0.0,0.001663908,0.0
-0.666666666666667,0.0,11.4444444444444,0.0,0.0,0.0039212494,0.0
-0.777777777777778,0.0,11.4444444444444,0.0,0.0,0.0015127795,0.0
-0.888888888888889,0.0,11.4444444444444,0.0,0.0,0.0016170818,0.0
-1.0,0.0,11.4444444444444,0.0,0.0,0.0009866018,0.0
-1.11111111111111,0.0,11.4444444444444,0.0,0.0,0.00091858185,0.0
-1.22222222222222,0.0,11.4444444444444,0.0,0.0,0.0014385266,0.0
-1.33333333333333,0.0,11.4444444444444,0.0,0.0,0.0028966973,0.0
-1.44444444444444,0.0,11.4444444444444,0.0,0.0,0.000833438,0.0
-1.55555555555556,0.0,11.4444444444444,0.0,0.0,0.00078655255,0.0
-1.66666666666667,0.0,11.4444444444444,0.0,0.0,0.0045630676,0.0
-1.77777777777778,0.0,11.4444444444444,0.0,0.0,0.0032456468,0.0
-1.88888888888889,0.0,11.4444444444444,0.0,0.0,0.0039657857,0.0
-2.0,0.0,11.4444444444444,0.0,0.0,4.3804866e-05,0.0
-2.11111111111111,0.0,11.4444444444444,0.0,0.0,0.0007141254,0.0
-2.22222222222222,0.0,11.4444444444444,0.0,0.0,0.0017754451,0.0
-2.33333333333333,0.0,11.4444444444444,0.0,0.0,0.0006905526,0.0
-2.44444444444444,0.0,11.4444444444444,0.0,0.0,0.00070570305,0.0
-2.55555555555556,0.0,11.4444444444444,0.0,0.0,0.0019934315,0.0
-2.66666666666667,0.0,11.4444444444444,0.0,0.0,0.00081919687,0.0
-2.77777777777778,0.0,11.4444444444444,0.0,0.0,0.002094402,0.0
-2.88888888888889,0.0,11.4444444444444,0.0,0.0,0.00026362136,0.0
-3.0,0.0,11.4444444444444,0.0,0.0,0.0007910618,0.0
-3.11111111111111,0.0,11.4444444444444,0.0,0.0,0.0016299544,0.0
-3.22222222222222,0.0,11.4444444444444,0.0,0.0,0.0014623133,0.0
-3.33333333333333,0.0,11.4444444444444,0.0,0.0,0.0002223292,0.0
-3.44444444444444,0.0,11.4444444444444,0.0,0.0,6.788097e-05,0.0
-3.55555555555556,0.0,11.4444444444444,0.0,0.0,0.00014626047,0.0
-3.66666666666667,0.0,11.4444444444444,0.0,0.0,0.0013144193,0.0
-3.77777777777778,0.0,11.4444444444444,0.0,0.0,0.006479896,0.0
-3.88888888888889,0.0,11.4444444444444,0.0,0.0,0.00063224905,0.0
-4.0,0.0,11.4444444444444,0.0,0.0,0.003621807,0.0
-4.11111111111111,0.0,11.4444444444444,0.0,0.0,0.00044527758,0.0
-4.22222222222222,0.0,11.4444444444444,0.0,0.0,0.0028159684,0.0
-4.33333333333333,0.0,11.4444444444444,0.0,0.0,0.0035191795,0.0
-4.44444444444444,0.0,11.4444444444444,0.0,0.0,0.0023114423,0.0
-4.55555555555556,0.0,11.4444444444444,0.0,0.0,0.0061989776,0.0
-4.66666666666667,0.0,11.4444444444444,0.0,0.0,0.00012457081,0.0
-4.77777777777778,0.0,11.4444444444444,0.0,0.0,0.00021278168,0.0
-4.88888888888889,0.0,11.4444444444444,0.0,0.0,0.0029957555,0.0
-0.333333333333333,0.0,11.5555555555556,0.0,0.0,0.00068061973,0.0
-0.444444444444444,0.0,11.5555555555556,0.0,0.0,0.0011440888,0.0
-0.555555555555556,0.0,11.5555555555556,0.0,0.0,0.00087103486,0.0
-0.666666666666667,0.0,11.5555555555556,0.0,0.0,0.0062430613,0.0
-0.777777777777778,0.0,11.5555555555556,0.0,0.0,0.00064158946,0.0
-0.888888888888889,0.0,11.5555555555556,0.0,0.0,0.0027737562,0.0
-1.0,0.0,11.5555555555556,0.0,0.0,0.00047810655,0.0
-1.11111111111111,0.0,11.5555555555556,0.0,0.0,0.0053349193,0.0
-1.22222222222222,0.0,11.5555555555556,0.0,0.0,0.0018785247,0.0
-1.33333333333333,0.0,11.5555555555556,0.0,0.0,0.0026811329,0.0
-1.44444444444444,0.0,11.5555555555556,0.0,0.0,0.0019519078,0.0
-1.55555555555556,0.0,11.5555555555556,0.0,0.0,0.00046296944,0.0
-1.66666666666667,0.0,11.5555555555556,0.0,0.0,0.002802189,0.0
-1.77777777777778,0.0,11.5555555555556,0.0,0.0,0.0026769226,0.0
-1.88888888888889,0.0,11.5555555555556,0.0,0.0,0.0017415911,0.0
-2.0,0.0,11.5555555555556,0.0,0.0,0.000107800864,0.0
-2.11111111111111,0.0,11.5555555555556,0.0,0.0,0.0008903034,0.0
-2.22222222222222,0.0,11.5555555555556,0.0,0.0,0.0007431526,0.0
-2.33333333333333,0.0,11.5555555555556,0.0,0.0,0.0005131336,0.0
-2.44444444444444,0.0,11.5555555555556,0.0,0.0,0.002263318,0.0
-2.55555555555556,0.0,11.5555555555556,0.0,0.0,0.00151307,0.0
-2.66666666666667,0.0,11.5555555555556,0.0,0.0,0.0005015712,0.0
-2.77777777777778,0.0,11.5555555555556,0.0,0.0,0.00012864242,0.0
-2.88888888888889,0.0,11.5555555555556,0.0,0.0,0.0030541648,0.0
-3.0,0.0,11.5555555555556,0.0,0.0,0.0019271792,0.0
-3.11111111111111,0.0,11.5555555555556,0.0,0.0,0.004001217,0.0
-3.22222222222222,0.0,11.5555555555556,0.0,0.0,0.00089033553,0.0
-3.33333333333333,0.0,11.5555555555556,0.0,0.0,0.00057438214,0.0
-3.44444444444444,0.0,11.5555555555556,0.0,0.0,0.0004943448,0.0
-3.55555555555556,0.0,11.5555555555556,0.0,0.0,0.001248761,0.0
-3.66666666666667,0.0,11.5555555555556,0.0,0.0,0.0023607658,0.0
-3.77777777777778,0.0,11.5555555555556,0.0,0.0,0.0051463605,0.0
-3.88888888888889,0.0,11.5555555555556,0.0,0.0,0.00024593738,0.0
-4.0,0.0,11.5555555555556,0.0,0.0,0.002433155,0.0
-4.11111111111111,0.0,11.5555555555556,0.0,0.0,0.00025761078,0.0
-4.22222222222222,0.0,11.5555555555556,0.0,0.0,0.0005062213,0.0
-4.33333333333333,0.0,11.5555555555556,0.0,0.0,0.002047168,0.0
-4.44444444444444,0.0,11.5555555555556,0.0,0.0,0.007480398,0.0
-4.55555555555556,0.0,11.5555555555556,0.0,0.0,0.004997625,0.0
-4.66666666666667,0.0,11.5555555555556,0.0,0.0,0.00015036538,0.0
-4.77777777777778,0.0,11.5555555555556,0.0,0.0,4.195899e-05,0.0
-4.88888888888889,0.0,11.5555555555556,0.0,0.0,0.0017280355,0.0
-0.333333333333333,0.0,11.6666666666667,0.0,0.0,0.00074593275,0.0
-0.444444444444444,0.0,11.6666666666667,0.0,0.0,0.0004424594,0.0
-0.555555555555556,0.0,11.6666666666667,0.0,0.0,0.00015720793,0.0
-0.666666666666667,0.0,11.6666666666667,0.0,0.0,0.004150021,0.0
-0.777777777777778,0.0,11.6666666666667,0.0,0.0,7.0354426e-06,0.0
-0.888888888888889,0.0,11.6666666666667,0.0,0.0,0.0025235908,0.0
-1.0,0.0,11.6666666666667,0.0,0.0,0.0027796365,0.0
-1.11111111111111,0.0,11.6666666666667,0.0,0.0,0.0058242627,0.0
-1.22222222222222,0.0,11.6666666666667,0.0,0.0,0.00010835944,0.0
-1.33333333333333,0.0,11.6666666666667,0.0,0.0,0.0030179084,0.0
-1.44444444444444,0.0,11.6666666666667,0.0,0.0,0.0021440855,0.0
-1.55555555555556,0.0,11.6666666666667,0.0,0.0,0.0005224037,0.0
-1.66666666666667,0.0,11.6666666666667,0.0,0.0,0.0035909363,0.0
-1.77777777777778,0.0,11.6666666666667,0.0,0.0,0.0023441573,0.0
-1.88888888888889,0.0,11.6666666666667,0.0,0.0,0.00033014696,0.0
-2.0,0.0,11.6666666666667,0.0,0.0,0.00024075308,0.0
-2.11111111111111,0.0,11.6666666666667,0.0,0.0,0.00043226065,0.0
-2.22222222222222,0.0,11.6666666666667,0.0,0.0,0.0008377034,0.0
-2.33333333333333,0.0,11.6666666666667,0.0,0.0,0.0009990875,0.0
-2.44444444444444,0.0,11.6666666666667,0.0,0.0,0.002443868,0.0
-2.55555555555556,0.0,11.6666666666667,0.0,0.0,0.0003516362,0.0
-2.66666666666667,0.0,11.6666666666667,0.0,0.0,0.0005042131,0.0
-2.77777777777778,0.0,11.6666666666667,0.0,0.0,0.00020034195,0.0
-2.88888888888889,0.0,11.6666666666667,0.0,0.0,0.007019525,0.0
-3.0,0.0,11.6666666666667,0.0,0.0,0.0015041681,0.0
-3.11111111111111,0.0,11.6666666666667,0.0,0.0,0.0039708586,0.0
-3.22222222222222,0.0,11.6666666666667,0.0,0.0,0.0004232417,0.0
-3.33333333333333,0.0,11.6666666666667,0.0,0.0,0.0006329221,0.0
-3.44444444444444,0.0,11.6666666666667,0.0,0.0,0.0014465819,0.0
-3.55555555555556,0.0,11.6666666666667,0.0,0.0,0.0019528276,0.0
-3.66666666666667,0.0,11.6666666666667,0.0,0.0,0.003087172,0.0
-3.77777777777778,0.0,11.6666666666667,0.0,0.0,0.0010904399,0.0
-3.88888888888889,0.0,11.6666666666667,0.0,0.0,0.0008220834,0.0
-4.0,0.0,11.6666666666667,0.0,0.0,0.00056954793,0.0
-4.11111111111111,0.0,11.6666666666667,0.0,0.0,6.2329906e-05,0.0
-4.22222222222222,0.0,11.6666666666667,0.0,0.0,0.00043657105,0.0
-4.33333333333333,0.0,11.6666666666667,0.0,0.0,0.0012661287,0.0
-4.44444444444444,0.0,11.6666666666667,0.0,0.0,0.0083697215,0.0
-4.55555555555556,0.0,11.6666666666667,0.0,0.0,0.0016940614,0.0
-4.66666666666667,0.0,11.6666666666667,0.0,0.0,0.0005043095,0.0
-4.77777777777778,0.0,11.6666666666667,0.0,0.0,0.00061333564,0.0
-4.88888888888889,0.0,11.6666666666667,0.0,0.0,0.00071924645,0.0
-0.333333333333333,0.0,11.7777777777778,0.0,0.0,0.0005460273,0.0
-0.444444444444444,0.0,11.7777777777778,0.0,0.0,0.00086842274,0.0
-0.555555555555556,0.0,11.7777777777778,0.0,0.0,0.00030285786,0.0
-0.666666666666667,0.0,11.7777777777778,0.0,0.0,0.0017573838,0.0
-0.777777777777778,0.0,11.7777777777778,0.0,0.0,0.0004211454,0.0
-0.888888888888889,0.0,11.7777777777778,0.0,0.0,0.000775391,0.0
-1.0,0.0,11.7777777777778,0.0,0.0,0.008837352,0.0
-1.11111111111111,0.0,11.7777777777778,0.0,0.0,0.0023945912,0.0
-1.22222222222222,0.0,11.7777777777778,0.0,0.0,0.0015447203,0.0
-1.33333333333333,0.0,11.7777777777778,0.0,0.0,0.004045421,0.0
-1.44444444444444,0.0,11.7777777777778,0.0,0.0,0.0011513231,0.0
-1.55555555555556,0.0,11.7777777777778,0.0,0.0,0.000535821,0.0
-1.66666666666667,0.0,11.7777777777778,0.0,0.0,0.00089705526,0.0
-1.77777777777778,0.0,11.7777777777778,0.0,0.0,0.0027328813,0.0
-1.88888888888889,0.0,11.7777777777778,0.0,0.0,0.00026499704,0.0
-2.0,0.0,11.7777777777778,0.0,0.0,0.0029710997,0.0
-2.11111111111111,0.0,11.7777777777778,0.0,0.0,5.1864266e-05,0.0
-2.22222222222222,0.0,11.7777777777778,0.0,0.0,0.0008355339,0.0
-2.33333333333333,0.0,11.7777777777778,0.0,0.0,0.0011060784,0.0
-2.44444444444444,0.0,11.7777777777778,0.0,0.0,0.000895056,0.0
-2.55555555555556,0.0,11.7777777777778,0.0,0.0,0.00034356405,0.0
-2.66666666666667,0.0,11.7777777777778,0.0,0.0,0.0009863151,0.0
-2.77777777777778,0.0,11.7777777777778,0.0,0.0,0.0005817959,0.0
-2.88888888888889,0.0,11.7777777777778,0.0,0.0,0.004136028,0.0
-3.0,0.0,11.7777777777778,0.0,0.0,0.00033803348,0.0
-3.11111111111111,0.0,11.7777777777778,0.0,0.0,0.0014811943,0.0
-3.22222222222222,0.0,11.7777777777778,0.0,0.0,0.00056943623,0.0
-3.33333333333333,0.0,11.7777777777778,0.0,0.0,0.00041935337,0.0
-3.44444444444444,0.0,11.7777777777778,0.0,0.0,0.0021045716,0.0
-3.55555555555556,0.0,11.7777777777778,0.0,0.0,0.0019220789,0.0
-3.66666666666667,0.0,11.7777777777778,0.0,0.0,0.0031378875,0.0
-3.77777777777778,0.0,11.7777777777778,0.0,0.0,6.610077e-05,0.0
-3.88888888888889,0.0,11.7777777777778,0.0,0.0,0.0020303903,0.0
-4.0,0.0,11.7777777777778,0.0,0.0,0.00065387273,0.0
-4.11111111111111,0.0,11.7777777777778,0.0,0.0,0.0011418446,0.0
-4.22222222222222,0.0,11.7777777777778,0.0,0.0,0.00048414822,0.0
-4.33333333333333,0.0,11.7777777777778,0.0,0.0,0.0013305033,0.0
-4.44444444444444,0.0,11.7777777777778,0.0,0.0,0.003529589,0.0
-4.55555555555556,0.0,11.7777777777778,0.0,0.0,0.0004172858,0.0
-4.66666666666667,0.0,11.7777777777778,0.0,0.0,0.0018489016,0.0
-4.77777777777778,0.0,11.7777777777778,0.0,0.0,0.0017622215,0.0
-4.88888888888889,0.0,11.7777777777778,0.0,0.0,0.0015595707,0.0
-0.333333333333333,0.0,11.8888888888889,0.0,0.0,0.0010451251,0.0
-0.444444444444444,0.0,11.8888888888889,0.0,0.0,0.0008473088,0.0
-0.555555555555556,0.0,11.8888888888889,0.0,0.0,0.00046990585,0.0
-0.666666666666667,0.0,11.8888888888889,0.0,0.0,0.005143014,0.0
-0.777777777777778,0.0,11.8888888888889,0.0,0.0,0.0012425742,0.0
-0.888888888888889,0.0,11.8888888888889,0.0,0.0,8.680462e-05,0.0
-1.0,0.0,11.8888888888889,0.0,0.0,0.008818848,0.0
-1.11111111111111,0.0,11.8888888888889,0.0,0.0,0.00055451144,0.0
-1.22222222222222,0.0,11.8888888888889,0.0,0.0,0.0046052723,0.0
-1.33333333333333,0.0,11.8888888888889,0.0,0.0,0.0035688032,0.0
-1.44444444444444,0.0,11.8888888888889,0.0,0.0,0.0007616596,0.0
-1.55555555555556,0.0,11.8888888888889,0.0,0.0,0.0007194875,0.0
-1.66666666666667,0.0,11.8888888888889,0.0,0.0,0.00042531238,0.0
-1.77777777777778,0.0,11.8888888888889,0.0,0.0,0.0016697387,0.0
-1.88888888888889,0.0,11.8888888888889,0.0,0.0,0.0005259804,0.0
-2.0,0.0,11.8888888888889,0.0,0.0,0.0070817103,0.0
-2.11111111111111,0.0,11.8888888888889,0.0,0.0,1.40642e-05,0.0
-2.22222222222222,0.0,11.8888888888889,0.0,0.0,0.0016424521,0.0
-2.33333333333333,0.0,11.8888888888889,0.0,0.0,0.0005035155,0.0
-2.44444444444444,0.0,11.8888888888889,0.0,0.0,0.00015350766,0.0
-2.55555555555556,0.0,11.8888888888889,0.0,0.0,0.00076626014,0.0
-2.66666666666667,0.0,11.8888888888889,0.0,0.0,0.000993992,0.0
-2.77777777777778,0.0,11.8888888888889,0.0,0.0,0.00074524357,0.0
-2.88888888888889,0.0,11.8888888888889,0.0,0.0,0.001437739,0.0
-3.0,0.0,11.8888888888889,0.0,0.0,0.00054936187,0.0
-3.11111111111111,0.0,11.8888888888889,0.0,0.0,0.0011939956,0.0
-3.22222222222222,0.0,11.8888888888889,0.0,0.0,0.0011192721,0.0
-3.33333333333333,0.0,11.8888888888889,0.0,0.0,0.00018746834,0.0
-3.44444444444444,0.0,11.8888888888889,0.0,0.0,0.0020645899,0.0
-3.55555555555556,0.0,11.8888888888889,0.0,0.0,0.0026023493,0.0
-3.66666666666667,0.0,11.8888888888889,0.0,0.0,0.0018969863,0.0
-3.77777777777778,0.0,11.8888888888889,0.0,0.0,0.00047745678,0.0
-3.88888888888889,0.0,11.8888888888889,0.0,0.0,0.0019296767,0.0
-4.0,0.0,11.8888888888889,0.0,0.0,0.0045028483,0.0
-4.11111111111111,0.0,11.8888888888889,0.0,0.0,0.0029379532,0.0
-4.22222222222222,0.0,11.8888888888889,0.0,0.0,2.3953435e-05,0.0
-4.33333333333333,0.0,11.8888888888889,0.0,0.0,0.00050094305,0.0
-4.44444444444444,0.0,11.8888888888889,0.0,0.0,0.00038862863,0.0
-4.55555555555556,0.0,11.8888888888889,0.0,0.0,0.00050608424,0.0
-4.66666666666667,0.0,11.8888888888889,0.0,0.0,0.0031874154,0.0
-4.77777777777778,0.0,11.8888888888889,0.0,0.0,0.0020141953,0.0
-4.88888888888889,0.0,11.8888888888889,0.0,0.0,0.0015975039,0.0
-0.333333333333333,0.0,12.0,0.0,0.0,0.00192886,0.0
-0.444444444444444,0.0,12.0,0.0,0.0,0.00015304486,0.0
-0.555555555555556,0.0,12.0,0.0,0.0,0.00040770427,0.0
-0.666666666666667,0.0,12.0,0.0,0.0,0.006916306,0.0
-0.777777777777778,0.0,12.0,0.0,0.0,0.0013397206,0.0
-0.888888888888889,0.0,12.0,0.0,0.0,0.00036079457,0.0
-1.11111111111111,0.0,12.0,0.0,0.0,0.00015957563,0.0
-1.22222222222222,0.0,12.0,0.0,0.0,0.0034810116,0.0
-1.33333333333333,0.0,12.0,0.0,0.0,0.0026644447,0.0
-1.44444444444444,0.0,12.0,0.0,0.0,0.0023874224,0.0
-1.55555555555556,0.0,12.0,0.0,0.0,0.0007478888,0.0
-1.66666666666667,0.0,12.0,0.0,0.0,0.0019598757,0.0
-1.77777777777778,0.0,12.0,0.0,0.0,0.00010961341,0.0
-1.88888888888889,0.0,12.0,0.0,0.0,0.00018667679,0.0
-2.11111111111111,0.0,12.0,0.0,0.0,0.00016658026,0.0
-2.22222222222222,0.0,12.0,0.0,0.0,0.0019218154,0.0
-2.33333333333333,0.0,12.0,0.462319040706841,0.0,0.00028112414,0.011211191959596193
-2.44444444444444,0.0,12.0,0.0,0.0,0.00033244453,0.0
-2.55555555555556,0.0,12.0,0.0,0.0,0.00042390169,0.0
-2.66666666666667,0.0,12.0,0.0,0.0,0.0007585033,0.0
-2.77777777777778,0.0,12.0,0.0,0.0,8.436889e-06,0.0
-2.88888888888889,0.0,12.0,0.0,0.0,0.0019899812,0.0
-3.11111111111111,0.0,12.0,0.0,0.0,0.0018031471,0.0
-3.22222222222222,0.0,12.0,0.0,0.0,0.0011823778,0.0
-3.33333333333333,0.0,12.0,0.0,0.0,8.420127e-08,0.0
-3.44444444444444,0.0,12.0,0.0,0.0,0.001561056,0.0
-3.55555555555556,0.0,12.0,0.0,0.0,0.0025217172,0.0
-3.66666666666667,0.0,12.0,0.0,0.0,0.00053520687,0.0
-3.77777777777778,0.0,12.0,0.0,0.0,0.00028817463,0.0
-3.88888888888889,0.0,12.0,0.0,0.0,0.00087908143,0.0
-4.11111111111111,0.0,12.0,0.0,0.0,0.004146133,0.0
-4.22222222222222,0.0,12.0,0.0,0.0,0.0012535059,0.0
-4.33333333333333,0.0,12.0,0.599024574861012,0.0,0.00013958872,0.014526287922328551
-4.44444444444444,0.0,12.0,0.0,0.0,2.1450553e-05,0.0
-4.55555555555556,0.0,12.0,0.0,0.0,9.655588e-05,0.0
-4.66666666666667,0.0,12.0,0.0,0.0,0.002595442,0.0
-4.77777777777778,0.0,12.0,0.0,0.0,0.00095777813,0.0
-4.88888888888889,0.0,12.0,0.0,0.0,0.0014295724,0.0
-0.333333333333333,0.0,12.1111111111111,0.0,0.0,0.0023933963,0.0
-0.444444444444444,0.0,12.1111111111111,0.0,0.0,0.00013733601,0.0
-0.555555555555556,0.0,12.1111111111111,0.0,0.0,0.00041199964,0.0
-0.666666666666667,0.0,12.1111111111111,0.0,0.0,0.003468661,0.0
-0.777777777777778,0.0,12.1111111111111,0.0,0.0,0.0012357316,0.0
-0.888888888888889,0.0,12.1111111111111,0.0,0.0,0.0035627799,0.0
-1.0,0.0,12.1111111111111,0.0,0.0,0.0033167657,0.0
-1.11111111111111,0.0,12.1111111111111,0.0,0.0,2.2634003e-05,0.0
-1.22222222222222,0.0,12.1111111111111,0.0,0.0,0.0016388529,0.0
-1.33333333333333,0.0,12.1111111111111,0.0,0.0,0.0035390467,0.0
-1.44444444444444,0.0,12.1111111111111,0.0,0.0,0.0069496646,0.0
-1.55555555555556,0.0,12.1111111111111,0.0,0.0,0.0004745146,0.0
-1.66666666666667,0.0,12.1111111111111,0.0,0.0,0.0018663697,0.0
-1.77777777777778,0.0,12.1111111111111,0.0,0.0,0.0005604911,0.0
-1.88888888888889,0.0,12.1111111111111,0.0,0.0,0.0003547058,0.0
-2.0,0.0,12.1111111111111,0.0,0.0,0.0040146955,0.0
-2.11111111111111,0.0,12.1111111111111,0.0,0.0,0.0004999567,0.0
-2.22222222222222,0.0,12.1111111111111,0.0,0.0,0.0014002918,0.0
-2.33333333333333,0.0,12.1111111111111,0.0,0.0,0.0011146972,0.0
-2.44444444444444,0.0,12.1111111111111,0.0,0.0,0.0002625784,0.0
-2.55555555555556,0.0,12.1111111111111,0.0,0.0,2.3008527e-06,0.0
-2.66666666666667,0.0,12.1111111111111,0.0,0.0,0.0012268112,0.0
-2.77777777777778,0.0,12.1111111111111,0.0,0.0,0.0017000427,0.0
-2.88888888888889,0.0,12.1111111111111,0.0,0.0,0.0014933827,0.0
-3.0,0.0,12.1111111111111,0.0,0.0,0.005242244,0.0
-3.11111111111111,0.0,12.1111111111111,0.0,0.0,0.00050349423,0.0
-3.22222222222222,0.0,12.1111111111111,0.0,0.0,0.000847719,0.0
-3.33333333333333,0.0,12.1111111111111,0.0,0.0,0.0005030066,0.0
-3.44444444444444,0.0,12.1111111111111,0.0,0.0,0.0012367989,0.0
-3.55555555555556,0.0,12.1111111111111,0.0,0.0,0.0012635979,0.0
-3.66666666666667,0.0,12.1111111111111,0.0,0.0,0.00013186182,0.0
-3.77777777777778,0.0,12.1111111111111,0.0,0.0,0.000973529,0.0
-3.88888888888889,0.0,12.1111111111111,0.0,0.0,0.00037926802,0.0
-4.0,0.0,12.1111111111111,0.0,0.0,0.008334023,0.0
-4.11111111111111,0.0,12.1111111111111,0.0,0.0,0.004253917,0.0
-4.22222222222222,0.0,12.1111111111111,0.0,0.0,0.002718516,0.0
-4.33333333333333,0.0,12.1111111111111,0.0,0.0,0.0015306942,0.0
-4.44444444444444,0.0,12.1111111111111,0.0,0.0,0.00050330407,0.0
-4.55555555555556,0.0,12.1111111111111,0.0,0.0,0.00059572986,0.0
-4.66666666666667,0.0,12.1111111111111,0.0,0.0,0.0008881879,0.0
-4.77777777777778,0.0,12.1111111111111,0.0,0.0,0.00016121958,0.0
-4.88888888888889,0.0,12.1111111111111,0.0,0.0,0.0030377742,0.0
-0.333333333333333,0.0,12.2222222222222,0.0,0.0,0.002857862,0.0
-0.444444444444444,0.0,12.2222222222222,0.0,0.0,6.2633706e-05,0.0
-0.555555555555556,0.0,12.2222222222222,0.0,0.0,0.0014131181,0.0
-0.666666666666667,0.0,12.2222222222222,0.0,0.0,0.0006315113,0.0
-0.777777777777778,0.0,12.2222222222222,0.0,0.0,0.0023231492,0.0
-0.888888888888889,0.0,12.2222222222222,0.0,0.0,0.0046645096,0.0
-1.0,0.0,12.2222222222222,0.0,0.0,0.0064783297,0.0
-1.11111111111111,0.0,12.2222222222222,0.0,0.0,0.0004265222,0.0
-1.22222222222222,0.0,12.2222222222222,0.0,0.0,0.0013992698,0.0
-1.33333333333333,0.0,12.2222222222222,0.0,0.0,0.0030314375,0.0
-1.44444444444444,0.0,12.2222222222222,0.0,0.0,0.009999553,0.0
-1.55555555555556,0.0,12.2222222222222,0.0,0.0,0.00045232533,0.0
-1.66666666666667,0.0,12.2222222222222,0.0,0.0,0.0011758299,0.0
-1.77777777777778,0.0,12.2222222222222,0.0,0.0,0.0002715868,0.0
-1.88888888888889,0.0,12.2222222222222,0.0,0.0,0.002110254,0.0
-2.0,0.0,12.2222222222222,0.0,0.0,0.001781082,0.0
-2.11111111111111,0.0,12.2222222222222,0.0,0.0,0.0008759683,0.0
-2.22222222222222,0.0,12.2222222222222,0.0,0.0,0.0020260478,0.0
-2.33333333333333,0.0,12.2222222222222,0.0,0.0,0.0020062581,0.0
-2.44444444444444,0.0,12.2222222222222,0.0,0.0,0.00038872086,0.0
-2.55555555555556,0.0,12.2222222222222,0.0,0.0,0.0006197185,0.0
-2.66666666666667,0.0,12.2222222222222,0.0,0.0,0.0009089968,0.0
-2.77777777777778,0.0,12.2222222222222,0.0,0.0,0.0055757994,0.0
-2.88888888888889,0.0,12.2222222222222,0.0,0.0,0.0024215207,0.0
-3.0,0.0,12.2222222222222,0.0,0.0,0.001488221,0.0
-3.11111111111111,0.0,12.2222222222222,0.0,0.0,5.3153737e-05,0.0
-3.22222222222222,0.0,12.2222222222222,0.0,0.0,0.0004865267,0.0
-3.33333333333333,0.0,12.2222222222222,0.0,0.0,0.0013613433,0.0
-3.44444444444444,0.0,12.2222222222222,0.0,0.0,0.0013271614,0.0
-3.55555555555556,0.0,12.2222222222222,0.0,0.0,0.00036332893,0.0
-3.66666666666667,0.0,12.2222222222222,0.0,0.0,0.00051916094,0.0
-3.77777777777778,0.0,12.2222222222222,0.0,0.0,0.0005225469,0.0
-3.88888888888889,0.0,12.2222222222222,0.0,0.0,3.327796e-05,0.0
-4.0,0.0,12.2222222222222,0.0,0.0,0.0033734178,0.0
-4.11111111111111,0.0,12.2222222222222,0.0,0.0,0.0032678326,0.0
-4.22222222222222,0.0,12.2222222222222,0.0,0.0,0.0020149532,0.0
-4.33333333333333,0.0,12.2222222222222,0.0,0.0,0.0010242957,0.0
-4.44444444444444,0.0,12.2222222222222,0.0,0.0,0.0013885527,0.0
-4.55555555555556,0.0,12.2222222222222,0.0,0.0,0.0010936053,0.0
-4.66666666666667,0.0,12.2222222222222,0.0,0.0,0.00010808607,0.0
-4.77777777777778,0.0,12.2222222222222,0.0,0.0,0.0001453818,0.0
-4.88888888888889,0.0,12.2222222222222,0.0,0.0,0.0024279556,0.0
-0.333333333333333,0.0,12.3333333333333,0.0,0.0,0.0031386313,0.0
-0.444444444444444,0.0,12.3333333333333,0.0,0.0,0.00075744366,0.0
-0.555555555555556,0.0,12.3333333333333,0.0,0.0,0.0027412947,0.0
-0.666666666666667,0.0,12.3333333333333,0.0,0.0,0.00055504247,0.0
-0.777777777777778,0.0,12.3333333333333,0.0,0.0,0.0039611636,0.0
-0.888888888888889,0.0,12.3333333333333,0.0,0.0,0.00073460967,0.0
-1.0,0.0,12.3333333333333,0.0,0.0,0.010357471,0.0
-1.11111111111111,0.0,12.3333333333333,0.0,0.0,0.0022207976,0.0
-1.22222222222222,0.0,12.3333333333333,0.0,0.0,0.00073565886,0.0
-1.33333333333333,0.0,12.3333333333333,0.0,0.0,0.00045940233,0.0
-1.44444444444444,0.0,12.3333333333333,0.0,0.0,0.007600315,0.0
-1.55555555555556,0.0,12.3333333333333,0.0,0.0,0.0011197055,0.0
-1.66666666666667,0.0,12.3333333333333,0.0,0.0,0.00045007226,0.0
-1.77777777777778,0.0,12.3333333333333,0.0,0.0,0.00075303315,0.0
-1.88888888888889,0.0,12.3333333333333,0.0,0.0,0.002706047,0.0
-2.0,0.0,12.3333333333333,0.0,0.0,0.0021162042,0.0
-2.11111111111111,0.0,12.3333333333333,0.0,0.0,0.0016652584,0.0
-2.22222222222222,0.0,12.3333333333333,0.0,0.0,0.0015335457,0.0
-2.33333333333333,0.0,12.3333333333333,0.0,0.0,0.0015313127,0.0
-2.44444444444444,0.0,12.3333333333333,0.0,0.0,0.0017891865,0.0
-2.55555555555556,0.0,12.3333333333333,0.0,0.0,0.002269898,0.0
-2.66666666666667,0.0,12.3333333333333,0.0,0.0,0.00084677537,0.0
-2.77777777777778,0.0,12.3333333333333,0.0,0.0,0.0059316177,0.0
-2.88888888888889,0.0,12.3333333333333,0.0,0.0,0.0027300576,0.0
-3.0,0.0,12.3333333333333,0.0,0.0,0.0018864234,0.0
-3.11111111111111,0.0,12.3333333333333,0.0,0.0,9.107676e-05,0.0
-3.22222222222222,0.0,12.3333333333333,0.0,0.0,0.00048292553,0.0
-3.33333333333333,0.0,12.3333333333333,0.0,0.0,0.00069329416,0.0
-3.44444444444444,0.0,12.3333333333333,0.0,0.0,0.00092134427,0.0
-3.55555555555556,0.0,12.3333333333333,0.0,0.0,7.269395e-05,0.0
-3.66666666666667,0.0,12.3333333333333,0.0,0.0,0.0019034861,0.0
-3.77777777777778,0.0,12.3333333333333,0.0,0.0,0.00031134128,0.0
-3.88888888888889,0.0,12.3333333333333,0.0,0.0,0.0005947005,0.0
-4.0,0.0,12.3333333333333,0.0,0.0,0.0014285862,0.0
-4.11111111111111,0.0,12.3333333333333,0.0,0.0,0.0016276145,0.0
-4.22222222222222,0.0,12.3333333333333,0.0,0.0,0.0008533221,0.0
-4.33333333333333,0.0,12.3333333333333,0.0,0.0,8.022784e-06,0.0
-4.44444444444444,0.0,12.3333333333333,0.0,0.0,0.0006915873,0.0
-4.55555555555556,0.0,12.3333333333333,0.0,0.0,0.00036860083,0.0
-4.66666666666667,0.0,12.3333333333333,0.0,0.0,1.7811675e-05,0.0
-4.77777777777778,0.0,12.3333333333333,0.0,0.0,0.0004845043,0.0
-4.88888888888889,0.0,12.3333333333333,0.0,0.0,0.00023725108,0.0
-0.333333333333333,0.0,12.4444444444444,0.0,0.0,0.0021571827,0.0
-0.444444444444444,0.0,12.4444444444444,0.0,0.0,0.004988614,0.0
-0.555555555555556,0.0,12.4444444444444,0.0,0.0,0.0024702058,0.0
-0.666666666666667,0.0,12.4444444444444,0.0,0.0,0.0042241425,0.0
-0.777777777777778,0.0,12.4444444444444,0.0,0.0,0.0046183467,0.0
-0.888888888888889,0.0,12.4444444444444,0.0,0.0,0.001991035,0.0
-1.0,0.0,12.4444444444444,0.0,0.0,0.013505399,0.0
-1.11111111111111,0.0,12.4444444444444,0.0,0.0,0.0052084317,0.0
-1.22222222222222,0.0,12.4444444444444,0.0,0.0,0.002146527,0.0
-1.33333333333333,0.0,12.4444444444444,0.0,0.0,0.0004306371,0.0
-1.44444444444444,0.0,12.4444444444444,0.0,0.0,0.003752809,0.0
-1.55555555555556,0.0,12.4444444444444,0.0,0.0,0.005491959,0.0
-1.66666666666667,0.0,12.4444444444444,0.0,0.0,1.2891875e-05,0.0
-1.77777777777778,0.0,12.4444444444444,0.0,0.0,0.004330467,0.0
-1.88888888888889,0.0,12.4444444444444,0.0,0.0,0.0019850964,0.0
-2.0,0.0,12.4444444444444,0.0,0.0,0.007061696,0.0
-2.11111111111111,0.0,12.4444444444444,0.0,0.0,0.0021351436,0.0
-2.22222222222222,0.0,12.4444444444444,0.0,0.0,0.00048809376,0.0
-2.33333333333333,0.0,12.4444444444444,0.0,0.0,0.000790554,0.0
-2.44444444444444,0.0,12.4444444444444,0.0,0.0,0.0042984,0.0
-2.55555555555556,0.0,12.4444444444444,0.0,0.0,0.0031924644,0.0
-2.66666666666667,0.0,12.4444444444444,0.0,0.0,0.0009852586,0.0
-2.77777777777778,0.0,12.4444444444444,0.0,0.0,0.0036347278,0.0
-2.88888888888889,0.0,12.4444444444444,0.0,0.0,0.0011924943,0.0
-3.0,0.0,12.4444444444444,0.0,0.0,0.0043127565,0.0
-3.11111111111111,0.0,12.4444444444444,0.0,0.0,0.00026751886,0.0
-3.22222222222222,0.0,12.4444444444444,0.0,0.0,0.00067842467,0.0
-3.33333333333333,0.0,12.4444444444444,0.0,0.0,0.0009512111,0.0
-3.44444444444444,0.0,12.4444444444444,0.0,0.0,0.0003505971,0.0
-3.55555555555556,0.0,12.4444444444444,0.0,0.0,3.0683714e-05,0.0
-3.66666666666667,0.0,12.4444444444444,0.0,0.0,0.0029535464,0.0
-3.77777777777778,0.0,12.4444444444444,0.0,0.0,0.0026837753,0.0
-3.88888888888889,0.0,12.4444444444444,0.0,0.0,0.0021866288,0.0
-4.0,0.0,12.4444444444444,0.0,0.0,0.005374345,0.0
-4.11111111111111,0.0,12.4444444444444,0.0,0.0,0.0006067229,0.0
-4.22222222222222,0.0,12.4444444444444,0.0,0.0,0.0015479673,0.0
-4.33333333333333,0.0,12.4444444444444,0.0,0.0,0.0009203895,0.0
-4.44444444444444,0.0,12.4444444444444,0.0,0.0,1.605235e-05,0.0
-4.55555555555556,0.0,12.4444444444444,0.0,0.0,2.4043786e-05,0.0
-4.66666666666667,0.0,12.4444444444444,0.0,0.0,0.00010798298,0.0
-4.77777777777778,0.0,12.4444444444444,0.0,0.0,0.0008024056,0.0
-4.88888888888889,0.0,12.4444444444444,0.0,0.0,0.0018447062,0.0
-0.333333333333333,0.0,12.5555555555556,0.0,0.0,0.0007902273,0.0
-0.444444444444444,0.0,12.5555555555556,0.0,0.0,0.007540954,0.0
-0.555555555555556,0.0,12.5555555555556,0.0,0.0,0.0014661251,0.0
-0.666666666666667,0.0,12.5555555555556,0.0,0.0,0.0081030475,0.0
-0.777777777777778,0.0,12.5555555555556,0.0,0.0,0.003974525,0.0
-0.888888888888889,0.0,12.5555555555556,0.0,0.0,0.0046167662,0.0
-1.0,0.0,12.5555555555556,0.0,0.0,0.011419787,0.0
-1.11111111111111,0.0,12.5555555555556,0.0,0.0,0.004663633,0.0
-1.22222222222222,0.0,12.5555555555556,0.0,0.0,0.0031949366,0.0
-1.33333333333333,0.0,12.5555555555556,0.0,0.0,0.0016203987,0.0
-1.44444444444444,0.0,12.5555555555556,0.0,0.0,0.0021293683,0.0
-1.55555555555556,0.0,12.5555555555556,0.0,0.0,0.009797581,0.0
-1.66666666666667,0.0,12.5555555555556,0.0,0.0,0.00016415934,0.0
-1.77777777777778,0.0,12.5555555555556,0.0,0.0,0.0050214077,0.0
-1.88888888888889,0.0,12.5555555555556,0.0,0.0,0.0015009369,0.0
-2.0,0.0,12.5555555555556,0.0,0.0,0.013162059,0.0
-2.11111111111111,0.0,12.5555555555556,0.0,0.0,0.0017458457,0.0
-2.22222222222222,0.0,12.5555555555556,0.0,0.0,0.00092178583,0.0
-2.33333333333333,0.0,12.5555555555556,0.0,0.0,0.00082819076,0.0
-2.44444444444444,0.0,12.5555555555556,0.0,0.0,0.0051599112,0.0
-2.55555555555556,0.0,12.5555555555556,0.0,0.0,0.0022341204,0.0
-2.66666666666667,0.0,12.5555555555556,0.0,0.0,0.00033600602,0.0
-2.77777777777778,0.0,12.5555555555556,0.0,0.0,0.0021622886,0.0
-2.88888888888889,0.0,12.5555555555556,0.0,0.0,0.0006370169,0.0
-3.0,0.0,12.5555555555556,0.0,0.0,0.0036356985,0.0
-3.11111111111111,0.0,12.5555555555556,0.0,0.0,0.0011208034,0.0
-3.22222222222222,0.0,12.5555555555556,0.0,0.0,0.00037196703,0.0
-3.33333333333333,0.0,12.5555555555556,0.0,0.0,0.0024550199,0.0
-3.44444444444444,0.0,12.5555555555556,0.0,0.0,0.00051747006,0.0
-3.55555555555556,0.0,12.5555555555556,0.0,0.0,0.000108552136,0.0
-3.66666666666667,0.0,12.5555555555556,0.0,0.0,0.0018678977,0.0
-3.77777777777778,0.0,12.5555555555556,0.0,0.0,0.002623637,0.0
-3.88888888888889,0.0,12.5555555555556,0.0,0.0,0.0027007624,0.0
-4.0,0.0,12.5555555555556,0.0,0.0,0.0070716906,0.0
-4.11111111111111,0.0,12.5555555555556,0.0,0.0,0.00047562848,0.0
-4.22222222222222,0.0,12.5555555555556,0.0,0.0,0.0020758603,0.0
-4.33333333333333,0.0,12.5555555555556,0.0,0.0,0.0009489179,0.0
-4.44444444444444,0.0,12.5555555555556,0.0,0.0,0.00024488766,0.0
-4.55555555555556,0.0,12.5555555555556,0.0,0.0,6.356064e-05,0.0
-4.66666666666667,0.0,12.5555555555556,0.0,0.0,0.00038711622,0.0
-4.77777777777778,0.0,12.5555555555556,0.0,0.0,0.00049355964,0.0
-4.88888888888889,0.0,12.5555555555556,0.0,0.0,0.0032893787,0.0
-0.333333333333333,0.0,12.6666666666667,0.0,0.0,0.00021971443,0.0
-0.444444444444444,0.0,12.6666666666667,0.0,0.0,0.004488524,0.0
-0.555555555555556,0.0,12.6666666666667,0.0,0.0,0.0010687476,0.0
-0.666666666666667,0.0,12.6666666666667,0.0,0.0,0.006762199,0.0
-0.777777777777778,0.0,12.6666666666667,0.0,0.0,0.0033269748,0.0
-0.888888888888889,0.0,12.6666666666667,0.0,0.0,0.001930172,0.0
-1.0,0.0,12.6666666666667,0.0,0.0,0.0039299875,0.0
-1.11111111111111,0.0,12.6666666666667,0.0,0.0,0.0011674566,0.0
-1.22222222222222,0.0,12.6666666666667,0.0,0.0,0.00109171,0.0
-1.33333333333333,0.0,12.6666666666667,0.0,0.0,0.0013190525,0.0
-1.44444444444444,0.0,12.6666666666667,0.0,0.0,0.0024558762,0.0
-1.55555555555556,0.0,12.6666666666667,0.0,0.0,0.006945019,0.0
-1.66666666666667,0.0,12.6666666666667,0.0,0.0,0.0015554663,0.0
-1.77777777777778,0.0,12.6666666666667,0.0,0.0,0.0022217203,0.0
-1.88888888888889,0.0,12.6666666666667,0.0,0.0,7.510715e-05,0.0
-2.0,0.0,12.6666666666667,0.0,0.0,0.0125594,0.0
-2.11111111111111,0.0,12.6666666666667,0.0,0.0,0.0008802722,0.0
-2.22222222222222,0.0,12.6666666666667,0.0,0.0,0.0013846554,0.0
-2.33333333333333,0.0,12.6666666666667,0.0,0.0,0.0002307299,0.0
-2.44444444444444,0.0,12.6666666666667,0.0,0.0,0.003341753,0.0
-2.55555555555556,0.0,12.6666666666667,0.0,0.0,0.0011542094,0.0
-2.66666666666667,0.0,12.6666666666667,0.0,0.0,0.00046278434,0.0
-2.77777777777778,0.0,12.6666666666667,0.0,0.0,0.0013167792,0.0
-2.88888888888889,0.0,12.6666666666667,0.0,0.0,0.000781404,0.0
-3.0,0.0,12.6666666666667,0.0,0.0,0.0023388648,0.0
-3.11111111111111,0.0,12.6666666666667,0.0,0.0,0.00062966696,0.0
-3.22222222222222,0.0,12.6666666666667,0.0,0.0,6.413902e-05,0.0
-3.33333333333333,0.0,12.6666666666667,0.0,0.0,0.0012847898,0.0
-3.44444444444444,0.0,12.6666666666667,0.0,0.0,7.895219e-06,0.0
-3.55555555555556,0.0,12.6666666666667,0.0,0.0,0.001311421,0.0
-3.66666666666667,0.0,12.6666666666667,0.0,0.0,0.00094446435,0.0
-3.77777777777778,0.0,12.6666666666667,0.0,0.0,0.00055455015,0.0
-3.88888888888889,0.0,12.6666666666667,0.0,0.0,0.0013850766,0.0
-4.0,0.0,12.6666666666667,0.0,0.0,0.0033756958,0.0
-4.11111111111111,0.0,12.6666666666667,0.0,0.0,0.000877113,0.0
-4.22222222222222,0.0,12.6666666666667,0.0,0.0,0.0012120694,0.0
-4.33333333333333,0.0,12.6666666666667,0.0,0.0,0.00032479395,0.0
-4.44444444444444,0.0,12.6666666666667,0.0,0.0,0.00018813583,0.0
-4.55555555555556,0.0,12.6666666666667,0.0,0.0,0.0001199687,0.0
-4.66666666666667,0.0,12.6666666666667,0.0,0.0,0.0009992557,0.0
-4.77777777777778,0.0,12.6666666666667,0.0,0.0,0.00022054926,0.0
-4.88888888888889,0.0,12.6666666666667,0.0,0.0,0.0015095444,0.0
-0.333333333333333,0.0,12.7777777777778,0.0,0.0,0.00033068453,0.0
-0.444444444444444,0.0,12.7777777777778,0.0,0.0,0.0013998497,0.0
-0.555555555555556,0.0,12.7777777777778,0.0,0.0,0.00080664584,0.0
-0.666666666666667,0.0,12.7777777777778,0.0,0.0,0.0027667184,0.0
-0.777777777777778,0.0,12.7777777777778,0.0,0.0,0.002907123,0.0
-0.888888888888889,0.0,12.7777777777778,0.0,0.0,0.00026562542,0.0
-1.0,0.0,12.7777777777778,0.0,0.0,4.6972815e-05,0.0
-1.11111111111111,0.0,12.7777777777778,0.0,0.0,0.00026393964,0.0
-1.22222222222222,0.0,12.7777777777778,0.0,0.0,0.00014467089,0.0
-1.33333333333333,0.0,12.7777777777778,0.0,0.0,0.00047366467,0.0
-1.44444444444444,0.0,12.7777777777778,0.0,0.0,0.0029159288,0.0
-1.55555555555556,0.0,12.7777777777778,0.0,0.0,0.0025177943,0.0
-1.66666666666667,0.0,12.7777777777778,0.0,0.0,0.0070783193,0.0
-1.77777777777778,0.0,12.7777777777778,0.0,0.0,0.00049509405,0.0
-1.88888888888889,0.0,12.7777777777778,0.0,0.0,0.0019406693,0.0
-2.0,0.0,12.7777777777778,0.0,0.0,0.0073827263,0.0
-2.11111111111111,0.0,12.7777777777778,0.0,0.0,0.00018138523,0.0
-2.22222222222222,0.0,12.7777777777778,0.0,0.0,0.0025056442,0.0
-2.33333333333333,0.0,12.7777777777778,0.0,0.0,0.001522182,0.0
-2.44444444444444,0.0,12.7777777777778,0.0,0.0,0.0015438024,0.0
-2.55555555555556,0.0,12.7777777777778,0.0,0.0,0.0011273874,0.0
-2.66666666666667,0.0,12.7777777777778,0.0,0.0,0.0012277899,0.0
-2.77777777777778,0.0,12.7777777777778,0.0,0.0,0.001741926,0.0
-2.88888888888889,0.0,12.7777777777778,0.0,0.0,0.0011224584,0.0
-3.0,0.0,12.7777777777778,0.0,0.0,0.0009769441,0.0
-3.11111111111111,0.0,12.7777777777778,0.0,0.0,0.00014993324,0.0
-3.22222222222222,0.0,12.7777777777778,0.0,0.0,0.00018867005,0.0
-3.33333333333333,0.0,12.7777777777778,0.0,0.0,1.8904531e-06,0.0
-3.44444444444444,0.0,12.7777777777778,0.0,0.0,0.0030975179,0.0
-3.55555555555556,0.0,12.7777777777778,0.0,0.0,0.005366553,0.0
-3.66666666666667,0.0,12.7777777777778,0.0,0.0,0.0023021463,0.0
-3.77777777777778,0.0,12.7777777777778,0.0,0.0,0.00025483186,0.0
-3.88888888888889,0.0,12.7777777777778,0.0,0.0,0.0002802788,0.0
-4.0,0.0,12.7777777777778,0.0,0.0,0.003479811,0.0
-4.11111111111111,0.0,12.7777777777778,0.0,0.0,0.00420652,0.0
-4.22222222222222,0.0,12.7777777777778,0.0,0.0,0.0016233688,0.0
-4.33333333333333,0.0,12.7777777777778,0.0,0.0,0.00052964897,0.0
-4.44444444444444,0.0,12.7777777777778,0.0,0.0,0.0004242402,0.0
-4.55555555555556,0.0,12.7777777777778,0.0,0.0,0.0007454044,0.0
-4.66666666666667,0.0,12.7777777777778,0.0,0.0,0.0019474027,0.0
-4.77777777777778,0.0,12.7777777777778,0.0,0.0,0.00084524316,0.0
-4.88888888888889,0.0,12.7777777777778,0.0,0.0,0.0015430371,0.0
-0.333333333333333,0.0,12.8888888888889,0.0,0.0,0.000906658,0.0
-0.444444444444444,0.0,12.8888888888889,0.0,0.0,0.00077598885,0.0
-0.555555555555556,0.0,12.8888888888889,0.0,0.0,0.0012613507,0.0
-0.666666666666667,0.0,12.8888888888889,0.0,0.0,0.00058296614,0.0
-0.777777777777778,0.0,12.8888888888889,0.0,0.0,0.0018587753,0.0
-0.888888888888889,0.0,12.8888888888889,0.0,0.0,0.001625534,0.0
-1.0,0.0,12.8888888888889,0.0,0.0,0.0055587003,0.0
-1.11111111111111,0.0,12.8888888888889,0.0,0.0,0.00131259,0.0
-1.22222222222222,0.0,12.8888888888889,0.0,0.0,0.0005658331,0.0
-1.33333333333333,0.0,12.8888888888889,0.0,0.0,0.0001709423,0.0
-1.44444444444444,0.0,12.8888888888889,0.0,0.0,0.0019467184,0.0
-1.55555555555556,0.0,12.8888888888889,0.0,0.0,0.0030584899,0.0
-1.66666666666667,0.0,12.8888888888889,0.0,0.0,0.016158028,0.0
-1.77777777777778,0.0,12.8888888888889,0.0,0.0,0.0003446787,0.0
-1.88888888888889,0.0,12.8888888888889,0.0,0.0,0.0066294437,0.0
-2.0,0.0,12.8888888888889,0.0,0.0,0.0040527415,0.0
-2.11111111111111,0.0,12.8888888888889,0.0,0.0,0.00042501124,0.0
-2.22222222222222,0.0,12.8888888888889,0.0,0.0,0.0023953407,0.0
-2.33333333333333,0.0,12.8888888888889,0.0,0.0,0.004601256,0.0
-2.44444444444444,0.0,12.8888888888889,0.0,0.0,0.0010741764,0.0
-2.55555555555556,0.0,12.8888888888889,0.0,0.0,0.0019735661,0.0
-2.66666666666667,0.0,12.8888888888889,0.0,0.0,0.0034123075,0.0
-2.77777777777778,0.0,12.8888888888889,0.0,0.0,0.0026763713,0.0
-2.88888888888889,0.0,12.8888888888889,0.0,0.0,0.0019177295,0.0
-3.0,0.0,12.8888888888889,0.0,0.0,0.0017527435,0.0
-3.11111111111111,0.0,12.8888888888889,0.0,0.0,0.00050736486,0.0
-3.22222222222222,0.0,12.8888888888889,0.0,0.0,0.0011615033,0.0
-3.33333333333333,0.0,12.8888888888889,0.0,0.0,0.0010494823,0.0
-3.44444444444444,0.0,12.8888888888889,0.0,0.0,0.011144517,0.0
-3.55555555555556,0.0,12.8888888888889,0.0,0.0,0.011365948,0.0
-3.66666666666667,0.0,12.8888888888889,0.0,0.0,0.0046342965,0.0
-3.77777777777778,0.0,12.8888888888889,0.0,0.0,0.00021249922,0.0
-3.88888888888889,0.0,12.8888888888889,0.0,0.0,0.001240401,0.0
-4.0,0.0,12.8888888888889,0.0,0.0,0.0069930353,0.0
-4.11111111111111,0.0,12.8888888888889,0.0,0.0,0.00916314,0.0
-4.22222222222222,0.0,12.8888888888889,0.0,0.0,0.003861683,0.0
-4.33333333333333,0.0,12.8888888888889,0.0,0.0,0.0021515656,0.0
-4.44444444444444,0.0,12.8888888888889,0.0,0.0,0.00065039226,0.0
-4.55555555555556,0.0,12.8888888888889,0.0,0.0,0.0011539931,0.0
-4.66666666666667,0.0,12.8888888888889,0.0,0.0,0.004156723,0.0
-4.77777777777778,0.0,12.8888888888889,0.0,0.0,0.0028516278,0.0
-4.88888888888889,0.0,12.8888888888889,0.0,0.0,0.0032341846,0.0
-0.333333333333333,0.0,13.0,0.0,0.0,0.0012869909,0.0
-0.444444444444444,0.0,13.0,0.0,0.0,0.0013549512,0.0
-0.555555555555556,0.0,13.0,0.0,0.0,0.0030058292,0.0
-0.666666666666667,0.0,13.0,0.0,0.0,0.00011035766,0.0
-0.777777777777778,0.0,13.0,0.0,0.0,0.0007134112,0.0
-0.888888888888889,0.0,13.0,0.0,0.0,0.0019980755,0.0
-1.11111111111111,0.0,13.0,0.0,0.0,0.0017075092,0.0
-1.22222222222222,0.0,13.0,0.0,0.0,0.00021196381,0.0
-1.33333333333333,0.0,13.0,0.0,0.0,0.0005317574,0.0
-1.44444444444444,0.0,13.0,0.0,0.0,0.0014813729,0.0
-1.55555555555556,0.0,13.0,0.0,0.0,0.005571433,0.0
-1.66666666666667,0.0,13.0,0.0,0.0,0.020880535,0.0
-1.77777777777778,0.0,13.0,0.0,0.0,0.0010781508,0.0
-1.88888888888889,0.0,13.0,0.0,0.0,0.0070875003,0.0
-2.11111111111111,0.0,13.0,0.0,0.0,0.00099595,0.0
-2.22222222222222,0.0,13.0,0.0,0.0,0.00071183644,0.0
-2.33333333333333,0.0,13.0,0.0,0.0,0.0032411686,0.0
-2.44444444444444,0.0,13.0,0.0,0.0,0.0014095373,0.0
-2.55555555555556,0.0,13.0,0.0,0.0,0.002511641,0.0
-2.66666666666667,0.0,13.0,0.0,0.0,0.0049244384,0.0
-2.77777777777778,0.0,13.0,0.0,0.0,0.0027069943,0.0
-2.88888888888889,0.0,13.0,0.0,0.0,0.0031534357,0.0
-3.11111111111111,0.0,13.0,0.0,0.0,0.00031310396,0.0
-3.22222222222222,0.0,13.0,0.0,0.0,0.0012488011,0.0
-3.33333333333333,0.0,13.0,0.0,0.0,0.0028623415,0.0
-3.44444444444444,0.0,13.0,0.0,0.0,0.011815128,0.0
-3.55555555555556,0.0,13.0,0.0,0.0,0.014303107,0.0
-3.66666666666667,0.0,13.0,0.0,0.0,0.0066869953,0.0
-3.77777777777778,0.0,13.0,0.0,0.0,1.5929527e-05,0.0
-3.88888888888889,0.0,13.0,0.0,0.0,0.0020108982,0.0
-4.11111111111111,0.0,13.0,0.0,0.0,0.009690309,0.0
-4.22222222222222,0.0,13.0,0.0,0.0,0.004589264,0.0
-4.33333333333333,0.0,13.0,0.0,0.0,0.0032765183,0.0
-4.44444444444444,0.0,13.0,0.0,0.0,0.00046760874,0.0
-4.55555555555556,0.0,13.0,0.0,0.0,0.0010551378,0.0
-4.66666666666667,0.0,13.0,0.0,0.0,0.00614598,0.0
-4.77777777777778,0.0,13.0,0.0,0.0,0.004367041,0.0
-4.88888888888889,0.0,13.0,0.0,0.0,0.0024400575,0.0
-0.333333333333333,0.0,13.1111111111111,0.0,0.0,0.0007752037,0.0
-0.444444444444444,0.0,13.1111111111111,0.0,0.0,0.0017901704,0.0
-0.555555555555556,0.0,13.1111111111111,0.0,0.0,0.0035363967,0.0
-0.666666666666667,0.0,13.1111111111111,0.0,0.0,0.0001101327,0.0
-0.777777777777778,0.0,13.1111111111111,0.0,0.0,0.00038672294,0.0
-0.888888888888889,0.0,13.1111111111111,0.0,0.0,0.0007053255,0.0
-1.0,0.0,13.1111111111111,0.0,0.0,0.010439056,0.0
-1.11111111111111,0.0,13.1111111111111,0.0,0.0,0.00075583963,0.0
-1.22222222222222,0.0,13.1111111111111,0.0,0.0,1.8896428e-05,0.0
-1.33333333333333,0.0,13.1111111111111,0.0,0.0,0.0017606274,0.0
-1.44444444444444,0.0,13.1111111111111,0.0,0.0,0.0019933823,0.0
-1.55555555555556,0.0,13.1111111111111,0.0,0.0,0.0075318925,0.0
-1.66666666666667,0.0,13.1111111111111,0.0,0.0,0.016538767,0.0
-1.77777777777778,0.0,13.1111111111111,0.0,0.0,0.0017165134,0.0
-1.88888888888889,0.0,13.1111111111111,0.0,0.0,0.003738975,0.0
-2.0,0.0,13.1111111111111,0.0,0.0,0.00388812,0.0
-2.11111111111111,0.0,13.1111111111111,0.0,0.0,0.0007098575,0.0
-2.22222222222222,0.0,13.1111111111111,0.0,0.0,0.00014340779,0.0
-2.33333333333333,0.0,13.1111111111111,0.0,0.0,0.00021181209,0.0
-2.44444444444444,0.0,13.1111111111111,0.0,0.0,0.0014522664,0.0
-2.55555555555556,0.0,13.1111111111111,0.0,0.0,0.0014218378,0.0
-2.66666666666667,0.0,13.1111111111111,0.0,0.0,0.0036515982,0.0
-2.77777777777778,0.0,13.1111111111111,0.0,0.0,0.0020735618,0.0
-2.88888888888889,0.0,13.1111111111111,0.0,0.0,0.0039580693,0.0
-3.0,0.0,13.1111111111111,0.0,0.0,0.0010321166,0.0
-3.11111111111111,0.0,13.1111111111111,0.0,0.0,2.4162157e-06,0.0
-3.22222222222222,0.0,13.1111111111111,0.0,0.0,0.00033757,0.0
-3.33333333333333,0.0,13.1111111111111,0.0,0.0,0.003684885,0.0
-3.44444444444444,0.0,13.1111111111111,0.0,0.0,0.004417955,0.0
-3.55555555555556,0.0,13.1111111111111,0.0,0.0,0.011626871,0.0
-3.66666666666667,0.0,13.1111111111111,0.0,0.0,0.006209703,0.0
-3.77777777777778,0.0,13.1111111111111,0.0,0.0,0.0005030155,0.0
-3.88888888888889,0.0,13.1111111111111,0.0,0.0,0.0011288826,0.0
-4.0,0.0,13.1111111111111,0.0,0.0,0.0007756302,0.0
-4.11111111111111,0.0,13.1111111111111,0.0,0.0,0.00577399,0.0
-4.22222222222222,0.0,13.1111111111111,0.0,0.0,0.0021469775,0.0
-4.33333333333333,0.0,13.1111111111111,0.0,0.0,0.001888388,0.0
-4.44444444444444,0.0,13.1111111111111,0.0,0.0,0.0004614123,0.0
-4.55555555555556,0.0,13.1111111111111,0.0,0.0,0.0013077692,0.0
-4.66666666666667,0.0,13.1111111111111,0.0,0.0,0.0046685482,0.0
-4.77777777777778,0.0,13.1111111111111,0.0,0.0,0.0024823316,0.0
-4.88888888888889,0.0,13.1111111111111,0.0,0.0,0.0006393777,0.0
-0.333333333333333,0.0,13.2222222222222,0.0,0.0,0.00016837232,0.0
-0.444444444444444,0.0,13.2222222222222,0.0,0.0,0.00086254766,0.0
-0.555555555555556,0.0,13.2222222222222,0.0,0.0,0.001455105,0.0
-0.666666666666667,0.0,13.2222222222222,0.0,0.0,0.00025476667,0.0
-0.777777777777778,0.0,13.2222222222222,0.0,0.0,0.0018495911,0.0
-0.888888888888889,0.0,13.2222222222222,0.0,0.0,7.306993e-05,0.0
-1.0,0.0,13.2222222222222,0.0,0.0,0.0024777353,0.0
-1.11111111111111,0.0,13.2222222222222,0.0,0.0,7.003137e-06,0.0
-1.22222222222222,0.0,13.2222222222222,0.0,0.0,0.00039064692,0.0
-1.33333333333333,0.0,13.2222222222222,0.0,0.0,0.0030384557,0.0
-1.44444444444444,0.0,13.2222222222222,0.0,0.0,0.0018217555,0.0
-1.55555555555556,0.0,13.2222222222222,0.0,0.0,0.008871519,0.0
-1.66666666666667,0.0,13.2222222222222,0.0,0.0,0.009140155,0.0
-1.77777777777778,0.0,13.2222222222222,0.0,0.0,0.0012556176,0.0
-1.88888888888889,0.0,13.2222222222222,0.0,0.0,0.0007560753,0.0
-2.0,0.0,13.2222222222222,0.0,0.0,0.0037378238,0.0
-2.11111111111111,0.0,13.2222222222222,0.0,0.0,9.918827e-05,0.0
-2.22222222222222,0.0,13.2222222222222,0.0,0.0,0.00019022422,0.0
-2.33333333333333,0.0,13.2222222222222,0.0,0.0,0.00072443124,0.0
-2.44444444444444,0.0,13.2222222222222,0.0,0.0,0.0006934604,0.0
-2.55555555555556,0.0,13.2222222222222,0.0,0.0,0.0004714878,0.0
-2.66666666666667,0.0,13.2222222222222,0.0,0.0,0.0024228247,0.0
-2.77777777777778,0.0,13.2222222222222,0.0,0.0,0.001235062,0.0
-2.88888888888889,0.0,13.2222222222222,0.0,0.0,0.0033451952,0.0
-3.0,0.0,13.2222222222222,0.0,0.0,0.0034574864,0.0
-3.11111111111111,0.0,13.2222222222222,0.0,0.0,0.0001807487,0.0
-3.22222222222222,0.0,13.2222222222222,0.0,0.0,1.4788442e-05,0.0
-3.33333333333333,0.0,13.2222222222222,0.0,0.0,0.0024800536,0.0
-3.44444444444444,0.0,13.2222222222222,0.0,0.0,0.00029280555,0.0
-3.55555555555556,0.0,13.2222222222222,0.0,0.0,0.005732415,0.0
-3.66666666666667,0.0,13.2222222222222,0.0,0.0,0.003929349,0.0
-3.77777777777778,0.0,13.2222222222222,0.0,0.0,0.0007537401,0.0
-3.88888888888889,0.0,13.2222222222222,0.0,0.0,0.0014630033,0.0
-4.0,0.0,13.2222222222222,0.0,0.0,0.000913896,0.0
-4.11111111111111,0.0,13.2222222222222,0.0,0.0,0.0019885132,0.0
-4.22222222222222,0.0,13.2222222222222,0.0,0.0,0.0003496452,0.0
-4.33333333333333,0.0,13.2222222222222,0.0,0.0,0.0003900883,0.0
-4.44444444444444,0.0,13.2222222222222,0.0,0.0,0.0010336869,0.0
-4.55555555555556,0.0,13.2222222222222,0.0,0.0,0.0019079429,0.0
-4.66666666666667,0.0,13.2222222222222,0.0,0.0,0.0015724495,0.0
-4.77777777777778,0.0,13.2222222222222,0.0,0.0,0.00062115537,0.0
-4.88888888888889,0.0,13.2222222222222,0.0,0.0,0.00025815485,0.0
-0.333333333333333,0.0,13.3333333333333,0.0,0.0,0.00062963454,0.0
-0.444444444444444,0.0,13.3333333333333,0.0,0.0,9.255594e-05,0.0
-0.555555555555556,0.0,13.3333333333333,0.0,0.0,0.00062724296,0.0
-0.666666666666667,0.0,13.3333333333333,0.0,0.0,0.0003633844,0.0
-0.777777777777778,0.0,13.3333333333333,0.0,0.0,0.0026086736,0.0
-0.888888888888889,0.0,13.3333333333333,0.624989419294691,0.0,0.00026246623,0.015155932885040812
-1.0,0.0,13.3333333333333,0.0,0.0,0.0005470231,0.0
-1.11111111111111,0.0,13.3333333333333,0.0,0.0,0.0004982435,0.0
-1.22222222222222,0.0,13.3333333333333,0.0,0.0,0.0011072144,0.0
-1.33333333333333,0.0,13.3333333333333,0.0,0.0,0.0023310725,0.0
-1.44444444444444,0.0,13.3333333333333,0.0,0.0,0.0017872305,0.0
-1.55555555555556,0.0,13.3333333333333,0.0,0.0,0.006884166,0.0
-1.66666666666667,0.0,13.3333333333333,0.0,0.0,0.0042312928,0.0
-1.77777777777778,0.0,13.3333333333333,0.0,0.0,0.00042041493,0.0
-1.88888888888889,0.0,13.3333333333333,0.0,0.0,7.94017e-05,0.0
-2.0,0.0,13.3333333333333,0.0,0.0,0.0059392904,0.0
-2.11111111111111,0.0,13.3333333333333,0.0,0.0,0.00027228924,0.0
-2.22222222222222,0.0,13.3333333333333,0.0,0.0,0.0004754414,0.0
-2.33333333333333,0.0,13.3333333333333,0.0,0.0,0.0017805921,0.0
-2.44444444444444,0.0,13.3333333333333,0.0,0.0,0.00040096938,0.0
-2.55555555555556,0.0,13.3333333333333,0.0,0.0,0.00031296955,0.0
-2.66666666666667,0.0,13.3333333333333,2.50641687835758,0.0,0.0015698225,0.06078036654314872
-2.77777777777778,0.0,13.3333333333333,0.0,0.0,0.0008553366,0.0
-2.88888888888889,0.0,13.3333333333333,0.0,0.0,0.002287466,0.0
-3.0,0.0,13.3333333333333,0.0,0.0,0.010280785,0.0
-3.11111111111111,0.0,13.3333333333333,0.0,0.0,0.0005147393,0.0
-3.22222222222222,0.0,13.3333333333333,0.0,0.0,2.088621e-05,0.0
-3.33333333333333,0.0,13.3333333333333,0.0,0.0,0.0007763253,0.0
-3.44444444444444,0.0,13.3333333333333,0.0,0.0,0.00019144507,0.0
-3.55555555555556,0.0,13.3333333333333,0.0,0.0,0.0010802672,0.0
-3.66666666666667,0.0,13.3333333333333,0.0,0.0,0.0019134039,0.0
-3.77777777777778,0.0,13.3333333333333,0.0,0.0,0.00023984959,0.0
-3.88888888888889,0.0,13.3333333333333,0.0,0.0,0.0017150134,0.0
-4.0,0.0,13.3333333333333,0.0,0.0,0.0028861351,0.0
-4.11111111111111,0.0,13.3333333333333,0.0,0.0,0.0003114915,0.0
-4.22222222222222,0.0,13.3333333333333,0.0,0.0,0.00083297666,0.0
-4.33333333333333,0.0,13.3333333333333,0.0,0.0,0.00016392801,0.0
-4.44444444444444,0.0,13.3333333333333,2.31759259165687,0.0,0.0011862192,0.05620139587908332
-4.55555555555556,0.0,13.3333333333333,0.0,0.0,0.0017720932,0.0
-4.66666666666667,0.0,13.3333333333333,0.0,0.0,0.00028725903,0.0
-4.77777777777778,0.0,13.3333333333333,0.0,0.0,0.0008787524,0.0
-4.88888888888889,0.0,13.3333333333333,0.0,0.0,0.0002510577,0.0
-0.333333333333333,0.0,13.4444444444444,0.0,0.0,0.0008573463,0.0
-0.444444444444444,0.0,13.4444444444444,0.0,0.0,3.1083742e-05,0.0
-0.555555555555556,0.0,13.4444444444444,0.0,0.0,0.0012251801,0.0
-0.666666666666667,0.0,13.4444444444444,0.0,0.0,0.00031665323,0.0
-0.777777777777778,0.0,13.4444444444444,0.0,0.0,0.00087504525,0.0
-0.888888888888889,0.0,13.4444444444444,0.0,0.0,0.0003555042,0.0
-1.0,0.0,13.4444444444444,0.0,0.0,0.0032992603,0.0
-1.11111111111111,0.0,13.4444444444444,0.0,0.0,0.00046523951,0.0
-1.22222222222222,0.0,13.4444444444444,0.0,0.0,0.0014558083,0.0
-1.33333333333333,0.0,13.4444444444444,0.0,0.0,0.0011689,0.0
-1.44444444444444,0.0,13.4444444444444,0.0,0.0,0.0020577116,0.0
-1.55555555555556,0.0,13.4444444444444,0.0,0.0,0.0024152682,0.0
-1.66666666666667,0.0,13.4444444444444,0.0,0.0,0.0016103542,0.0
-1.77777777777778,0.0,13.4444444444444,0.0,0.0,7.6701195e-05,0.0
-1.88888888888889,0.0,13.4444444444444,0.0,0.0,0.0013198104,0.0
-2.0,0.0,13.4444444444444,0.0,0.0,0.006831013,0.0
-2.11111111111111,0.0,13.4444444444444,0.0,0.0,0.00049753475,0.0
-2.22222222222222,0.0,13.4444444444444,0.0,0.0,0.0013268694,0.0
-2.33333333333333,0.0,13.4444444444444,0.0,0.0,0.0008967536,0.0
-2.44444444444444,0.0,13.4444444444444,0.0,0.0,0.0011809655,0.0
-2.55555555555556,0.0,13.4444444444444,0.0,0.0,0.00028406968,0.0
-2.66666666666667,0.0,13.4444444444444,0.0,0.0,0.0004301842,0.0
-2.77777777777778,0.0,13.4444444444444,0.0,0.0,0.00053224916,0.0
-2.88888888888889,0.0,13.4444444444444,0.0,0.0,0.0022233252,0.0
-3.0,0.0,13.4444444444444,0.0,0.0,0.010107474,0.0
-3.11111111111111,0.0,13.4444444444444,0.0,0.0,0.00069421355,0.0
-3.22222222222222,0.0,13.4444444444444,0.0,0.0,0.00016482914,0.0
-3.33333333333333,0.0,13.4444444444444,0.0,0.0,0.00015049211,0.0
-3.44444444444444,0.0,13.4444444444444,0.0,0.0,0.00024158902,0.0
-3.55555555555556,0.0,13.4444444444444,0.0,0.0,3.3796598e-05,0.0
-3.66666666666667,0.0,13.4444444444444,0.0,0.0,0.00037429467,0.0
-3.77777777777778,0.0,13.4444444444444,0.0,0.0,4.0064395e-05,0.0
-3.88888888888889,0.0,13.4444444444444,0.0,0.0,0.00043504738,0.0
-4.0,0.0,13.4444444444444,0.0,0.0,0.0018258166,0.0
-4.11111111111111,0.0,13.4444444444444,0.0,0.0,2.0563446e-05,0.0
-4.22222222222222,0.0,13.4444444444444,0.0,0.0,0.000707078,0.0
-4.33333333333333,0.0,13.4444444444444,0.0,0.0,0.00019333814,0.0
-4.44444444444444,0.0,13.4444444444444,0.0,0.0,0.00051050424,0.0
-4.55555555555556,0.0,13.4444444444444,0.0,0.0,0.00086507323,0.0
-4.66666666666667,0.0,13.4444444444444,0.0,0.0,0.0003063355,0.0
-4.77777777777778,0.0,13.4444444444444,0.0,0.0,0.0003029253,0.0
-4.88888888888889,0.0,13.4444444444444,0.0,0.0,8.808857e-05,0.0
-0.333333333333333,0.0,13.5555555555556,0.0,0.0,0.00018035222,0.0
-0.444444444444444,0.0,13.5555555555556,0.0,0.0,0.00035318854,0.0
-0.555555555555556,0.0,13.5555555555556,0.0,0.0,0.00019058738,0.0
-0.666666666666667,0.0,13.5555555555556,0.0,0.0,0.00027150122,0.0
-0.777777777777778,0.0,13.5555555555556,0.0,0.0,0.00061161496,0.0
-0.888888888888889,0.0,13.5555555555556,0.0,0.0,0.0006927367,0.0
-1.0,0.0,13.5555555555556,0.0,0.0,0.0022910258,0.0
-1.11111111111111,0.0,13.5555555555556,0.0,0.0,3.1996937e-05,0.0
-1.22222222222222,0.0,13.5555555555556,0.0,0.0,0.00051905797,0.0
-1.33333333333333,0.0,13.5555555555556,0.0,0.0,0.0009718413,0.0
-1.44444444444444,0.0,13.5555555555556,0.0,0.0,0.0010500266,0.0
-1.55555555555556,0.0,13.5555555555556,0.0,0.0,0.00025446416,0.0
-1.66666666666667,0.0,13.5555555555556,0.0,0.0,0.00025419734,0.0
-1.77777777777778,0.0,13.5555555555556,0.0,0.0,0.00021887335,0.0
-1.88888888888889,0.0,13.5555555555556,0.0,0.0,0.001879329,0.0
-2.0,0.0,13.5555555555556,0.0,0.0,0.0035409764,0.0
-2.11111111111111,0.0,13.5555555555556,0.0,0.0,0.00043792735,0.0
-2.22222222222222,0.0,13.5555555555556,0.0,0.0,0.0018544474,0.0
-2.33333333333333,0.0,13.5555555555556,0.0,0.0,0.0003341423,0.0
-2.44444444444444,0.0,13.5555555555556,0.0,0.0,0.0015004384,0.0
-2.55555555555556,0.0,13.5555555555556,0.0,0.0,0.00051493564,0.0
-2.66666666666667,0.0,13.5555555555556,0.0,0.0,0.0015934072,0.0
-2.77777777777778,0.0,13.5555555555556,0.0,0.0,9.021032e-05,0.0
-2.88888888888889,0.0,13.5555555555556,0.0,0.0,0.0019479652,0.0
-3.0,0.0,13.5555555555556,0.0,0.0,0.0022971178,0.0
-3.11111111111111,0.0,13.5555555555556,0.0,0.0,0.0003935044,0.0
-3.22222222222222,0.0,13.5555555555556,0.0,0.0,0.00045936098,0.0
-3.33333333333333,0.0,13.5555555555556,0.0,0.0,0.0005159982,0.0
-3.44444444444444,0.0,13.5555555555556,0.0,0.0,0.00016116374,0.0
-3.55555555555556,0.0,13.5555555555556,0.0,0.0,8.662235e-05,0.0
-3.66666666666667,0.0,13.5555555555556,0.0,0.0,0.0013727052,0.0
-3.77777777777778,0.0,13.5555555555556,0.0,0.0,0.00036517743,0.0
-3.88888888888889,0.0,13.5555555555556,0.0,0.0,9.192916e-05,0.0
-4.0,0.0,13.5555555555556,0.0,0.0,0.00039402474,0.0
-4.11111111111111,0.0,13.5555555555556,0.0,0.0,1.6738508e-05,0.0
-4.22222222222222,0.0,13.5555555555556,0.0,0.0,2.7690201e-05,0.0
-4.33333333333333,0.0,13.5555555555556,0.0,0.0,0.00055008463,0.0
-4.44444444444444,0.0,13.5555555555556,0.0,0.0,0.00015508337,0.0
-4.55555555555556,0.0,13.5555555555556,0.0,0.0,0.00042567382,0.0
-4.66666666666667,0.0,13.5555555555556,0.0,0.0,6.528452e-05,0.0
-4.77777777777778,0.0,13.5555555555556,0.0,0.0,0.0013059657,0.0
-4.88888888888889,0.0,13.5555555555556,0.0,0.0,2.5753154e-05,0.0
-0.333333333333333,0.0,13.6666666666667,0.0,0.0,0.0010142348,0.0
-0.444444444444444,0.0,13.6666666666667,0.0,0.0,0.001245982,0.0
-0.555555555555556,0.0,13.6666666666667,0.0,0.0,0.0007341906,0.0
-0.666666666666667,0.0,13.6666666666667,0.0,0.0,0.00065529667,0.0
-0.777777777777778,0.0,13.6666666666667,0.0,0.0,0.001273573,0.0
-0.888888888888889,0.0,13.6666666666667,0.0,0.0,0.0007840594,0.0
-1.0,0.0,13.6666666666667,0.0,0.0,0.00013844286,0.0
-1.11111111111111,0.0,13.6666666666667,0.0,0.0,0.0006793113,0.0
-1.22222222222222,0.0,13.6666666666667,0.0,0.0,0.00031745996,0.0
-1.33333333333333,0.0,13.6666666666667,0.0,0.0,0.00063598325,0.0
-1.44444444444444,0.0,13.6666666666667,0.0,0.0,0.00031507257,0.0
-1.55555555555556,0.0,13.6666666666667,0.0,0.0,1.4421718e-07,0.0
-1.66666666666667,0.0,13.6666666666667,0.0,0.0,0.00023475473,0.0
-1.77777777777778,0.0,13.6666666666667,0.0,0.0,0.0019094584,0.0
-1.88888888888889,0.0,13.6666666666667,0.0,0.0,0.0017347295,0.0
-2.0,0.0,13.6666666666667,0.0,0.0,0.0020773723,0.0
-2.11111111111111,0.0,13.6666666666667,0.0,0.0,0.001646462,0.0
-2.22222222222222,0.0,13.6666666666667,0.0,0.0,0.0014120676,0.0
-2.33333333333333,0.0,13.6666666666667,0.0,0.0,0.00090665545,0.0
-2.44444444444444,0.0,13.6666666666667,0.0,0.0,0.0003839492,0.0
-2.55555555555556,0.0,13.6666666666667,0.0,0.0,0.0015304794,0.0
-2.66666666666667,0.0,13.6666666666667,0.0,0.0,0.0038914916,0.0
-2.77777777777778,0.0,13.6666666666667,0.0,0.0,0.0010640246,0.0
-2.88888888888889,0.0,13.6666666666667,0.0,0.0,0.0007681117,0.0
-3.0,0.0,13.6666666666667,0.0,0.0,0.0006113745,0.0
-3.11111111111111,0.0,13.6666666666667,0.0,0.0,2.1601953e-05,0.0
-3.22222222222222,0.0,13.6666666666667,0.0,0.0,0.0012419164,0.0
-3.33333333333333,0.0,13.6666666666667,0.0,0.0,0.0013270535,0.0
-3.44444444444444,0.0,13.6666666666667,0.0,0.0,0.0004286195,0.0
-3.55555555555556,0.0,13.6666666666667,0.0,0.0,0.0003043981,0.0
-3.66666666666667,0.0,13.6666666666667,0.0,0.0,0.0035933992,0.0
-3.77777777777778,0.0,13.6666666666667,0.0,0.0,8.1575454e-05,0.0
-3.88888888888889,0.0,13.6666666666667,0.0,0.0,0.00043409492,0.0
-4.0,0.0,13.6666666666667,0.0,0.0,0.0006646021,0.0
-4.11111111111111,0.0,13.6666666666667,0.0,0.0,0.00021595732,0.0
-4.22222222222222,0.0,13.6666666666667,0.0,0.0,0.0011177429,0.0
-4.33333333333333,0.0,13.6666666666667,0.0,0.0,0.0012534278,0.0
-4.44444444444444,0.0,13.6666666666667,0.0,0.0,0.00016601526,0.0
-4.55555555555556,0.0,13.6666666666667,0.0,0.0,0.0006880028,0.0
-4.66666666666667,0.0,13.6666666666667,0.0,0.0,0.00041562866,0.0
-4.77777777777778,0.0,13.6666666666667,0.0,0.0,0.004945405,0.0
-4.88888888888889,0.0,13.6666666666667,0.0,0.0,3.468149e-05,0.0
-0.444444444444444,0.0,13.7777777777778,0.0,0.0,0.0022551215,0.0
-0.555555555555556,0.0,13.7777777777778,0.0,0.0,0.00225591,0.0
-0.666666666666667,0.0,13.7777777777778,0.0,0.0,0.0013189641,0.0
-0.777777777777778,0.0,13.7777777777778,0.0,0.0,9.745862e-05,0.0
-0.888888888888889,0.0,13.7777777777778,0.0,0.0,8.7247245e-05,0.0
-1.0,0.0,13.7777777777778,0.0,0.0,0.0028150503,0.0
-1.11111111111111,0.0,13.7777777777778,0.0,0.0,0.0012587355,0.0
-1.22222222222222,0.0,13.7777777777778,0.0,0.0,0.0022889941,0.0
-1.33333333333333,0.0,13.7777777777778,0.0,0.0,0.000111301764,0.0
-1.44444444444444,0.0,13.7777777777778,0.0,0.0,0.0015475318,0.0
-1.55555555555556,0.0,13.7777777777778,0.0,0.0,0.0006625133,0.0
-1.66666666666667,0.0,13.7777777777778,0.0,0.0,0.0004215853,0.0
-1.77777777777778,0.0,13.7777777777778,0.0,0.0,0.004250972,0.0
-1.88888888888889,0.0,13.7777777777778,0.0,0.0,0.0018555251,0.0
-2.0,0.0,13.7777777777778,0.0,0.0,0.0034756095,0.0
-2.11111111111111,0.0,13.7777777777778,0.0,0.0,0.003179085,0.0
-2.22222222222222,0.0,13.7777777777778,0.0,0.0,0.0011522465,0.0
-2.33333333333333,0.0,13.7777777777778,0.0,0.0,0.0018520461,0.0
-2.44444444444444,0.0,13.7777777777778,0.0,0.0,0.00047404508,0.0
-2.55555555555556,0.0,13.7777777777778,0.0,0.0,0.0015133853,0.0
-2.66666666666667,0.0,13.7777777777778,0.0,0.0,0.003617585,0.0
-2.77777777777778,0.0,13.7777777777778,0.0,0.0,0.00201377,0.0
-2.88888888888889,0.0,13.7777777777778,0.0,0.0,0.0010987932,0.0
-3.0,0.0,13.7777777777778,0.0,0.0,0.0037958177,0.0
-3.11111111111111,0.0,13.7777777777778,0.0,0.0,0.0004760997,0.0
-3.22222222222222,0.0,13.7777777777778,0.0,0.0,0.0032865223,0.0
-3.33333333333333,0.0,13.7777777777778,0.0,0.0,0.0016949341,0.0
-3.44444444444444,0.0,13.7777777777778,0.0,0.0,0.00049111404,0.0
-3.55555555555556,0.0,13.7777777777778,0.0,0.0,0.0024756277,0.0
-3.66666666666667,0.0,13.7777777777778,0.0,0.0,0.0027598536,0.0
-3.77777777777778,0.0,13.7777777777778,0.0,0.0,0.00043435057,0.0
-3.88888888888889,0.0,13.7777777777778,0.0,0.0,0.0005789404,0.0
-4.0,0.0,13.7777777777778,0.0,0.0,0.00039013813,0.0
-4.11111111111111,0.0,13.7777777777778,0.0,0.0,0.00019702113,0.0
-4.22222222222222,0.0,13.7777777777778,0.0,0.0,0.0034195036,0.0
-4.33333333333333,0.0,13.7777777777778,0.0,0.0,0.0012178448,0.0
-4.44444444444444,0.0,13.7777777777778,0.0,0.0,0.00060151884,0.0
-4.55555555555556,0.0,13.7777777777778,0.0,0.0,0.001562433,0.0
-4.66666666666667,0.0,13.7777777777778,0.0,0.0,0.0022745535,0.0
-4.77777777777778,0.0,13.7777777777778,0.0,0.0,0.0049566804,0.0
-4.88888888888889,0.0,13.7777777777778,0.0,0.0,0.00024886458,0.0
-0.444444444444444,0.0,13.8888888888889,0.0,0.0,0.0031254315,0.0
-0.555555555555556,0.0,13.8888888888889,0.0,0.0,0.0012932345,0.0
-0.666666666666667,0.0,13.8888888888889,0.0,0.0,0.0009825398,0.0
-0.777777777777778,0.0,13.8888888888889,0.0,0.0,0.00153257,0.0
-0.888888888888889,0.0,13.8888888888889,0.0,0.0,0.00043962483,0.0
-1.0,0.0,13.8888888888889,0.0,0.0,0.009386978,0.0
-1.11111111111111,0.0,13.8888888888889,0.0,0.0,0.00059765356,0.0
-1.22222222222222,0.0,13.8888888888889,0.0,0.0,0.0035739446,0.0
-1.33333333333333,0.0,13.8888888888889,0.0,0.0,0.00024463036,0.0
-1.44444444444444,0.0,13.8888888888889,0.0,0.0,0.0015519818,0.0
-1.55555555555556,0.0,13.8888888888889,0.0,0.0,0.0026681467,0.0
-1.66666666666667,0.0,13.8888888888889,0.0,0.0,0.00017628046,0.0
-1.77777777777778,0.0,13.8888888888889,0.0,0.0,0.0035024527,0.0
-1.88888888888889,0.0,13.8888888888889,0.0,0.0,0.0013974074,0.0
-2.0,0.0,13.8888888888889,0.0,0.0,0.0024122142,0.0
-2.11111111111111,0.0,13.8888888888889,0.0,0.0,0.0027754004,0.0
-2.22222222222222,0.0,13.8888888888889,0.0,0.0,0.0020387722,0.0
-2.33333333333333,0.0,13.8888888888889,0.0,0.0,0.003003872,0.0
-2.44444444444444,0.0,13.8888888888889,0.0,0.0,0.0043961317,0.0
-2.55555555555556,0.0,13.8888888888889,0.0,0.0,2.7489195e-05,0.0
-2.66666666666667,0.0,13.8888888888889,0.0,0.0,0.0021958728,0.0
-2.77777777777778,0.0,13.8888888888889,0.0,0.0,0.00293778,0.0
-2.88888888888889,0.0,13.8888888888889,0.0,0.0,0.0021304223,0.0
-3.0,0.0,13.8888888888889,0.0,0.0,0.0023419997,0.0
-3.11111111111111,0.0,13.8888888888889,0.0,0.0,0.0011035841,0.0
-3.22222222222222,0.0,13.8888888888889,0.0,0.0,0.0057919067,0.0
-3.33333333333333,0.0,13.8888888888889,0.0,0.0,0.0014836784,0.0
-3.44444444444444,0.0,13.8888888888889,0.0,0.0,0.0010609113,0.0
-3.55555555555556,0.0,13.8888888888889,0.0,0.0,0.004505479,0.0
-3.66666666666667,0.0,13.8888888888889,0.0,0.0,0.0014876255,0.0
-3.77777777777778,0.0,13.8888888888889,0.0,0.0,0.0017180388,0.0
-3.88888888888889,0.0,13.8888888888889,0.0,0.0,0.0005663753,0.0
-4.0,0.0,13.8888888888889,0.0,0.0,0.0003529617,0.0
-4.11111111111111,0.0,13.8888888888889,0.0,0.0,1.5248808e-05,0.0
-4.22222222222222,0.0,13.8888888888889,0.0,0.0,0.0043172366,0.0
-4.33333333333333,0.0,13.8888888888889,0.0,0.0,0.00053055404,0.0
-4.44444444444444,0.0,13.8888888888889,0.0,0.0,0.0021991897,0.0
-4.55555555555556,0.0,13.8888888888889,0.0,0.0,0.0029789996,0.0
-4.66666666666667,0.0,13.8888888888889,0.0,0.0,0.004495111,0.0
-4.77777777777778,0.0,13.8888888888889,0.0,0.0,0.0015857837,0.0
-4.88888888888889,0.0,13.8888888888889,0.0,0.0,0.00013753235,0.0
-0.444444444444444,0.0,14.0,0.0,0.0,0.0030898422,0.0
-0.555555555555556,0.0,14.0,0.0,0.0,0.00026943197,0.0
-0.666666666666667,0.0,14.0,0.0,0.0,0.00018265969,0.0
-0.777777777777778,0.0,14.0,0.0,0.0,0.0045653223,0.0
-0.888888888888889,0.0,14.0,0.0,0.0,0.0008803708,0.0
-1.11111111111111,0.0,14.0,0.0,0.0,0.0004138812,0.0
-1.22222222222222,0.0,14.0,0.0,0.0,0.002958481,0.0
-1.33333333333333,0.0,14.0,0.0,0.0,0.00049842306,0.0
-1.44444444444444,0.0,14.0,0.0,0.0,0.0003251657,0.0
-1.55555555555556,0.0,14.0,0.0,0.0,0.0029820204,0.0
-1.66666666666667,0.0,14.0,0.0,0.0,0.0017322095,0.0
-1.77777777777778,0.0,14.0,0.0,0.0,0.0017959998,0.0
-1.88888888888889,0.0,14.0,0.0,0.0,0.0020741096,0.0
-2.11111111111111,0.0,14.0,0.0,0.0,0.001764647,0.0
-2.22222222222222,0.0,14.0,0.0,0.0,0.0025470953,0.0
-2.33333333333333,0.0,14.0,0.0,0.0,0.002868678,0.0
-2.44444444444444,0.0,14.0,0.0,0.0,0.0076936483,0.0
-2.55555555555556,0.0,14.0,0.0,0.0,0.0011925842,0.0
-2.66666666666667,0.0,14.0,0.0,0.0,0.001237273,0.0
-2.77777777777778,0.0,14.0,0.0,0.0,0.004819989,0.0
-2.88888888888889,0.0,14.0,0.0,0.0,0.0012616692,0.0
-3.11111111111111,0.0,14.0,0.0,0.0,0.0016400621,0.0
-3.22222222222222,0.0,14.0,0.0,0.0,0.0059989165,0.0
-3.33333333333333,0.0,14.0,0.0,0.0,0.0019476397,0.0
-3.44444444444444,0.0,14.0,0.0,0.0,0.0023490419,0.0
-3.55555555555556,0.0,14.0,0.0,0.0,0.003154883,0.0
-3.66666666666667,0.0,14.0,0.0,0.0,0.002525766,0.0
-3.77777777777778,0.0,14.0,0.0,0.0,0.0016691088,0.0
-3.88888888888889,0.0,14.0,0.0,0.0,0.00073938974,0.0
-4.11111111111111,0.0,14.0,0.0,0.0,0.00040490238,0.0
-4.22222222222222,0.0,14.0,0.0,0.0,0.0035187844,0.0
-4.33333333333333,0.0,14.0,0.0,0.0,0.00014837032,0.0
-4.44444444444444,0.0,14.0,0.0,0.0,0.0038458114,0.0
-4.55555555555556,0.0,14.0,0.0,0.0,0.0036253077,0.0
-4.66666666666667,0.0,14.0,0.0,0.0,0.0046786037,0.0
-4.77777777777778,0.0,14.0,0.0,0.0,0.00010894906,0.0
-4.88888888888889,0.0,14.0,0.0,0.0,0.00049075345,0.0
-0.444444444444444,0.0,14.1111111111111,0.0,0.0,0.0019962364,0.0
-0.555555555555556,0.0,14.1111111111111,0.0,0.0,0.00023404293,0.0
-0.666666666666667,0.0,14.1111111111111,0.0,0.0,0.00029891645,0.0
-0.777777777777778,0.0,14.1111111111111,0.0,0.0,0.0025531028,0.0
-0.888888888888889,0.0,14.1111111111111,0.0,0.0,0.0001969579,0.0
-1.0,0.0,14.1111111111111,0.0,0.0,0.007998671,0.0
-1.11111111111111,0.0,14.1111111111111,0.0,0.0,0.0012552448,0.0
-1.22222222222222,0.0,14.1111111111111,0.0,0.0,0.0019791154,0.0
-1.33333333333333,0.0,14.1111111111111,0.0,0.0,0.00019029896,0.0
-1.44444444444444,0.0,14.1111111111111,0.0,0.0,0.00023620075,0.0
-1.55555555555556,0.0,14.1111111111111,0.0,0.0,0.00096796965,0.0
-1.66666666666667,0.0,14.1111111111111,0.0,0.0,0.0029153656,0.0
-1.77777777777778,0.0,14.1111111111111,0.0,0.0,0.002334579,0.0
-1.88888888888889,0.0,14.1111111111111,0.0,0.0,0.0019004159,0.0
-2.0,0.0,14.1111111111111,0.0,0.0,0.0017514755,0.0
-2.11111111111111,0.0,14.1111111111111,0.0,0.0,0.0010446789,0.0
-2.22222222222222,0.0,14.1111111111111,0.0,0.0,0.002351548,0.0
-2.33333333333333,0.0,14.1111111111111,0.0,0.0,0.0021210273,0.0
-2.44444444444444,0.0,14.1111111111111,0.0,0.0,0.004734182,0.0
-2.55555555555556,0.0,14.1111111111111,0.0,0.0,0.0012605408,0.0
-2.66666666666667,0.0,14.1111111111111,0.0,0.0,0.00017155733,0.0
-2.77777777777778,0.0,14.1111111111111,0.0,0.0,0.003355899,0.0
-2.88888888888889,0.0,14.1111111111111,0.0,0.0,0.00062759174,0.0
-3.0,0.0,14.1111111111111,0.0,0.0,0.00013952384,0.0
-3.11111111111111,0.0,14.1111111111111,0.0,0.0,0.0023897537,0.0
-3.22222222222222,0.0,14.1111111111111,0.0,0.0,0.0043821544,0.0
-3.33333333333333,0.0,14.1111111111111,0.0,0.0,0.0019973246,0.0
-3.44444444444444,0.0,14.1111111111111,0.0,0.0,0.0021842427,0.0
-3.55555555555556,0.0,14.1111111111111,0.0,0.0,0.0008766355,0.0
-3.66666666666667,0.0,14.1111111111111,0.0,0.0,0.0015995324,0.0
-3.77777777777778,0.0,14.1111111111111,0.0,0.0,0.00069018157,0.0
-3.88888888888889,0.0,14.1111111111111,0.0,0.0,0.0002920786,0.0
-4.0,0.0,14.1111111111111,0.0,0.0,0.0036857673,0.0
-4.11111111111111,0.0,14.1111111111111,0.0,0.0,0.00022731349,0.0
-4.22222222222222,0.0,14.1111111111111,0.0,0.0,0.002026435,0.0
-4.33333333333333,0.0,14.1111111111111,0.0,0.0,0.00018100749,0.0
-4.44444444444444,0.0,14.1111111111111,0.0,0.0,0.003546631,0.0
-4.55555555555556,0.0,14.1111111111111,0.0,0.0,0.0026167282,0.0
-4.66666666666667,0.0,14.1111111111111,0.0,0.0,0.0025992373,0.0
-4.77777777777778,0.0,14.1111111111111,0.0,0.0,4.9134513e-05,0.0
-4.88888888888889,0.0,14.1111111111111,0.0,0.0,0.0009899078,0.0
-0.444444444444444,0.0,14.2222222222222,0.0,0.0,0.00094560365,0.0
-0.555555555555556,0.0,14.2222222222222,0.0,0.0,0.0011155367,0.0
-0.666666666666667,0.0,14.2222222222222,0.0,0.0,0.00071719394,0.0
-0.777777777777778,0.0,14.2222222222222,0.0,0.0,2.5765756e-05,0.0
-0.888888888888889,0.0,14.2222222222222,0.0,0.0,0.00044169597,0.0
-1.0,0.0,14.2222222222222,0.0,0.0,0.0024878047,0.0
-1.11111111111111,0.0,14.2222222222222,0.0,0.0,0.0011853535,0.0
-1.22222222222222,0.0,14.2222222222222,0.0,0.0,0.0010976563,0.0
-1.33333333333333,0.0,14.2222222222222,0.0,0.0,2.254205e-05,0.0
-1.44444444444444,0.0,14.2222222222222,0.0,0.0,0.0004348885,0.0
-1.55555555555556,0.0,14.2222222222222,0.0,0.0,6.0683313e-05,0.0
-1.66666666666667,0.0,14.2222222222222,0.0,0.0,0.0017684065,0.0
-1.77777777777778,0.0,14.2222222222222,0.0,0.0,0.0025004684,0.0
-1.88888888888889,0.0,14.2222222222222,0.0,0.0,0.00044335212,0.0
-2.0,0.0,14.2222222222222,0.0,0.0,0.00056192424,0.0
-2.11111111111111,0.0,14.2222222222222,0.0,0.0,0.00064292713,0.0
-2.22222222222222,0.0,14.2222222222222,0.0,0.0,0.0021074521,0.0
-2.33333333333333,0.0,14.2222222222222,0.0,0.0,0.0026398264,0.0
-2.44444444444444,0.0,14.2222222222222,0.0,0.0,0.00068049214,0.0
-2.55555555555556,0.0,14.2222222222222,0.0,0.0,0.00022945541,0.0
-2.66666666666667,0.0,14.2222222222222,0.0,0.0,0.0007267184,0.0
-2.77777777777778,0.0,14.2222222222222,0.0,0.0,0.00090487895,0.0
-2.88888888888889,0.0,14.2222222222222,0.0,0.0,0.0005222844,0.0
-3.0,0.0,14.2222222222222,0.0,0.0,0.00047994117,0.0
-3.11111111111111,0.0,14.2222222222222,0.0,0.0,0.0022258195,0.0
-3.22222222222222,0.0,14.2222222222222,0.0,0.0,0.003072289,0.0
-3.33333333333333,0.0,14.2222222222222,0.0,0.0,0.000719227,0.0
-3.44444444444444,0.0,14.2222222222222,0.0,0.0,0.0008241,0.0
-3.55555555555556,0.0,14.2222222222222,0.0,0.0,0.00020907137,0.0
-3.66666666666667,0.0,14.2222222222222,0.0,0.0,7.610289e-05,0.0
-3.77777777777778,0.0,14.2222222222222,0.0,0.0,0.00023679076,0.0
-3.88888888888889,0.0,14.2222222222222,0.0,0.0,7.8598176e-05,0.0
-4.0,0.0,14.2222222222222,0.0,0.0,0.0017264393,0.0
-4.11111111111111,0.0,14.2222222222222,0.0,0.0,0.00035228225,0.0
-4.22222222222222,0.0,14.2222222222222,0.0,0.0,0.00043348357,0.0
-4.33333333333333,0.0,14.2222222222222,0.0,0.0,0.0010851502,0.0
-4.44444444444444,0.0,14.2222222222222,0.0,0.0,0.0017647803,0.0
-4.55555555555556,0.0,14.2222222222222,0.0,0.0,0.0010805185,0.0
-4.66666666666667,0.0,14.2222222222222,0.0,0.0,0.00064035016,0.0
-4.77777777777778,0.0,14.2222222222222,0.0,0.0,0.00039421042,0.0
-4.88888888888889,0.0,14.2222222222222,0.0,0.0,0.00010891435,0.0
-0.444444444444444,0.0,14.3333333333333,0.0,0.0,0.00055775343,0.0
-0.555555555555556,0.0,14.3333333333333,0.0,0.0,0.002229791,0.0
-0.666666666666667,0.0,14.3333333333333,0.0,0.0,0.00086810853,0.0
-0.777777777777778,0.0,14.3333333333333,0.0,0.0,0.001335176,0.0
-0.888888888888889,0.0,14.3333333333333,0.0,0.0,0.0012763796,0.0
-1.0,0.0,14.3333333333333,0.0,0.0,0.0009900291,0.0
-1.11111111111111,0.0,14.3333333333333,0.0,0.0,0.00039167522,0.0
-1.22222222222222,0.0,14.3333333333333,0.0,0.0,0.0003040522,0.0
-1.33333333333333,0.0,14.3333333333333,0.0,0.0,0.00023220821,0.0
-1.44444444444444,0.0,14.3333333333333,0.0,0.0,0.000906651,0.0
-1.55555555555556,0.0,14.3333333333333,0.0,0.0,0.0012061038,0.0
-1.66666666666667,0.0,14.3333333333333,0.0,0.0,0.0011251181,0.0
-1.77777777777778,0.0,14.3333333333333,0.0,0.0,0.00090062444,0.0
-1.88888888888889,0.0,14.3333333333333,0.0,0.0,0.0016536124,0.0
-2.0,0.0,14.3333333333333,0.0,0.0,0.0012266429,0.0
-2.11111111111111,0.0,14.3333333333333,0.0,0.0,0.00085536763,0.0
-2.22222222222222,0.0,14.3333333333333,0.0,0.0,0.0011885157,0.0
-2.33333333333333,0.0,14.3333333333333,0.0,0.0,0.0033455945,0.0
-2.44444444444444,0.0,14.3333333333333,0.0,0.0,0.002741832,0.0
-2.55555555555556,0.0,14.3333333333333,0.0,0.0,0.0049433513,0.0
-2.66666666666667,0.0,14.3333333333333,0.0,0.0,0.003069532,0.0
-2.77777777777778,0.0,14.3333333333333,0.0,0.0,0.0021316272,0.0
-2.88888888888889,0.0,14.3333333333333,0.0,0.0,0.0005794973,0.0
-3.0,0.0,14.3333333333333,0.0,0.0,0.0022663167,0.0
-3.11111111111111,0.0,14.3333333333333,0.0,0.0,0.0014695276,0.0
-3.22222222222222,0.0,14.3333333333333,0.0,0.0,0.002194089,0.0
-3.33333333333333,0.0,14.3333333333333,0.0,0.0,0.00051639375,0.0
-3.44444444444444,0.0,14.3333333333333,0.0,0.0,0.00020188108,0.0
-3.55555555555556,0.0,14.3333333333333,0.0,0.0,3.074731e-05,0.0
-3.66666666666667,0.0,14.3333333333333,0.0,0.0,0.0010562245,0.0
-3.77777777777778,0.0,14.3333333333333,0.0,0.0,0.00057228917,0.0
-3.88888888888889,0.0,14.3333333333333,0.0,0.0,0.00072804315,0.0
-4.0,0.0,14.3333333333333,0.0,0.0,0.0010308592,0.0
-4.11111111111111,0.0,14.3333333333333,0.0,0.0,0.0019122653,0.0
-4.22222222222222,0.0,14.3333333333333,0.0,0.0,0.00016581199,0.0
-4.33333333333333,0.0,14.3333333333333,0.0,0.0,0.002842665,0.0
-4.44444444444444,0.0,14.3333333333333,0.0,0.0,0.0005292299,0.0
-4.55555555555556,0.0,14.3333333333333,0.0,0.0,0.00041845333,0.0
-4.66666666666667,0.0,14.3333333333333,0.0,0.0,4.487264e-06,0.0
-4.77777777777778,0.0,14.3333333333333,0.0,0.0,0.0011180468,0.0
-4.88888888888889,0.0,14.3333333333333,0.0,0.0,0.0012927972,0.0
-0.444444444444444,0.0,14.4444444444444,0.0,0.0,0.0010043246,0.0
-0.555555555555556,0.0,14.4444444444444,0.0,0.0,0.002042125,0.0
-0.666666666666667,0.0,14.4444444444444,0.0,0.0,0.00086721906,0.0
-0.777777777777778,0.0,14.4444444444444,0.0,0.0,0.0022886675,0.0
-0.888888888888889,0.0,14.4444444444444,0.0,0.0,0.0024018707,0.0
-1.0,0.0,14.4444444444444,0.0,0.0,0.0003664678,0.0
-1.11111111111111,0.0,14.4444444444444,0.0,0.0,0.0001297236,0.0
-1.22222222222222,0.0,14.4444444444444,0.0,0.0,0.00026328382,0.0
-1.33333333333333,0.0,14.4444444444444,0.0,0.0,0.0006053361,0.0
-1.44444444444444,0.0,14.4444444444444,0.0,0.0,0.0014922728,0.0
-1.55555555555556,0.0,14.4444444444444,0.0,0.0,0.002196105,0.0
-1.66666666666667,0.0,14.4444444444444,0.0,0.0,0.0016057608,0.0
-1.77777777777778,0.0,14.4444444444444,0.0,0.0,4.5132223e-05,0.0
-1.88888888888889,0.0,14.4444444444444,0.0,0.0,0.0041426956,0.0
-2.0,0.0,14.4444444444444,0.0,0.0,0.004105484,0.0
-2.11111111111111,0.0,14.4444444444444,0.0,0.0,0.001210449,0.0
-2.22222222222222,0.0,14.4444444444444,0.0,0.0,0.00029747665,0.0
-2.33333333333333,0.0,14.4444444444444,0.0,0.0,0.0028365068,0.0
-2.44444444444444,0.0,14.4444444444444,0.0,0.0,0.0060864827,0.0
-2.55555555555556,0.0,14.4444444444444,0.0,0.0,0.007988385,0.0
-2.66666666666667,0.0,14.4444444444444,0.0,0.0,0.0021700945,0.0
-2.77777777777778,0.0,14.4444444444444,0.0,0.0,0.003552201,0.0
-2.88888888888889,0.0,14.4444444444444,0.0,0.0,0.00096056674,0.0
-3.0,0.0,14.4444444444444,0.0,0.0,0.0035207418,0.0
-3.11111111111111,0.0,14.4444444444444,0.0,0.0,0.0013092249,0.0
-3.22222222222222,0.0,14.4444444444444,0.0,0.0,0.0014176057,0.0
-3.33333333333333,0.0,14.4444444444444,0.0,0.0,0.0011031006,0.0
-3.44444444444444,0.0,14.4444444444444,0.0,0.0,0.0002124217,0.0
-3.55555555555556,0.0,14.4444444444444,0.0,0.0,6.9496615e-05,0.0
-3.66666666666667,0.0,14.4444444444444,0.0,0.0,0.0020504317,0.0
-3.77777777777778,0.0,14.4444444444444,0.0,0.0,0.0004716215,0.0
-3.88888888888889,0.0,14.4444444444444,0.0,0.0,0.00064556365,0.0
-4.0,0.0,14.4444444444444,0.0,0.0,0.0025431663,0.0
-4.11111111111111,0.0,14.4444444444444,0.0,0.0,0.0027728893,0.0
-4.22222222222222,0.0,14.4444444444444,0.0,0.0,0.0014529361,0.0
-4.33333333333333,0.0,14.4444444444444,0.0,0.0,0.0032558872,0.0
-4.44444444444444,0.0,14.4444444444444,0.0,0.0,0.00023952524,0.0
-4.55555555555556,0.0,14.4444444444444,0.0,0.0,0.0006983619,0.0
-0.444444444444444,0.0,14.5555555555556,0.0,0.0,0.0014905424,0.0
-0.555555555555556,0.0,14.5555555555556,0.0,0.0,0.0010254284,0.0
-0.666666666666667,0.0,14.5555555555556,0.0,0.0,0.0011366451,0.0
-0.777777777777778,0.0,14.5555555555556,0.0,0.0,0.0011704407,0.0
-0.888888888888889,0.0,14.5555555555556,0.0,0.0,0.0036764164,0.0
-1.0,0.0,14.5555555555556,0.0,0.0,0.0009346657,0.0
-1.11111111111111,0.0,14.5555555555556,0.0,0.0,0.0006775473,0.0
-1.22222222222222,0.0,14.5555555555556,0.0,0.0,0.00024075012,0.0
-1.33333333333333,0.0,14.5555555555556,0.0,0.0,0.00085587753,0.0
-1.44444444444444,0.0,14.5555555555556,0.0,0.0,0.0016141402,0.0
-1.55555555555556,0.0,14.5555555555556,0.0,0.0,0.001720404,0.0
-1.66666666666667,0.0,14.5555555555556,0.0,0.0,0.0021712917,0.0
-1.77777777777778,0.0,14.5555555555556,0.0,0.0,0.0011457193,0.0
-1.88888888888889,0.0,14.5555555555556,0.0,0.0,0.0059178844,0.0
-2.0,0.0,14.5555555555556,0.0,0.0,0.005036918,0.0
-2.11111111111111,0.0,14.5555555555556,0.0,0.0,0.0018174419,0.0
-2.22222222222222,0.0,14.5555555555556,0.0,0.0,2.3931141e-05,0.0
-2.33333333333333,0.0,14.5555555555556,0.0,0.0,0.0016179996,0.0
-2.44444444444444,0.0,14.5555555555556,0.0,0.0,0.003774577,0.0
-2.55555555555556,0.0,14.5555555555556,0.0,0.0,0.0039883424,0.0
-2.66666666666667,0.0,14.5555555555556,0.0,0.0,6.204571e-05,0.0
-2.77777777777778,0.0,14.5555555555556,0.0,0.0,0.0027436223,0.0
-2.88888888888889,0.0,14.5555555555556,0.0,0.0,0.00061705086,0.0
-3.0,0.0,14.5555555555556,0.0,0.0,0.003751929,0.0
-3.11111111111111,0.0,14.5555555555556,0.0,0.0,0.001716917,0.0
-3.22222222222222,0.0,14.5555555555556,0.0,0.0,0.0005120741,0.0
-3.33333333333333,0.0,14.5555555555556,0.0,0.0,0.0007233129,0.0
-3.44444444444444,0.0,14.5555555555556,0.0,0.0,0.00031430525,0.0
-3.55555555555556,0.0,14.5555555555556,0.0,0.0,0.00026359904,0.0
-3.66666666666667,0.0,14.5555555555556,0.0,0.0,0.0028478766,0.0
-3.77777777777778,0.0,14.5555555555556,0.0,0.0,5.5564844e-05,0.0
-3.88888888888889,0.0,14.5555555555556,0.0,0.0,0.0003916649,0.0
-4.0,0.0,14.5555555555556,0.0,0.0,0.0017796946,0.0
-4.11111111111111,0.0,14.5555555555556,0.0,0.0,0.0020544955,0.0
-4.22222222222222,0.0,14.5555555555556,0.0,0.0,0.0022993747,0.0
-4.33333333333333,0.0,14.5555555555556,0.0,0.0,0.0019837325,0.0
-4.44444444444444,0.0,14.5555555555556,0.0,0.0,0.00016949188,0.0
-4.55555555555556,0.0,14.5555555555556,0.0,0.0,0.0016860521,0.0
-4.66666666666667,0.0,14.5555555555556,0.0,0.0,0.0004058958,0.0
-4.77777777777778,0.0,14.5555555555556,0.0,0.0,0.0014253777,0.0
-0.444444444444444,0.0,14.6666666666667,0.0,0.0,0.0016901413,0.0
-0.555555555555556,0.0,14.6666666666667,0.0,0.0,0.00042326996,0.0
-0.666666666666667,0.0,14.6666666666667,0.0,0.0,0.001082217,0.0
-0.777777777777778,0.0,14.6666666666667,0.0,0.0,0.0002892519,0.0
-0.888888888888889,0.0,14.6666666666667,0.0,0.0,0.001984958,0.0
-1.0,0.0,14.6666666666667,0.0,0.0,0.004339293,0.0
-1.11111111111111,0.0,14.6666666666667,0.0,0.0,0.00084800285,0.0
-1.22222222222222,0.0,14.6666666666667,0.0,0.0,0.00019125306,0.0
-1.33333333333333,0.0,14.6666666666667,0.0,0.0,0.0013613309,0.0
-1.44444444444444,0.0,14.6666666666667,0.0,0.0,0.0006765375,0.0
-1.55555555555556,0.0,14.6666666666667,0.0,0.0,0.00058472337,0.0
-1.66666666666667,0.0,14.6666666666667,0.0,0.0,0.0026277085,0.0
-1.77777777777778,0.0,14.6666666666667,0.0,0.0,0.0007387141,0.0
-1.88888888888889,0.0,14.6666666666667,0.0,0.0,0.0072124004,0.0
-2.0,0.0,14.6666666666667,0.0,0.0,0.0057005393,0.0
-2.11111111111111,0.0,14.6666666666667,0.0,0.0,0.0024612036,0.0
-2.22222222222222,0.0,14.6666666666667,0.0,0.0,6.4986193e-06,0.0
-2.33333333333333,0.0,14.6666666666667,0.0,0.0,0.0010345876,0.0
-2.44444444444444,0.0,14.6666666666667,0.0,0.0,0.00019094817,0.0
-2.55555555555556,0.0,14.6666666666667,0.0,0.0,0.00044611515,0.0
-2.66666666666667,0.0,14.6666666666667,0.0,0.0,0.0018368991,0.0
-2.77777777777778,0.0,14.6666666666667,0.0,0.0,0.0011029877,0.0
-2.88888888888889,0.0,14.6666666666667,0.0,0.0,0.00034750853,0.0
-3.0,0.0,14.6666666666667,0.0,0.0,0.003625555,0.0
-3.11111111111111,0.0,14.6666666666667,0.0,0.0,0.001268179,0.0
-3.22222222222222,0.0,14.6666666666667,0.0,0.0,4.1710216e-05,0.0
-3.33333333333333,0.0,14.6666666666667,0.0,0.0,0.00017155056,0.0
-3.44444444444444,0.0,14.6666666666667,0.0,0.0,0.00038313953,0.0
-3.55555555555556,0.0,14.6666666666667,0.0,0.0,0.00025473352,0.0
-3.66666666666667,0.0,14.6666666666667,0.0,0.0,0.0045857555,0.0
-3.77777777777778,0.0,14.6666666666667,0.0,0.0,2.300315e-05,0.0
-3.88888888888889,0.0,14.6666666666667,0.0,0.0,0.001060416,0.0
-4.0,0.0,14.6666666666667,0.0,0.0,0.00044109704,0.0
-4.11111111111111,0.0,14.6666666666667,0.0,0.0,0.0016837934,0.0
-4.22222222222222,0.0,14.6666666666667,0.0,0.0,0.0018684537,0.0
-4.33333333333333,0.0,14.6666666666667,0.0,0.0,0.00096812326,0.0
-4.44444444444444,0.0,14.6666666666667,0.0,0.0,8.815916e-05,0.0
-4.55555555555556,0.0,14.6666666666667,0.0,0.0,0.002892772,0.0
-4.66666666666667,0.0,14.6666666666667,0.0,0.0,0.00022097898,0.0
-4.77777777777778,0.0,14.6666666666667,0.0,0.0,0.0011950025,0.0
-0.444444444444444,0.0,14.7777777777778,0.0,0.0,0.002047562,0.0
-0.555555555555556,0.0,14.7777777777778,0.0,0.0,0.00051165,0.0
-0.666666666666667,0.0,14.7777777777778,0.0,0.0,0.00055452314,0.0
-0.777777777777778,0.0,14.7777777777778,0.0,0.0,0.0012732078,0.0
-0.888888888888889,0.0,14.7777777777778,0.0,0.0,3.3208715e-05,0.0
-1.0,0.0,14.7777777777778,0.0,0.0,0.0045960727,0.0
-1.11111111111111,0.0,14.7777777777778,0.0,0.0,0.000105790175,0.0
-1.22222222222222,0.0,14.7777777777778,0.0,0.0,0.002102061,0.0
-1.33333333333333,0.0,14.7777777777778,0.0,0.0,0.0014442647,0.0
-1.44444444444444,0.0,14.7777777777778,0.0,0.0,0.0002464938,0.0
-1.55555555555556,0.0,14.7777777777778,0.0,0.0,9.447341e-05,0.0
-1.66666666666667,0.0,14.7777777777778,0.0,0.0,0.0031696605,0.0
-1.77777777777778,0.0,14.7777777777778,0.0,0.0,0.00023416562,0.0
-1.88888888888889,0.0,14.7777777777778,0.0,0.0,0.006273279,0.0
-2.0,0.0,14.7777777777778,0.0,0.0,0.0076596877,0.0
-2.11111111111111,0.0,14.7777777777778,0.0,0.0,0.002432205,0.0
-2.22222222222222,0.0,14.7777777777778,0.0,0.0,2.6365999e-05,0.0
-2.33333333333333,0.0,14.7777777777778,0.0,0.0,0.0016019649,0.0
-2.44444444444444,0.0,14.7777777777778,0.0,0.0,0.001663636,0.0
-2.55555555555556,0.0,14.7777777777778,0.0,0.0,0.00015376456,0.0
-2.66666666666667,0.0,14.7777777777778,0.0,0.0,0.0029790672,0.0
-2.77777777777778,0.0,14.7777777777778,0.0,0.0,7.97677e-05,0.0
-2.88888888888889,0.0,14.7777777777778,0.0,0.0,0.00027275097,0.0
-3.0,0.0,14.7777777777778,0.0,0.0,0.002340198,0.0
-3.11111111111111,0.0,14.7777777777778,0.0,0.0,0.0006697134,0.0
-3.22222222222222,0.0,14.7777777777778,0.0,0.0,1.4171964e-05,0.0
-3.33333333333333,0.0,14.7777777777778,0.0,0.0,0.00024097333,0.0
-3.44444444444444,0.0,14.7777777777778,0.0,0.0,4.0965664e-05,0.0
-3.55555555555556,0.0,14.7777777777778,0.0,0.0,0.00072063645,0.0
-3.66666666666667,0.0,14.7777777777778,0.0,0.0,0.0050331187,0.0
-3.77777777777778,0.0,14.7777777777778,0.0,0.0,0.0005967951,0.0
-3.88888888888889,0.0,14.7777777777778,0.0,0.0,0.002354832,0.0
-4.0,0.0,14.7777777777778,0.0,0.0,0.00020275477,0.0
-4.11111111111111,0.0,14.7777777777778,0.0,0.0,0.002084349,0.0
-4.22222222222222,0.0,14.7777777777778,0.0,0.0,0.0014068795,0.0
-4.33333333333333,0.0,14.7777777777778,0.0,0.0,0.00055946806,0.0
-4.44444444444444,0.0,14.7777777777778,0.0,0.0,2.2923168e-05,0.0
-4.55555555555556,0.0,14.7777777777778,0.0,0.0,0.0029495868,0.0
-4.66666666666667,0.0,14.7777777777778,0.0,0.0,1.0584621e-06,0.0
-4.77777777777778,0.0,14.7777777777778,0.0,0.0,0.0010871773,0.0
-4.88888888888889,0.0,14.7777777777778,0.0,0.0,0.0004094793,0.0
-0.444444444444444,0.0,14.8888888888889,0.0,0.0,0.0010830342,0.0
-0.555555555555556,0.0,14.8888888888889,0.0,0.0,0.00023707833,0.0
-0.666666666666667,0.0,14.8888888888889,0.0,0.0,0.0010564072,0.0
-0.777777777777778,0.0,14.8888888888889,0.0,0.0,0.0022998883,0.0
-0.888888888888889,0.0,14.8888888888889,0.0,0.0,0.00048054697,0.0
-1.0,0.0,14.8888888888889,0.0,0.0,0.0013992551,0.0
-1.11111111111111,0.0,14.8888888888889,0.0,0.0,0.0004975977,0.0
-1.22222222222222,0.0,14.8888888888889,0.0,0.0,0.0029656265,0.0
-1.33333333333333,0.0,14.8888888888889,0.0,0.0,0.00034996844,0.0
-1.44444444444444,0.0,14.8888888888889,0.0,0.0,0.0020550499,0.0
-1.55555555555556,0.0,14.8888888888889,0.0,0.0,0.0003779363,0.0
-1.66666666666667,0.0,14.8888888888889,0.0,0.0,0.003471347,0.0
-1.77777777777778,0.0,14.8888888888889,0.0,0.0,0.0025369504,0.0
-1.88888888888889,0.0,14.8888888888889,0.0,0.0,0.0024818764,0.0
-2.0,0.0,14.8888888888889,0.0,0.0,0.00656672,0.0
-2.11111111111111,0.0,14.8888888888889,0.0,0.0,0.0019746737,0.0
-2.22222222222222,0.0,14.8888888888889,0.0,0.0,6.5721e-05,0.0
-2.33333333333333,0.0,14.8888888888889,0.0,0.0,0.0014905103,0.0
-2.44444444444444,0.0,14.8888888888889,0.0,0.0,0.0042087957,0.0
-2.55555555555556,0.0,14.8888888888889,0.0,0.0,0.00052708265,0.0
-2.66666666666667,0.0,14.8888888888889,0.0,0.0,0.0013510666,0.0
-2.77777777777778,0.0,14.8888888888889,0.0,0.0,0.00035305013,0.0
-2.88888888888889,0.0,14.8888888888889,0.0,0.0,0.0004357055,0.0
-3.0,0.0,14.8888888888889,0.0,0.0,0.00084875064,0.0
-3.11111111111111,0.0,14.8888888888889,0.0,0.0,0.0017785075,0.0
-3.22222222222222,0.0,14.8888888888889,0.0,0.0,7.706684e-05,0.0
-3.33333333333333,0.0,14.8888888888889,0.0,0.0,0.00046320443,0.0
-3.44444444444444,0.0,14.8888888888889,0.0,0.0,0.00033527554,0.0
-3.55555555555556,0.0,14.8888888888889,0.0,0.0,0.0021276993,0.0
-3.66666666666667,0.0,14.8888888888889,0.0,0.0,0.003143077,0.0
-3.77777777777778,0.0,14.8888888888889,0.0,0.0,0.0020892178,0.0
-3.88888888888889,0.0,14.8888888888889,0.0,0.0,0.0014996,0.0
-4.0,0.0,14.8888888888889,0.0,0.0,9.2662194e-05,0.0
-4.11111111111111,0.0,14.8888888888889,0.0,0.0,0.0014777894,0.0
-4.22222222222222,0.0,14.8888888888889,0.0,0.0,0.0011265649,0.0
-4.33333333333333,0.0,14.8888888888889,0.0,0.0,0.00030405776,0.0
-4.44444444444444,0.0,14.8888888888889,0.0,0.0,7.704495e-06,0.0
-4.55555555555556,0.0,14.8888888888889,0.0,0.0,0.0017419347,0.0
-4.66666666666667,0.0,14.8888888888889,0.0,0.0,0.00018484792,0.0
-4.77777777777778,0.0,14.8888888888889,0.0,0.0,0.000552301,0.0
-4.88888888888889,0.0,14.8888888888889,0.0,0.0,0.00032868725,0.0
-0.444444444444444,0.0,15.0,0.0,0.0,6.5343884e-06,0.0
-0.555555555555556,0.0,15.0,0.0,0.0,4.858488e-05,0.0
-0.666666666666667,0.0,15.0,0.0,0.0,0.0017595566,0.0
-0.777777777777778,0.0,15.0,0.0,0.0,0.0022630985,0.0
-0.888888888888889,0.0,15.0,0.0,0.0,0.00057545735,0.0
-1.11111111111111,0.0,15.0,0.0,0.0,0.0010441398,0.0
-1.22222222222222,0.0,15.0,0.0,0.0,0.00090951385,0.0
-1.33333333333333,0.0,15.0,0.0,0.0,0.0002609403,0.0
-1.44444444444444,0.0,15.0,0.0,0.0,0.0021964987,0.0
-1.55555555555556,0.0,15.0,0.0,0.0,0.00035738334,0.0
-1.77777777777778,0.0,15.0,0.0,0.0,0.0035916422,0.0
-1.88888888888889,0.0,15.0,0.0,0.0,0.0005893679,0.0
-2.11111111111111,0.0,15.0,0.0,0.0,0.0024620893,0.0
-2.22222222222222,0.0,15.0,0.0,0.0,0.00030623778,0.0
-2.33333333333333,0.0,15.0,0.0,0.0,0.0002413506,0.0
-2.44444444444444,0.0,15.0,0.0,0.0,0.0026853539,0.0
-2.55555555555556,0.0,15.0,0.0,0.0,0.0002543683,0.0
-2.66666666666667,0.0,15.0,0.0,0.0,0.00013224754,0.0
-2.77777777777778,0.0,15.0,0.0,0.0,0.0009477216,0.0
-2.88888888888889,0.0,15.0,0.0,0.0,0.00037961724,0.0
-3.11111111111111,0.0,15.0,0.0,0.0,0.0019989582,0.0
-3.22222222222222,0.0,15.0,0.0,0.0,0.0002839974,0.0
-3.33333333333333,0.0,15.0,0.0,0.0,0.00034115903,0.0
-3.44444444444444,0.0,15.0,0.0,0.0,0.0011204275,0.0
-3.55555555555556,0.0,15.0,0.0,0.0,0.0025922975,0.0
-3.88888888888889,0.0,15.0,0.0,0.0,6.083489e-05,0.0
-4.11111111111111,0.0,15.0,0.0,0.0,0.0010097501,0.0
-4.22222222222222,0.0,15.0,0.0,0.0,0.000690637,0.0
-4.44444444444444,0.0,15.0,0.0,0.0,8.119953e-05,0.0
-4.55555555555556,0.0,15.0,0.0,0.0,0.0005256974,0.0
-4.66666666666667,0.0,15.0,0.0,0.0,0.000249568,0.0
-4.77777777777778,0.0,15.0,0.0,0.0,0.00025560343,0.0
-4.88888888888889,0.0,15.0,0.0,0.0,6.3978514e-05,0.0
-0.111111111111111,1.0,0.0,0.0,0.0,0.08227658,0.0
-0.222222222222222,1.0,0.0,0.0,0.0,0.026405394,0.0
-0.333333333333333,1.0,0.0,0.757543138009247,0.0,0.029368386,0.018370347725483304
-0.444444444444444,1.0,0.0,0.0,0.0,0.014715601,0.0
-0.555555555555556,1.0,0.0,0.0,0.0,0.03231733,0.0
-0.666666666666667,1.0,0.0,1.07719570478623,0.0,0.00279092,0.026121891510128833
-0.777777777777778,1.0,0.0,0.0,0.0,0.017986603,0.0
-0.888888888888889,1.0,0.0,0.0,0.0,0.01854404,0.0
-1.11111111111111,1.0,0.0,0.0,0.0,0.018284917,0.0
-1.22222222222222,1.0,0.0,0.0,0.0,0.031569444,0.0
-1.33333333333333,1.0,0.0,19.6378457587055,0.0,0.020059405,0.4762158576406033
-1.44444444444444,1.0,0.0,0.0,0.0,0.01985226,0.0
-1.55555555555556,1.0,0.0,0.0,0.0,0.0006775944,0.0
-1.66666666666667,1.0,0.0,0.0,0.0,0.027531974,0.0
-1.77777777777778,1.0,0.0,0.0,0.0,0.008258636,0.0
-1.88888888888889,1.0,0.0,0.0,0.0,0.022114417,0.0
-2.11111111111111,1.0,0.0,0.0,0.0,0.023768282,0.0
-2.22222222222222,1.0,0.0,0.0,0.0,0.019791238,0.0
-2.33333333333333,1.0,0.0,7.49683476274918,0.0,0.021757951,0.1817975168966714
-2.44444444444444,1.0,0.0,0.0,0.0,0.0036988584,0.0
-2.55555555555556,1.0,0.0,0.0,0.0,0.012757958,0.0
-2.66666666666667,1.0,0.0,15.8794555033599,0.0,0.013137348,0.3850752579643855
-2.77777777777778,1.0,0.0,0.0,0.0,0.01713315,0.0
-2.88888888888889,1.0,0.0,0.0,0.0,0.022940744,0.0
-3.11111111111111,1.0,0.0,0.0,0.0,0.013663841,0.0
-3.22222222222222,1.0,0.0,0.0,0.0,0.006130151,0.0
-3.33333333333333,1.0,0.0,30.129513917655,0.0,0.0027327791,0.7306377943329148
-3.44444444444444,1.0,0.0,0.0,0.0,0.0057381717,0.0
-3.55555555555556,1.0,0.0,0.0,0.0,0.0007065338,0.0
-3.66666666666667,1.0,0.0,0.821618213959861,0.0,0.015679037,0.019924162111344935
-3.77777777777778,1.0,0.0,0.0,0.0,0.00031824072,0.0
-3.88888888888889,1.0,0.0,0.0,0.0,0.0144518055,0.0
-4.11111111111111,1.0,0.0,0.0,0.0,0.020175291,0.0
-4.22222222222222,1.0,0.0,0.0,0.0,0.0023538056,0.0
-4.33333333333333,1.0,0.0,12.8520124850626,0.0,0.0048078857,0.3116600579912729
-4.44444444444444,1.0,0.0,0.0,0.0,0.000606305,0.0
-4.55555555555556,1.0,0.0,0.0,0.0,0.00039328303,0.0
-4.66666666666667,1.0,0.0,9.60352454024186,0.0,0.006628079,0.23288453995909825
-4.77777777777778,1.0,0.0,0.0,0.0,0.010236795,0.0
-4.88888888888889,1.0,0.0,0.0,0.0,0.0012025638,0.0
-0.111111111111111,1.11111111111111,0.0,0.0,0.0,0.0038124681,0.0
-0.222222222222222,1.11111111111111,0.0,0.0,0.0,0.001783877,0.0
-0.333333333333333,1.11111111111111,0.0,0.0,0.0,0.000765791,0.0
-0.444444444444444,1.11111111111111,0.0,0.0,0.0,0.008927309,0.0
-0.555555555555556,1.11111111111111,0.0,0.0,0.0,7.2941126e-05,0.0
-0.666666666666667,1.11111111111111,0.0,0.0,0.0,0.0057524047,0.0
-0.777777777777778,1.11111111111111,0.0,0.0,0.0,0.0052597444,0.0
-0.888888888888889,1.11111111111111,0.0,0.0,0.0,0.004402575,0.0
-1.0,1.11111111111111,0.0,0.0,0.0,0.014890978,0.0
-1.11111111111111,1.11111111111111,0.0,0.0,0.0,0.0013641521,0.0
-1.22222222222222,1.11111111111111,0.0,0.0,0.0,0.002935063,0.0
-1.33333333333333,1.11111111111111,0.0,0.0,0.0,0.0027516654,0.0
-1.44444444444444,1.11111111111111,0.0,0.0,0.0,0.0034820924,0.0
-1.55555555555556,1.11111111111111,0.0,0.0,0.0,0.004584895,0.0
-1.66666666666667,1.11111111111111,0.0,0.0,0.0,0.0011884548,0.0
-1.77777777777778,1.11111111111111,0.0,0.0,0.0,0.0032748112,0.0
-1.88888888888889,1.11111111111111,0.0,0.0,0.0,0.0021122494,0.0
-2.0,1.11111111111111,0.0,0.0,0.0,0.006440102,0.0
-2.11111111111111,1.11111111111111,0.0,0.0,0.0,0.004848592,0.0
-2.22222222222222,1.11111111111111,0.0,0.0,0.0,0.0002934597,0.0
-2.33333333333333,1.11111111111111,0.0,0.0,0.0,0.00013967937,0.0
-2.44444444444444,1.11111111111111,0.0,0.0,0.0,0.0005038673,0.0
-2.55555555555556,1.11111111111111,0.0,0.0,0.0,0.0014135175,0.0
-2.66666666666667,1.11111111111111,0.0,0.0,0.0,0.0029254518,0.0
-2.77777777777778,1.11111111111111,0.0,0.0,0.0,0.0039451383,0.0
-2.88888888888889,1.11111111111111,0.0,0.0,0.0,0.0024851682,0.0
-3.0,1.11111111111111,0.0,0.0,0.0,0.007865255,0.0
-3.11111111111111,1.11111111111111,0.0,0.0,0.0,0.0008977173,0.0
-3.22222222222222,1.11111111111111,0.0,0.0,0.0,0.0016073027,0.0
-3.33333333333333,1.11111111111111,0.0,0.0,0.0,0.0010957294,0.0
-3.44444444444444,1.11111111111111,0.0,0.0,0.0,0.0040178224,0.0
-3.55555555555556,1.11111111111111,0.0,0.0,0.0,0.003414979,0.0
-3.66666666666667,1.11111111111111,0.0,0.0,0.0,0.00026651056,0.0
-3.77777777777778,1.11111111111111,0.0,0.0,0.0,0.006625191,0.0
-3.88888888888889,1.11111111111111,0.0,0.0,0.0,0.0012526657,0.0
-4.0,1.11111111111111,0.0,0.0,0.0,7.7044635e-05,0.0
-4.11111111111111,1.11111111111111,0.0,0.0,0.0,0.0013821936,0.0
-4.22222222222222,1.11111111111111,0.0,0.0,0.0,0.0005200115,0.0
-4.33333333333333,1.11111111111111,0.0,0.0,0.0,0.001108811,0.0
-4.44444444444444,1.11111111111111,0.0,0.0,0.0,0.0020086023,0.0
-4.55555555555556,1.11111111111111,0.0,0.0,0.0,0.0014462603,0.0
-4.66666666666667,1.11111111111111,0.0,0.0,0.0,0.0009767073,0.0
-4.77777777777778,1.11111111111111,0.0,0.0,0.0,0.0012373775,0.0
-4.88888888888889,1.11111111111111,0.0,0.0,0.0,0.00018217684,0.0
-5.0,1.11111111111111,0.0,0.0,0.0,7.50793e-05,0.0
-0.111111111111111,1.22222222222222,0.0,0.0,0.0,0.00075431046,0.0
-0.222222222222222,1.22222222222222,0.0,0.0,0.0,0.0027959477,0.0
-0.333333333333333,1.22222222222222,0.0,0.0,0.0,0.00040538466,0.0
-0.444444444444444,1.22222222222222,0.0,0.0,0.0,0.0029198504,0.0
-0.555555555555556,1.22222222222222,0.0,0.0,0.0,0.004888434,0.0
-0.666666666666667,1.22222222222222,0.0,0.0,0.0,0.0026726925,0.0
-0.777777777777778,1.22222222222222,0.0,0.0,0.0,0.0009489296,0.0
-0.888888888888889,1.22222222222222,0.0,0.0,0.0,0.00053577725,0.0
-1.0,1.22222222222222,0.0,0.0,0.0,0.00046277474,0.0
-1.11111111111111,1.22222222222222,0.0,0.0,0.0,0.008010319,0.0
-1.22222222222222,1.22222222222222,0.0,0.0,0.0,0.000717029,0.0
-1.33333333333333,1.22222222222222,0.0,0.0,0.0,0.00012561765,0.0
-1.44444444444444,1.22222222222222,0.0,0.0,0.0,0.0004636287,0.0
-1.55555555555556,1.22222222222222,0.0,0.0,0.0,0.0034604496,0.0
-1.66666666666667,1.22222222222222,0.0,0.0,0.0,0.0024595037,0.0
-1.77777777777778,1.22222222222222,0.0,0.0,0.0,0.001077909,0.0
-1.88888888888889,1.22222222222222,0.0,0.0,0.0,0.009629329,0.0
-2.0,1.22222222222222,0.0,0.0,0.0,0.0076824715,0.0
-2.11111111111111,1.22222222222222,0.0,0.0,0.0,0.00030254727,0.0
-2.22222222222222,1.22222222222222,0.0,0.0,0.0,0.007922275,0.0
-2.33333333333333,1.22222222222222,0.0,0.0,0.0,0.0041036783,0.0
-2.44444444444444,1.22222222222222,0.0,0.0,0.0,0.0058788178,0.0
-2.55555555555556,1.22222222222222,0.0,0.0,0.0,0.003575864,0.0
-2.66666666666667,1.22222222222222,0.0,0.0,0.0,0.01831545,0.0
-2.77777777777778,1.22222222222222,0.0,0.0,0.0,0.002375006,0.0
-2.88888888888889,1.22222222222222,0.0,0.0,0.0,0.0013583428,0.0
-3.0,1.22222222222222,0.0,0.0,0.0,0.0038062402,0.0
-3.11111111111111,1.22222222222222,0.0,0.0,0.0,0.004789217,0.0
-3.22222222222222,1.22222222222222,0.0,0.0,0.0,0.001997151,0.0
-3.33333333333333,1.22222222222222,0.0,0.0,0.0,0.0009266556,0.0
-3.44444444444444,1.22222222222222,0.0,0.0,0.0,0.0011716573,0.0
-3.55555555555556,1.22222222222222,0.0,0.0,0.0,0.00053212675,0.0
-3.66666666666667,1.22222222222222,0.0,0.0,0.0,0.0005742429,0.0
-3.77777777777778,1.22222222222222,0.0,0.0,0.0,0.00097477494,0.0
-3.88888888888889,1.22222222222222,0.0,0.0,0.0,0.0044331676,0.0
-4.0,1.22222222222222,0.0,0.0,0.0,0.013210174,0.0
-4.11111111111111,1.22222222222222,0.0,0.0,0.0,0.004302745,0.0
-4.22222222222222,1.22222222222222,0.0,0.0,0.0,0.0007246794,0.0
-4.33333333333333,1.22222222222222,0.0,0.0,0.0,0.0028483714,0.0
-4.44444444444444,1.22222222222222,0.0,0.0,0.0,0.0012104838,0.0
-4.55555555555556,1.22222222222222,0.0,0.0,0.0,0.00020250323,0.0
-4.66666666666667,1.22222222222222,0.0,0.0,0.0,6.053949e-05,0.0
-4.77777777777778,1.22222222222222,0.0,0.0,0.0,0.0008211686,0.0
-4.88888888888889,1.22222222222222,0.0,0.0,0.0,0.0011616331,0.0
-5.0,1.22222222222222,0.0,0.0,0.0,0.0034731238,0.0
-0.111111111111111,1.33333333333333,0.0,0.0,0.0,0.0029727966,0.0
-0.222222222222222,1.33333333333333,0.0,0.0,0.0,0.00014478154,0.0
-0.333333333333333,1.33333333333333,0.0,0.0,0.0,0.003088981,0.0
-0.444444444444444,1.33333333333333,0.0,0.0,0.0,0.0055084396,0.0
-0.555555555555556,1.33333333333333,0.0,0.0,0.0,0.0104207015,0.0
-0.666666666666667,1.33333333333333,0.0,0.0,0.0,0.0012300386,0.0
-0.777777777777778,1.33333333333333,0.0,0.0,0.0,0.0016044299,0.0
-0.888888888888889,1.33333333333333,0.0,0.49204488355779,0.0,0.0049896203,0.01193204076965873
-1.0,1.33333333333333,0.0,11.5919162269553,0.0,0.0010446631,0.28110284577779643
-1.11111111111111,1.33333333333333,0.0,0.0,0.0,0.0021768352,0.0
-1.22222222222222,1.33333333333333,0.0,0.0,0.0,0.008862088,0.0
-1.33333333333333,1.33333333333333,0.0,0.0,0.0,0.0051508746,0.0
-1.44444444444444,1.33333333333333,0.0,0.0,0.0,0.005357425,0.0
-1.55555555555556,1.33333333333333,0.0,0.0,0.0,0.002992082,0.0
-1.66666666666667,1.33333333333333,0.0,0.0,0.0,0.009942059,0.0
-1.77777777777778,1.33333333333333,0.0,0.455638596157406,0.0,0.00897518,0.011049191826301564
-1.88888888888889,1.33333333333333,0.0,0.0,0.0,0.0007003994,0.0
-2.0,1.33333333333333,0.0,0.0,0.0,0.002147936,0.0
-2.11111111111111,1.33333333333333,0.0,0.0,0.0,0.0028602462,0.0
-2.22222222222222,1.33333333333333,0.0,0.0,0.0,0.0006375344,0.0
-2.33333333333333,1.33333333333333,0.0,0.0,0.0,0.0013155686,0.0
-2.44444444444444,1.33333333333333,0.0,0.0,0.0,0.004537032,0.0
-2.55555555555556,1.33333333333333,0.0,0.0,0.0,0.00030482456,0.0
-2.66666666666667,1.33333333333333,0.0,1.2525943986296,0.0,0.00070497347,0.030375292847728916
-2.77777777777778,1.33333333333333,0.0,0.0,0.0,0.0010662475,0.0
-2.88888888888889,1.33333333333333,0.0,0.0,0.0,0.0014553611,0.0
-3.0,1.33333333333333,0.0,9.01156827195302,0.0,0.004982026,0.21852965778654962
-3.11111111111111,1.33333333333333,0.0,0.0,0.0,0.0019512163,0.0
-3.22222222222222,1.33333333333333,0.0,0.0,0.0,0.00030011428,0.0
-3.33333333333333,1.33333333333333,0.0,0.0,0.0,0.0024832736,0.0
-3.44444444444444,1.33333333333333,0.0,0.0,0.0,0.002488248,0.0
-3.55555555555556,1.33333333333333,0.0,0.617992100625479,0.0,0.0014030464,0.014986248585032183
-3.66666666666667,1.33333333333333,0.0,0.0,0.0,0.0002625308,0.0
-3.77777777777778,1.33333333333333,0.0,0.0,0.0,0.0009693676,0.0
-3.88888888888889,1.33333333333333,0.0,0.0,0.0,0.0014164014,0.0
-4.0,1.33333333333333,0.0,0.0,0.0,0.0043762242,0.0
-4.11111111111111,1.33333333333333,0.0,0.0,0.0,0.0012726622,0.0
-4.22222222222222,1.33333333333333,0.0,0.0,0.0,0.0005757559,0.0
-4.33333333333333,1.33333333333333,0.0,0.0,0.0,0.000359974,0.0
-4.44444444444444,1.33333333333333,0.0,0.0,0.0,0.0012200928,0.0
-4.55555555555556,1.33333333333333,0.0,0.0,0.0,0.0028041445,0.0
-4.66666666666667,1.33333333333333,0.0,0.0,0.0,0.0007942065,0.0
-4.77777777777778,1.33333333333333,0.0,0.0,0.0,0.002968696,0.0
-4.88888888888889,1.33333333333333,0.0,0.0,0.0,0.00011732684,0.0
-5.0,1.33333333333333,0.0,0.0,0.0,0.0033624,0.0
-0.222222222222222,1.44444444444444,0.0,0.0,0.0,0.0030449973,0.0
-0.333333333333333,1.44444444444444,0.0,0.0,0.0,0.0062923217,0.0
-0.444444444444444,1.44444444444444,0.0,0.0,0.0,0.00890694,0.0
-0.555555555555556,1.44444444444444,0.0,0.0,0.0,0.016894734,0.0
-0.666666666666667,1.44444444444444,0.0,0.0,0.0,0.0010218496,0.0
-0.777777777777778,1.44444444444444,0.0,0.0,0.0,0.0043605836,0.0
-0.888888888888889,1.44444444444444,0.0,0.0,0.0,0.008915416,0.0
-1.0,1.44444444444444,0.0,0.0,0.0,0.009512074,0.0
-1.11111111111111,1.44444444444444,0.0,0.0,0.0,0.0008812341,0.0
-1.22222222222222,1.44444444444444,0.0,0.0,0.0,0.0036366463,0.0
-1.33333333333333,1.44444444444444,0.0,0.0,0.0,0.0056878943,0.0
-1.44444444444444,1.44444444444444,0.0,0.0,0.0,0.005909221,0.0
-1.55555555555556,1.44444444444444,0.0,0.0,0.0,0.00088137056,0.0
-1.66666666666667,1.44444444444444,0.0,0.0,0.0,0.0012294988,0.0
-1.77777777777778,1.44444444444444,0.0,0.0,0.0,0.0011814288,0.0
-1.88888888888889,1.44444444444444,0.0,0.0,0.0,0.0018094692,0.0
-2.0,1.44444444444444,0.0,0.0,0.0,0.006677416,0.0
-2.11111111111111,1.44444444444444,0.0,0.0,0.0,0.004773621,0.0
-2.22222222222222,1.44444444444444,0.0,0.0,0.0,0.0009644422,0.0
-2.33333333333333,1.44444444444444,0.0,0.0,0.0,0.0039036484,0.0
-2.44444444444444,1.44444444444444,0.0,0.0,0.0,0.000753823,0.0
-2.55555555555556,1.44444444444444,0.0,0.0,0.0,0.0023023798,0.0
-2.66666666666667,1.44444444444444,0.0,0.0,0.0,0.00022758306,0.0
-2.77777777777778,1.44444444444444,0.0,0.0,0.0,0.00014323476,0.0
-2.88888888888889,1.44444444444444,0.0,0.0,0.0,0.0029457058,0.0
-3.0,1.44444444444444,0.0,0.0,0.0,3.9709746e-05,0.0
-3.11111111111111,1.44444444444444,0.0,0.0,0.0,0.004297062,0.0
-3.22222222222222,1.44444444444444,0.0,0.0,0.0,0.00789076,0.0
-3.33333333333333,1.44444444444444,0.0,0.0,0.0,0.0006739211,0.0
-3.44444444444444,1.44444444444444,0.0,0.0,0.0,0.0056177787,0.0
-3.55555555555556,1.44444444444444,0.0,0.0,0.0,0.00074838375,0.0
-3.66666666666667,1.44444444444444,0.0,0.0,0.0,0.0019087921,0.0
-3.77777777777778,1.44444444444444,0.0,0.0,0.0,0.001118956,0.0
-3.88888888888889,1.44444444444444,0.0,0.0,0.0,0.0010004645,0.0
-4.0,1.44444444444444,0.0,0.0,0.0,0.009651532,0.0
-4.11111111111111,1.44444444444444,0.0,0.0,0.0,0.006486172,0.0
-4.22222222222222,1.44444444444444,0.0,0.0,0.0,0.00051090826,0.0
-4.33333333333333,1.44444444444444,0.0,0.0,0.0,0.00025790086,0.0
-4.44444444444444,1.44444444444444,0.0,0.0,0.0,0.0006508666,0.0
-4.55555555555556,1.44444444444444,0.0,0.0,0.0,0.0029759551,0.0
-4.66666666666667,1.44444444444444,0.0,0.0,0.0,0.0012282989,0.0
-4.77777777777778,1.44444444444444,0.0,0.0,0.0,0.0017569276,0.0
-4.88888888888889,1.44444444444444,0.0,0.0,0.0,0.0006014988,0.0
-0.222222222222222,1.55555555555556,0.0,0.0,0.0,0.0059803603,0.0
-0.333333333333333,1.55555555555556,0.0,0.0,0.0,0.00422235,0.0
-0.444444444444444,1.55555555555556,0.0,0.0,0.0,0.008162441,0.0
-0.555555555555556,1.55555555555556,0.0,0.0,0.0,0.005725807,0.0
-0.666666666666667,1.55555555555556,0.0,0.0,0.0,0.0024015564,0.0
-0.777777777777778,1.55555555555556,0.0,0.0,0.0,7.360292e-05,0.0
-0.888888888888889,1.55555555555556,0.0,0.0,0.0,0.010598721,0.0
-1.0,1.55555555555556,0.0,0.0,0.0,0.019937154,0.0
-1.11111111111111,1.55555555555556,0.0,0.0,0.0,0.0018362659,0.0
-1.22222222222222,1.55555555555556,0.0,0.0,0.0,0.004308861,0.0
-1.33333333333333,1.55555555555556,0.0,0.0,0.0,0.0025549838,0.0
-1.44444444444444,1.55555555555556,0.0,0.0,0.0,0.00037590106,0.0
-1.55555555555556,1.55555555555556,0.0,0.0,0.0,0.0044233697,0.0
-1.66666666666667,1.55555555555556,0.0,0.0,0.0,0.0007180475,0.0
-1.77777777777778,1.55555555555556,0.0,0.0,0.0,0.00452566,0.0
-1.88888888888889,1.55555555555556,0.0,0.0,0.0,0.0017744972,0.0
-2.0,1.55555555555556,0.0,0.0,0.0,0.013872331,0.0
-2.11111111111111,1.55555555555556,0.0,0.0,0.0,0.0014308401,0.0
-2.22222222222222,1.55555555555556,0.0,0.0,0.0,0.0013614818,0.0
-2.33333333333333,1.55555555555556,0.0,0.0,0.0,0.0016729165,0.0
-2.44444444444444,1.55555555555556,0.0,0.0,0.0,0.0051254006,0.0
-2.55555555555556,1.55555555555556,0.0,0.0,0.0,0.00010297991,0.0
-2.66666666666667,1.55555555555556,0.0,0.0,0.0,0.0023429305,0.0
-2.77777777777778,1.55555555555556,0.0,0.0,0.0,0.001781943,0.0
-2.88888888888889,1.55555555555556,0.0,0.0,0.0,0.0012826542,0.0
-3.0,1.55555555555556,0.0,0.0,0.0,0.01282587,0.0
-3.11111111111111,1.55555555555556,0.0,0.0,0.0,0.00012292575,0.0
-3.22222222222222,1.55555555555556,0.0,0.0,0.0,0.002201137,0.0
-3.33333333333333,1.55555555555556,0.0,0.0,0.0,0.0011444911,0.0
-3.44444444444444,1.55555555555556,0.0,0.0,0.0,0.001507041,0.0
-3.55555555555556,1.55555555555556,0.0,0.0,0.0,0.0038582045,0.0
-3.66666666666667,1.55555555555556,0.0,0.0,0.0,5.711181e-05,0.0
-3.77777777777778,1.55555555555556,0.0,0.0,0.0,0.001676186,0.0
-3.88888888888889,1.55555555555556,0.0,0.0,0.0,0.0017705231,0.0
-4.0,1.55555555555556,0.0,0.0,0.0,0.0111998,0.0
-4.11111111111111,1.55555555555556,0.0,0.0,0.0,0.0025770133,0.0
-4.22222222222222,1.55555555555556,0.0,0.0,0.0,0.000112681875,0.0
-4.33333333333333,1.55555555555556,0.0,0.0,0.0,0.00042950586,0.0
-4.44444444444444,1.55555555555556,0.0,0.0,0.0,0.00084758573,0.0
-4.55555555555556,1.55555555555556,0.0,0.0,0.0,0.0007695073,0.0
-4.66666666666667,1.55555555555556,0.0,0.0,0.0,0.002992198,0.0
-4.77777777777778,1.55555555555556,0.0,0.0,0.0,0.0001801441,0.0
-4.88888888888889,1.55555555555556,0.0,0.0,0.0,0.00024929584,0.0
-5.0,1.55555555555556,0.0,0.0,0.0,8.447118e-05,0.0
-0.222222222222222,1.66666666666667,0.0,0.0,0.0,0.0037781866,0.0
-0.333333333333333,1.66666666666667,0.0,0.0,0.0,0.0008004578,0.0
-0.444444444444444,1.66666666666667,0.0,0.0,0.0,0.0026720194,0.0
-0.555555555555556,1.66666666666667,0.0,0.0,0.0,0.0050916225,0.0
-0.666666666666667,1.66666666666667,0.0,0.0,0.0,0.0037330652,0.0
-0.777777777777778,1.66666666666667,0.0,0.0,0.0,0.0025157842,0.0
-0.888888888888889,1.66666666666667,0.0,0.0,0.0,0.006317658,0.0
-1.0,1.66666666666667,0.0,0.0,0.0,0.004659545,0.0
-1.11111111111111,1.66666666666667,0.0,0.0,0.0,0.006371595,0.0
-1.22222222222222,1.66666666666667,0.0,0.0,0.0,0.0018333918,0.0
-1.33333333333333,1.66666666666667,0.0,0.0,0.0,0.0012174122,0.0
-1.44444444444444,1.66666666666667,0.0,0.0,0.0,0.015502127,0.0
-1.55555555555556,1.66666666666667,0.0,0.0,0.0,0.009681833,0.0
-1.66666666666667,1.66666666666667,0.0,0.0,0.0,0.0020480347,0.0
-1.77777777777778,1.66666666666667,0.0,0.0,0.0,0.008696938,0.0
-1.88888888888889,1.66666666666667,0.0,0.0,0.0,0.010882353,0.0
-2.0,1.66666666666667,0.0,10.0172858133847,0.0,0.025046127,0.2429182107582915
-2.11111111111111,1.66666666666667,0.0,0.0,0.0,0.0045926725,0.0
-2.22222222222222,1.66666666666667,0.0,0.0,0.0,0.0019373272,0.0
-2.33333333333333,1.66666666666667,0.0,0.0,0.0,0.0033284563,0.0
-2.44444444444444,1.66666666666667,0.0,0.0,0.0,0.0020165024,0.0
-2.55555555555556,1.66666666666667,0.0,0.0,0.0,0.0011215885,0.0
-2.66666666666667,1.66666666666667,0.0,0.0,0.0,0.0026718243,0.0
-2.77777777777778,1.66666666666667,0.0,0.0,0.0,0.0007279075,0.0
-2.88888888888889,1.66666666666667,0.0,0.0,0.0,0.0005785737,0.0
-3.0,1.66666666666667,0.0,0.0,0.0,0.0010808177,0.0
-3.11111111111111,1.66666666666667,0.0,0.0,0.0,0.00089202705,0.0
-3.22222222222222,1.66666666666667,0.0,0.0,0.0,0.00049571693,0.0
-3.33333333333333,1.66666666666667,0.0,0.0,0.0,0.00051264843,0.0
-3.44444444444444,1.66666666666667,0.0,0.0,0.0,0.00037925938,0.0
-3.55555555555556,1.66666666666667,0.0,0.0,0.0,0.0006632046,0.0
-3.66666666666667,1.66666666666667,0.0,0.0,0.0,0.0028143735,0.0
-3.77777777777778,1.66666666666667,0.0,0.0,0.0,0.001517458,0.0
-3.88888888888889,1.66666666666667,0.0,0.0,0.0,0.0012616867,0.0
-4.0,1.66666666666667,0.0,3.38223867500668,0.0,0.0038798903,0.08201896028486261
-4.11111111111111,1.66666666666667,0.0,0.0,0.0,0.0013728838,0.0
-4.22222222222222,1.66666666666667,0.0,0.0,0.0,0.001618296,0.0
-4.33333333333333,1.66666666666667,0.0,0.0,0.0,0.0018701677,0.0
-4.44444444444444,1.66666666666667,0.0,0.0,0.0,0.0003909975,0.0
-4.55555555555556,1.66666666666667,0.0,0.0,0.0,0.00079290255,0.0
-4.66666666666667,1.66666666666667,0.0,0.0,0.0,0.0003228666,0.0
-4.77777777777778,1.66666666666667,0.0,0.0,0.0,0.0008477992,0.0
-4.88888888888889,1.66666666666667,0.0,0.0,0.0,0.0015248468,0.0
-5.0,1.66666666666667,0.0,0.0,0.0,0.00029023117,0.0
-0.222222222222222,1.77777777777778,0.0,0.0,0.0,0.000173615,0.0
-0.333333333333333,1.77777777777778,0.0,0.0,0.0,0.003665576,0.0
-0.444444444444444,1.77777777777778,0.0,0.0,0.0,0.002427686,0.0
-0.555555555555556,1.77777777777778,0.0,0.0,0.0,0.0019334177,0.0
-0.666666666666667,1.77777777777778,0.0,0.0,0.0,0.0062083243,0.0
-0.777777777777778,1.77777777777778,0.0,0.0,0.0,0.0009780908,0.0
-0.888888888888889,1.77777777777778,0.0,0.309889895681561,0.0,3.6339958e-07,0.007514799956137328
-1.0,1.77777777777778,0.0,0.0,0.0,0.0060525043,0.0
-1.11111111111111,1.77777777777778,0.0,0.0,0.0,0.0013185362,0.0
-1.22222222222222,1.77777777777778,0.0,0.0,0.0,0.00012125442,0.0
-1.33333333333333,1.77777777777778,0.0,0.0,0.0,0.0009704992,0.0
-1.44444444444444,1.77777777777778,0.0,0.0,0.0,0.007911876,0.0
-1.55555555555556,1.77777777777778,0.0,0.0,0.0,0.0040792865,0.0
-1.66666666666667,1.77777777777778,0.0,0.0,0.0,0.0019156062,0.0
-1.77777777777778,1.77777777777778,0.0,40.6420631347725,0.0,0.010958059,0.9855660946633819
-1.88888888888889,1.77777777777778,0.0,0.0,0.0,0.0004247708,0.0
-2.0,1.77777777777778,0.0,0.0,0.0,0.0056997505,0.0
-2.11111111111111,1.77777777777778,0.0,0.0,0.0,0.0013038845,0.0
-2.22222222222222,1.77777777777778,0.0,0.0,0.0,0.002008378,0.0
-2.33333333333333,1.77777777777778,0.0,0.0,0.0,0.0010843779,0.0
-2.44444444444444,1.77777777777778,0.0,0.0,0.0,0.0064828815,0.0
-2.55555555555556,1.77777777777778,0.0,0.0,0.0,0.00022894457,0.0
-2.66666666666667,1.77777777777778,0.0,0.0,0.0,8.2527215e-05,0.0
-2.77777777777778,1.77777777777778,0.0,0.0,0.0,0.003494232,0.0
-2.88888888888889,1.77777777777778,0.0,0.0,0.0,0.00024361013,0.0
-3.0,1.77777777777778,0.0,0.0,0.0,0.002710102,0.0
-3.11111111111111,1.77777777777778,0.0,0.0,0.0,0.00105884,0.0
-3.22222222222222,1.77777777777778,0.0,0.0,0.0,0.000994908,0.0
-3.33333333333333,1.77777777777778,0.0,0.0,0.0,0.0015876906,0.0
-3.44444444444444,1.77777777777778,0.0,0.0,0.0,9.809354e-05,0.0
-3.55555555555556,1.77777777777778,0.0,14.4575655147065,0.0,0.0017064173,0.3505945634555698
-3.66666666666667,1.77777777777778,0.0,0.0,0.0,0.00014141879,0.0
-3.77777777777778,1.77777777777778,0.0,0.0,0.0,0.001679474,0.0
-3.88888888888889,1.77777777777778,0.0,0.0,0.0,0.00011581921,0.0
-4.0,1.77777777777778,0.0,0.0,0.0,0.0004441972,0.0
-4.11111111111111,1.77777777777778,0.0,0.0,0.0,0.00026399916,0.0
-4.22222222222222,1.77777777777778,0.0,0.0,0.0,0.0037059383,0.0
-4.33333333333333,1.77777777777778,0.0,0.0,0.0,0.000170972,0.0
-4.44444444444444,1.77777777777778,0.0,0.0,0.0,0.0032617152,0.0
-4.55555555555556,1.77777777777778,0.0,0.0,0.0,0.0014927186,0.0
-4.66666666666667,1.77777777777778,0.0,0.0,0.0,0.0016793952,0.0
-4.77777777777778,1.77777777777778,0.0,0.0,0.0,0.0007541134,0.0
-4.88888888888889,1.77777777777778,0.0,0.0,0.0,2.9191253e-05,0.0
-5.0,1.77777777777778,0.0,0.0,0.0,0.0025237605,0.0
-0.222222222222222,1.88888888888889,0.0,0.0,0.0,0.005660912,0.0
-0.333333333333333,1.88888888888889,0.0,0.0,0.0,0.0031227535,0.0
-0.444444444444444,1.88888888888889,0.0,0.0,0.0,0.0005925303,0.0
-0.555555555555556,1.88888888888889,0.0,0.0,0.0,0.002108913,0.0
-0.666666666666667,1.88888888888889,0.0,0.0,0.0,0.00037580004,0.0
-0.777777777777778,1.88888888888889,0.0,0.0,0.0,0.002472327,0.0
-0.888888888888889,1.88888888888889,0.0,0.0,0.0,0.0010648512,0.0
-1.0,1.88888888888889,0.0,0.0,0.0,0.010948771,0.0
-1.11111111111111,1.88888888888889,0.0,0.0,0.0,0.0007816587,0.0
-1.22222222222222,1.88888888888889,0.0,0.0,0.0,0.0030285604,0.0
-1.33333333333333,1.88888888888889,0.0,0.0,0.0,0.009474343,0.0
-1.44444444444444,1.88888888888889,0.0,0.0,0.0,0.0049753967,0.0
-1.55555555555556,1.88888888888889,0.0,0.0,0.0,0.0023185497,0.0
-1.66666666666667,1.88888888888889,0.0,0.0,0.0,0.00028718048,0.0
-1.77777777777778,1.88888888888889,0.0,0.0,0.0,0.0005670755,0.0
-1.88888888888889,1.88888888888889,0.0,0.0,0.0,0.0012554778,0.0
-2.0,1.88888888888889,0.0,0.0,0.0,0.0030828558,0.0
-2.11111111111111,1.88888888888889,0.0,0.0,0.0,0.0033844586,0.0
-2.22222222222222,1.88888888888889,0.0,0.0,0.0,0.00039207353,0.0
-2.33333333333333,1.88888888888889,0.0,0.0,0.0,0.0018896782,0.0
-2.44444444444444,1.88888888888889,0.0,0.0,0.0,0.0004523588,0.0
-2.55555555555556,1.88888888888889,0.0,0.0,0.0,0.0013625373,0.0
-2.66666666666667,1.88888888888889,0.0,0.0,0.0,0.00043437092,0.0
-2.77777777777778,1.88888888888889,0.0,0.0,0.0,0.0027050718,0.0
-2.88888888888889,1.88888888888889,0.0,0.0,0.0,0.0021354277,0.0
-3.0,1.88888888888889,0.0,0.0,0.0,0.010288835,0.0
-3.11111111111111,1.88888888888889,0.0,0.0,0.0,0.0035820017,0.0
-3.22222222222222,1.88888888888889,0.0,0.0,0.0,0.0016708561,0.0
-3.33333333333333,1.88888888888889,0.0,0.0,0.0,0.00053687586,0.0
-3.44444444444444,1.88888888888889,0.0,0.0,0.0,0.0014297729,0.0
-3.55555555555556,1.88888888888889,0.0,0.0,0.0,0.0008074951,0.0
-3.66666666666667,1.88888888888889,0.0,0.0,0.0,0.001132627,0.0
-3.77777777777778,1.88888888888889,0.0,0.0,0.0,0.000102568905,0.0
-3.88888888888889,1.88888888888889,0.0,0.0,0.0,0.0005078752,0.0
-4.0,1.88888888888889,0.0,0.0,0.0,0.005614789,0.0
-4.11111111111111,1.88888888888889,0.0,0.0,0.0,0.0015718242,0.0
-4.22222222222222,1.88888888888889,0.0,0.0,0.0,0.00017245671,0.0
-4.33333333333333,1.88888888888889,0.0,0.0,0.0,0.00041297977,0.0
-4.44444444444444,1.88888888888889,0.0,0.0,0.0,0.0010020776,0.0
-4.55555555555556,1.88888888888889,0.0,0.0,0.0,0.0018168666,0.0
-4.66666666666667,1.88888888888889,0.0,0.0,0.0,0.0014417008,0.0
-4.77777777777778,1.88888888888889,0.0,0.0,0.0,0.004026788,0.0
-4.88888888888889,1.88888888888889,0.0,0.0,0.0,0.00095671695,0.0
-5.0,1.88888888888889,0.0,0.0,0.0,0.0026838481,0.0
-0.333333333333333,2.0,0.0,0.0,0.0,0.006387483,0.0
-0.444444444444444,2.0,0.0,0.0,0.0,0.018642494,0.0
-0.555555555555556,2.0,0.0,0.0,0.0,0.0024421494,0.0
-0.666666666666667,2.0,0.0,0.0,0.0,0.009652958,0.0
-0.777777777777778,2.0,0.0,0.0,0.0,0.01703786,0.0
-0.888888888888889,2.0,0.0,0.0,0.0,0.017254902,0.0
-1.11111111111111,2.0,0.0,0.0,0.0,0.013636287,0.0
-1.22222222222222,2.0,0.0,0.0,0.0,0.00017902462,0.0
-1.33333333333333,2.0,0.0,0.0,0.0,0.005543519,0.0
-1.44444444444444,2.0,0.0,0.0,0.0,0.0014059229,0.0
-1.55555555555556,2.0,0.0,0.0,0.0,0.0029375218,0.0
-1.66666666666667,2.0,0.0,7.76809184947072,0.0,0.012868253,0.18837547497727836
-1.77777777777778,2.0,0.0,0.0,0.0,0.0075456887,0.0
-1.88888888888889,2.0,0.0,0.0,0.0,0.00073304254,0.0
-2.11111111111111,2.0,0.0,0.0,0.0,0.005126242,0.0
-2.22222222222222,2.0,0.0,0.0,0.0,0.0007162744,0.0
-2.33333333333333,2.0,0.0,12.400749812346,0.0,0.006690278,0.3007169818845843
-2.44444444444444,2.0,0.0,0.0,0.0,0.0008977961,0.0
-2.55555555555556,2.0,0.0,0.0,0.0,0.0009133016,0.0
-2.66666666666667,2.0,0.0,0.560624884118174,0.0,0.009477574,0.013595099140986378
-2.77777777777778,2.0,0.0,0.0,0.0,0.0026924848,0.0
-2.88888888888889,2.0,0.0,0.0,0.0,0.0043128557,0.0
-3.11111111111111,2.0,0.0,0.0,0.0,0.0029826364,0.0
-3.22222222222222,2.0,0.0,0.0,0.0,0.0050356253,0.0
-3.33333333333333,2.0,0.0,3.76037194029754,0.0,0.0010001635,0.0911886553443679
-3.44444444444444,2.0,0.0,0.0,0.0,2.0103342e-05,0.0
-3.55555555555556,2.0,0.0,0.0,0.0,0.008560609,0.0
-3.66666666666667,2.0,0.0,7.93243574518355,0.0,0.003038959,0.1923607985309166
-3.77777777777778,2.0,0.0,0.0,0.0,0.0032620989,0.0
-3.88888888888889,2.0,0.0,0.0,0.0,0.0064283465,0.0
-4.11111111111111,2.0,0.0,0.0,0.0,0.013580811,0.0
-4.22222222222222,2.0,0.0,0.0,0.0,0.0034208694,0.0
-4.33333333333333,2.0,0.0,5.21972819356094,0.0,0.00010862071,0.1265779031412107
-4.44444444444444,2.0,0.0,0.0,0.0,0.0061314437,0.0
-4.55555555555556,2.0,0.0,0.0,0.0,0.006920882,0.0
-4.66666666666667,2.0,0.0,0.0,0.0,0.0014101521,0.0
-4.77777777777778,2.0,0.0,0.0,0.0,0.0017835833,0.0
-4.88888888888889,2.0,0.0,0.0,0.0,0.0024580185,0.0
-0.333333333333333,2.11111111111111,0.0,0.0,0.0,0.0023563209,0.0
-0.444444444444444,2.11111111111111,0.0,0.0,0.0,0.0010988896,0.0
-0.555555555555556,2.11111111111111,0.0,0.0,0.0,0.0039174967,0.0
-0.666666666666667,2.11111111111111,0.0,0.0,0.0,0.00019748542,0.0
-0.777777777777778,2.11111111111111,0.0,0.0,0.0,3.5024263e-05,0.0
-0.888888888888889,2.11111111111111,0.0,0.0,0.0,0.0017155677,0.0
-1.0,2.11111111111111,0.0,0.0,0.0,0.009648722,0.0
-1.11111111111111,2.11111111111111,0.0,0.0,0.0,0.0004937155,0.0
-1.22222222222222,2.11111111111111,0.0,0.0,0.0,0.0029147973,0.0
-1.33333333333333,2.11111111111111,0.0,0.0,0.0,6.461634e-05,0.0
-1.44444444444444,2.11111111111111,0.0,0.0,0.0,0.004349237,0.0
-1.55555555555556,2.11111111111111,0.0,0.0,0.0,0.0029450494,0.0
-1.66666666666667,2.11111111111111,0.0,0.0,0.0,0.0038551316,0.0
-1.77777777777778,2.11111111111111,0.0,0.0,0.0,0.0013077228,0.0
-1.88888888888889,2.11111111111111,0.0,0.0,0.0,0.0017503035,0.0
-2.0,2.11111111111111,0.0,0.0,0.0,0.0028581792,0.0
-2.11111111111111,2.11111111111111,0.0,0.0,0.0,0.000770217,0.0
-2.22222222222222,2.11111111111111,0.0,0.0,0.0,0.004291834,0.0
-2.33333333333333,2.11111111111111,0.0,0.0,0.0,0.0005578143,0.0
-2.44444444444444,2.11111111111111,0.0,0.0,0.0,0.002478443,0.0
-2.55555555555556,2.11111111111111,0.0,0.0,0.0,0.0056617777,0.0
-2.66666666666667,2.11111111111111,0.0,0.0,0.0,0.0010561269,0.0
-2.77777777777778,2.11111111111111,0.0,0.0,0.0,0.0026891814,0.0
-2.88888888888889,2.11111111111111,0.0,0.0,0.0,0.00033439303,0.0
-3.0,2.11111111111111,0.0,0.0,0.0,0.0005169037,0.0
-3.11111111111111,2.11111111111111,0.0,0.0,0.0,0.0019701512,0.0
-3.22222222222222,2.11111111111111,0.0,0.0,0.0,0.00017696267,0.0
-3.33333333333333,2.11111111111111,0.0,0.0,0.0,0.00012637668,0.0
-3.44444444444444,2.11111111111111,0.0,0.0,0.0,0.00035811507,0.0
-3.55555555555556,2.11111111111111,0.0,0.0,0.0,0.0007010737,0.0
-3.66666666666667,2.11111111111111,0.0,0.0,0.0,0.0030814772,0.0
-3.77777777777778,2.11111111111111,0.0,0.0,0.0,0.005021837,0.0
-3.88888888888889,2.11111111111111,0.0,0.0,0.0,0.003116946,0.0
-4.0,2.11111111111111,0.0,0.0,0.0,0.0013033606,0.0
-4.11111111111111,2.11111111111111,0.0,0.0,0.0,0.000214682,0.0
-4.22222222222222,2.11111111111111,0.0,0.0,0.0,0.00015743349,0.0
-4.33333333333333,2.11111111111111,0.0,0.0,0.0,0.000282143,0.0
-4.44444444444444,2.11111111111111,0.0,0.0,0.0,0.00039171218,0.0
-4.55555555555556,2.11111111111111,0.0,0.0,0.0,0.00044003766,0.0
-4.66666666666667,2.11111111111111,0.0,0.0,0.0,0.0007270336,0.0
-4.77777777777778,2.11111111111111,0.0,0.0,0.0,0.0006186602,0.0
-4.88888888888889,2.11111111111111,0.0,0.0,0.0,0.00079890364,0.0
-0.333333333333333,2.22222222222222,0.0,0.0,0.0,0.0020173024,0.0
-0.444444444444444,2.22222222222222,0.0,0.0,0.0,0.004824075,0.0
-0.555555555555556,2.22222222222222,0.0,0.0,0.0,0.0036372957,0.0
-0.666666666666667,2.22222222222222,0.0,0.0,0.0,0.009126853,0.0
-0.777777777777778,2.22222222222222,0.0,0.0,0.0,0.0051655136,0.0
-0.888888888888889,2.22222222222222,0.0,0.0,0.0,0.001043599,0.0
-1.0,2.22222222222222,0.0,0.0,0.0,0.00604229,0.0
-1.11111111111111,2.22222222222222,0.0,0.0,0.0,0.0005110383,0.0
-1.22222222222222,2.22222222222222,0.0,0.0,0.0,0.00020956626,0.0
-1.33333333333333,2.22222222222222,0.0,0.0,0.0,0.00018255744,0.0
-1.44444444444444,2.22222222222222,0.0,0.0,0.0,0.00013299771,0.0
-1.55555555555556,2.22222222222222,0.0,0.0,0.0,0.0026510563,0.0
-1.66666666666667,2.22222222222222,0.0,0.0,0.0,0.00097390293,0.0
-1.77777777777778,2.22222222222222,0.0,0.0,0.0,0.0015092808,0.0
-1.88888888888889,2.22222222222222,0.0,0.0,0.0,0.00049524836,0.0
-2.0,2.22222222222222,0.0,0.0,0.0,0.007936759,0.0
-2.11111111111111,2.22222222222222,0.0,0.0,0.0,0.000688757,0.0
-2.22222222222222,2.22222222222222,0.0,0.0,0.0,0.0003842952,0.0
-2.33333333333333,2.22222222222222,0.0,0.0,0.0,0.00058382703,0.0
-2.44444444444444,2.22222222222222,0.0,0.0,0.0,0.0001650868,0.0
-2.55555555555556,2.22222222222222,0.0,0.0,0.0,0.0068224375,0.0
-2.66666666666667,2.22222222222222,0.0,0.0,0.0,0.0017902324,0.0
-2.77777777777778,2.22222222222222,0.0,0.0,0.0,0.0010747242,0.0
-2.88888888888889,2.22222222222222,0.0,0.0,0.0,0.0048321015,0.0
-3.0,2.22222222222222,0.0,0.0,0.0,0.02141113,0.0
-3.11111111111111,2.22222222222222,0.0,0.0,0.0,0.0041456725,0.0
-3.22222222222222,2.22222222222222,0.0,0.0,0.0,0.0031284946,0.0
-3.33333333333333,2.22222222222222,0.0,0.0,0.0,0.0027039482,0.0
-3.44444444444444,2.22222222222222,0.0,0.0,0.0,0.0016389082,0.0
-3.55555555555556,2.22222222222222,0.0,0.0,0.0,0.0012606969,0.0
-3.66666666666667,2.22222222222222,0.0,0.0,0.0,0.0011304056,0.0
-3.77777777777778,2.22222222222222,0.0,0.0,0.0,0.00062519795,0.0
-3.88888888888889,2.22222222222222,0.0,0.0,0.0,0.00020515441,0.0
-4.0,2.22222222222222,0.0,0.0,0.0,0.0033266426,0.0
-4.11111111111111,2.22222222222222,0.0,0.0,0.0,0.00035504194,0.0
-4.22222222222222,2.22222222222222,0.0,0.0,0.0,0.0007100282,0.0
-4.33333333333333,2.22222222222222,0.0,0.0,0.0,8.9193316e-05,0.0
-4.44444444444444,2.22222222222222,0.0,0.0,0.0,0.0006357732,0.0
-4.55555555555556,2.22222222222222,0.0,0.0,0.0,0.00028659985,0.0
-4.66666666666667,2.22222222222222,0.0,0.0,0.0,0.002080639,0.0
-4.77777777777778,2.22222222222222,0.0,0.0,0.0,0.0006431943,0.0
-4.88888888888889,2.22222222222222,0.0,0.0,0.0,0.001539769,0.0
-0.333333333333333,2.33333333333333,0.0,0.0,0.0,0.0064248736,0.0
-0.444444444444444,2.33333333333333,0.0,0.0,0.0,0.002240931,0.0
-0.555555555555556,2.33333333333333,0.0,0.0,0.0,0.0077760643,0.0
-0.666666666666667,2.33333333333333,0.0,0.0,0.0,0.0032753875,0.0
-0.777777777777778,2.33333333333333,0.0,0.0,0.0,0.003928936,0.0
-0.888888888888889,2.33333333333333,0.0,0.0,0.0,0.0022878007,0.0
-1.0,2.33333333333333,0.0,1.23062798292351,0.0,0.023573596,0.029842609394396043
-1.11111111111111,2.33333333333333,0.0,0.0,0.0,0.00025092246,0.0
-1.22222222222222,2.33333333333333,0.0,0.0,0.0,0.001914822,0.0
-1.33333333333333,2.33333333333333,0.0,0.0,0.0,0.0010479247,0.0
-1.44444444444444,2.33333333333333,0.0,0.0,0.0,0.0014772997,0.0
-1.55555555555556,2.33333333333333,0.0,0.0,0.0,0.004995419,0.0
-1.66666666666667,2.33333333333333,0.0,0.0,0.0,0.001395209,0.0
-1.77777777777778,2.33333333333333,0.0,0.0,0.0,0.00092144555,0.0
-1.88888888888889,2.33333333333333,0.0,0.0,0.0,0.0031804629,0.0
-2.0,2.33333333333333,0.0,5.18383072671962,0.0,0.0017670706,0.12570739304712944
-2.11111111111111,2.33333333333333,0.0,0.0,0.0,0.0018195806,0.0
-2.22222222222222,2.33333333333333,0.0,0.0,0.0,0.0051276116,0.0
-2.33333333333333,2.33333333333333,0.0,0.0,0.0,0.0037636391,0.0
-2.44444444444444,2.33333333333333,0.0,0.0,0.0,0.0010551219,0.0
-2.55555555555556,2.33333333333333,0.0,0.0,0.0,0.0006609673,0.0
-2.66666666666667,2.33333333333333,0.0,0.0,0.0,0.00032347327,0.0
-2.77777777777778,2.33333333333333,0.0,0.0,0.0,0.002991623,0.0
-2.88888888888889,2.33333333333333,0.0,0.0,0.0,3.5335586e-05,0.0
-3.0,2.33333333333333,0.0,0.984608768712336,0.0,0.0010145217,0.023876667277771307
-3.11111111111111,2.33333333333333,0.0,0.0,0.0,0.00095815567,0.0
-3.22222222222222,2.33333333333333,0.0,0.0,0.0,0.0014968935,0.0
-3.33333333333333,2.33333333333333,0.0,0.0,0.0,0.00060016103,0.0
-3.44444444444444,2.33333333333333,0.0,0.0,0.0,0.00018893433,0.0
-3.55555555555556,2.33333333333333,0.0,0.0,0.0,0.003045986,0.0
-3.66666666666667,2.33333333333333,0.0,0.0,0.0,0.0014221895,0.0
-3.77777777777778,2.33333333333333,0.0,0.0,0.0,0.0007115817,0.0
-3.88888888888889,2.33333333333333,0.0,0.0,0.0,0.001022876,0.0
-4.0,2.33333333333333,0.0,2.72355886267628,0.0,0.0011898305,0.06604603863176221
-4.11111111111111,2.33333333333333,0.0,0.0,0.0,0.0007834005,0.0
-4.22222222222222,2.33333333333333,0.0,0.0,0.0,0.0032804809,0.0
-4.33333333333333,2.33333333333333,0.0,0.0,0.0,0.00011272094,0.0
-4.44444444444444,2.33333333333333,0.0,0.0,0.0,0.00021994939,0.0
-4.55555555555556,2.33333333333333,0.0,0.0,0.0,0.0021190864,0.0
-4.66666666666667,2.33333333333333,0.0,0.0,0.0,0.0005731245,0.0
-4.77777777777778,2.33333333333333,0.0,0.0,0.0,8.579789e-05,0.0
-4.88888888888889,2.33333333333333,0.0,0.0,0.0,0.00078477035,0.0
-0.444444444444444,2.44444444444444,0.0,0.0,0.0,0.0041294047,0.0
-0.555555555555556,2.44444444444444,0.0,0.0,0.0,0.007984944,0.0
-0.666666666666667,2.44444444444444,0.0,0.0,0.0,0.0043065404,0.0
-0.777777777777778,2.44444444444444,0.0,0.0,0.0,0.0005336217,0.0
-0.888888888888889,2.44444444444444,0.0,0.0,0.0,0.0006074344,0.0
-1.0,2.44444444444444,0.0,0.0,0.0,0.0026791152,0.0
-1.11111111111111,2.44444444444444,0.0,0.0,0.0,4.972744e-05,0.0
-1.22222222222222,2.44444444444444,0.0,0.0,0.0,0.001673199,0.0
-1.33333333333333,2.44444444444444,0.0,0.0,0.0,0.002126532,0.0
-1.44444444444444,2.44444444444444,0.0,0.0,0.0,0.009287057,0.0
-1.55555555555556,2.44444444444444,0.0,0.0,0.0,0.008045418,0.0
-1.66666666666667,2.44444444444444,0.0,0.0,0.0,0.00054768176,0.0
-1.77777777777778,2.44444444444444,0.0,0.0,0.0,0.004434973,0.0
-1.88888888888889,2.44444444444444,0.0,0.0,0.0,0.0021288919,0.0
-2.0,2.44444444444444,0.0,0.0,0.0,0.0016266449,0.0
-2.11111111111111,2.44444444444444,0.0,0.0,0.0,0.0022105156,0.0
-2.22222222222222,2.44444444444444,0.0,0.0,0.0,0.00059746916,0.0
-2.33333333333333,2.44444444444444,0.0,0.0,0.0,0.0006615511,0.0
-2.44444444444444,2.44444444444444,0.0,0.0,0.0,0.0017031393,0.0
-2.55555555555556,2.44444444444444,0.0,0.0,0.0,0.0017611807,0.0
-2.66666666666667,2.44444444444444,0.0,0.0,0.0,0.005478384,0.0
-2.77777777777778,2.44444444444444,0.0,0.0,0.0,0.003986294,0.0
-2.88888888888889,2.44444444444444,0.0,0.0,0.0,0.0018199292,0.0
-3.0,2.44444444444444,0.0,0.0,0.0,0.00011955827,0.0
-3.11111111111111,2.44444444444444,0.0,0.0,0.0,0.00097435655,0.0
-3.22222222222222,2.44444444444444,0.0,0.0,0.0,0.00074321125,0.0
-3.33333333333333,2.44444444444444,0.0,0.0,0.0,0.007959762,0.0
-3.44444444444444,2.44444444444444,0.0,0.0,0.0,0.0003495591,0.0
-3.55555555555556,2.44444444444444,0.0,0.0,0.0,0.0036380982,0.0
-3.66666666666667,2.44444444444444,0.0,0.0,0.0,0.00053240516,0.0
-3.77777777777778,2.44444444444444,0.0,0.0,0.0,0.002664191,0.0
-3.88888888888889,2.44444444444444,0.0,0.0,0.0,0.003882997,0.0
-4.0,2.44444444444444,0.0,0.0,0.0,0.00011511674,0.0
-4.11111111111111,2.44444444444444,0.0,0.0,0.0,0.00043725298,0.0
-4.22222222222222,2.44444444444444,0.0,0.0,0.0,0.0015435856,0.0
-4.33333333333333,2.44444444444444,0.0,0.0,0.0,0.0017196904,0.0
-4.44444444444444,2.44444444444444,0.0,0.0,0.0,0.00018755984,0.0
-4.55555555555556,2.44444444444444,0.0,0.0,0.0,0.0027903966,0.0
-4.66666666666667,2.44444444444444,0.0,0.0,0.0,0.0012929423,0.0
-4.77777777777778,2.44444444444444,0.0,0.0,0.0,0.0002706129,0.0
-4.88888888888889,2.44444444444444,0.0,0.0,0.0,0.00020953023,0.0
-5.0,2.44444444444444,0.0,0.0,0.0,0.0019192694,0.0
-0.444444444444444,2.55555555555556,0.0,0.0,0.0,0.0025018768,0.0
-0.555555555555556,2.55555555555556,0.0,0.0,0.0,0.004843625,0.0
-0.666666666666667,2.55555555555556,0.0,0.0,0.0,0.0030183657,0.0
-0.777777777777778,2.55555555555556,0.0,0.0,0.0,0.0051490567,0.0
-0.888888888888889,2.55555555555556,0.0,0.0,0.0,0.0023792293,0.0
-1.0,2.55555555555556,0.0,0.0,0.0,0.015903845,0.0
-1.11111111111111,2.55555555555556,0.0,0.0,0.0,0.0016883917,0.0
-1.22222222222222,2.55555555555556,0.0,0.0,0.0,0.00040581237,0.0
-1.33333333333333,2.55555555555556,0.0,0.0,0.0,0.0001275773,0.0
-1.44444444444444,2.55555555555556,0.0,0.0,0.0,0.006644398,0.0
-1.55555555555556,2.55555555555556,0.0,0.0,0.0,0.0058286595,0.0
-1.66666666666667,2.55555555555556,0.0,0.0,0.0,0.00058609946,0.0
-1.77777777777778,2.55555555555556,0.0,0.0,0.0,0.0010182827,0.0
-1.88888888888889,2.55555555555556,0.0,0.0,0.0,0.0032561268,0.0
-2.0,2.55555555555556,0.0,0.0,0.0,0.0015807678,0.0
-2.11111111111111,2.55555555555556,0.0,0.0,0.0,0.0018814201,0.0
-2.22222222222222,2.55555555555556,0.0,0.0,0.0,0.00019595439,0.0
-2.33333333333333,2.55555555555556,0.0,0.0,0.0,0.003139955,0.0
-2.44444444444444,2.55555555555556,0.0,0.0,0.0,0.0022389595,0.0
-2.55555555555556,2.55555555555556,0.0,0.0,0.0,0.0019276122,0.0
-2.66666666666667,2.55555555555556,0.0,0.0,0.0,0.0033725363,0.0
-2.77777777777778,2.55555555555556,0.0,0.0,0.0,0.0015665401,0.0
-2.88888888888889,2.55555555555556,0.0,0.0,0.0,0.00011454681,0.0
-3.0,2.55555555555556,0.0,0.0,0.0,0.0016020791,0.0
-3.11111111111111,2.55555555555556,0.0,0.0,0.0,0.0015633713,0.0
-3.22222222222222,2.55555555555556,0.0,0.0,0.0,0.0009325077,0.0
-3.33333333333333,2.55555555555556,0.0,0.0,0.0,0.006456611,0.0
-3.44444444444444,2.55555555555556,0.0,0.0,0.0,0.0005912344,0.0
-3.55555555555556,2.55555555555556,0.0,0.0,0.0,0.0010976044,0.0
-3.66666666666667,2.55555555555556,0.0,0.0,0.0,0.0011391458,0.0
-3.77777777777778,2.55555555555556,0.0,0.0,0.0,0.00023441136,0.0
-3.88888888888889,2.55555555555556,0.0,0.0,0.0,0.0032294646,0.0
-4.0,2.55555555555556,0.0,0.0,0.0,0.0006799177,0.0
-4.11111111111111,2.55555555555556,0.0,0.0,0.0,0.0017098361,0.0
-4.22222222222222,2.55555555555556,0.0,0.0,0.0,0.0003578518,0.0
-4.33333333333333,2.55555555555556,0.0,0.0,0.0,0.00013184993,0.0
-4.44444444444444,2.55555555555556,0.0,0.0,0.0,8.697073e-05,0.0
-4.55555555555556,2.55555555555556,0.0,0.0,0.0,0.0001660229,0.0
-4.66666666666667,2.55555555555556,0.0,0.0,0.0,0.00080381724,0.0
-4.77777777777778,2.55555555555556,0.0,0.0,0.0,0.00022543197,0.0
-4.88888888888889,2.55555555555556,0.0,0.0,0.0,0.00012482988,0.0
-5.0,2.55555555555556,0.0,0.0,0.0,0.0024921584,0.0
-0.444444444444444,2.66666666666667,0.0,0.0,0.0,0.006655895,0.0
-0.555555555555556,2.66666666666667,0.0,0.0,0.0,0.00027747423,0.0
-0.666666666666667,2.66666666666667,0.0,0.0,0.0,0.00121581,0.0
-0.777777777777778,2.66666666666667,0.0,0.0,0.0,0.00052267656,0.0
-0.888888888888889,2.66666666666667,0.0,10.272428640715,0.0,0.0021024274,0.24910539960939473
-1.0,2.66666666666667,0.0,3.24175274077444,0.0,0.003144319,0.07861218998638474
-1.11111111111111,2.66666666666667,0.0,0.0,0.0,0.00094854407,0.0
-1.22222222222222,2.66666666666667,0.0,0.0,0.0,0.00049305265,0.0
-1.33333333333333,2.66666666666667,0.0,0.0,0.0,0.0043009557,0.0
-1.44444444444444,2.66666666666667,0.0,0.0,0.0,0.0013943483,0.0
-1.55555555555556,2.66666666666667,0.0,0.0,0.0,0.001428425,0.0
-1.66666666666667,2.66666666666667,0.0,0.0,0.0,0.0057234545,0.0
-1.77777777777778,2.66666666666667,0.0,0.0,0.0,0.0037573318,0.0
-1.88888888888889,2.66666666666667,0.0,0.0,0.0,0.0009309907,0.0
-2.0,2.66666666666667,0.0,0.0,0.0,0.0087486,0.0
-2.11111111111111,2.66666666666667,0.0,0.0,0.0,0.0034988103,0.0
-2.22222222222222,2.66666666666667,0.0,0.0,0.0,0.0013169105,0.0
-2.33333333333333,2.66666666666667,0.0,0.0,0.0,0.0002756543,0.0
-2.44444444444444,2.66666666666667,0.0,0.0,0.0,0.00022022318,0.0
-2.55555555555556,2.66666666666667,0.0,0.0,0.0,0.0013484609,0.0
-2.66666666666667,2.66666666666667,0.0,7.91809094316825,0.0,0.0034807983,0.1920129384714
-2.77777777777778,2.66666666666667,0.0,0.0,0.0,0.00025533227,0.0
-2.88888888888889,2.66666666666667,0.0,0.0,0.0,0.00026464058,0.0
-3.0,2.66666666666667,0.0,1.66359050145293,0.0,0.012477063,0.04034190853449249
-3.11111111111111,2.66666666666667,0.0,0.0,0.0,0.0006371885,0.0
-3.22222222222222,2.66666666666667,0.0,0.0,0.0,0.0024500464,0.0
-3.33333333333333,2.66666666666667,0.0,0.0,0.0,0.002837821,0.0
-3.44444444444444,2.66666666666667,0.0,0.0,0.0,0.0016605683,0.0
-3.55555555555556,2.66666666666667,0.0,0.0,0.0,0.0022537068,0.0
-3.66666666666667,2.66666666666667,0.0,0.0,0.0,0.0018995632,0.0
-3.77777777777778,2.66666666666667,0.0,0.0,0.0,0.0017487549,0.0
-3.88888888888889,2.66666666666667,0.0,0.0,0.0,0.0003436126,0.0
-4.0,2.66666666666667,0.0,0.0,0.0,0.0014373087,0.0
-4.11111111111111,2.66666666666667,0.0,0.0,0.0,9.706399e-05,0.0
-4.22222222222222,2.66666666666667,0.0,0.0,0.0,0.00041331493,0.0
-4.33333333333333,2.66666666666667,0.0,0.0,0.0,0.001360701,0.0
-4.44444444444444,2.66666666666667,0.0,4.41609717155769,0.0,0.0020459294,0.10708992869267836
-4.55555555555556,2.66666666666667,0.0,0.0,0.0,0.00032840998,0.0
-4.66666666666667,2.66666666666667,0.0,0.0,0.0,0.0002488473,0.0
-4.77777777777778,2.66666666666667,0.0,0.0,0.0,0.0017276771,0.0
-4.88888888888889,2.66666666666667,0.0,0.0,0.0,0.0004870547,0.0
-5.0,2.66666666666667,0.0,0.0,0.0,0.0030984848,0.0
-0.444444444444444,2.77777777777778,0.0,0.0,0.0,0.004280132,0.0
-0.555555555555556,2.77777777777778,0.0,0.0,0.0,0.014899771,0.0
-0.666666666666667,2.77777777777778,0.0,0.0,0.0,0.0023252396,0.0
-0.777777777777778,2.77777777777778,0.0,0.0,0.0,0.0047952197,0.0
-0.888888888888889,2.77777777777778,0.0,0.0,0.0,0.0022782336,0.0
-1.0,2.77777777777778,0.0,0.0,0.0,0.006903606,0.0
-1.11111111111111,2.77777777777778,0.0,0.0,0.0,0.0014632815,0.0
-1.22222222222222,2.77777777777778,0.0,0.0,0.0,0.0044890363,0.0
-1.33333333333333,2.77777777777778,0.0,0.0,0.0,0.0019228465,0.0
-1.44444444444444,2.77777777777778,0.0,0.0,0.0,0.0019571104,0.0
-1.55555555555556,2.77777777777778,0.0,0.0,0.0,0.0009130745,0.0
-1.66666666666667,2.77777777777778,0.0,0.0,0.0,0.0048911516,0.0
-1.77777777777778,2.77777777777778,0.0,0.0,0.0,0.001027769,0.0
-1.88888888888889,2.77777777777778,0.0,0.0,0.0,0.00032916808,0.0
-2.0,2.77777777777778,0.0,0.0,0.0,0.0020409853,0.0
-2.11111111111111,2.77777777777778,0.0,0.0,0.0,0.0010510181,0.0
-2.22222222222222,2.77777777777778,0.0,0.0,0.0,0.0027877318,0.0
-2.33333333333333,2.77777777777778,0.0,0.0,0.0,0.0059969355,0.0
-2.44444444444444,2.77777777777778,0.0,0.0,0.0,0.0008587618,0.0
-2.55555555555556,2.77777777777778,0.0,0.0,0.0,0.0006965983,0.0
-2.66666666666667,2.77777777777778,0.0,0.0,0.0,0.002626007,0.0
-2.77777777777778,2.77777777777778,0.0,0.0,0.0,0.0047976547,0.0
-2.88888888888889,2.77777777777778,0.0,0.0,0.0,0.00065807055,0.0
-3.0,2.77777777777778,0.0,0.0,0.0,0.0011868073,0.0
-3.11111111111111,2.77777777777778,0.0,0.0,0.0,0.0009804055,0.0
-3.22222222222222,2.77777777777778,0.0,0.0,0.0,0.00022905815,0.0
-3.33333333333333,2.77777777777778,0.0,0.0,0.0,0.00048234378,0.0
-3.44444444444444,2.77777777777778,0.0,0.0,0.0,0.0026356184,0.0
-3.55555555555556,2.77777777777778,0.0,0.0,0.0,0.00072046695,0.0
-3.66666666666667,2.77777777777778,0.0,0.0,0.0,0.0018554043,0.0
-3.77777777777778,2.77777777777778,0.0,0.0,0.0,7.186157e-05,0.0
-3.88888888888889,2.77777777777778,0.0,0.0,0.0,0.0002620559,0.0
-4.0,2.77777777777778,0.0,0.0,0.0,0.000119307006,0.0
-4.11111111111111,2.77777777777778,0.0,0.0,0.0,0.002190055,0.0
-4.22222222222222,2.77777777777778,0.0,0.0,0.0,0.0007801599,0.0
-4.33333333333333,2.77777777777778,0.0,0.0,0.0,0.0026952024,0.0
-4.44444444444444,2.77777777777778,0.0,0.0,0.0,0.00048412033,0.0
-4.55555555555556,2.77777777777778,0.0,0.0,0.0,0.00052062026,0.0
-4.66666666666667,2.77777777777778,0.0,0.0,0.0,0.0006011313,0.0
-4.77777777777778,2.77777777777778,0.0,0.0,0.0,0.0044249133,0.0
-4.88888888888889,2.77777777777778,0.0,0.0,0.0,4.498624e-05,0.0
-0.555555555555556,2.88888888888889,0.0,0.0,0.0,0.0004335996,0.0
-0.666666666666667,2.88888888888889,0.0,0.0,0.0,0.0020436672,0.0
-0.777777777777778,2.88888888888889,0.0,0.0,0.0,0.0017898921,0.0
-0.888888888888889,2.88888888888889,0.0,0.0,0.0,0.0005515128,0.0
-1.0,2.88888888888889,0.0,0.0,0.0,0.005587606,0.0
-1.11111111111111,2.88888888888889,0.0,0.0,0.0,7.992958e-05,0.0
-1.22222222222222,2.88888888888889,0.0,0.0,0.0,0.002852842,0.0
-1.33333333333333,2.88888888888889,0.0,0.0,0.0,0.0075918147,0.0
-1.44444444444444,2.88888888888889,0.0,0.0,0.0,0.0024620567,0.0
-1.55555555555556,2.88888888888889,0.0,0.0,0.0,0.0052139293,0.0
-1.66666666666667,2.88888888888889,0.0,0.0,0.0,0.0033501063,0.0
-1.77777777777778,2.88888888888889,0.0,0.0,0.0,0.005854927,0.0
-1.88888888888889,2.88888888888889,0.0,0.0,0.0,0.0006625851,0.0
-2.0,2.88888888888889,0.0,0.0,0.0,0.008221364,0.0
-2.11111111111111,2.88888888888889,0.0,0.0,0.0,0.00060772384,0.0
-2.22222222222222,2.88888888888889,0.0,0.0,0.0,0.0025577154,0.0
-2.33333333333333,2.88888888888889,0.0,0.0,0.0,7.4293435e-05,0.0
-2.44444444444444,2.88888888888889,0.0,0.0,0.0,6.475923e-05,0.0
-2.55555555555556,2.88888888888889,0.0,0.0,0.0,0.0032583089,0.0
-2.66666666666667,2.88888888888889,0.0,0.0,0.0,1.148071e-05,0.0
-2.77777777777778,2.88888888888889,0.0,0.0,0.0,0.0023614578,0.0
-2.88888888888889,2.88888888888889,0.0,0.0,0.0,0.0072511258,0.0
-3.0,2.88888888888889,0.0,0.0,0.0,0.0006144908,0.0
-3.11111111111111,2.88888888888889,0.0,0.0,0.0,0.009405997,0.0
-3.22222222222222,2.88888888888889,0.0,0.0,0.0,0.0013587688,0.0
-3.33333333333333,2.88888888888889,0.0,0.0,0.0,0.002508236,0.0
-3.44444444444444,2.88888888888889,0.0,0.0,0.0,0.00017096146,0.0
-3.55555555555556,2.88888888888889,0.0,0.0,0.0,0.0006569042,0.0
-3.66666666666667,2.88888888888889,0.0,0.0,0.0,0.0010328027,0.0
-3.77777777777778,2.88888888888889,0.0,0.0,0.0,0.0010371733,0.0
-3.88888888888889,2.88888888888889,0.0,0.0,0.0,0.00014390626,0.0
-4.0,2.88888888888889,0.0,0.0,0.0,0.005786216,0.0
-4.11111111111111,2.88888888888889,0.0,0.0,0.0,0.00064417865,0.0
-4.22222222222222,2.88888888888889,0.0,0.0,0.0,0.00082120317,0.0
-4.33333333333333,2.88888888888889,0.0,0.0,0.0,0.0006561799,0.0
-4.44444444444444,2.88888888888889,0.0,0.0,0.0,0.0027546424,0.0
-4.55555555555556,2.88888888888889,0.0,0.0,0.0,0.0032471656,0.0
-4.66666666666667,2.88888888888889,0.0,0.0,0.0,0.0012304366,0.0
-4.77777777777778,2.88888888888889,0.0,0.0,0.0,0.0007286148,0.0
-4.88888888888889,2.88888888888889,0.0,0.0,0.0,0.0009954069,0.0
-0.555555555555556,3.0,0.0,0.0,0.0,0.008742917,0.0
-0.666666666666667,3.0,0.0,0.0,0.0,0.0027838913,0.0
-0.777777777777778,3.0,0.0,0.0,0.0,0.00043682248,0.0
-0.888888888888889,3.0,0.0,0.0,0.0,0.0015118861,0.0
-1.11111111111111,3.0,0.0,0.0,0.0,0.00263725,0.0
-1.22222222222222,3.0,0.0,0.0,0.0,0.006797836,0.0
-1.33333333333333,3.0,0.0,1.73922287004651,0.0,0.012857876,0.04217598614757361
-1.44444444444444,3.0,0.0,0.0,0.0,0.0023867106,0.0
-1.55555555555556,3.0,0.0,0.0,0.0,0.005347336,0.0
-1.66666666666667,3.0,0.0,0.0,0.0,0.004330199,0.0
-1.77777777777778,3.0,0.0,0.0,0.0,0.0032063718,0.0
-1.88888888888889,3.0,0.0,0.0,0.0,0.017623864,0.0
-2.11111111111111,3.0,0.0,0.0,0.0,0.0033884726,0.0
-2.22222222222222,3.0,0.0,0.0,0.0,0.0002623651,0.0
-2.33333333333333,3.0,0.0,0.730153329759086,0.0,0.0035820412,0.017706147528235093
-2.44444444444444,3.0,0.0,0.0,0.0,0.020676047,0.0
-2.55555555555556,3.0,0.0,0.0,0.0,0.009549819,0.0
-2.66666666666667,3.0,0.0,1.26874120414099,0.0,0.017491687,0.030766851317494057
-2.77777777777778,3.0,0.0,0.0,0.0,0.0011450688,0.0
-2.88888888888889,3.0,0.0,0.0,0.0,0.0016166541,0.0
-3.11111111111111,3.0,0.0,0.0,0.0,0.00392028,0.0
-3.22222222222222,3.0,0.0,0.0,0.0,0.0017965054,0.0
-3.33333333333333,3.0,0.0,3.27070902435324,0.0,0.0010502244,0.07931437705863272
-3.44444444444444,3.0,0.0,0.0,0.0,0.0039719082,0.0
-3.55555555555556,3.0,0.0,0.0,0.0,0.00094428787,0.0
-3.66666666666667,3.0,0.0,0.0,0.0,0.003843234,0.0
-3.77777777777778,3.0,0.0,0.0,0.0,0.0020718426,0.0
-3.88888888888889,3.0,0.0,0.0,0.0,0.00073006126,0.0
-4.11111111111111,3.0,0.0,0.0,0.0,4.7309045e-06,0.0
-4.22222222222222,3.0,0.0,0.0,0.0,0.0023578359,0.0
-4.33333333333333,3.0,0.0,1.28439170238859,0.0,0.0019794162,0.03114637438418174
-4.44444444444444,3.0,0.0,0.0,0.0,0.0017458423,0.0
-4.55555555555556,3.0,0.0,0.0,0.0,0.0037875045,0.0
-4.66666666666667,3.0,0.0,0.968161209293742,0.0,0.0008799654,0.023477815554885748
-4.77777777777778,3.0,0.0,0.0,0.0,0.0007725184,0.0
-4.88888888888889,3.0,0.0,0.0,0.0,0.00048708348,0.0
-0.666666666666667,3.11111111111111,0.0,0.0,0.0,0.00047396956,0.0
-0.777777777777778,3.11111111111111,0.0,0.0,0.0,0.0021198492,0.0
-0.888888888888889,3.11111111111111,0.0,0.0,0.0,0.0013154903,0.0
-1.0,3.11111111111111,0.0,0.0,0.0,0.0058939224,0.0
-1.11111111111111,3.11111111111111,0.0,0.0,0.0,0.0003855909,0.0
-1.22222222222222,3.11111111111111,0.0,0.0,0.0,0.0030766951,0.0
-1.33333333333333,3.11111111111111,0.0,0.0,0.0,0.0067950054,0.0
-1.44444444444444,3.11111111111111,0.0,0.0,0.0,0.0003242142,0.0
-1.55555555555556,3.11111111111111,0.0,0.0,0.0,0.0022633607,0.0
-1.66666666666667,3.11111111111111,0.0,0.0,0.0,0.002040761,0.0
-1.77777777777778,3.11111111111111,0.0,0.0,0.0,0.006025228,0.0
-1.88888888888889,3.11111111111111,0.0,0.0,0.0,0.00038184537,0.0
-2.0,3.11111111111111,0.0,0.0,0.0,1.4170805e-05,0.0
-2.11111111111111,3.11111111111111,0.0,0.0,0.0,0.0019365359,0.0
-2.22222222222222,3.11111111111111,0.0,0.0,0.0,0.001055279,0.0
-2.33333333333333,3.11111111111111,0.0,0.0,0.0,0.00024293562,0.0
-2.44444444444444,3.11111111111111,0.0,0.0,0.0,0.00033911483,0.0
-2.55555555555556,3.11111111111111,0.0,0.0,0.0,0.0017255954,0.0
-2.66666666666667,3.11111111111111,0.0,0.0,0.0,0.00050317013,0.0
-2.77777777777778,3.11111111111111,0.0,0.0,0.0,0.0033913185,0.0
-2.88888888888889,3.11111111111111,0.0,0.0,0.0,0.0025129395,0.0
-3.0,3.11111111111111,0.0,0.0,0.0,0.0003340198,0.0
-3.11111111111111,3.11111111111111,0.0,0.0,0.0,0.0010720274,0.0
-3.22222222222222,3.11111111111111,0.0,0.0,0.0,0.003078393,0.0
-3.33333333333333,3.11111111111111,0.0,0.0,0.0,0.0021634477,0.0
-3.44444444444444,3.11111111111111,0.0,0.0,0.0,0.00045674772,0.0
-3.55555555555556,3.11111111111111,0.0,0.0,0.0,0.0005534142,0.0
-3.66666666666667,3.11111111111111,0.0,0.0,0.0,0.0006030169,0.0
-3.77777777777778,3.11111111111111,0.0,0.0,0.0,0.0011714838,0.0
-3.88888888888889,3.11111111111111,0.0,0.0,0.0,0.0012036348,0.0
-4.0,3.11111111111111,0.0,0.0,0.0,0.01865832,0.0
-4.11111111111111,3.11111111111111,0.0,0.0,0.0,0.0015593884,0.0
-4.22222222222222,3.11111111111111,0.0,0.0,0.0,0.00083891593,0.0
-4.33333333333333,3.11111111111111,0.0,0.0,0.0,0.0013488895,0.0
-4.44444444444444,3.11111111111111,0.0,0.0,0.0,0.00024618622,0.0
-4.55555555555556,3.11111111111111,0.0,0.0,0.0,0.0036347865,0.0
-4.66666666666667,3.11111111111111,0.0,0.0,0.0,0.0015040993,0.0
-4.77777777777778,3.11111111111111,0.0,0.0,0.0,0.00035536988,0.0
-4.88888888888889,3.11111111111111,0.0,0.0,0.0,0.00017074098,0.0
-5.0,3.11111111111111,0.0,0.0,0.0,0.0030029234,0.0
-0.666666666666667,3.22222222222222,0.0,0.0,0.0,0.0029021725,0.0
-0.777777777777778,3.22222222222222,0.0,0.0,0.0,0.0033295634,0.0
-0.888888888888889,3.22222222222222,0.0,0.0,0.0,0.0062801503,0.0
-1.0,3.22222222222222,0.0,0.0,0.0,0.001992602,0.0
-1.11111111111111,3.22222222222222,0.0,0.0,0.0,0.0008444234,0.0
-1.22222222222222,3.22222222222222,0.0,0.0,0.0,0.0011855409,0.0
-1.33333333333333,3.22222222222222,0.0,0.0,0.0,0.0011473359,0.0
-1.44444444444444,3.22222222222222,0.0,0.0,0.0,0.004372253,0.0
-1.55555555555556,3.22222222222222,0.0,0.0,0.0,0.001275372,0.0
-1.66666666666667,3.22222222222222,0.0,0.0,0.0,0.0009253871,0.0
-1.77777777777778,3.22222222222222,0.0,0.0,0.0,0.0014523909,0.0
-1.88888888888889,3.22222222222222,0.0,0.0,0.0,0.0022450495,0.0
-2.0,3.22222222222222,0.0,0.0,0.0,0.0052698096,0.0
-2.11111111111111,3.22222222222222,0.0,0.0,0.0,0.00060178444,0.0
-2.22222222222222,3.22222222222222,0.0,0.0,0.0,0.00010476121,0.0
-2.33333333333333,3.22222222222222,0.0,0.0,0.0,0.0010922424,0.0
-2.44444444444444,3.22222222222222,0.0,0.0,0.0,0.00080766366,0.0
-2.55555555555556,3.22222222222222,0.0,0.0,0.0,0.00033002484,0.0
-2.66666666666667,3.22222222222222,0.0,0.0,0.0,0.0034421983,0.0
-2.77777777777778,3.22222222222222,0.0,0.0,0.0,0.0018852744,0.0
-2.88888888888889,3.22222222222222,0.0,0.0,0.0,0.004291898,0.0
-3.0,3.22222222222222,0.0,0.0,0.0,0.0015588979,0.0
-3.11111111111111,3.22222222222222,0.0,0.0,0.0,0.0010305283,0.0
-3.22222222222222,3.22222222222222,0.0,0.0,0.0,0.0014014483,0.0
-3.33333333333333,3.22222222222222,0.0,0.0,0.0,4.5412766e-05,0.0
-3.44444444444444,3.22222222222222,0.0,0.0,0.0,0.0002328764,0.0
-3.55555555555556,3.22222222222222,0.0,0.0,0.0,0.00040362874,0.0
-3.66666666666667,3.22222222222222,0.0,0.0,0.0,0.0018643632,0.0
-3.77777777777778,3.22222222222222,0.0,0.0,0.0,0.001215837,0.0
-3.88888888888889,3.22222222222222,0.0,0.0,0.0,0.0018272147,0.0
-4.0,3.22222222222222,0.0,0.0,0.0,0.00082064525,0.0
-4.11111111111111,3.22222222222222,0.0,0.0,0.0,0.00035878757,0.0
-4.22222222222222,3.22222222222222,0.0,0.0,0.0,0.00029508543,0.0
-4.33333333333333,3.22222222222222,0.0,0.0,0.0,0.00013224279,0.0
-4.44444444444444,3.22222222222222,0.0,0.0,0.0,0.002412521,0.0
-4.55555555555556,3.22222222222222,0.0,0.0,0.0,0.0011079201,0.0
-4.66666666666667,3.22222222222222,0.0,0.0,0.0,0.002363759,0.0
-4.77777777777778,3.22222222222222,0.0,0.0,0.0,0.001530855,0.0
-4.88888888888889,3.22222222222222,0.0,0.0,0.0,0.003224891,0.0
-0.666666666666667,3.33333333333333,0.0,0.0,0.0,0.0003674564,0.0
-0.777777777777778,3.33333333333333,0.0,0.0,0.0,0.0029718678,0.0
-0.888888888888889,3.33333333333333,0.0,0.0,0.0,0.0002463461,0.0
-1.0,3.33333333333333,0.0,1.63158023076269,0.0,0.000891524,0.0395656625705836
-1.11111111111111,3.33333333333333,0.0,0.0,0.0,0.0075604934,0.0
-1.22222222222222,3.33333333333333,0.0,0.0,0.0,0.0009630895,0.0
-1.33333333333333,3.33333333333333,0.0,0.0,0.0,0.0019825583,0.0
-1.44444444444444,3.33333333333333,0.0,0.0,0.0,0.00018833687,0.0
-1.55555555555556,3.33333333333333,0.0,0.0,0.0,0.0024792983,0.0
-1.66666666666667,3.33333333333333,0.0,0.0,0.0,0.003563849,0.0
-1.77777777777778,3.33333333333333,0.0,0.0,0.0,0.00053515716,0.0
-1.88888888888889,3.33333333333333,0.0,0.0,0.0,0.00042589114,0.0
-2.0,3.33333333333333,0.0,0.388800760360542,0.0,0.0028453302,0.009428380781753285
-2.11111111111111,3.33333333333333,0.0,0.0,0.0,0.0006829157,0.0
-2.22222222222222,3.33333333333333,0.0,0.0,0.0,0.0020583426,0.0
-2.33333333333333,3.33333333333333,0.0,0.0,0.0,6.2409825e-05,0.0
-2.44444444444444,3.33333333333333,0.0,0.0,0.0,0.0050111893,0.0
-2.55555555555556,3.33333333333333,0.0,0.0,0.0,0.0054161237,0.0
-2.66666666666667,3.33333333333333,0.0,0.0,0.0,0.0012810129,0.0
-2.77777777777778,3.33333333333333,0.0,0.0,0.0,7.8996425e-05,0.0
-2.88888888888889,3.33333333333333,0.0,0.0,0.0,0.002672596,0.0
-3.0,3.33333333333333,0.0,1.57463710665175,0.0,0.005109174,0.03818479732607451
-3.11111111111111,3.33333333333333,0.0,0.0,0.0,0.00093724806,0.0
-3.22222222222222,3.33333333333333,0.0,0.0,0.0,4.0350977e-05,0.0
-3.33333333333333,3.33333333333333,0.0,0.0,0.0,0.0038515967,0.0
-3.44444444444444,3.33333333333333,0.0,0.0,0.0,0.00010934249,0.0
-3.55555555555556,3.33333333333333,0.0,0.0,0.0,0.0004057813,0.0
-3.66666666666667,3.33333333333333,0.0,0.0,0.0,0.0011582971,0.0
-3.77777777777778,3.33333333333333,0.0,0.0,0.0,0.0016882139,0.0
-3.88888888888889,3.33333333333333,0.0,0.0,0.0,0.0015109755,0.0
-4.0,3.33333333333333,0.0,0.425318197353967,0.0,0.001433577,0.010313925091976392
-4.11111111111111,3.33333333333333,0.0,0.0,0.0,0.0008954161,0.0
-4.22222222222222,3.33333333333333,0.0,0.0,0.0,0.0010190587,0.0
-4.33333333333333,3.33333333333333,0.0,0.0,0.0,0.0035184042,0.0
-4.44444444444444,3.33333333333333,0.0,0.0,0.0,0.00023018515,0.0
-4.55555555555556,3.33333333333333,0.0,0.0,0.0,0.0013935837,0.0
-4.66666666666667,3.33333333333333,0.0,0.0,0.0,0.0023127897,0.0
-4.77777777777778,3.33333333333333,0.0,0.0,0.0,0.00037693302,0.0
-4.88888888888889,3.33333333333333,0.0,0.0,0.0,0.00032453527,0.0
-5.0,3.33333333333333,0.0,0.721637810309571,0.0,0.0016252976,0.017499647006348252
-0.777777777777778,3.44444444444444,0.0,0.0,0.0,0.00029697435,0.0
-0.888888888888889,3.44444444444444,0.0,0.0,0.0,0.0029417959,0.0
-1.0,3.44444444444444,0.0,0.0,0.0,0.0059883883,0.0
-1.11111111111111,3.44444444444444,0.0,0.0,0.0,0.0020753364,0.0
-1.22222222222222,3.44444444444444,0.0,0.0,0.0,0.003084806,0.0
-1.33333333333333,3.44444444444444,0.0,0.0,0.0,0.00049092673,0.0
-1.44444444444444,3.44444444444444,0.0,0.0,0.0,0.0018449816,0.0
-1.55555555555556,3.44444444444444,0.0,0.0,0.0,0.0013723079,0.0
-1.66666666666667,3.44444444444444,0.0,0.0,0.0,0.0016501237,0.0
-1.77777777777778,3.44444444444444,0.0,0.0,0.0,0.0016354226,0.0
-1.88888888888889,3.44444444444444,0.0,0.0,0.0,0.0020004176,0.0
-2.0,3.44444444444444,0.0,0.0,0.0,0.0003305799,0.0
-2.11111111111111,3.44444444444444,0.0,0.0,0.0,0.00059988815,0.0
-2.22222222222222,3.44444444444444,0.0,0.0,0.0,0.00089581753,0.0
-2.33333333333333,3.44444444444444,0.0,0.0,0.0,0.0003487267,0.0
-2.44444444444444,3.44444444444444,0.0,0.0,0.0,0.0016939224,0.0
-2.55555555555556,3.44444444444444,0.0,0.0,0.0,0.0019975028,0.0
-2.66666666666667,3.44444444444444,0.0,0.0,0.0,0.001564277,0.0
-2.77777777777778,3.44444444444444,0.0,0.0,0.0,0.0013881479,0.0
-2.88888888888889,3.44444444444444,0.0,0.0,0.0,0.00044176175,0.0
-3.0,3.44444444444444,0.0,0.0,0.0,0.00089543965,0.0
-3.11111111111111,3.44444444444444,0.0,0.0,0.0,0.00073931745,0.0
-3.22222222222222,3.44444444444444,0.0,0.0,0.0,0.0032896951,0.0
-3.33333333333333,3.44444444444444,0.0,0.0,0.0,0.001258346,0.0
-3.44444444444444,3.44444444444444,0.0,0.0,0.0,0.0010761992,0.0
-3.55555555555556,3.44444444444444,0.0,0.0,0.0,0.00051984977,0.0
-3.66666666666667,3.44444444444444,0.0,0.0,0.0,0.00076852815,0.0
-3.77777777777778,3.44444444444444,0.0,0.0,0.0,0.00055202836,0.0
-3.88888888888889,3.44444444444444,0.0,0.0,0.0,0.001409141,0.0
-4.0,3.44444444444444,0.0,0.0,0.0,0.0029008652,0.0
-4.11111111111111,3.44444444444444,0.0,0.0,0.0,0.00015612591,0.0
-4.22222222222222,3.44444444444444,0.0,0.0,0.0,0.00067533995,0.0
-4.33333333333333,3.44444444444444,0.0,0.0,0.0,9.032426e-05,0.0
-4.44444444444444,3.44444444444444,0.0,0.0,0.0,0.0006676737,0.0
-4.55555555555556,3.44444444444444,0.0,0.0,0.0,0.0004279907,0.0
-4.66666666666667,3.44444444444444,0.0,0.0,0.0,0.0005617582,0.0
-4.77777777777778,3.44444444444444,0.0,0.0,0.0,0.00015594828,0.0
-0.777777777777778,3.55555555555556,0.0,0.0,0.0,0.0016009122,0.0
-0.888888888888889,3.55555555555556,0.0,0.0,0.0,0.0008724139,0.0
-1.0,3.55555555555556,0.0,0.0,0.0,0.002055644,0.0
-1.11111111111111,3.55555555555556,0.0,0.0,0.0,0.002924122,0.0
-1.22222222222222,3.55555555555556,0.0,0.0,0.0,0.0032389087,0.0
-1.33333333333333,3.55555555555556,0.0,0.0,0.0,0.0005543851,0.0
-1.44444444444444,3.55555555555556,0.0,0.0,0.0,0.00031757637,0.0
-1.55555555555556,3.55555555555556,0.0,0.0,0.0,0.0016309342,0.0
-1.66666666666667,3.55555555555556,0.0,0.0,0.0,0.0021332938,0.0
-1.77777777777778,3.55555555555556,0.0,4.03090905215581,0.0,0.0006605866,0.09774915410427315
-1.88888888888889,3.55555555555556,0.0,0.0,0.0,0.0009655168,0.0
-2.0,3.55555555555556,0.0,0.0,0.0,0.0011560039,0.0
-2.11111111111111,3.55555555555556,0.0,0.0,0.0,0.00045667004,0.0
-2.22222222222222,3.55555555555556,0.0,0.0,0.0,0.0003018735,0.0
-2.33333333333333,3.55555555555556,0.0,0.0,0.0,0.00070082897,0.0
-2.44444444444444,3.55555555555556,0.0,0.0,0.0,0.001346672,0.0
-2.55555555555556,3.55555555555556,0.0,0.0,0.0,0.0012218724,0.0
-2.66666666666667,3.55555555555556,0.0,0.0,0.0,4.4531596e-05,0.0
-2.77777777777778,3.55555555555556,0.0,0.0,0.0,0.0012674162,0.0
-2.88888888888889,3.55555555555556,0.0,0.0,0.0,0.0013453189,0.0
-3.0,3.55555555555556,0.0,0.0,0.0,0.0019299978,0.0
-3.11111111111111,3.55555555555556,0.0,0.0,0.0,0.0028770978,0.0
-3.22222222222222,3.55555555555556,0.0,0.0,0.0,0.0019965766,0.0
-3.33333333333333,3.55555555555556,0.0,0.0,0.0,0.00023229893,0.0
-3.44444444444444,3.55555555555556,0.0,0.0,0.0,0.001329337,0.0
-3.55555555555556,3.55555555555556,0.0,3.25525185342013,0.0,0.0022519794,0.07893954216059686
-3.66666666666667,3.55555555555556,0.0,0.0,0.0,0.00011535709,0.0
-3.77777777777778,3.55555555555556,0.0,0.0,0.0,0.00022959364,0.0
-3.88888888888889,3.55555555555556,0.0,0.0,0.0,0.0023304946,0.0
-4.0,3.55555555555556,0.0,0.0,0.0,0.00031277485,0.0
-4.11111111111111,3.55555555555556,0.0,0.0,0.0,0.0004594245,0.0
-4.22222222222222,3.55555555555556,0.0,0.0,0.0,0.0011901687,0.0
-4.33333333333333,3.55555555555556,0.0,0.0,0.0,0.0009757533,0.0
-4.44444444444444,3.55555555555556,0.0,0.0,0.0,0.00012614342,0.0
-4.55555555555556,3.55555555555556,0.0,0.0,0.0,8.8068104e-05,0.0
-4.77777777777778,3.55555555555556,0.0,0.0,0.0,0.0008065909,0.0
-4.88888888888889,3.55555555555556,0.0,0.0,0.0,0.00063867035,0.0
-5.0,3.55555555555556,0.0,0.0,0.0,0.005190112,0.0
-0.777777777777778,3.66666666666667,0.0,0.0,0.0,0.001285804,0.0
-0.888888888888889,3.66666666666667,0.0,0.0,0.0,0.00065441604,0.0
-1.0,3.66666666666667,0.0,0.0,0.0,0.0015593182,0.0
-1.11111111111111,3.66666666666667,0.0,0.0,0.0,0.0015823264,0.0
-1.22222222222222,3.66666666666667,0.0,0.0,0.0,0.00051683065,0.0
-1.33333333333333,3.66666666666667,0.0,0.0,0.0,0.0009778163,0.0
-1.44444444444444,3.66666666666667,0.0,0.0,0.0,3.404332e-05,0.0
-1.55555555555556,3.66666666666667,0.0,0.0,0.0,0.000287673,0.0
-1.66666666666667,3.66666666666667,0.0,0.0,0.0,0.0002168934,0.0
-1.77777777777778,3.66666666666667,0.0,0.0,0.0,0.0068156435,0.0
-1.88888888888889,3.66666666666667,0.0,0.0,0.0,0.0014126835,0.0
-2.0,3.66666666666667,0.0,1.86507423895194,0.0,2.197149e-05,0.04522786965429558
-2.11111111111111,3.66666666666667,0.0,0.0,0.0,0.00035100337,0.0
-2.22222222222222,3.66666666666667,0.0,0.0,0.0,0.0009337363,0.0
-2.33333333333333,3.66666666666667,0.0,0.0,0.0,0.00014743219,0.0
-2.44444444444444,3.66666666666667,0.0,0.0,0.0,0.0048568486,0.0
-2.55555555555556,3.66666666666667,0.0,0.0,0.0,0.002524169,0.0
-2.66666666666667,3.66666666666667,0.0,0.0,0.0,0.003339756,0.0
-2.77777777777778,3.66666666666667,0.0,0.0,0.0,0.0021457123,0.0
-2.88888888888889,3.66666666666667,0.0,0.0,0.0,4.8020782e-05,0.0
-3.0,3.66666666666667,0.0,0.0,0.0,0.00019981891,0.0
-3.11111111111111,3.66666666666667,0.0,0.0,0.0,0.00010974917,0.0
-3.22222222222222,3.66666666666667,0.0,0.0,0.0,0.0010394856,0.0
-3.33333333333333,3.66666666666667,0.0,0.0,0.0,0.0003973979,0.0
-3.44444444444444,3.66666666666667,0.0,0.0,0.0,0.0005994397,0.0
-3.55555555555556,3.66666666666667,0.0,0.0,0.0,0.0009439956,0.0
-3.66666666666667,3.66666666666667,0.0,0.0,0.0,0.0013528392,0.0
-3.77777777777778,3.66666666666667,0.0,0.0,0.0,0.00093466917,0.0
-3.88888888888889,3.66666666666667,0.0,0.0,0.0,0.0011395819,0.0
-4.0,3.66666666666667,0.0,0.908474700343736,0.0,0.000821932,0.022030423493737676
-4.11111111111111,3.66666666666667,0.0,0.0,0.0,0.0056231054,0.0
-4.22222222222222,3.66666666666667,0.0,0.0,0.0,0.0001819892,0.0
-4.33333333333333,3.66666666666667,0.0,0.0,0.0,0.00027704646,0.0
-4.44444444444444,3.66666666666667,0.0,0.0,0.0,0.00027465145,0.0
-4.55555555555556,3.66666666666667,0.0,0.0,0.0,0.000611984,0.0
-4.66666666666667,3.66666666666667,0.0,0.0,0.0,0.00075827015,0.0
-4.77777777777778,3.66666666666667,0.0,0.0,0.0,0.0013219239,0.0
-4.88888888888889,3.66666666666667,0.0,0.0,0.0,0.00019590113,0.0
-0.888888888888889,3.77777777777778,0.0,0.0,0.0,0.0027527416,0.0
-1.0,3.77777777777778,0.0,0.0,0.0,0.0008046549,0.0
-1.11111111111111,3.77777777777778,0.0,0.0,0.0,0.000989364,0.0
-1.22222222222222,3.77777777777778,0.0,0.0,0.0,0.000675983,0.0
-1.33333333333333,3.77777777777778,0.0,0.0,0.0,0.0028152247,0.0
-1.44444444444444,3.77777777777778,0.0,0.0,0.0,0.0007793475,0.0
-1.55555555555556,3.77777777777778,0.0,0.0,0.0,0.0030766588,0.0
-1.66666666666667,3.77777777777778,0.0,0.0,0.0,0.0012117564,0.0
-1.77777777777778,3.77777777777778,0.0,0.0,0.0,0.006531678,0.0
-1.88888888888889,3.77777777777778,0.0,0.0,0.0,1.6416103e-05,0.0
-2.0,3.77777777777778,0.0,0.0,0.0,0.0026907877,0.0
-2.11111111111111,3.77777777777778,0.0,0.0,0.0,0.0006283036,0.0
-2.22222222222222,3.77777777777778,0.0,0.0,0.0,0.0018950271,0.0
-2.33333333333333,3.77777777777778,0.0,0.0,0.0,0.0013645021,0.0
-2.44444444444444,3.77777777777778,0.0,0.0,0.0,0.0025164026,0.0
-2.55555555555556,3.77777777777778,0.0,0.0,0.0,0.0004210591,0.0
-2.66666666666667,3.77777777777778,0.0,0.0,0.0,0.006977519,0.0
-2.77777777777778,3.77777777777778,0.0,0.0,0.0,0.0008192337,0.0
-2.88888888888889,3.77777777777778,0.0,0.0,0.0,0.00033380094,0.0
-3.0,3.77777777777778,0.0,0.0,0.0,0.003176976,0.0
-3.11111111111111,3.77777777777778,0.0,0.0,0.0,0.00085222034,0.0
-3.22222222222222,3.77777777777778,0.0,0.0,0.0,0.00042759182,0.0
-3.33333333333333,3.77777777777778,0.0,0.0,0.0,0.0028806936,0.0
-3.44444444444444,3.77777777777778,0.0,0.0,0.0,0.00029872294,0.0
-3.55555555555556,3.77777777777778,0.0,0.0,0.0,0.0033477542,0.0
-3.66666666666667,3.77777777777778,0.0,0.0,0.0,0.000113883296,0.0
-3.77777777777778,3.77777777777778,0.0,0.0,0.0,0.0018936967,0.0
-3.88888888888889,3.77777777777778,0.0,0.0,0.0,0.001514989,0.0
-4.0,3.77777777777778,0.0,0.0,0.0,0.003756101,0.0
-4.11111111111111,3.77777777777778,0.0,0.0,0.0,0.0015359035,0.0
-4.22222222222222,3.77777777777778,0.0,0.0,0.0,0.0008588405,0.0
-4.33333333333333,3.77777777777778,0.0,0.0,0.0,0.0011667836,0.0
-4.44444444444444,3.77777777777778,0.0,0.0,0.0,0.0017929004,0.0
-4.66666666666667,3.77777777777778,0.0,0.0,0.0,0.0012817841,0.0
-4.77777777777778,3.77777777777778,0.0,0.0,0.0,9.688703e-05,0.0
-4.88888888888889,3.77777777777778,0.0,0.0,0.0,0.00055187487,0.0
-0.888888888888889,3.88888888888889,0.0,0.0,0.0,0.0018356211,0.0
-1.0,3.88888888888889,0.0,0.0,0.0,0.001344325,0.0
-1.11111111111111,3.88888888888889,0.0,0.0,0.0,0.002981517,0.0
-1.22222222222222,3.88888888888889,0.0,0.0,0.0,0.0004391522,0.0
-1.33333333333333,3.88888888888889,0.0,0.0,0.0,3.257271e-05,0.0
-1.44444444444444,3.88888888888889,0.0,0.0,0.0,0.0043910705,0.0
-1.55555555555556,3.88888888888889,0.0,0.0,0.0,0.0016952823,0.0
-1.66666666666667,3.88888888888889,0.0,0.0,0.0,0.0008109922,0.0
-1.77777777777778,3.88888888888889,0.0,0.0,0.0,0.0008436765,0.0
-1.88888888888889,3.88888888888889,0.0,0.0,0.0,0.0048294095,0.0
-2.0,3.88888888888889,0.0,0.0,0.0,0.0059301318,0.0
-2.11111111111111,3.88888888888889,0.0,0.0,0.0,0.001982264,0.0
-2.22222222222222,3.88888888888889,0.0,0.0,0.0,0.0017327203,0.0
-2.33333333333333,3.88888888888889,0.0,0.0,0.0,0.00042124972,0.0
-2.44444444444444,3.88888888888889,0.0,0.0,0.0,0.00063998986,0.0
-2.55555555555556,3.88888888888889,0.0,0.0,0.0,0.00037170004,0.0
-2.66666666666667,3.88888888888889,0.0,0.0,0.0,0.0015073378,0.0
-2.77777777777778,3.88888888888889,0.0,0.0,0.0,2.9368277e-05,0.0
-2.88888888888889,3.88888888888889,0.0,0.0,0.0,0.00013265692,0.0
-3.0,3.88888888888889,0.0,0.0,0.0,0.0008941555,0.0
-3.11111111111111,3.88888888888889,0.0,0.0,0.0,0.00010567939,0.0
-3.22222222222222,3.88888888888889,0.0,0.0,0.0,0.00034448833,0.0
-3.33333333333333,3.88888888888889,0.0,0.0,0.0,0.0035963762,0.0
-3.44444444444444,3.88888888888889,0.0,0.0,0.0,0.00047869398,0.0
-3.55555555555556,3.88888888888889,0.0,0.0,0.0,0.00022481004,0.0
-3.66666666666667,3.88888888888889,0.0,0.0,0.0,0.002955428,0.0
-3.77777777777778,3.88888888888889,0.0,0.0,0.0,0.00049071235,0.0
-3.88888888888889,3.88888888888889,0.0,0.0,0.0,0.00020609496,0.0
-4.0,3.88888888888889,0.0,0.0,0.0,0.00186868,0.0
-4.11111111111111,3.88888888888889,0.0,0.0,0.0,0.0006836151,0.0
-4.22222222222222,3.88888888888889,0.0,0.0,0.0,0.0001359552,0.0
-4.33333333333333,3.88888888888889,0.0,0.0,0.0,0.0003929114,0.0
-4.44444444444444,3.88888888888889,0.0,0.0,0.0,3.0946696e-05,0.0
-4.55555555555556,3.88888888888889,0.0,0.0,0.0,0.00046598155,0.0
-4.66666666666667,3.88888888888889,0.0,0.0,0.0,0.0003075944,0.0
-4.77777777777778,3.88888888888889,0.0,0.0,0.0,0.0007318977,0.0
-4.88888888888889,3.88888888888889,0.0,0.0,0.0,0.0035854448,0.0
-1.11111111111111,4.0,0.0,0.0,0.0,0.0043317,0.0
-1.22222222222222,4.0,0.0,0.0,0.0,0.0007447477,0.0
-1.33333333333333,4.0,0.0,0.0,0.0,0.0016091099,0.0
-1.44444444444444,4.0,0.0,0.0,0.0,2.9308012e-05,0.0
-1.55555555555556,4.0,0.0,0.0,0.0,0.0039073285,0.0
-1.66666666666667,4.0,0.0,0.264027109645956,0.0,0.0035175073,0.006402631836777741
-1.77777777777778,4.0,0.0,0.0,0.0,0.00052157,0.0
-1.88888888888889,4.0,0.0,0.0,0.0,0.0027776787,0.0
-2.11111111111111,4.0,0.0,0.0,0.0,7.845178e-05,0.0
-2.22222222222222,4.0,0.0,0.0,0.0,0.0013301759,0.0
-2.33333333333333,4.0,0.0,0.46364717625477,0.0,0.008806231,0.011243399117997955
-2.44444444444444,4.0,0.0,0.0,0.0,0.005487564,0.0
-2.55555555555556,4.0,0.0,0.0,0.0,0.0066857226,0.0
-2.66666666666667,4.0,0.0,0.0,0.0,0.0057783714,0.0
-2.77777777777778,4.0,0.0,0.0,0.0,0.0010975503,0.0
-2.88888888888889,4.0,0.0,0.0,0.0,0.0031763755,0.0
-3.11111111111111,4.0,0.0,0.0,0.0,0.0011874064,0.0
-3.22222222222222,4.0,0.0,0.0,0.0,0.0029048582,0.0
-3.33333333333333,4.0,0.0,0.220754117692717,0.0,0.0019697924,0.0053532659730830745
-3.44444444444444,4.0,0.0,0.0,0.0,1.3652608e-06,0.0
-3.55555555555556,4.0,0.0,0.0,0.0,0.0020167748,0.0
-3.66666666666667,4.0,0.0,0.562805903828793,0.0,0.0022442464,0.013647988657727952
-3.77777777777778,4.0,0.0,0.0,0.0,0.002737822,0.0
-3.88888888888889,4.0,0.0,0.0,0.0,0.0024764347,0.0
-4.11111111111111,4.0,0.0,0.0,0.0,0.0014639834,0.0
-4.22222222222222,4.0,0.0,0.0,0.0,0.0017978085,0.0
-4.33333333333333,4.0,0.0,0.78255670403859,0.0,0.00018115743,0.018976924279025736
-4.44444444444444,4.0,0.0,0.0,0.0,0.0014409686,0.0
-4.55555555555556,4.0,0.0,0.0,0.0,0.0027055696,0.0
-4.66666666666667,4.0,0.0,0.0,0.0,0.00563035,0.0
-4.77777777777778,4.0,0.0,0.0,0.0,0.0012121294,0.0
-4.88888888888889,4.0,0.0,0.0,0.0,0.00031350792,0.0
-1.0,4.11111111111111,0.0,0.0,0.0,0.01402794,0.0
-1.11111111111111,4.11111111111111,0.0,0.0,0.0,0.0008526469,0.0
-1.22222222222222,4.11111111111111,0.0,0.0,0.0,0.00048057173,0.0
-1.33333333333333,4.11111111111111,0.0,0.0,0.0,0.00042861726,0.0
-1.44444444444444,4.11111111111111,0.0,0.0,0.0,0.00166078,0.0
-1.55555555555556,4.11111111111111,0.0,0.0,0.0,0.0005582866,0.0
-1.66666666666667,4.11111111111111,0.0,0.0,0.0,0.00016686172,0.0
-1.77777777777778,4.11111111111111,0.0,0.0,0.0,0.0019844973,0.0
-1.88888888888889,4.11111111111111,0.0,0.0,0.0,0.001577145,0.0
-2.0,4.11111111111111,0.0,0.0,0.0,0.00024908624,0.0
-2.11111111111111,4.11111111111111,0.0,0.0,0.0,0.003970679,0.0
-2.22222222222222,4.11111111111111,0.0,0.0,0.0,0.00079568085,0.0
-2.33333333333333,4.11111111111111,0.0,0.0,0.0,0.0021075879,0.0
-2.44444444444444,4.11111111111111,0.0,0.0,0.0,0.0001290422,0.0
-2.55555555555556,4.11111111111111,0.0,0.0,0.0,0.00043418782,0.0
-2.66666666666667,4.11111111111111,0.0,0.0,0.0,0.001515191,0.0
-2.77777777777778,4.11111111111111,0.0,0.0,0.0,0.0006906486,0.0
-2.88888888888889,4.11111111111111,0.0,0.0,0.0,0.001486482,0.0
-3.0,4.11111111111111,0.0,0.0,0.0,0.0012964198,0.0
-3.11111111111111,4.11111111111111,0.0,0.0,0.0,0.0001045975,0.0
-3.22222222222222,4.11111111111111,0.0,0.0,0.0,8.845655e-05,0.0
-3.33333333333333,4.11111111111111,0.0,0.0,0.0,0.00014569801,0.0
-3.44444444444444,4.11111111111111,0.0,0.0,0.0,0.0001686285,0.0
-3.55555555555556,4.11111111111111,0.0,0.0,0.0,0.0007280606,0.0
-3.66666666666667,4.11111111111111,0.0,0.0,0.0,0.0012417515,0.0
-3.77777777777778,4.11111111111111,0.0,0.0,0.0,0.00027097357,0.0
-3.88888888888889,4.11111111111111,0.0,0.0,0.0,0.00066752883,0.0
-4.0,4.11111111111111,0.0,0.0,0.0,0.00017651098,0.0
-4.11111111111111,4.11111111111111,0.0,0.0,0.0,0.00095083285,0.0
-4.22222222222222,4.11111111111111,0.0,0.0,0.0,1.15477915e-05,0.0
-4.33333333333333,4.11111111111111,0.0,0.0,0.0,0.0017559524,0.0
-4.44444444444444,4.11111111111111,0.0,0.0,0.0,0.00046234753,0.0
-4.55555555555556,4.11111111111111,0.0,0.0,0.0,1.8528433e-05,0.0
-4.66666666666667,4.11111111111111,0.0,0.0,0.0,0.0007071545,0.0
-4.77777777777778,4.11111111111111,0.0,0.0,0.0,0.0005580528,0.0
-4.88888888888889,4.11111111111111,0.0,0.0,0.0,0.0020737483,0.0
-5.0,4.11111111111111,0.0,0.0,0.0,6.267712e-05,0.0
-1.11111111111111,4.22222222222222,0.0,0.0,0.0,0.0006254358,0.0
-1.22222222222222,4.22222222222222,0.0,0.0,0.0,0.0013306327,0.0
-1.33333333333333,4.22222222222222,0.0,0.0,0.0,0.00077048654,0.0
-1.44444444444444,4.22222222222222,0.0,0.0,0.0,0.0017868343,0.0
-1.55555555555556,4.22222222222222,0.0,0.0,0.0,0.0015173062,0.0
-1.66666666666667,4.22222222222222,0.0,0.0,0.0,0.0024678889,0.0
-1.77777777777778,4.22222222222222,0.0,0.0,0.0,0.0014838184,0.0
-1.88888888888889,4.22222222222222,0.0,0.0,0.0,0.00038246103,0.0
-2.0,4.22222222222222,0.0,0.0,0.0,0.0021675238,0.0
-2.11111111111111,4.22222222222222,0.0,0.0,0.0,0.0019361849,0.0
-2.22222222222222,4.22222222222222,0.0,0.0,0.0,0.00055688195,0.0
-2.33333333333333,4.22222222222222,0.0,0.0,0.0,0.0020592702,0.0
-2.44444444444444,4.22222222222222,0.0,0.0,0.0,0.0017795457,0.0
-2.55555555555556,4.22222222222222,0.0,0.0,0.0,0.0031296639,0.0
-2.66666666666667,4.22222222222222,0.0,0.0,0.0,0.000741724,0.0
-2.77777777777778,4.22222222222222,0.0,0.0,0.0,3.4221863e-05,0.0
-2.88888888888889,4.22222222222222,0.0,0.0,0.0,0.00194054,0.0
-3.0,4.22222222222222,0.0,0.0,0.0,0.002732892,0.0
-3.11111111111111,4.22222222222222,0.0,0.0,0.0,0.00021792836,0.0
-3.22222222222222,4.22222222222222,0.0,0.0,0.0,0.0012718289,0.0
-3.33333333333333,4.22222222222222,0.0,0.0,0.0,0.0065665343,0.0
-3.44444444444444,4.22222222222222,0.0,0.0,0.0,0.00011187663,0.0
-3.55555555555556,4.22222222222222,0.0,0.0,0.0,0.000832423,0.0
-3.66666666666667,4.22222222222222,0.0,0.0,0.0,0.0011535533,0.0
-3.77777777777778,4.22222222222222,0.0,0.0,0.0,7.8414385e-05,0.0
-3.88888888888889,4.22222222222222,0.0,0.0,0.0,0.00016877896,0.0
-4.0,4.22222222222222,0.0,0.0,0.0,0.0012251441,0.0
-4.11111111111111,4.22222222222222,0.0,0.0,0.0,0.0007504393,0.0
-4.22222222222222,4.22222222222222,0.0,0.0,0.0,0.0028680349,0.0
-4.33333333333333,4.22222222222222,0.0,0.0,0.0,0.00045962454,0.0
-4.44444444444444,4.22222222222222,0.0,0.0,0.0,0.00011463422,0.0
-4.55555555555556,4.22222222222222,0.0,0.0,0.0,0.004102426,0.0
-4.66666666666667,4.22222222222222,0.0,0.0,0.0,0.001435784,0.0
-4.77777777777778,4.22222222222222,0.0,0.0,0.0,0.00046079463,0.0
-4.88888888888889,4.22222222222222,0.0,0.0,0.0,0.00019869361,0.0
-1.11111111111111,4.33333333333333,0.0,0.0,0.0,0.0018625938,0.0
-1.22222222222222,4.33333333333333,0.0,0.0,0.0,0.003204766,0.0
-1.33333333333333,4.33333333333333,0.0,0.0,0.0,0.0006652623,0.0
-1.44444444444444,4.33333333333333,0.0,0.0,0.0,0.0014030653,0.0
-1.55555555555556,4.33333333333333,0.0,0.0,0.0,0.0012435841,0.0
-1.66666666666667,4.33333333333333,0.0,0.0,0.0,0.0008494711,0.0
-1.77777777777778,4.33333333333333,0.0,0.0,0.0,0.00033010123,0.0
-1.88888888888889,4.33333333333333,0.0,0.0,0.0,0.00021264286,0.0
-2.0,4.33333333333333,0.0,0.516396767324476,0.0,0.0030668746,0.01252257159241844
-2.11111111111111,4.33333333333333,0.0,0.0,0.0,0.001990793,0.0
-2.22222222222222,4.33333333333333,0.0,0.0,0.0,0.0005313534,0.0
-2.33333333333333,4.33333333333333,0.0,0.0,0.0,0.0006534413,0.0
-2.44444444444444,4.33333333333333,0.0,0.0,0.0,0.00082202937,0.0
-2.55555555555556,4.33333333333333,0.0,0.0,0.0,2.1816437e-05,0.0
-2.66666666666667,4.33333333333333,0.0,0.0,0.0,0.0002608767,0.0
-2.77777777777778,4.33333333333333,0.0,0.0,0.0,0.00013015971,0.0
-2.88888888888889,4.33333333333333,0.0,0.0,0.0,0.0005356697,0.0
-3.0,4.33333333333333,0.0,0.24113191627863,0.0,0.00076725835,0.005847425615115915
-3.11111111111111,4.33333333333333,0.0,0.0,0.0,0.0011991495,0.0
-3.22222222222222,4.33333333333333,0.0,0.0,0.0,0.001735496,0.0
-3.33333333333333,4.33333333333333,0.0,0.0,0.0,0.00055125117,0.0
-3.44444444444444,4.33333333333333,0.0,0.0,0.0,0.00056707824,0.0
-3.55555555555556,4.33333333333333,0.0,0.0,0.0,0.00021878994,0.0
-3.66666666666667,4.33333333333333,0.0,0.0,0.0,0.0016586108,0.0
-3.77777777777778,4.33333333333333,0.0,0.0,0.0,0.0002570153,0.0
-3.88888888888889,4.33333333333333,0.0,0.0,0.0,0.00019567696,0.0
-4.0,4.33333333333333,0.0,0.428068492553135,0.0,0.00042486476,0.01038061948417855
-4.11111111111111,4.33333333333333,0.0,0.0,0.0,0.0005559818,0.0
-4.22222222222222,4.33333333333333,0.0,0.0,0.0,0.002177886,0.0
-4.33333333333333,4.33333333333333,0.0,0.0,0.0,0.0003787988,0.0
-4.44444444444444,4.33333333333333,0.0,0.0,0.0,0.0010553249,0.0
-4.55555555555556,4.33333333333333,0.0,0.0,0.0,0.0017445271,0.0
-4.66666666666667,4.33333333333333,0.0,0.0,0.0,0.0010586341,0.0
-4.77777777777778,4.33333333333333,0.0,0.0,0.0,0.0015940391,0.0
-4.88888888888889,4.33333333333333,0.0,0.0,0.0,0.0013480298,0.0
-5.0,4.33333333333333,0.0,0.0,0.0,0.0010704901,0.0
-1.22222222222222,4.44444444444444,0.0,0.0,0.0,0.0003448655,0.0
-1.33333333333333,4.44444444444444,0.0,0.0,0.0,0.0004866621,0.0
-1.44444444444444,4.44444444444444,0.0,0.0,0.0,0.0003959492,0.0
-1.55555555555556,4.44444444444444,0.0,0.0,0.0,0.00021103457,0.0
-1.66666666666667,4.44444444444444,0.0,0.0,0.0,0.00030645722,0.0
-1.77777777777778,4.44444444444444,0.0,0.0,0.0,0.00090717507,0.0
-1.88888888888889,4.44444444444444,0.0,0.0,0.0,0.00075190456,0.0
-2.0,4.44444444444444,0.0,0.0,0.0,0.00012837924,0.0
-2.11111111111111,4.44444444444444,0.0,0.0,0.0,0.0012303792,0.0
-2.22222222222222,4.44444444444444,0.0,0.0,0.0,0.0005359958,0.0
-2.33333333333333,4.44444444444444,0.0,0.0,0.0,0.0037328172,0.0
-2.44444444444444,4.44444444444444,0.0,0.0,0.0,0.0007162073,0.0
-2.55555555555556,4.44444444444444,0.0,0.0,0.0,0.00091097003,0.0
-2.66666666666667,4.44444444444444,0.0,1.77758709147102,0.0,0.00039757835,0.04310631480138168
-2.77777777777778,4.44444444444444,0.0,0.0,0.0,0.00083695125,0.0
-2.88888888888889,4.44444444444444,0.0,0.0,0.0,0.0007934122,0.0
-3.0,4.44444444444444,0.0,0.0,0.0,0.006362993,0.0
-3.11111111111111,4.44444444444444,0.0,0.0,0.0,0.00046707434,0.0
-3.22222222222222,4.44444444444444,0.0,0.0,0.0,0.00013646657,0.0
-3.33333333333333,4.44444444444444,0.0,0.0,0.0,0.00063852983,0.0
-3.44444444444444,4.44444444444444,0.0,0.0,0.0,0.00023721556,0.0
-3.55555555555556,4.44444444444444,0.0,0.0,0.0,3.3606855e-05,0.0
-3.66666666666667,4.44444444444444,0.0,0.0,0.0,0.0003374274,0.0
-3.77777777777778,4.44444444444444,0.0,0.0,0.0,0.00097286806,0.0
-3.88888888888889,4.44444444444444,0.0,0.0,0.0,0.00011347562,0.0
-4.0,4.44444444444444,0.0,0.0,0.0,0.002688673,0.0
-4.11111111111111,4.44444444444444,0.0,0.0,0.0,0.0021443728,0.0
-4.22222222222222,4.44444444444444,0.0,0.0,0.0,0.0012574983,0.0
-4.33333333333333,4.44444444444444,0.0,0.0,0.0,0.00018052205,0.0
-4.44444444444444,4.44444444444444,0.0,1.26964123848739,0.0,0.0005571222,0.030788677063222147
-4.55555555555556,4.44444444444444,0.0,0.0,0.0,0.0008686993,0.0
-4.66666666666667,4.44444444444444,0.0,0.0,0.0,0.0013946276,0.0
-4.77777777777778,4.44444444444444,0.0,0.0,0.0,0.00029001522,0.0
-4.88888888888889,4.44444444444444,0.0,0.0,0.0,0.0010970992,0.0
-5.0,4.44444444444444,0.0,0.0,0.0,0.00040063972,0.0
-1.22222222222222,4.55555555555556,0.0,0.0,0.0,2.5122477e-05,0.0
-1.33333333333333,4.55555555555556,0.0,0.0,0.0,0.0006734193,0.0
-1.44444444444444,4.55555555555556,0.0,0.0,0.0,0.0006130514,0.0
-1.55555555555556,4.55555555555556,0.0,0.0,0.0,0.0011784463,0.0
-1.66666666666667,4.55555555555556,0.0,0.0,0.0,0.0002117113,0.0
-1.77777777777778,4.55555555555556,0.0,0.0,0.0,0.00074612343,0.0
-1.88888888888889,4.55555555555556,0.0,0.0,0.0,0.0014887579,0.0
-2.0,4.55555555555556,0.0,0.0,0.0,0.0019989235,0.0
-2.11111111111111,4.55555555555556,0.0,0.0,0.0,0.0017718457,0.0
-2.22222222222222,4.55555555555556,0.0,0.0,0.0,0.002693988,0.0
-2.33333333333333,4.55555555555556,0.0,0.0,0.0,0.0032125067,0.0
-2.44444444444444,4.55555555555556,0.0,0.0,0.0,0.0022347174,0.0
-2.55555555555556,4.55555555555556,0.0,0.0,0.0,0.00022050779,0.0
-2.66666666666667,4.55555555555556,0.0,0.0,0.0,0.00014999183,0.0
-2.77777777777778,4.55555555555556,0.0,0.0,0.0,6.0808245e-05,0.0
-2.88888888888889,4.55555555555556,0.0,0.0,0.0,0.0025426773,0.0
-3.0,4.55555555555556,0.0,0.0,0.0,0.0043865987,0.0
-3.11111111111111,4.55555555555556,0.0,0.0,0.0,0.0008794963,0.0
-3.22222222222222,4.55555555555556,0.0,0.0,0.0,9.5889016e-05,0.0
-3.33333333333333,4.55555555555556,0.0,0.0,0.0,0.00034558747,0.0
-3.44444444444444,4.55555555555556,0.0,0.0,0.0,0.0008381348,0.0
-3.55555555555556,4.55555555555556,0.0,0.0,0.0,0.00023872255,0.0
-3.66666666666667,4.55555555555556,0.0,0.0,0.0,0.0012697489,0.0
-3.77777777777778,4.55555555555556,0.0,0.0,0.0,0.00015244895,0.0
-3.88888888888889,4.55555555555556,0.0,0.0,0.0,6.926734e-05,0.0
-4.0,4.55555555555556,0.0,0.0,0.0,0.0017922173,0.0
-4.11111111111111,4.55555555555556,0.0,0.0,0.0,0.0020489402,0.0
-4.22222222222222,4.55555555555556,0.0,0.0,0.0,0.002288072,0.0
-4.33333333333333,4.55555555555556,0.0,0.0,0.0,0.0006370477,0.0
-4.44444444444444,4.55555555555556,0.0,0.0,0.0,0.0016089034,0.0
-4.55555555555556,4.55555555555556,0.0,0.0,0.0,0.0016939484,0.0
-4.66666666666667,4.55555555555556,0.0,0.0,0.0,0.00017225106,0.0
-4.77777777777778,4.55555555555556,0.0,0.0,0.0,0.0018370248,0.0
-4.88888888888889,4.55555555555556,0.0,0.0,0.0,0.0013562391,0.0
-5.0,4.55555555555556,0.0,0.0,0.0,7.049787e-05,0.0
-1.33333333333333,4.66666666666667,0.0,0.0,0.0,0.00027157486,0.0
-1.44444444444444,4.66666666666667,0.0,0.0,0.0,0.00011231803,0.0
-1.55555555555556,4.66666666666667,0.0,0.0,0.0,0.00229347,0.0
-1.66666666666667,4.66666666666667,0.0,0.0,0.0,0.0008641512,0.0
-1.77777777777778,4.66666666666667,0.0,0.0,0.0,0.00048611,0.0
-1.88888888888889,4.66666666666667,0.0,0.0,0.0,0.0005788693,0.0
-2.0,4.66666666666667,0.0,0.0,0.0,0.0013376554,0.0
-2.11111111111111,4.66666666666667,0.0,0.0,0.0,0.00062988646,0.0
-2.22222222222222,4.66666666666667,0.0,0.0,0.0,0.00078606664,0.0
-2.33333333333333,4.66666666666667,0.0,0.0,0.0,9.090634e-06,0.0
-2.44444444444444,4.66666666666667,0.0,0.0,0.0,2.9214298e-06,0.0
-2.55555555555556,4.66666666666667,0.0,0.0,0.0,0.00075501634,0.0
-2.66666666666667,4.66666666666667,0.0,0.0,0.0,0.00034863787,0.0
-2.77777777777778,4.66666666666667,0.0,0.0,0.0,0.0014831024,0.0
-2.88888888888889,4.66666666666667,0.0,0.0,0.0,0.0017511311,0.0
-3.0,4.66666666666667,0.0,0.0,0.0,0.0024576094,0.0
-3.11111111111111,4.66666666666667,0.0,0.0,0.0,0.0022186039,0.0
-3.22222222222222,4.66666666666667,0.0,0.0,0.0,0.00058909244,0.0
-3.33333333333333,4.66666666666667,0.0,0.0,0.0,0.001276151,0.0
-3.44444444444444,4.66666666666667,0.0,0.0,0.0,0.000100479876,0.0
-3.55555555555556,4.66666666666667,0.0,0.0,0.0,0.000276227,0.0
-3.66666666666667,4.66666666666667,0.0,0.0,0.0,0.000374854,0.0
-3.77777777777778,4.66666666666667,0.0,0.0,0.0,0.000312542,0.0
-3.88888888888889,4.66666666666667,0.0,0.0,0.0,0.000966857,0.0
-4.0,4.66666666666667,0.0,0.0,0.0,0.0004925743,0.0
-4.11111111111111,4.66666666666667,0.0,0.0,0.0,4.5739213e-05,0.0
-4.22222222222222,4.66666666666667,0.0,0.0,0.0,0.0015783292,0.0
-4.33333333333333,4.66666666666667,0.0,0.0,0.0,0.0003829037,0.0
-4.44444444444444,4.66666666666667,0.0,0.0,0.0,0.0011933739,0.0
-4.55555555555556,4.66666666666667,0.0,0.0,0.0,0.0007392342,0.0
-4.66666666666667,4.66666666666667,0.0,0.0,0.0,0.00012292164,0.0
-4.77777777777778,4.66666666666667,0.0,0.0,0.0,0.0025735782,0.0
-4.88888888888889,4.66666666666667,0.0,0.0,0.0,0.0017161808,0.0
-5.0,4.66666666666667,0.0,0.0,0.0,0.0028977743,0.0
-1.44444444444444,4.77777777777778,0.0,0.0,0.0,0.0005673913,0.0
-1.55555555555556,4.77777777777778,0.0,0.0,0.0,0.00043352053,0.0
-1.66666666666667,4.77777777777778,0.0,0.0,0.0,0.0023324825,0.0
-1.77777777777778,4.77777777777778,0.0,0.0,0.0,0.00025907965,0.0
-1.88888888888889,4.77777777777778,0.0,0.0,0.0,0.0012520051,0.0
-2.0,4.77777777777778,0.0,0.0,0.0,0.00024296474,0.0
-2.11111111111111,4.77777777777778,0.0,0.0,0.0,0.00037755,0.0
-2.22222222222222,4.77777777777778,0.0,0.0,0.0,3.926296e-05,0.0
-2.33333333333333,4.77777777777778,0.0,0.0,0.0,0.0010172942,0.0
-2.44444444444444,4.77777777777778,0.0,0.0,0.0,0.0025274772,0.0
-2.55555555555556,4.77777777777778,0.0,0.0,0.0,0.0006656382,0.0
-2.66666666666667,4.77777777777778,0.0,0.0,0.0,0.0010331898,0.0
-2.77777777777778,4.77777777777778,0.0,0.0,0.0,0.0023248082,0.0
-2.88888888888889,4.77777777777778,0.0,0.0,0.0,0.0016586157,0.0
-3.0,4.77777777777778,0.0,0.0,0.0,0.0027049691,0.0
-3.11111111111111,4.77777777777778,0.0,0.0,0.0,0.001274941,0.0
-3.22222222222222,4.77777777777778,0.0,0.0,0.0,7.037003e-05,0.0
-3.33333333333333,4.77777777777778,0.0,0.0,0.0,0.00020577207,0.0
-3.44444444444444,4.77777777777778,0.0,0.0,0.0,0.003024308,0.0
-3.55555555555556,4.77777777777778,0.0,0.0,0.0,0.0011614216,0.0
-3.66666666666667,4.77777777777778,0.0,0.0,0.0,0.0004186195,0.0
-3.77777777777778,4.77777777777778,0.0,0.0,0.0,3.8006503e-05,0.0
-3.88888888888889,4.77777777777778,0.0,0.0,0.0,0.0003069528,0.0
-4.0,4.77777777777778,0.0,0.0,0.0,0.0005852483,0.0
-4.11111111111111,4.77777777777778,0.0,0.0,0.0,3.606886e-05,0.0
-4.22222222222222,4.77777777777778,0.0,0.0,0.0,0.0004607637,0.0
-4.33333333333333,4.77777777777778,0.0,0.0,0.0,7.895894e-05,0.0
-4.44444444444444,4.77777777777778,0.0,0.0,0.0,0.00033761447,0.0
-4.55555555555556,4.77777777777778,0.0,0.0,0.0,0.00013319982,0.0
-4.66666666666667,4.77777777777778,0.0,0.0,0.0,0.0010363268,0.0
-4.77777777777778,4.77777777777778,0.0,0.0,0.0,0.00038071818,0.0
-4.88888888888889,4.77777777777778,0.0,0.0,0.0,0.0006233973,0.0
-1.44444444444444,4.88888888888889,0.0,0.0,0.0,0.0011683682,0.0
-1.55555555555556,4.88888888888889,0.0,0.0,0.0,0.0007450209,0.0
-1.66666666666667,4.88888888888889,0.0,0.0,0.0,8.773397e-05,0.0
-1.77777777777778,4.88888888888889,0.0,0.0,0.0,0.00036168844,0.0
-1.88888888888889,4.88888888888889,0.0,0.0,0.0,0.0004008178,0.0
-2.0,4.88888888888889,0.0,0.0,0.0,0.0030015346,0.0
-2.11111111111111,4.88888888888889,0.0,0.0,0.0,0.00043964083,0.0
-2.22222222222222,4.88888888888889,0.0,0.0,0.0,0.00081350596,0.0
-2.33333333333333,4.88888888888889,0.0,0.0,0.0,0.0003681231,0.0
-2.44444444444444,4.88888888888889,0.0,0.0,0.0,0.0015645216,0.0
-2.55555555555556,4.88888888888889,0.0,0.0,0.0,0.0006427411,0.0
-2.66666666666667,4.88888888888889,0.0,0.0,0.0,0.0011740907,0.0
-2.77777777777778,4.88888888888889,0.0,0.0,0.0,0.00038097982,0.0
-2.88888888888889,4.88888888888889,0.0,0.0,0.0,0.000278265,0.0
-3.0,4.88888888888889,0.0,0.0,0.0,0.00063317467,0.0
-3.11111111111111,4.88888888888889,0.0,0.0,0.0,0.00016938534,0.0
-3.22222222222222,4.88888888888889,0.0,0.0,0.0,0.0008446978,0.0
-3.33333333333333,4.88888888888889,0.0,0.0,0.0,7.304969e-05,0.0
-3.44444444444444,4.88888888888889,0.0,0.0,0.0,0.0004901819,0.0
-3.55555555555556,4.88888888888889,0.0,0.0,0.0,0.00024211944,0.0
-3.66666666666667,4.88888888888889,0.0,0.0,0.0,0.00018587652,0.0
-3.77777777777778,4.88888888888889,0.0,0.0,0.0,0.00027181962,0.0
-3.88888888888889,4.88888888888889,0.0,0.0,0.0,0.0008479262,0.0
-4.0,4.88888888888889,0.0,0.0,0.0,0.0018427959,0.0
-4.11111111111111,4.88888888888889,0.0,0.0,0.0,0.0009048342,0.0
-4.22222222222222,4.88888888888889,0.0,0.0,0.0,0.0003633889,0.0
-4.33333333333333,4.88888888888889,0.0,0.0,0.0,0.0010703898,0.0
-4.44444444444444,4.88888888888889,0.0,0.0,0.0,9.705993e-07,0.0
-4.55555555555556,4.88888888888889,0.0,0.0,0.0,0.00040259655,0.0
-4.66666666666667,4.88888888888889,0.0,0.0,0.0,0.00020301959,0.0
-4.77777777777778,4.88888888888889,0.0,0.0,0.0,3.542506e-05,0.0
-4.88888888888889,4.88888888888889,0.0,0.0,0.0,0.000167316,0.0
-1.55555555555556,5.0,0.0,0.0,0.0,0.0036491156,0.0
-1.66666666666667,5.0,0.0,0.0,0.0,0.0034771294,0.0
-1.77777777777778,5.0,0.0,0.0,0.0,0.004264505,0.0
-2.11111111111111,5.0,0.0,0.0,0.0,0.00031662715,0.0
-2.22222222222222,5.0,0.0,0.0,0.0,0.01248516,0.0
-2.33333333333333,5.0,0.0,0.0,0.0,0.0023286345,0.0
-2.44444444444444,5.0,0.0,0.0,0.0,0.00058258214,0.0
-2.55555555555556,5.0,0.0,0.0,0.0,1.610748e-05,0.0
-2.66666666666667,5.0,0.0,0.0,0.0,0.00012630787,0.0
-2.77777777777778,5.0,0.0,0.0,0.0,0.0024833942,0.0
-2.88888888888889,5.0,0.0,0.0,0.0,0.0009097937,0.0
-3.11111111111111,5.0,0.0,0.0,0.0,0.00015649745,0.0
-3.22222222222222,5.0,0.0,0.0,0.0,0.0040019257,0.0
-3.33333333333333,5.0,0.0,0.0,0.0,0.001281809,0.0
-3.44444444444444,5.0,0.0,0.0,0.0,0.0012866907,0.0
-3.55555555555556,5.0,0.0,0.0,0.0,0.0025408666,0.0
-3.66666666666667,5.0,0.0,0.0,0.0,0.0017351129,0.0
-3.77777777777778,5.0,0.0,0.0,0.0,0.0020043915,0.0
-3.88888888888889,5.0,0.0,0.0,0.0,0.0063702194,0.0
-4.11111111111111,5.0,0.0,0.0,0.0,0.0020051538,0.0
-4.22222222222222,5.0,0.0,0.0,0.0,0.0005408625,0.0
-4.33333333333333,5.0,0.0,0.0,0.0,0.00086513924,0.0
-4.44444444444444,5.0,0.0,0.0,0.0,0.0017979428,0.0
-4.55555555555556,5.0,0.0,0.0,0.0,0.0013130361,0.0
-4.66666666666667,5.0,0.0,0.0,0.0,0.0033311371,0.0
-4.77777777777778,5.0,0.0,0.0,0.0,0.0009931427,0.0
-4.88888888888889,5.0,0.0,0.0,0.0,0.002094444,0.0
