5.35394
6.2143016
4.640425
-7.1441727
-11.126876
6.8940644
-11.065482
9.11707
9.052912
-10.957038
12.251573
-9.363695
8.881488
7.8237233
8.818016
-7.2118254
0.473356
-8.98302
8.899515
-7.8125143
-5.839427
3.9737456
2.1136885
-8.463075
8.897883
8.93504
2.182217
8.781374
7.844495
2.3174136
7.8836865
-7.8880773
-6.8014913
8.871409
7.82791
-7.8957787
7.760615
5.2021017
7.4748354
7.2523813
-7.411701
8.885661
5.6291394
-7.850831
-8.963984
-7.7706866
-8.97578
7.8494854
8.940506
6.8011465
8.410852
-7.444536
7.1109586
-5.3115582
2.4365306
1.6551985
6.012384
8.577605
7.808817
-7.836879
-4.026526
1.163581
-4.645723
-4.1534295
5.9690313
-6.292625
-5.569906
6.345115
4.125295
-0.7029052
6.192619
5.5606093
5.436051
3.5265393
-5.505224
-1.5720804
-6.3283124
-4.6835766
1.7789279
-5.294706
4.767872
6.3515835
-5.010219
5.4884977
-6.05484
-5.9779162
-5.0681415
-5.8753114
-5.5394907
-5.8937597
3.3504665
-1.4556491
5.1457233
1.8659164
6.2777004
-1.2860831
1.7056946
6.3311563
5.2178
5.5537944
-6.3353257
-6.336014
-5.4735746
-6.3403897
-4.441375
7.674953
5.4767847
-3.7241068
8.162103
-6.743538
-8.356311
-0.0
-7.2735195
5.753133
-15.537126
15.329939
-15.358701
17.697277
15.385451
-14.037549
-14.688213
-17.569801
-15.518566
-15.415598
15.326761
-15.515226
-7.491096
-17.498867
-15.189086
2.1797535
-9.78479
5.0295424
-10.693346
11.582393
-5.024671
-4.0721154
-6.2404246
11.8552065
-9.69373
-12.399068
-11.215399
9.319625
-11.702993
-11.055972
-10.885263
-4.1959276
-11.06704
-11.072862
11.188143
-2.2156162
-11.391199
4.1946363
-8.397925
11.893135
8.960132
12.704259
-14.349676
12.623571
-2.66502
-2.6733782
9.353103
-11.62089
-9.064556
-4.2978706
-11.100483
9.649125
3.3770432
11.1317835
10.767885
-12.335625
11.146316
2.5537417
11.055008
-11.147797
-10.920575
-8.799551
11.160908
10.986544
9.838816
-4.364152
10.618574
-12.435154
-2.441012
10.476641
11.141459
10.892289
10.980313
-4.227308
11.752562
10.977922
-11.121762
6.150705
7.4151354
-11.248421
12.514881
-3.3475811
-10.430004
12.566828
-10.975929
-9.032261
-10.711255
-9.091585
-9.503754
-4.308694
-10.640537
-12.576302
-3.8498926
10.921808
-4.9393177
9.977176
7.728115
-3.9868336
8.753354
-7.8460627
9.036383
1.7413234
-8.127788
7.8083177
-5.0496097
8.179013
-6.5303507
-6.013129
6.9049473
-7.195104
7.9584265
-1.8716242
7.9895654
8.30033
-7.75561
8.7615595
7.8815236
-7.839526
-9.070109
-7.8443108
-7.7584114
-0.5503932
8.019431
8.225636
-5.77397
-2.7366128
1.8015529
-4.9042373
9.093832
0.849945
-7.751644
8.153148
7.63168
-8.49341
-9.042671
-7.874106
-8.792099
3.4031289
4.4281907
7.5696588
7.884816
-0.38546646
8.913043
8.920465
-8.175544
-7.0444856
0.5291548
8.384767
7.18826
-1.0640728
6.546023
-8.566148
-3.3404493
-8.7629795
-10.353171
4.3433666
-7.512837
7.804306
-7.4982786
8.326199
8.922075
-7.9142365
8.26845
5.9481525
2.428189
8.391355
-8.014484
8.26876
-6.6106215
-8.948197
-6.371278
-5.823477
-9.1073065
7.7904935
8.259916
-6.0884657
8.688861
-8.7481
-7.85481
-8.259705
-8.256368
-7.116451
-7.3350034
-8.2239065
7.0078406
-8.38739
0.51369464
2.0949283
-5.55619
-10.36126
10.954196
12.508889
-9.944039
12.709641
-11.114578
-9.118861
12.587465
10.862102
-8.721145
7.0296607
5.5131745
-6.141605
-5.958023
8.979245
-8.717748
7.8935404
7.872568
-7.304868
7.705769
-8.692961
-8.611198
-8.829228
-6.895756
8.963137
-2.8572848
-7.7865024
-6.5329165
7.805638
7.737245
-8.889897
4.390283
6.3359656
-7.6856933
7.741131
-6.9615335
7.7315936
0.8814256
2.6523232
0.99812675
-5.9399004
-8.441229
-7.45924
5.1232295
-7.7917995
-5.3894286
-8.459178
-2.2848973
7.8210907
1.1986619
-4.1524277
-0.14079162
0.9485549
-4.3713274
7.332721
2.2379
-7.85547
4.6242886
-2.148372
-4.5957284
5.533199
-1.2026234
-6.3068376
-5.3214025
-6.329527
5.4570765
-5.495353
-6.2849956
-5.5649076
-4.8047476
-4.442981
-5.5537
-5.281918
6.2955656
-6.1039915
4.325572
2.753098
5.5068974
-5.4918957
3.5978177
-2.9053636
-6.26376
-6.334359
4.8997626
1.8651574
-5.857759
-6.086223
-5.767921
1.978556
-5.139222
5.5840917
-1.9744425
-4.600793
1.7198458
4.7216973
0.9369376
-5.373569
6.3443413
1.3369893
4.7522106
-5.5054607
-4.956651
7.4963903
8.716963
3.7455974
-6.2048006
8.993054
-7.477247
-0.0
-15.537448
-5.74532
-14.172633
1.0850778
-3.9394114
17.32758
15.41114
-13.964286
14.78421
15.444835
13.895787
-15.08769
-14.455134
9.785933
15.43147
-13.987229
-15.555365
9.358231
10.71006
6.473838
-10.348987
-8.007244
3.3892329
12.675672
9.400138
4.2674127
-7.6188493
-9.923881
13.778643
-12.598683
-10.989064
9.41392
-12.849778
-0.9949072
-10.927237
11.114011
12.786169
-9.878145
10.747691
12.37149
11.416796
11.156979
8.736134
-2.56499
9.036653
-8.523968
9.942796
12.620582
-12.772788
4.93654
-9.33532
-10.85333
11.095744
-7.1051826
10.934108
11.030501
-1.3128006
11.922796
-9.376798
10.970903
11.072766
-10.975496
10.90818
-10.643226
7.2698793
-6.7123675
-11.157475
8.910182
-8.463131
-12.577824
11.005353
-10.660656
-8.561699
-10.903324
-10.982947
-4.736558
12.667596
10.919579
-7.3262467
-12.531603
10.798173
3.2470033
12.15763
-10.946722
-11.148861
11.908717
10.610945
11.16066
11.142926
10.680577
-9.58731
-10.744263
10.829178
11.949719
9.105627
-8.571578
-10.8227
8.847504
7.607907
-8.958215
-8.693251
7.4080405
-8.9443445
6.7722754
5.72354
-8.941531
-10.065724
-8.3666725
-9.0607815
-1.9787982
2.793021
8.660062
-9.0860195
7.5547786
8.288218
3.6530073
7.7439704
3.2746
-0.3147703
-7.8388095
9.09285
6.8304553
-2.646387
8.805616
1.6531667
-6.436815
-8.481051
-7.803192
7.4316673
-8.942798
9.549998
-8.824387
-9.033383
6.3716884
-4.2038336
-8.901359
-2.7441497
-7.8722653
9.104405
-7.8280845
-6.057048
-6.6379466
9.064177
7.725943
4.948265
-8.970941
-7.674114
-8.966957
8.900354
7.677453
10.317822
-2.0887575
-3.7651255
8.940261
-10.322616
7.7571507
4.374532
-8.623485
7.6251616
1.580065
4.51412
-5.9267716
-10.311697
-5.42959
-7.5636578
8.929813
9.085797
-2.5538878
8.926404
-2.9711175
6.508869
8.300659
0.039436366
-4.1067157
-8.563702
7.661669
3.4648695
-8.972309
4.239618
-0.28005835
8.72545
7.255869
6.328081
-0.91392255
1.6939065
-0.58140975
6.39187
5.121251
-0.24530785
6.2194037
3.971963
-11.137076
0.4550053
-10.495438
-11.040876
12.379181
-3.9280949
-10.812898
12.691255
11.083956
8.759444
-7.4333577
-8.832628
-7.6602006
-1.8206785
-4.708788
7.4266224
6.7300525
7.163475
5.1948805
7.8327756
2.180557
-1.8879722
-4.3359313
6.9296784
-6.085335
6.4889984
7.8567104
-7.2384286
-7.4194975
5.748854
-5.03773
1.1729785
4.718117
-7.7204866
-7.043561
7.7687554
-5.5189104
-5.242281
4.3285117
-2.878467
7.6480327
6.0428314
-5.492742
3.0921962
0.27379265
2.9312708
8.594028
6.9401093
0.1673114
-6.8603783
7.814031
-7.139545
-4.978233
7.567871
-6.2413073
-6.4844966
7.755198
-4.9129324
-5.8514633
4.2328453
-5.2104864
4.0435038
-5.5107746
4.610409
2.7715662
-1.15446
-3.888436
4.0529027
-0.13177449
-3.7785823
-5.9077024
-2.5812247
-2.5669436
-5.8208795
-0.77255726
-5.363553
-5.2473125
5.288856
-5.194226
6.1871667
5.0385413
-4.6094394
-3.271266
1.2619407
2.0571346
5.892293
-4.1432714
1.9244107
6.2352657
2.5420086
5.058614
-5.9195056
-5.4658575
3.32478
6.1069856
-3.4364333
-4.9017224
3.6250775
-0.90097
5.531595
-4.003827
-0.8399137
7.6341147
7.7437406
6.8073273
-8.235985
-2.8555086
5.5349817
-0.0
12.708837
-15.684015
8.937544
6.9163866
2.951534
-16.817875
-11.456758
-15.303142
-15.379351
-0.91939324
-14.885238
13.791008
15.422238
-15.2907095
-15.508203
-17.677807
12.1875925
15.060338
-10.764631
11.460593
-12.813115
10.9740715
-7.9405665
12.40779
12.557118
10.356092
9.183913
7.031306
14.203412
-7.0651064
9.465483
5.179812
-11.491544
1.0066484
11.532144
-10.241699
9.844102
3.5875638
-3.8946276
9.277895
2.329153
4.699979
6.7019377
-11.379768
-14.58334
-11.542703
-10.364159
11.134227
10.205592
8.976579
3.483702
7.60916
-3.8856585
-5.364078
-6.934125
-10.130072
-10.49585
11.442614
-8.669463
10.715387
10.7145815
-8.880796
-10.100145
10.467563
-4.8325415
-10.462523
-9.626908
9.292364
-10.104087
10.340668
9.045404
-10.299675
-10.788094
0.298569
-9.531027
10.578327
6.516943
10.528715
9.726174
-11.87706
10.282244
-12.647282
4.4903016
3.1157138
9.633637
12.251979
-10.740169
-9.530089
-3.6457694
3.9265907
9.289514
-9.610668
10.68332
-11.055648
10.795348
5.514176
9.905924
10.183237
-5.9235983
-2.0728083
-7.6349273
2.3321452
-2.057286
8.253629
7.5446835
-6.7267547
3.8455431
-4.711854
-7.95112
-8.356972
-7.513051
-6.7180457
7.5102754
-8.376076
6.7376246
-6.647005
7.259036
-6.758805
-7.5114746
-8.377568
4.2081294
-6.85924
-7.54379
-2.6537297
-7.647475
-2.1333518
-7.600592
-8.175191
-7.925952
-3.2450252
1.2080384
-9.315565
-7.0255013
4.7343655
-5.787239
1.3944749
-7.6687756
6.832675
7.8198047
2.2797382
6.8273973
5.1967773
7.911571
4.330882
9.315177
8.643542
-7.563569
-8.117448
7.960441
-4.537535
10.241823
-8.13058
3.7111168
8.525124
-9.960199
2.7720873
-3.246446
6.8724847
7.5491285
6.96193
-8.214823
-5.2408214
-9.5602665
5.6552906
3.1779296
-7.7737384
-7.7083764
-7.426326
7.6872478
-0.36343262
8.129403
6.7182465
-7.590045
-4.9553866
6.1858664
0.21553288
6.479374
7.349482
6.88183
-8.639062
-7.147439
-7.532122
-2.3561642
7.699749
5.5982065
-2.2308352
-6.9000554
7.9332833
-8.232088
-7.41228
-7.724917
-5.968751
-2.7668576
-5.735176
0.0
-13.962172
-0.63374823
4.1844597
15.6130495
-15.135636
4.9321756
-13.830217
-9.922383
14.197641
12.211183
-13.764011
-6.4304466
14.6134405
14.997417
-14.384489
-17.533712
-15.231452
-5.2147045
9.783117
3.4098432
2.8329396
-8.740149
1.4599574
10.3631315
-1.0970447
11.221613
9.19238
-12.095548
-14.375652
12.526876
6.123514
7.7107344
10.988999
11.728078
-9.682606
-8.201479
10.419549
-5.35937
-10.197041
12.031177
1.6111964
-8.305847
6.6052556
8.282166
14.5788145
-11.983978
8.93515
-7.386755
-12.851712
-10.839224
-0.116317704
-5.2173085
-9.417144
10.975726
11.104773
-11.127447
10.576218
-12.623566
-2.3339655
10.890479
-1.7672175
-7.932218
9.907037
-7.3920712
-7.0764675
-9.940622
-7.773018
-10.046381
8.637504
-10.836948
10.642855
-10.357294
6.811318
-11.070204
10.94018
-10.800518
-10.11558
-8.438078
-11.092044
8.083235
10.852374
-9.598234
12.346911
-0.67224056
-0.6729307
11.989863
-9.546717
-4.428765
-4.41385
6.4896383
1.4281951
8.450207
-10.210505
-11.036081
6.675618
1.0322521
4.358863
-5.474928
-4.4994836
-3.3555875
-6.1412125
8.075114
5.608517
-7.1232166
-4.582711
8.760883
9.625237
7.984935
-5.244817
-7.169522
-6.312056
-7.7604375
-6.516497
6.878293
-7.3761525
4.1624446
2.2590327
7.6334124
6.9677377
7.746575
7.1273394
7.900817
-8.191612
-7.7408185
-7.765779
8.097198
7.214691
0.4551588
7.694172
6.685395
-6.1763754
8.60604
7.897167
7.538738
-7.7998376
-7.620445
-7.5760856
-8.281988
2.0610397
8.348122
-6.429791
7.661838
-5.6566744
-7.4255147
6.652193
-9.398659
-7.8109174
-4.870694
5.9071217
7.108515
-0.22773091
9.488578
0.28389335
8.726419
10.232608
6.9616003
-6.271485
8.271938
7.216725
-3.5933552
7.85687
-5.0173593
-6.4006114
9.499836
-0.19025527
-6.2944474
0.43777016
7.75361
-4.666511
6.68564
8.054239
-7.809904
-7.5710545
-8.2583475
2.135167
-7.734002
5.5745406
7.053807
-10.296291
7.6288385
8.995339
2.4114077
8.236255
6.8891735
-3.6276178
8.247852
-3.9814708
4.90638
-5.281878
2.6623125
7.679772
-7.3761544
-6.538445
-6.3565497
-0.0
14.730788
-15.746196
-2.3081105
6.019929
15.055562
17.90977
-15.406887
-14.212537
-15.48721
-17.84915
-13.555473
15.771322
-15.305028
9.051398
-12.763607
-0.13093394
-2.2393486
15.691464
-7.1104865
7.2664886
-10.279675
7.75804
8.920332
11.763621
-12.525471
-10.844006
6.2931595
12.568241
-11.007678
8.696468
2.7948494
12.307391
-12.524727
3.9202218
4.1996846
-6.9702196
12.094768
-2.4123304
-1.5259405
-12.658248
-10.032123
11.105786
9.059142
-11.918795
14.649538
9.854868
10.658478
-2.9209998
12.081614
9.095746
4.423503
10.729621
-8.253215
-10.786853
-2.1267986
-11.007762
6.18555
0.023934592
-10.617906
-1.8441609
-10.64782
-2.6465561
-10.905862
11.105817
3.7900918
-9.781784
-8.648561
-11.072489
8.140657
12.448794
11.082143
9.585196
-4.162595
-10.09168
10.63133
-10.411075
-12.275811
-6.7165504
9.56503
-10.338209
9.851903
-7.2895513
-11.617939
-0.68540466
-4.48192
8.49094
-10.420984
10.950796
-10.945168
-2.7555215
-7.8283305
6.273168
-5.130548
12.233104
10.314731
-6.0267525
-9.742036
-8.234675
-2.3165388
-7.6418552
7.888949
-1.9149497
-7.788638
-6.907402
6.5144863
8.538778
8.293506
-2.2364793
5.3660564
5.5690103
-5.002204
6.0186625
7.409626
-0.027032489
3.943773
-7.330649
-1.9084518
-5.195967
6.375391
5.217273
5.671409
-7.4186687
7.5071397
1.5650795
8.51376
-0.7691201
-8.940398
7.461041
-5.2513933
-5.0387063
9.21298
-0.039703526
8.532691
-6.8864884
-7.638859
-1.9475082
7.6323123
-7.142686
8.179891
1.2640836
-7.5008984
0.2787636
1.1408778
-0.11259385
4.301023
7.394315
2.0084136
-8.793684
6.500968
1.0175713
-8.239359
-8.900296
-6.6053705
-1.7728268
-6.8147955
7.154486
7.5118155
7.93142
4.864764
-8.744114
5.9697566
7.738724
7.407044
-2.0166798
-1.4713266
3.7012532
8.458404
-7.823746
0.5053455
-5.165405
-0.45243245
-8.36054
8.471254
7.471376
2.2477598
-6.7446046
7.4341807
7.37339
-3.6411862
8.499698
-6.4149647
-5.8540435
-7.6986575
7.859413
-7.3063583
-3.6430914
1.5468962
5.5424805
4.305703
1.1228201
3.3972273
-7.6349883
-10.734299
12.555046
-4.40146
12.505841
-3.333191
-10.409195
10.859905
-10.3841305
8.803703
7.3430915
5.068007
-6.7116213
6.861799
-8.2197
8.95244
-2.16186
7.088462
6.818042
5.2383337
3.3050356
8.328373
1.1699367
7.5048976
1.1128466
6.655683
3.5734293
-6.112112
-4.719263
-7.446866
8.859037
7.5310187
-7.716646
7.4126763
-6.542839
-0.45163622
2.5537064
6.839577
8.231773
-1.5893948
-3.5718794
5.488809
-6.4976387
-8.7813
3.5285163
-7.7338686
-4.5607247
6.1253123
7.399976
4.8716135
4.4118986
2.667104
7.7229247
7.255373
8.414615
7.8354692
7.6715493
-5.260443
-5.707308
5.0694447
-1.6970847
5.9333153
-6.228573
-5.254855
6.1433034
-5.4517717
-3.729231
6.1980324
5.5187817
-4.6290836
-5.4433312
-1.0717611
3.8445098
0.8105918
6.2187114
-5.006881
3.3055627
5.54614
-5.87446
-5.857466
-4.8363667
-6.0702367
-5.917869
-5.506893
4.4277673
5.4339857
-6.049676
-4.2672296
6.2875814
-4.339416
5.212883
3.865528
1.4690899
-3.3882754
6.281645
5.07327
4.7569604
-0.26487193
-4.940991
4.9396772
-6.172487
-2.4139569
7.9062123
6.594219
7.647662
-1.3503721
4.1715097
-8.253589
-0.0
14.223005
6.2427363
-15.398192
14.11754
-6.4186335
1.348733
15.060029
-14.090899
-14.865396
-15.996787
-14.875057
-15.09698
15.422282
-14.9121275
-15.222972
-15.651161
-9.276649
15.068125
-10.785608
8.820115
-11.084755
10.212183
10.249008
5.1651607
-3.1654572
11.279132
-7.438593
-11.992396
-11.882934
6.8833957
-9.056537
-8.516593
-10.279024
11.375503
-10.657636
10.034269
10.965226
11.782669
11.523925
-11.036034
11.224677
11.758724
10.638486
6.040138
-12.722021
10.318273
-10.910287
10.037074
1.9890057
-11.554362
-10.5729885
-7.3259797
-10.956724
9.798371
-3.7938006
11.068176
-4.807166
10.154529
2.5579782
3.608414
10.640909
7.806669
-8.125426
-11.109644
-8.156496
10.19442
5.088637
-9.498978
10.651316
-12.239588
6.7753196
-4.194256
11.105608
10.626671
9.65879
-9.132205
-12.286723
-8.825376
-9.923341
12.478644
10.614254
-11.653294
-2.7023172
5.3042006
8.136934
9.939431
-10.425681
-9.487175
-10.5713625
-10.715762
10.328934
-10.798599
4.645587
-12.548064
8.245365
-10.137533
-7.8166313
10.681242
5.9257317
-0.01176986
-8.773984
-7.7576537
9.03831
-7.7525086
-8.184925
7.1139517
-8.63046
-9.311969
7.1004367
-2.7811968
-1.8070296
-3.226345
2.052427
-5.1770887
7.9551497
8.010317
-7.6864495
0.14863884
-8.533946
-7.463119
-5.2669816
-0.52156776
-8.230566
-7.621445
5.071572
8.211273
7.288751
-8.074311
5.848695
-5.9596076
-8.817649
9.22698
7.8103848
-7.2218003
7.7498736
-8.022252
-8.394371
-7.810919
-8.988015
-3.2709208
8.163617
6.701934
1.5820329
3.454759
8.660782
6.5863123
-1.4522388
6.9062223
7.9058065
-2.6681738
-5.310778
-5.4494534
-5.9722033
-8.775367
-6.003296
-8.830059
-9.111314
8.785169
-6.248491
7.830148
-7.841303
8.217047
8.995397
-9.518895
7.3923464
6.3766546
7.7008176
8.396459
-4.618917
7.392256
7.365115
2.7923472
-9.096201
-6.6557117
-7.2467504
-1.1426718
7.962486
4.35735
1.4875363
-0.1832595
-7.905141
-8.319174
-1.7683007
-7.6831694
-6.898627
-8.07105
7.736377
-7.7566648
0.8769859
-1.5076494
-5.4959245
-5.9361115
11.1104765
12.649782
-9.462337
12.652246
-10.3689
-9.707004
10.085858
6.641653
1.6118643
7.692134
2.1765122
-7.3621087
8.830277
8.941095
-1.0592525
7.2117763
7.829116
3.7285714
4.918395
-8.577391
0.6592382
-4.7240825
-1.0462034
8.76254
1.289475
-4.6706495
-7.3813634
-3.4157434
6.438838
-8.593958
-1.1591532
2.0006273
-4.8481774
-6.600752
-7.5441847
-7.4763656
-1.3813881
-0.34678864
-2.6125052
0.55938405
4.290136
4.132989
-8.776298
7.0728073
-5.2976193
-7.194838
6.340685
6.153274
5.8995676
1.7719742
7.0594153
7.6381297
3.9365866
5.906955
-7.8383975
6.618778
4.4122424
6.301042
-4.704342
5.534435
0.8339896
5.8475146
-3.504064
-5.826485
4.620966
-5.5284386
4.177369
-3.4731271
3.3195806
-4.1592226
-5.4438124
5.0151706
-3.9955626
0.10494115
0.8567035
-1.6124557
-2.8586938
-6.022069
-3.2535484
-4.567581
4.92656
-6.2605553
1.3627043
4.793644
-5.600045
-5.419177
-5.9390945
4.455
-5.5479555
1.4162874
-2.4555233
5.280289
-2.2800617
-5.902647
-1.4432243
5.5137568
-2.769718
3.789831
5.56146
-1.6359048
5.212248
-7.175753
8.724087
-8.710414
-7.5528893
-7.4694066
7.408052
-0.0
7.1249056
-14.328705
-15.4174
-15.59203
0.3963268
-15.549981
-12.662395
-15.330965
14.745885
-16.531366
13.40679
5.100375
12.278704
14.672096
-9.076314
-17.479662
-14.363872
15.739668
-8.3321085
-7.6247377
-1.2458026
9.582999
5.4408426
10.74755
10.778583
9.601963
-10.876652
-11.483176
14.483891
-11.444412
10.195005
-10.933781
-12.672587
10.467694
-10.360626
6.444447
11.914656
-10.959749
3.4588816
6.472627
0.37012354
10.482056
-4.153382
-12.600045
14.46234
-11.438268
8.339565
11.427004
-4.452784
1.0127177
-10.919322
-1.788074
-5.0151396
10.778631
-0.7900987
10.835191
4.1250763
-6.828952
9.97077
-6.7406306
5.466203
4.249262
-7.813282
3.1159325
-10.83655
6.778417
-6.984325
-10.933433
-6.782491
-11.417731
8.094017
10.860772
11.095509
-8.802923
-9.574586
-1.8972983
12.092457
10.222234
3.7714992
6.552218
10.79067
-12.350804
12.387605
2.9396873
-10.418307
12.191052
1.7364688
10.671323
4.1729007
-10.881442
-8.782796
-9.776179
10.864238
-2.8291323
-2.2179732
2.8441095
-10.205521
-7.743083
4.7880955
-6.958231
8.618048
4.6804423
0.1369641
-1.8690286
-3.6522384
0.66619855
10.135542
-5.9320717
-7.7128587
3.7101882
6.064802
-4.3033934
8.764769
7.6842837
-7.323726
1.3015302
6.5967755
8.110555
9.017023
-7.6287103
-8.062531
5.6798887
7.4967246
7.00965
-5.605985
-3.0731237
-8.912692
-7.8589506
-1.3349495
7.910555
7.6949987
1.9717326
2.193922
-2.5747714
3.7807086
-6.617011
-4.766957
-6.454082
9.0871
6.399175
0.5901629
3.3432262
-8.666924
6.678683
10.041706
-7.6705127
-2.056107
2.0552897
5.230406
-2.604614
10.05689
-3.484583
-4.0541577
-5.3306947
0.015313654
-8.822219
1.2154342
8.35634
3.381123
7.329104
-8.948895
-0.43857396
-9.418958
-6.1890583
-5.813837
-8.598579
6.0846148
-5.593933
-6.500931
7.656484
-7.1926384
8.856417
-7.134097
6.67378
6.141337
-6.213208
7.3339157
0.120776035
6.9755588
-8.462639
-9.025593
7.234508
5.1826363
8.8178005
-1.69122
-7.615229
-8.823553
1.5595351
5.4102387
0.78389
-4.489531
-3.7132478
0.5489391
-12.444985
-10.604666
5.635283
10.6251545
9.907426
12.523237
10.948014
7.4213758
-7.165382
7.524505
-6.90767
4.527842
-8.423662
7.7966704
0.48379487
6.13714
6.258211
7.5430717
-0.15997052
-7.1968317
1.494441
-5.7298727
8.47155
0.48225942
-7.678983
-6.8169603
5.5341635
-7.5556
-5.999968
-3.3318944
6.5009165
-5.9259276
-3.4821205
-6.82977
6.7563972
-5.850589
0.16420738
0.90131116
-1.3823736
-7.359163
-6.840857
-8.694407
2.0412006
-0.7822993
-7.180932
3.3381424
6.8205447
-6.7899323
3.5734065
0.8744191
-4.324768
-3.7004135
-1.1516297
-7.2926946
-2.1449566
-5.0016613
0.57381284
-4.46344
-4.215032
3.1650925
-5.2665887
5.483913
-5.4697194
-5.4520645
-1.7924521
-5.04394
-4.071115
5.1891127
5.8249655
2.7916334
2.573562
-5.902844
2.6492665
-5.3938212
4.055066
-2.1736355
5.765405
-0.12058431
4.8667555
1.4915588
-5.915355
4.876132
4.619259
-5.96253
1.2961397
-5.4629016
5.6749315
3.291187
-5.502065
-4.9538875
-3.0043736
-1.6228836
-3.1023781
5.07623
-2.851167
-4.55459
2.2419314
5.012315
-5.7778716
5.3129067
7.669567
-4.806275
-4.7192674
-6.5409813
3.019029
8.312181
-0.0
6.664268
-12.02463
13.851529
-9.33123
-9.322616
-14.624207
-14.594688
-15.430946
15.001226
-15.318069
-10.702825
-13.855118
15.449214
-14.514688
0.11142115
15.890814
13.686427
14.097332
-10.595664
-6.4735703
-12.804666
8.332742
4.6627264
-12.578781
12.671346
10.575367
1.8403935
8.228453
-6.4851685
-10.583737
3.0951188
-11.297868
0.35499048
-9.960884
11.083029
-10.006549
8.601131
4.611981
10.483154
10.596767
-10.018302
-8.269906
9.689875
-0.034924477
13.837637
11.505662
10.9361315
4.17874
9.109699
7.278111
-4.435229
10.665275
-10.019948
10.730603
-1.3835565
10.167849
-2.8240745
-2.1280222
10.825195
-8.353975
-10.812153
3.796059
-1.2392238
8.050429
-6.2348933
9.371403
3.2712595
-7.9270806
2.2247176
-12.124901
-1.4507627
-7.1479044
4.786482
-2.5359144
-10.400264
10.816745
1.2845227
0.94447947
11.051556
8.639787
6.1864233
-3.3656023
-8.881634
10.443015
10.951225
-7.1414585
4.534408
-10.41075
-9.133287
10.106762
-1.549518
11.0543
9.542226
-12.481707
-10.749433
-8.174768
10.212649
-8.536694
-7.8617935
-2.611257
-6.2230844
-8.085815
-7.3077545
-7.8977537
-4.1399674
-0.13884743
-8.732342
-7.865024
4.46887
6.218435
-6.1711946
7.6743946
-1.6709416
-1.5479641
-0.24273977
7.965307
2.5334659
6.2574143
3.168395
-2.4975407
4.8724103
-6.3764954
-0.53809637
4.2257376
-7.1605897
4.4576526
-5.440215
-7.775869
-2.524591
2.564213
8.946268
-5.1233587
-7.4207006
8.181431
3.542264
-7.8173175
-7.799714
6.0785527
2.2934017
6.9259315
-7.428221
-8.540035
8.415579
-5.1992636
-10.112359
-8.719186
-5.581247
8.061185
3.9714274
5.378975
-6.1738696
-8.873661
-5.95507
-1.0610961
7.645479
-8.557537
8.21872
-8.439601
3.1608562
8.884589
-2.256193
5.502283
-9.535739
6.5715857
-7.8643823
7.5394835
-1.4930334
-4.243846
-1.3252379
7.4346404
-7.7244754
3.4959369
-5.8946047
7.015463
-6.3392816
-7.919714
-7.9019046
4.6111007
2.8681908
-5.4852004
5.048126
-5.0166383
-7.54866
-6.683036
-4.6653056
7.833842
2.646961
2.3782141
-6.839179
-2.3620422
-5.264127
7.2379494
-0.25782895
0.52056235
0.0
-7.2673745
13.114068
-12.008917
6.763967
0.7724175
17.253004
-5.741012
-10.033534
10.399708
17.834112
8.88334
14.364873
15.1962
14.857325
-5.347236
-17.167803
-14.407509
-12.10556
4.179991
7.5633817
11.077247
1.5220102
0.11284246
9.300941
-9.109898
11.560547
0.2890678
-12.15186
-14.25203
11.612999
2.7345593
-9.775663
3.4691656
11.654585
-5.828953
2.910673
12.29042
-10.315965
-10.696399
12.403873
-6.1207724
4.1495023
1.9313942
1.5465738
14.466712
-11.277256
10.578831
-3.4277987
-12.061825
-7.74283
5.019799
-8.649405
10.193891
9.589277
-6.648555
-9.055578
-8.856403
-11.977457
-10.085152
-1.8673718
9.145426
-9.203003
-10.749171
-10.892334
0.8510583
6.1518583
10.477518
7.705932
8.579937
-0.12647101
-7.3310714
10.639598
-8.002571
9.737565
10.9099455
9.731361
11.028334
-10.336889
-6.0962844
-5.2692575
2.2480705
8.382954
-11.54069
-10.802227
10.116319
-11.81894
6.8801727
8.688397
-5.573074
10.321566
10.719521
4.6726165
8.624342
-8.459918
-10.0727005
-7.504411
-1.3566984
9.332453
4.264552
-5.707603
-7.1590104
8.263412
7.681195
0.04711331
5.4424067
8.81164
-8.949328
6.1081977
-5.6217046
-6.5545506
-8.248888
6.5656376
-5.831621
8.066948
-7.373861
-2.7883375
7.266998
1.7967775
7.7702427
2.535871
0.7981223
-7.4077277
-7.25884
7.420313
-5.7290974
-1.1246787
-1.029026
5.6359086
-3.1819685
-3.5517387
8.513416
7.8636065
7.598391
7.4934
5.957088
-1.6796268
-7.3412347
-0.86646056
3.9031851
7.136924
0.16343045
6.4091616
-6.1745253
-4.2598205
-1.3298035
6.352444
-0.25059316
-3.215705
3.9044766
-6.1692295
8.94783
-5.9160457
-5.7520947
2.9587452
-9.038815
1.4843886
8.4995365
-1.0436183
5.89651
-5.64101
1.9974742
4.6048703
-3.0903316
-6.459609
2.3131218
7.6604247
-3.867674
-7.2962904
-1.2931862
6.7627773
-4.652625
-7.2138104
6.443112
-5.21381
7.6663837
6.676184
6.4861526
8.422056
8.2577
6.3623257
-6.862971
7.8294406
3.4059243
0.95490366
7.7004294
1.4612504
-3.6517134
-3.6889892
-3.2627356
-0.0556861
0.6548889
6.477437
8.6809025
-5.3568296
-0.0
-11.507306
13.184726
13.544842
12.558085
-10.734253
17.72862
-15.344583
12.371751
-15.417079
-17.301222
-2.087189
15.403163
11.040977
-4.0979347
12.093612
13.110669
-14.830491
-6.7105126
10.330034
12.393863
-6.3447156
-10.29905
-6.576652
2.0181608
5.2136526
-8.060627
3.7089765
8.878214
2.1350613
-10.789313
-5.797308
8.155588
7.0085673
7.236441
7.645916
-12.509013
12.684444
-3.8827648
-10.174413
-8.002917
-12.474329
-9.958294
-9.217968
-4.807189
9.26618
4.473379
9.446103
-9.438074
-10.391533
-0.04781846
-10.016117
-9.225096
-10.241236
10.83334
10.630949
-8.698008
10.49049
11.291872
7.3585243
8.962062
-8.169249
7.5148015
-8.161981
-8.081586
5.974578
6.1127872
-9.968219
-9.608661
9.816818
-0.9844038
-8.393512
-2.499303
-10.859518
-9.027816
9.694108
-8.9197
-0.2656732
3.705899
-6.8866773
11.79066
-8.308377
9.931843
12.489214
9.341318
10.285096
-12.489816
-0.8096578
8.348361
-10.900416
-10.813582
-9.991252
-3.5561771
9.499067
-0.7593516
11.084862
-8.65505
-8.618285
10.059966
-7.0312643
-4.555599
8.662287
-3.942685
-7.5721097
-6.742978
1.5201871
5.5465584
-8.882693
2.6006951
8.647634
6.0036077
-3.3152707
-1.6211863
7.112632
-6.947776
-8.544091
5.00097
5.5546618
-6.188222
4.7802687
-0.52591956
-7.021729
-6.640306
1.9976512
-7.6663814
-8.080178
-7.4163456
-3.0766163
7.687615
-7.5697803
8.27688
8.383606
8.335138
8.975516
-2.5448372
6.4370623
-1.7261004
2.8578842
7.6196
1.2494314
2.0685196
-0.66086495
2.1714778
5.170954
-0.3997519
-9.767751
6.778651
-0.65516084
-0.08787794
4.591054
-2.170611
7.8010564
3.5007582
5.119582
-8.715639
6.160142
-2.9134476
-3.246557
-1.6029121
0.35146126
8.527276
-3.5980902
4.1185064
0.08781556
-8.089656
-0.17866436
8.549773
-5.2456474
-6.4281144
-4.923754
-7.517758
4.4757495
4.662007
-8.505797
7.488043
6.5073256
6.4995437
1.8076549
8.5786705
9.464646
7.8183103
-8.94784
-1.2112163
6.3909683
8.186324
1.0773237
7.0945477
8.653815
-5.7259173
5.5958595
3.8240774
-4.6139355
-7.963538
-11.164793
12.729226
-11.165981
-11.662009
11.123286
-11.005302
12.702693
-9.671899
8.97999
7.9097505
8.463762
-7.8974266
-3.1765866
-8.999759
5.9367795
-3.171579
2.1370416
-3.2168245
7.435857
-8.3771925
-1.8199722
-3.1952682
7.9058914
8.977791
3.573749
7.9085584
7.1852155
-7.909204
-7.895243
8.979068
7.8768263
7.901833
7.9094634
7.904584
-4.590239
-7.5055623
7.8951335
8.983165
3.822066
-6.6797547
4.4586263
7.9003935
-8.998859
7.9059634
-8.97185
8.99869
2.6250944
-7.9085083
-1.6061735
7.9095984
7.886916
-7.8900075
-4.8536243
6.6193085
7.8976755
4.732978
1.7520282
-6.2289653
3.6754837
-5.599622
6.316269
6.357391
-5.501188
6.359607
-5.5996227
-3.0553093
6.356339
-1.3509669
5.5800123
5.8481255
5.5402055
-5.5370493
-6.350439
-6.3597236
4.68448
-6.322703
5.5996723
6.355606
-6.3312445
1.4548331
-4.553604
-6.3506975
1.4088082
-6.354187
-6.3402514
6.3466315
-6.31661
6.3181295
-4.967596
5.5922155
6.065617
-5.5813775
5.564622
6.3334193
-5.5986586
2.4313111
-5.958355
-6.3585825
-5.599362
-6.359605
3.0767205
8.277422
7.909173
3.2237148
8.391672
-8.038702
-8.414014
-0.0
-15.284811
11.119821
-14.919525
-15.812415
-15.57482
17.98782
15.588331
-15.800442
-15.541562
-17.978079
-15.568464
-15.396372
-9.778448
-15.823968
-15.587864
-17.86765
-9.722782
15.786787
11.727172
-11.188762
-11.36279
11.879847
-2.8015394
-6.1900163
-11.368851
11.909214
-9.798659
-10.21506
-1.2954222
12.721242
-10.339405
-11.182057
-11.33373
-0.5863936
-11.135075
-11.183027
9.568569
10.713077
11.6882105
-11.189577
11.100666
11.908365
-10.874266
-12.701721
-14.621531
12.705639
-11.708386
-4.0573015
-9.231428
-11.398996
-7.621671
-9.226631
-11.18839
9.954285
11.12063
11.181983
10.999905
-12.547235
11.184349
-11.015818
11.174998
-11.1892185
-11.011892
-10.349726
2.0493906
11.007329
5.2171416
-7.8122735
9.586158
-12.728806
-10.840545
11.014089
11.172891
10.920972
11.00377
-4.910691
-3.7156522
10.982852
-11.189092
11.794738
2.1529157
5.818408
8.485324
-10.993288
-11.189696
4.432522
-11.013774
-11.187984
-11.153586
-0.22433285
8.554653
11.185105
-10.884784
-12.7135935
-11.172222
11.01788
-10.933035
11.151768
7.770572
-8.999731
9.126672
-7.1111803
5.8173385
7.9004927
-8.269988
2.3497236
-9.138729
-9.559455
-8.028996
2.0960937
-8.289736
-6.86913
6.5593214
3.182559
6.4939218
7.1293745
-7.779171
8.985586
5.45281
-7.903895
-9.134407
-7.908932
-8.286069
-7.9084363
8.033651
8.406358
-3.4409738
-8.200176
8.288818
7.909397
9.134375
9.577078
-7.9803267
8.419343
-3.7364068
-8.983363
-9.135251
-7.9078016
-8.828377
7.905219
8.284165
7.863811
8.029259
8.390066
9.126894
9.574413
-8.2884245
-7.524759
-5.7205577
8.397116
5.9782133
4.721027
-3.9218369
-8.988416
-10.267161
-8.955603
-6.954785
3.7924175
-8.252017
7.90754
-8.002513
8.416784
9.138682
-9.575884
8.275147
3.447749
7.9960957
6.9526715
-3.2123199
8.416069
-7.785856
-8.995779
-9.139122
-7.861819
-7.771901
7.899923
8.283194
7.9012895
9.133748
-5.635453
-8.004099
-8.130431
-8.285439
-7.894341
6.603751
-8.401146
6.1444583
-8.417622
-5.5050244
-3.706442
-5.5938163
-8.828112
11.189089
12.718593
-11.137343
12.504383
-3.6363091
-10.999212
12.679636
4.5167933
-8.990785
7.835483
8.959949
4.742589
-4.8910217
8.999802
-6.255174
7.9084725
7.876158
6.9771414
4.7432942
-8.993309
-8.999212
-8.974619
-7.9098425
8.999451
-7.908166
-7.909435
-7.89372
-7.9046507
7.907686
-8.999324
-7.8959217
-7.8791404
7.8690486
7.9089847
-7.909623
-6.1255918
7.88264
1.9779556
7.9052277
-7.9050455
7.42825
-7.9026437
-8.800073
-6.144833
-8.996745
8.999184
-2.271103
7.4618287
-0.9909765
-7.906647
-7.8964844
7.906606
7.7374024
8.98361
-6.4277864
5.331877
2.9053626
6.3588223
5.531642
-5.1142764
-6.3560524
-3.74316
-5.5907803
-6.358475
5.448721
-1.4948014
-6.199498
5.5981946
4.9538455
-0.16773465
1.2505219
5.3534775
6.357072
6.356553
5.387251
2.8984878
-2.2594507
-6.3340507
6.3109097
-5.599115
-6.2739573
-6.353591
-5.594679
-6.3206935
-6.3534865
-6.328705
-6.3357673
6.3390822
-5.5773845
5.5960174
-6.326813
-5.1085277
-2.138036
-5.5611124
-5.5987844
-2.9629707
6.3569508
-6.3594427
5.592633
6.3596125
5.5849
7.7873006
8.989927
9.137163
4.3253016
-8.761026
4.5228744
-0.0
-6.4192634
-15.799708
-15.587195
7.787651
15.512916
8.357773
15.506691
-15.825998
15.586963
-17.989006
15.586771
-11.263185
7.8385253
15.822161
15.589068
-17.979458
-8.952943
-15.616736
-11.00495
12.726579
-12.914351
11.161072
11.018733
12.654279
12.891808
11.185264
-11.01785
8.735857
14.6936455
-11.628356
9.040709
-12.667605
-12.911643
11.187607
-11.018854
12.72871
0.84758514
-11.161984
-10.940488
12.523698
12.918258
8.85382
-10.97925
1.2960359
14.609828
-12.519096
-10.948481
3.3666193
-12.878741
-9.852985
-11.017129
-8.566772
11.189586
10.165288
3.3642113
8.211132
-10.288385
11.060486
-11.186
6.1432214
6.153624
-11.189399
-11.010205
-5.0359035
0.89174616
-11.009328
-4.5403156
-11.035737
-11.003028
12.724498
11.0977335
10.029699
11.189376
-11.18911
-11.019107
-11.136045
-7.550093
11.018054
8.970588
12.728443
10.607077
-12.727967
12.727861
-2.479623
1.080643
12.725559
11.011607
11.150104
11.188712
10.998622
-11.122313
-11.117216
1.8603158
-12.72451
11.168198
10.996069
1.6888988
-11.173647
7.7831707
-7.484331
-9.1309595
7.8914347
6.858385
7.905657
7.7844577
-8.998955
-10.378034
8.993794
-6.110695
7.9060974
7.7885823
8.977716
5.674043
7.888915
-6.1118445
-7.8904033
7.780654
8.997333
9.138977
-7.7403407
-9.10781
-2.1594758
7.1296678
8.686544
1.00248
-7.895399
6.7523227
-7.896954
7.787238
-8.998749
8.540876
5.1987815
-8.426443
7.8952
7.779434
-8.99787
-9.139521
-7.9020567
9.136624
-1.768862
7.7845874
8.998832
7.9924574
2.5859785
10.356934
5.501743
7.7047024
-8.989481
9.130585
-7.897016
-10.387666
-8.997647
-0.45412597
8.998791
-10.31426
-3.7746148
-0.8623939
8.99693
3.7706196
8.998951
9.136193
7.871522
0.83866346
8.999448
7.773879
8.991058
7.5954185
-7.9083514
-9.111113
-2.1631155
-6.381356
4.8215766
9.103746
-7.903158
-7.450273
-3.1791956
7.78418
0.233446
-0.72938854
-8.622853
-9.050572
7.906483
-7.7232313
8.750752
9.129667
-7.2456026
9.139215
-7.840726
5.59463
6.359462
5.5982475
-4.662589
11.18953
-12.72526
-2.2289472
12.729617
-11.18823
-10.986854
12.729507
11.189686
-1.3417721
-6.7778783
-8.981776
-3.8741798
8.990521
5.0043554
8.998635
7.9097266
7.909917
8.999803
7.908874
-6.9309573
8.992364
-8.999641
-4.72206
8.955965
7.90965
1.886399
6.763883
4.2015433
-4.34974
8.904455
-7.906093
4.472343
-7.903225
-5.95565
5.3001356
7.8702292
7.907567
8.955962
6.797437
7.9043417
8.954214
7.909238
-8.975772
-5.556151
-0.62342095
-8.955807
-2.570897
7.9096055
-7.898449
-2.6485305
7.5631495
-7.906768
7.907266
-2.598781
-4.0257835
-3.2352512
-5.550853
-5.901539
-4.25267
-1.4001727
6.355517
6.357407
5.5994587
-6.317343
5.599202
-5.595567
-6.3398223
1.4707009
0.17713322
-6.348908
-1.7598104
-5.59974
-6.3428574
6.3536725
-2.8042488
-6.358839
-5.356932
6.3553624
-5.7610292
2.5785732
-6.300932
6.35538
4.5799003
-6.3551016
6.3446984
6.3251457
-1.1377552
-6.355832
-5.5929933
-5.5820427
-6.3593564
5.595124
5.5974445
5.401722
1.1127375
4.844154
-6.3575583
-4.446466
5.596162
-4.2323284
5.5804987
8.289675
7.909074
8.024554
-0.6217405
-8.025126
8.411023
-0.0
-15.565381
-15.829239
-11.071092
-15.823816
-15.469299
-17.999454
-15.510644
1.8144944
-15.585337
-17.95667
15.477944
-15.772252
-15.396485
-15.828257
15.575545
0.7081232
-15.406671
-15.69977
3.415091
1.9224125
-12.894604
5.1214867
11.005645
12.715843
12.918974
11.178249
-2.5959165
-12.695326
14.687095
-12.726472
0.7477895
12.70039
-12.918712
7.5305653
9.829109
11.146449
9.692912
8.722026
3.326377
8.770082
-8.480701
11.890696
10.909125
12.621563
-12.351605
-12.690687
-11.728125
10.706174
-11.361061
11.762772
-10.949645
11.170405
-11.175377
11.018851
11.183267
11.159247
-11.005196
7.8248987
-11.174808
11.015487
11.18636
11.002107
10.659161
6.908077
-11.18553
-11.011759
-11.189534
-8.476148
10.417068
9.170355
11.189291
4.2812595
-11.185316
-11.153504
-11.018334
-5.0530033
-8.365267
10.943675
11.187336
-12.718876
10.963622
-12.727766
3.7643638
10.8802805
-11.187306
12.726567
-11.009942
-11.189499
5.6313534
-11.016937
11.186116
6.086256
10.482452
4.4970484
-11.184346
10.968393
11.179416
11.180815
-8.288615
7.836027
-1.0428462
-8.394091
8.0313015
-8.410092
8.28911
-5.942914
-4.070757
-1.21444
-8.036739
-8.399842
-8.288721
7.9041734
7.1233416
-8.400388
4.29073
-8.408799
-3.902428
5.0743136
0.9399394
-8.417961
8.002845
8.418925
-8.281305
-7.857151
-8.029288
-7.5809107
-7.9641705
7.115727
1.439513
7.889065
7.331317
9.542887
-8.039112
8.411456
5.043585
-7.906401
-8.034152
-8.3984785
8.039841
8.413268
7.786567
-3.4986846
9.1371565
-5.473084
7.996976
8.997921
7.780173
8.9784355
-9.136722
-7.904546
10.3840475
8.996042
-6.7291665
-8.973047
-0.48803902
1.3110418
2.788336
-8.984858
-7.7520766
-4.536078
-9.132863
7.9025025
-6.471221
8.91599
8.288107
2.0360813
-8.035827
-8.405684
8.026893
8.410769
8.288278
-7.844216
8.037651
-7.278077
8.016736
-8.407424
-8.288834
7.8903375
-3.6077776
-9.577199
8.022662
8.412435
-8.262585
7.887636
8.028037
-7.2352204
8.006588
-8.404215
-4.1057615
-7.909739
5.57782
3.8555813
-8.037659
-8.418108
0.0
-15.5881195
-12.375519
-3.0987487
15.823536
-8.752498
17.44556
15.586123
-15.802296
15.589356
-17.136614
-13.264986
-15.7851
-11.496423
15.820098
15.580559
-17.942074
3.8025851
6.1223793
-1.4172387
-3.6454542
-2.3510675
-11.888526
1.4806782
-11.188762
3.22152
11.891729
7.285013
0.15517257
-14.699035
-9.92637
-7.3712707
10.9762535
-9.114214
-11.722126
-11.019404
12.7294
12.919404
-11.185567
-11.001746
12.5848675
-8.070053
11.187329
4.027962
-2.3221111
14.698388
-12.715743
-9.653456
-7.654434
-12.918501
-11.185228
-11.013402
11.185112
-11.188969
-10.907269
11.14362
7.083024
-10.941668
-10.926988
-5.015962
10.994185
11.178907
-11.189706
11.013905
-11.186111
-0.17642279
5.5002584
-0.54972816
-11.1874895
11.015617
-12.714512
0.670789
-11.017536
-11.1482115
-11.189353
11.014849
7.7900724
12.728765
-8.586677
-11.174406
-12.724065
3.9159307
11.471888
-5.3781357
-11.01965
11.186153
12.682888
-11.009468
8.495855
-10.983652
8.779509
-4.675519
11.177247
-10.995347
-12.683849
-11.135188
6.230405
-11.187352
0.66135556
8.284081
7.90875
-0.19158383
-8.293678
8.028651
-8.419637
-1.86826
0.7780213
10.323002
1.2779585
9.136468
-7.906937
3.2288253
7.896601
2.9454782
-8.165129
-1.0339224
8.418253
-8.285601
7.8989053
8.0363455
8.419339
8.024294
-4.8586273
-8.191519
-7.9076986
-5.5067015
8.419813
-8.032634
8.397928
-4.7342587
8.941899
10.382717
3.7985044
9.123221
-7.8914776
7.313737
-7.8997774
-7.7223616
8.41685
7.877971
-8.334659
-7.2369084
7.908496
8.026613
8.417701
4.9512787
-9.572492
-8.258076
-7.5721307
8.030347
-1.4863443
-9.136888
7.318498
7.775796
8.936557
-10.389304
8.961725
2.3719082
8.977227
-7.096089
7.8773284
8.014026
-8.41947
-9.13749
-4.2944465
8.08877
0.7330543
-7.174703
-2.1286228
8.027342
8.4176445
8.285303
-7.898994
-1.2324171
-3.853226
-8.008267
-8.408783
0.06539752
-8.966865
3.7029188
-8.996864
-1.1288376
5.1333637
7.6009097
-7.8861446
-8.0388
-8.4158945
8.03763
-8.414528
-7.78824
-8.9624605
-3.596343
-7.9065614
9.138249
-7.909203
-0.0
15.574103
-5.8798914
15.533442
15.766406
8.72715
17.986273
4.627361
-15.782273
-15.583876
-17.998137
5.9857764
13.2685585
-14.493703
5.590692
-13.563329
17.990494
15.519643
15.8010645
10.902791
12.541632
-12.896044
10.016276
10.986966
9.84252
9.051234
11.180533
11.019894
3.6590095
-14.698077
-12.239616
10.84462
12.665654
-12.881081
6.07739
11.019801
-0.54350024
-12.891951
11.186683
3.0554304
-12.727079
-7.2604685
-11.174564
-10.966056
-6.078555
6.060267
12.689571
-11.018024
-12.700363
-2.601598
-11.187663
11.012987
-10.794365
-3.3188508
-6.536165
-11.058316
-11.188869
1.0675391
-12.720298
-11.17788
-10.919766
10.740063
11.189335
-7.150713
-11.0508995
11.18989
-11.019251
-8.553857
11.188786
-6.980161
9.856633
-11.172589
11.019908
11.175097
-4.861559
11.018349
-4.166444
-12.728173
-11.00104
-8.385026
-12.707262
-11.018741
-12.676877
10.864922
10.991368
0.23717557
11.798712
-11.009631
11.179194
-11.046865
-8.854176
-11.181331
11.189559
10.968656
12.725304
2.9080203
-11.019634
2.0240383
0.8851105
7.788739
8.555229
-9.113485
-6.0244536
9.12713
-7.909264
7.7893686
-8.995722
10.370595
1.7138963
-9.1394005
7.0109973
-7.788646
-8.932337
0.5276507
-1.0940733
-9.133498
-4.604534
-6.596346
-8.993535
-9.112865
7.8440638
-8.716746
-1.3214878
7.7884483
-8.978389
-0.2090128
6.111252
9.008371
-7.873436
7.7839975
8.988776
10.108265
8.244953
-1.7760322
7.8808527
-7.7813067
8.505646
9.126125
-2.9529214
6.0815253
7.865349
-7.7745323
-8.995296
1.1288786
1.6986992
10.367466
-8.998328
7.787886
-8.999814
-4.2052855
4.6509085
10.36995
-8.97745
-7.743213
-8.707261
-9.430832
-8.994933
-3.1053436
-3.3061721
-6.576254
1.8192408
3.3115063
-7.830179
6.74446
8.98376
-3.787272
7.54857
9.124353
1.5009048
-9.138154
-7.893601
-7.7337656
-8.997448
8.995598
7.887093
-9.091473
1.497351
7.0091705
8.99529
10.382748
-6.9995227
-7.363754
-7.869885
-7.78069
8.975776
8.782448
-7.616504
-9.095917
7.9086323
5.5999823
4.742185
5.599988
-11.1318865
-11.189977
12.729954
-11.188034
7.1234
-11.182504
-11.18947
12.721611
-11.189929
9.0
7.91
-1.9539837
-7.909984
-8.970266
-8.999987
-8.99241
-7.91
-7.9099584
-8.999942
6.729779
-8.999956
8.995143
-8.9999
7.91
8.995222
7.9099326
7.909767
7.9099107
-7.368749
-6.727293
8.993
7.9091396
-7.9099307
7.889176
7.909887
-5.834123
7.91
7.9095325
-6.696322
7.9099927
-7.909949
9.0
2.9999921
-9.0
7.9099503
-8.99995
-0.31058854
8.995606
-7.91
-6.15856
7.9099855
-5.1441755
-7.909156
-7.9099803
8.999902
7.91
7.9096017
5.598264
-6.358579
-5.599292
-5.599976
6.359748
4.22242
5.5991726
6.359756
-5.5999956
5.59997
6.36
5.5999303
5.5999846
6.349642
-5.5998654
-5.590935
6.312808
-6.329217
5.599979
-2.4553668
5.5965
-6.36
-6.3525743
5.599986
6.3599935
-6.3599515
-5.5999737
-6.359954
-6.355803
-6.359975
-6.357496
6.35945
5.517913
5.6
6.3599973
-5.599995
5.5984435
6.3599772
-5.5999975
-5.599653
-6.359863
-6.36
-5.5999923
-5.223666
5.5999937
8.2808895
7.91
7.953016
8.419996
-8.039994
-8.398877
-0.0
-12.48371
-1.1381817
-15.59
9.25659
-15.546475
17.999807
15.589576
-15.816054
-15.58682
-17.99719
-15.58998
-15.829216
15.589995
-15.829974
-15.587211
-17.999458
-14.793518
15.825944
2.8301895
8.41077
-11.369907
11.909529
11.729288
11.1868725
11.346417
11.909982
11.018677
-0.74340576
2.9959779
11.512161
-11.729936
-11.19
-11.369473
3.5092564
-1.9387819
-11.189252
11.369989
3.794681
11.729919
-11.189996
11.37
11.909993
4.0941277
12.729459
-14.698779
12.729986
-11.729985
2.0680685
-0.19937006
-11.907208
-11.019283
-11.189127
-11.189953
11.01997
11.189289
11.19
11.019998
-12.72963
11.19
-11.019637
11.189867
-11.180021
-11.018084
-11.189984
11.19
-2.954134
11.189643
3.2348416
11.017365
-12.72999
1.6772096
11.019982
11.188776
11.17639
11.019997
-11.140801
-12.729987
11.019944
-11.18999
12.72971
-11.019866
12.729794
12.728437
-9.873011
-11.189948
12.728192
-11.02
-11.189738
-11.189974
-10.672726
11.189667
11.18722
-11.00818
-12.729987
-11.188411
11.01229
-5.2671976
-11.189594
7.788859
-9.0
9.1399765
-7.90665
9.139885
7.906273
-8.289948
7.9099965
-9.139978
-9.579912
8.039944
-8.19834
-8.289739
7.9002857
8.039954
-8.419641
8.04
8.411696
-7.789495
8.999976
9.136422
-7.909895
-9.058094
-7.9099936
-8.279847
-7.9098396
-8.039964
-8.276164
8.034844
-8.41963
8.289385
-4.010885
9.139969
9.579997
8.039988
8.419974
7.716226
-8.999979
-9.139284
-7.9099765
-8.964285
6.9098206
8.289901
6.779565
8.039992
8.418434
9.139918
9.579472
-8.29
-7.899131
-8.039846
8.419973
-9.121008
-9.579968
7.7896357
-8.999734
10.389371
-8.9955225
-10.389056
3.0432649
-8.289974
7.9065037
-8.039305
8.419997
9.133487
-9.5799
-8.289892
7.350485
8.031715
8.42
-8.04
8.41999
5.7161436
-8.999936
4.4825487
-7.9099855
-9.139998
7.91
8.289901
-7.908558
9.139994
-4.020519
-8.039578
-7.0040255
-7.0966287
-0.32165664
8.04
-8.42
8.04
-8.417137
-5.5998917
-6.3599644
-5.6
-11.188571
11.18977
12.729996
-11.189384
12.729697
11.188705
-11.02762
12.729597
-11.180056
-8.999584
7.909358
-8.998105
-7.9096837
6.3255157
8.997284
9.0
7.909843
7.9092464
-8.999826
6.0655456
-8.99951
-8.999998
-8.999897
-7.9099855
8.999929
-0.3792205
-7.91
-7.909963
-7.9006333
7.91
-8.241774
-7.9099965
7.91
7.9046154
7.9096856
-7.909984
-0.75343347
7.90824
-3.2176027
7.9099903
-7.909996
-8.999435
-7.908413
8.999619
-7.9098587
-9.0
8.999993
-8.992602
7.9099455
7.9097414
-4.7222466
-7.909996
7.9099894
-7.909997
8.952358
-7.909692
-7.909993
1.5660456
6.359984
-5.5987225
5.5992074
-4.25572
-6.359864
-5.599997
-6.359994
5.5999327
-5.599922
-6.36
5.599298
-5.5999966
-6.358949
-5.5977974
-5.5981226
6.36
6.355577
5.599997
-2.4011188
-0.033205975
-6.36
-6.3525248
-5.5987525
-6.36
6.297936
-5.6
6.36
-4.4559813
-6.359208
-6.3599963
6.3594556
-5.599855
5.5998883
-6.3598332
-5.6
-5.5990815
-6.3599925
-5.6
5.58887
6.3580747
-6.36
5.5926833
6.35075
5.5999956
7.79
8.999945
9.1399975
-7.909997
-9.139991
-7.881169
-0.0
-15.587954
-15.82891
-15.59
-15.83
13.06112
16.196583
15.587547
-15.829992
15.59
-17.999966
15.59
-15.829902
9.81604
15.829972
15.589993
-17.999569
15.589951
11.295648
-11.019986
12.73
-12.918757
11.189896
11.02
12.7294445
12.919996
11.189986
-4.548246
-9.922972
14.699995
-12.729994
-7.719787
-12.727751
-12.919991
11.189808
-11.02
12.73
12.828163
-11.189884
11.019984
12.73
12.919582
11.189954
-11.019862
12.728012
14.693646
12.729754
-11.019995
10.0921755
12.92
-7.2239747
-11.019984
-11.19
11.19
11.018237
-3.6729863
11.189955
-11.0197525
12.729868
-11.18945
9.869222
-11.188049
-11.19
-11.019969
-11.186725
-11.189805
-11.02
11.187488
6.6536927
-11.006981
12.729703
11.19
-11.019918
11.19
-11.101282
-11.019997
-11.18998
12.729065
11.0197735
7.612581
12.73
11.019168
-12.678257
12.729953
-3.846253
11.159084
12.73
11.019997
11.189992
11.188524
11.019976
-11.182687
-11.1894865
-10.993918
-12.729946
11.19
11.019181
-9.858181
-11.189914
7.79
-8.999959
-9.135207
7.9099956
9.136007
7.91
7.789301
-9.0
-10.364413
3.3641944
9.139886
7.9098873
7.7899885
8.9992895
-9.13996
7.90996
-9.138684
-7.907397
7.789969
8.99983
9.139986
-7.9099913
8.144049
-7.91
-7.7898135
-8.981666
-1.5088733
-7.91
-3.520482
-7.9097543
7.7894974
-8.999997
10.389959
8.999498
-9.139981
7.9097834
7.789997
8.991554
-9.139917
-7.91
9.134665
-7.907423
7.7896314
9.0
8.807514
7.909995
-10.389521
8.999725
7.7899604
-8.999982
9.13983
-7.9097886
-10.3899975
-8.999947
7.7899876
8.999925
-10.389526
8.999875
-10.39
8.99393
-7.775377
8.999908
9.14
7.9098988
10.389978
7.6491694
7.7899966
8.999897
7.4994698
-7.9069095
8.687568
7.889797
-7.78978
8.9974575
9.139782
-7.909997
-9.139979
-7.8998485
5.402682
8.54258
3.8351607
-2.2343397
-9.139971
7.909108
-7.789556
8.999993
9.137621
-7.9012847
9.138531
7.909955
-2.747372
-6.318665
5.6
-11.189868
11.19
12.729113
11.189985
12.73
-11.19
11.18994
12.73
11.19
8.975494
-7.9060054
8.999988
7.9098873
8.999869
-8.998628
9.0
7.91
7.909982
9.0
7.9099064
8.899162
8.9999275
-9.0
-5.926317
8.99957
7.909996
7.9088335
7.9090714
-7.909996
-7.9092984
-3.9953427
-7.90953
7.9099855
-7.9098845
-7.9099903
-5.698537
7.9067783
7.909068
8.999918
1.2000147
5.494168
9.0
-7.909132
-8.999982
7.768958
-8.9999075
-8.999934
-8.999997
-7.9099965
7.9091654
-7.847144
7.9099965
7.91
7.91
8.999541
-7.9060764
-7.909671
5.5972815
6.36
5.599995
5.5999866
-6.36
6.359996
5.6
-6.359976
5.599998
-5.597502
-6.3599987
5.599937
5.5999904
-6.248026
-5.5994616
-5.599613
-6.3599925
1.138884
-5.5999985
-6.3599906
5.5987244
6.36
-6.35986
-5.599953
6.358977
2.5511067
-5.59999
-6.3571005
6.3599973
-6.359933
6.354587
6.3599825
-5.5945773
-5.599985
-4.637829
5.599998
-1.6179581
5.4529715
-5.5999537
5.599755
6.36
6.352878
5.599995
-6.3592334
5.5991793
8.289986
-7.9099336
8.0399885
5.389828
-8.04
8.417288
-0.0
-15.589946
-15.83
-15.589892
-15.829995
-15.587704
-18.0
-15.589564
15.829979
-15.59
-17.998951
-14.739711
-15.828877
-15.559026
-14.208461
15.58975
0.4703136
-13.961718
-2.4053388
9.499499
-7.725001
12.910513
-11.186317
11.015916
12.729977
12.92
11.174727
11.0194235
-12.729996
14.699983
1.2231519
10.975184
-12.729574
-12.92
11.189841
-11.693802
-11.187745
9.020966
11.890216
0.518363
11.189922
-11.37
-11.909493
-1.8008325
-12.7248955
-14.699625
-12.73
-11.73
11.189303
-11.369993
11.909921
-11.019823
11.189992
-11.18777
11.019991
-11.189077
11.1895685
-11.019836
12.729986
-11.19
11.019934
11.19
-2.162255
11.01964
11.189912
-11.189987
-11.019915
-11.19
-11.189954
11.019945
2.7609422
11.189949
-11.019115
-11.189998
11.188949
-11.019997
11.189974
-12.729996
-11.019947
11.183472
-12.729817
10.989165
-12.729359
12.729899
11.018495
-11.189979
12.72674
-10.995057
-11.189994
11.18997
-11.019959
11.189954
11.189124
11.019995
-12.671705
-11.189904
-11.019596
0.91420066
11.186204
-8.288
7.908772
8.039941
-8.419985
8.039954
8.419996
8.289993
-7.9099917
-9.1371975
5.1108227
8.039997
-8.418452
-8.289735
7.91
-8.039881
-8.333823
-8.034546
-8.419472
8.289859
7.91
-4.916456
-8.42
-8.032431
8.419623
-8.289939
-7.909999
-8.039236
-8.401424
-8.039936
8.42
8.28943
3.2754734
9.139991
-9.55695
-8.0390835
6.6231484
-8.289512
-7.9029026
-8.04
-8.419647
8.04
8.410982
7.79
-8.999325
9.139893
7.9098535
10.389994
9.0
2.449029
-8.999922
-9.139354
-7.9099855
10.3899975
8.950178
-7.788699
-8.99998
-10.3899975
-8.999575
-10.389927
-8.999997
-7.7899966
8.999687
-8.8191595
7.909974
-10.374234
-8.999987
8.29
7.909425
-8.04
-2.1204224
8.04
-8.418017
-7.047549
-7.9099865
-7.9984293
-8.419724
-8.038923
-8.4194145
-8.289997
7.8859496
-9.136849
9.579895
8.039998
-2.242235
8.29
7.909996
8.017116
8.42
8.036137
-8.225875
-8.289986
-7.909081
8.039991
8.419743
-7.17671
-8.419927
0.0
-15.59
-15.829834
11.510142
10.305039
-15.589933
17.999952
15.589867
-15.83
15.59
-18.0
15.572041
15.818886
-0.89467597
15.586518
15.589921
-17.999989
-15.59
10.74773
6.4897366
10.254403
-11.368535
-11.91
11.729785
11.189878
11.369978
-11.865029
11.013074
-12.6934395
-14.7
-12.727268
11.729962
11.189988
11.366434
-11.904917
-11.019991
12.729832
-1.8509359
-11.189987
-11.02
12.729989
12.897551
11.1865015
-11.019708
-12.72998
14.699966
-12.7049265
10.728933
12.716185
-12.919866
-10.075394
-10.956377
11.189768
-11.189992
-7.765841
11.19
5.4534483
-11.015162
-12.73
-11.177361
11.02
-2.7858872
11.19
10.977208
-11.189997
11.19
11.019975
10.976021
-11.177042
10.435357
-12.72648
-11.189995
-11.019652
11.1628275
-11.189996
11.02
-11.189992
12.726611
-11.017886
-11.189965
-12.569709
9.282926
12.72998
12.729995
2.383745
11.175597
-12.729878
-11.02
11.185958
11.178126
11.0144415
-11.19
11.189579
-10.997614
-12.73
-11.188111
-11.019995
-4.811061
5.326673
8.289961
7.9095984
8.039749
8.419979
8.04
-8.419981
7.755126
-8.99632
10.385628
8.999987
-9.139991
-7.9096
8.289746
7.9099708
8.03488
8.42
8.039958
-8.419886
8.118981
7.899607
8.03955
8.419611
-8.0398245
-8.419227
-8.28993
-7.9095206
8.038948
-8.419986
8.014063
3.7502367
-7.4576473
9.0
10.389991
-8.946789
9.139961
-7.905481
8.288627
-7.9099684
-8.039952
0.09893835
8.039997
8.023232
-8.289984
7.9024453
-2.0277414
8.42
9.105731
-9.578122
-8.288577
-7.9093146
8.039631
8.419989
-9.14
9.579973
7.786462
8.999977
-10.387074
-2.1964352
10.389964
-8.9950285
-8.287957
-7.91
8.039536
-8.419271
9.139563
-9.577904
8.289963
-7.909997
-8.011706
-8.42
-8.039968
8.419939
8.289996
7.909764
8.04
-8.41998
-8.039511
-8.419649
7.789484
-8.996712
-10.389909
-8.99462
-9.13811
7.909739
1.9450519
-7.9033685
8.039965
-8.419617
8.04
-8.419966
-7.7894087
8.999981
-9.139976
7.9060216
-9.139823
-7.909685
-0.0
15.589959
-15.82277
15.578817
8.7625475
-15.536427
18.0
-15.59
15.829371
-15.59
-18.0
-15.574007
15.829909
-15.587397
2.0596926
-15.588253
17.99993
5.556083
-14.907592
-11.019144
-12.73
-12.919872
11.189912
-11.00914
12.72462
-12.92
11.19
11.02
12.712752
8.116756
6.586276
-11.02
-12.727599
-12.919771
5.3919277
11.016739
-12.729889
12.919623
11.18999
-4.8013787
-12.729853
-12.918834
-4.8925276
11.016468
-12.73
-8.521291
12.729908
11.019025
-12.729986
-12.919998
-11.189971
11.02
-11.189989
-11.189971
7.9718847
-11.189409
-11.090892
11.019819
-12.73
-11.189156
10.725952
11.187727
11.19
-11.02
11.1899805
11.19
-11.01997
-11.189997
-11.150844
1.0610695
12.677616
-11.1348295
11.015975
11.182258
3.7546093
11.019873
-11.189993
-12.719086
11.001146
-11.123559
-12.729931
10.916375
-12.729929
12.729932
11.02
11.189317
12.729995
-11.02
11.19
11.188741
11.019971
11.152593
11.189985
11.010081
12.722806
11.189522
-5.1106505
-11.1899805
-11.030439
7.7899942
9.0
-9.14
7.9098577
9.122841
-7.909983
7.79
-9.0
10.3899975
8.999997
-9.139928
-7.909899
-7.7899866
-8.999945
-9.139017
7.9097686
-9.131315
7.9084167
-7.78996
-9.0
8.068508
7.9058175
9.139994
-7.9014373
7.789991
-8.999935
9.096477
7.909992
9.1399975
-7.909864
7.789849
8.999987
10.389959
-8.999948
-9.139413
7.900099
-6.96975
8.9980955
9.139946
-1.5777315
-9.139669
7.9099965
-7.7899756
-8.999261
9.1386
7.907976
10.389955
-8.999399
7.789741
-8.999959
-9.120681
7.909932
10.38983
-8.999994
7.79
8.999988
-10.389956
-8.999134
10.383148
-8.995938
-7.7898655
9.0
-9.139995
-7.90998
-10.389983
-2.580886
7.789769
5.3123927
9.139815
7.91
-9.14
-7.9099646
7.7833796
-9.0
-9.139885
-7.9067345
-9.136819
-7.9098797
7.7884407
9.0
-10.388217
-9.0
-9.137742
-7.909996
-7.7371345
8.999996
9.135725
7.907282
9.137533
7.909979
0.02253177
-0.09874039
0.11175709
-0.28071678
-0.32409918
-0.16018112
-0.013622495
0.19003396
-0.0058655753
-0.4989659
0.69652
-0.48995546
0.10788198
0.17136356
-0.06127288
-0.13108282
-0.047938704
-0.16819513
-0.0019049875
-0.053986464
0.073654965
0.018990427
-0.044616662
0.33359113
0.19573538
0.29717407
0.061988086
0.21156986
0.008006019
-0.33116335
-0.040872518
0.0049492214
0.13450453
-0.24179024
-0.074538626
-0.099088915
-0.26384357
-0.21352704
-0.1460413
-0.28646272
0.405486
0.045998067
0.1359047
0.38560727
0.20554417
-0.078619525
0.21319202
-0.17801934
0.11942429
-0.11059894
0.0804931
0.12192223
-0.3572145
-0.13508432
-0.15914589
-0.118313715
0.076028235
-0.15040207
-0.30981183
0.112010375
0.1467496
0.10811405
0.27613735
-0.020036483
-0.08600804
0.21604285
0.17418896
-0.09143722
0.098562926
-0.26781246
-0.08721043
-0.07968859
-0.33661947
-0.12552528
-0.031180542
-0.08017165
0.1482642
-0.10210719
-0.30933553
0.05895363
-0.24786665
-0.048387934
0.28036758
0.04989723
0.3919981
-0.012648459
0.23763666
0.06972281
0.13660477
0.0027122486
0.03242693
0.077970386
0.023222283
-0.15607797
-0.1802335
-0.04985646
-0.20571604
-0.0882514
0.22032376
-0.06368823
0.121194914
0.02980211
0.3215854
0.17228606
0.024876317
-0.5123708
-0.016012909
-0.3002225
-0.21365047
0.049839113
0.04907058
-0.0
-0.059543155
0.9098753
0.5942346
0.09267566
0.1513331
0.6942031
-0.042891856
0.19011845
-0.101973705
-0.745855
-0.26232743
0.22870605
-0.7692611
-0.2895914
0.071289375
-1.048522
-0.15444121
0.18639454
-0.0033230984
-0.35361773
-0.33121347
0.3534319
0.314505
-0.4128088
0.13882966
0.04408309
0.34800264
-0.7942901
-0.15817255
0.04310479
0.39196768
0.27762136
-0.19880958
-0.13789053
0.35720515
0.041981068
0.3913614
0.032581132
-0.28504863
-0.393002
-0.040012334
0.009014167
0.45379332
0.22831842
-0.75524324
0.122224055
0.08663153
-0.25770357
0.04219449
-0.3020531
0.37716717
0.041339908
0.24389791
-0.23126522
-0.28676337
0.036050174
-0.23563884
0.31926224
0.17568927
0.16971025
-0.396569
0.5319856
0.46485278
-0.11024719
0.068397194
0.05387819
-0.09115939
-0.10506104
0.28035998
0.24513838
-0.07719004
-0.061479956
-0.30705902
0.3430746
-0.38395888
-0.2154237
-0.17181072
-0.17121804
0.06592617
0.28542215
-0.101891406
0.15606609
-0.0950115
0.5403154
-0.024845334
0.07317881
0.36175066
-0.29391333
0.3803522
0.2694899
-0.50930065
0.35158637
0.30565235
0.27409357
0.34068346
-0.24229324
0.48524255
0.026884936
-0.3083756
-0.10536302
-0.008913046
0.21026416
-0.24387053
-0.02293359
0.19155252
0.004478228
0.5178343
0.0009968361
0.3028508
-0.2273167
0.12777573
0.041441213
-0.4333017
-0.23189022
-0.21447745
-0.18903042
0.14309193
-0.077936366
-0.060046703
0.11528713
0.42282963
-0.012370904
0.11659509
0.2529875
-0.059896983
-0.12132804
-0.120168865
-0.032376587
-0.49476117
-0.09042244
-0.26281905
0.08143011
0.035202783
-0.004861057
-0.343387
0.0082054585
0.26814556
-0.12604783
0.34725133
0.021233952
-0.0678345
-0.3205373
0.35054612
-0.3001297
-0.055340346
-0.42990977
0.26546624
0.18151465
0.020583684
0.103222184
-0.43367124
0.027690686
0.11789199
0.355662
0.09528961
0.20742661
-0.10161742
-0.30986
0.17085576
-0.124848776
0.27719998
-0.19931068
-0.036975488
0.21332578
-0.20204997
-0.0375947
-0.35283983
-0.23128068
0.22934261
-0.042323142
-0.019105831
-0.06688905
0.17274466
-0.30277234
0.16797255
0.13782102
-0.24253881
-0.08663405
0.14625302
0.4628638
0.3415337
0.3372177
0.053412978
0.199698
0.019008873
0.4622712
0.041609626
0.3688079
-0.004210892
-0.025014393
0.05452698
-0.4744498
0.25721228
0.15767655
0.047195572
0.13183431
-0.05427046
-0.1808739
0.566884
0.25097746
0.11518318
0.0017922597
-0.10069139
-0.24383347
0.18777981
0.06530357
-0.14958654
0.39507663
-0.2192957
0.013553194
0.39662787
0.17448713
-0.28282073
-0.30870217
-0.03192416
-0.39897072
0.23503025
0.29825747
-0.16272405
-0.31452602
-0.2529735
0.21557213
0.1732297
-0.25444943
0.1770399
-0.09540244
0.0048963237
0.0765248
-0.14531775
-0.26187
-0.34373286
0.22753255
0.15081048
0.11316394
-0.3770544
0.4112128
0.3164975
-0.38643715
0.26671576
0.22222517
0.22201866
0.432992
0.3113769
-0.34135345
-0.24633819
-0.2734337
0.15557668
-0.15860769
0.29110983
-0.0274527
0.21206574
-0.21002589
0.15717389
0.0681209
-0.17510274
-0.007557596
0.069578245
0.11940869
0.18965346
0.024455303
0.1597057
0.31320035
0.009375853
-0.24863602
-0.002018548
0.04434795
0.018644536
0.050777543
-0.031453434
0.08126082
-0.22711086
0.17047088
0.18127409
0.21812916
0.16325596
-0.10111121
-0.0050661964
0.30362588
-0.0022848663
-0.32867956
0.11562788
-0.2940373
0.32954735
0.07237655
0.040586278
-0.057333294
0.123070695
0.03226325
-0.06664086
0.34526274
-0.09192094
-0.019070525
0.11015713
-0.1597117
-0.13649987
0.04699842
-0.002518411
-0.30035424
-0.16912237
-0.0
0.07831809
-0.20595162
0.42738724
0.16353618
-0.53993547
0.21687672
-0.8406554
-0.25246832
-0.008826288
-0.035243083
0.090274885
0.47221187
-0.35579383
0.69794947
-0.32028982
-0.55885375
-0.12608612
-0.15232101
-0.3249595
0.1221639
-0.45725745
0.081378706
-0.13034603
0.47016922
0.7139382
0.29974243
-0.5314885
0.24316101
0.1831927
-0.3133346
0.42042008
0.32021147
-0.22254008
-0.40495127
-0.008547288
0.16973612
0.13009326
-0.5858665
-0.25624996
0.20859064
0.24433318
0.56183517
0.08940035
0.23509486
0.37596735
-0.3706983
-0.6009044
-0.048798338
-0.32963517
-0.03155053
0.27570873
0.23762491
-0.41545627
-0.2895047
-0.3204857
-0.16564761
0.06876113
0.0150040565
0.23854372
-0.65473527
-0.27275783
0.2777277
0.25291213
-0.46231267
0.2822469
0.16904515
0.42190686
0.101334274
0.43198255
-0.10717031
0.14693256
-0.3106425
-0.11908462
0.44674703
0.17264462
-0.019585863
0.0009408007
-0.16320813
-0.18105537
-0.14219786
0.11853332
0.6658086
-0.25844154
0.2996941
0.48245305
-0.78831637
-0.6599965
0.3056654
-0.43373913
-0.14013895
-0.23952363
0.258203
-0.33605212
0.1391862
0.4739051
0.58063096
0.09976231
0.10553724
-0.4740292
0.03473139
0.162839
0.14311813
-0.08800261
-0.030745866
0.375939
-0.06611373
0.6355525
-0.277929
-0.07159246
-0.3208341
-0.25120845
-0.511455
0.17282553
0.12504503
-0.04235508
0.1424664
-0.07241714
-0.4370428
-0.40205693
0.018537479
-0.53398365
-0.11858758
-0.00833773
0.0318724
0.21388437
0.41195697
0.32732195
0.23059778
-0.12927456
0.38558337
-0.47549808
0.22708467
-0.0420714
-0.07495123
-0.3691418
0.006811425
-0.06369865
0.18766569
0.086746715
-0.25861016
0.09360726
-0.37303683
-0.21668036
0.01847433
-0.31631732
0.13790439
0.048360877
0.3809936
0.0064918604
0.05902989
0.09958569
0.5059288
-0.38941035
-0.24014449
0.5821679
0.073139116
-0.082184665
0.07644363
0.031808347
0.09288895
0.51177263
-0.39085823
-0.23399206
-0.1634233
-0.12685455
-0.54128754
-0.4839796
0.10032912
0.16635188
-0.057045184
0.20512114
-0.15324984
-0.013674925
-0.17397703
0.22556184
-0.21973696
-0.22892877
0.077839285
-0.45308897
0.2119916
0.09254444
-0.061933212
0.3604029
-0.07456299
-0.18724146
0.18809606
-0.16525161
-0.014251714
-0.101667434
-0.015305046
0.15985681
0.5491282
0.33144847
-0.22649264
0.007817956
0.053734884
0.33535254
-0.17677608
0.78904223
-0.38674134
0.11526795
0.111181594
0.19640741
-0.015128486
-0.019591661
0.27177674
-0.40861684
0.37006685
0.052578494
-0.007921377
0.1613564
-0.39773375
-0.28552556
-0.2471102
0.29513502
0.4888317
-0.3212407
-0.20600547
-0.068584435
0.27434662
-0.28991553
0.21414238
-0.12754633
0.17469764
0.33631164
0.30270037
-0.22639632
-0.41985655
-0.2727084
-0.15865667
-0.20280096
0.18233831
-0.076758385
0.2101878
0.22203733
0.13972236
0.17905271
-0.3433159
-0.20475532
0.25382772
-0.05397554
-0.06234472
-0.3699258
0.021676093
-0.29069835
-0.45569593
0.052204918
0.10174482
0.10941165
0.100740395
-0.014016342
0.01981069
0.10089789
-0.2659159
0.0735236
0.24794482
0.1479217
0.13936108
0.06517608
-0.041126464
0.028191788
0.27739924
-0.18730137
0.15895791
-0.12594399
-0.3268388
-0.07902901
0.29639217
-0.12688425
-0.093979195
0.11238294
-0.28624064
-0.058586586
-0.21674833
-0.031442665
0.32309744
-0.291604
-0.16387846
0.3015928
0.016845005
-0.2882688
0.08953273
0.12877049
-0.11346772
-0.07022714
-0.108975425
0.10701323
-0.24528635
-0.1617919
-0.034719303
-0.17271511
0.1565415
0.10755191
0.38436973
-0.124954194
0.211862
0.19897386
-0.17371741
-0.043441586
-0.0
0.14632869
0.124794155
-0.061587032
-0.18899661
0.17253046
0.13379298
-0.08936408
0.20293075
-0.04502302
-0.91442573
-0.09716106
-0.06925018
0.46859556
-0.17703912
-0.3010246
0.28914645
-0.61133945
0.37806454
-0.13693383
-0.36556986
-0.07297032
0.46523505
0.09832414
-0.37729985
0.3310196
0.06364982
-0.13916612
-0.8029705
0.5087958
-0.21581592
0.36144662
-0.29486132
0.24318084
0.112651676
-0.30897677
-0.33632734
0.5186045
0.62342846
-0.1938525
0.06616351
-0.6053405
0.3944976
0.2885652
-0.0546608
0.320776
0.17662166
0.005479722
-0.0042843404
0.020402713
-0.54007196
-0.029458117
-0.22048795
-0.597232
-0.2882475
-0.016988266
-0.36214742
0.022089096
-0.35723397
0.18410863
-0.04942583
0.025341228
0.32296017
0.050655216
0.115682505
-0.32050595
0.32970706
0.32204443
0.2844773
-0.27974257
0.40330505
0.36524945
0.028603757
0.017304813
0.63989514
0.5191877
-0.33165407
-0.6747601
-0.30229637
-0.42318738
-0.43181208
0.008136384
-0.15151177
-0.2934126
-0.16585706
0.002744042
-0.43642405
0.20197332
0.15628299
0.008454886
0.04510984
-0.20229536
0.61523306
-0.1894584
-0.20325118
0.2864418
0.045311708
-0.36286184
-0.1293217
0.4808061
-0.10501857
0.29590237
-0.11556835
-0.056237895
0.016145306
0.267589
-0.1889335
0.28119865
0.015580997
-0.1872833
-0.05695198
0.48454374
-0.3910952
-0.075155996
0.16037834
0.44481698
-0.10401693
0.28454673
-0.030509224
0.15802343
0.22476205
-0.017482977
-0.20316318
-0.19422153
-0.07251077
0.08806803
-0.1907483
-0.2338215
-0.52054375
0.35238016
0.22868218
-0.13916814
-0.26325223
-0.27380627
0.20655939
0.51472133
-0.23541102
0.00862321
0.19472246
0.0060154963
-0.18140025
-0.15607966
0.4641379
0.2250754
0.1581326
-0.122300394
0.13359417
-0.25785646
0.14033434
0.25334278
0.02933038
-0.03737896
-0.2506122
0.097182415
0.11882406
0.5274108
0.25917828
0.28417644
0.12850733
-0.35326838
-0.28567165
0.21504743
0.1710026
-0.0209133
-0.03650593
0.31868657
0.2895223
0.35421813
-0.25574106
-0.30311906
-0.10660407
-0.15746506
-0.07363059
0.06740825
0.4303496
0.08094933
0.33434093
0.34637055
-0.18123761
-0.08475354
-0.09724986
-0.09567707
0.22450984
0.1834232
0.0010070743
0.23350579
-0.012810661
-0.11881651
-0.057541825
0.042107154
0.16352151
0.066776484
-0.04445258
0.11657346
0.28158477
0.0
-0.3565116
-0.024754748
-0.7709391
0.5398258
0.14332132
0.62774813
-0.0618346
-0.3764405
0.5334262
0.06828754
0.25169435
-0.6518729
0.7580402
-0.12165412
0.77024764
0.19425157
0.9300412
-0.135131
-0.33301744
0.30401486
-0.14189164
-0.112719014
-0.24445118
0.038575754
-0.24969229
-0.0153058665
-0.17783988
-0.24326982
-0.28500596
0.24720313
0.69747025
0.1938377
-0.18015192
0.24324109
0.3061808
0.06780716
0.33325514
-0.280859
0.51687455
-0.18444712
0.24327214
0.25639588
-0.09732568
-0.018096188
0.2574038
0.31706288
-0.21729209
-0.038609777
-0.13091165
0.12831849
-0.21334678
0.11053845
-0.29899374
-0.112298
0.25907025
-0.07292986
-0.18334354
-0.66902936
-0.37022093
0.024818914
0.28801623
-0.49004894
0.23623954
0.21078919
-0.39244223
0.60082227
0.22162104
0.25943828
0.30792582
-0.23346737
0.013890914
0.6850768
0.54781455
0.52632564
-0.16916192
0.3212197
0.13593124
0.15854351
-0.2255621
-0.053126194
0.09130109
-0.46899503
0.5587979
0.3141654
0.10299055
0.41411915
-0.5101604
-0.05156032
0.22210005
-0.2006081
0.090996005
0.10936585
0.26919332
0.2201117
-0.09995046
0.15533386
-0.29274443
-0.5792578
0.08357294
0.11258529
-0.03124324
0.101008244
-0.13305137
0.07210265
-0.009285795
0.004786071
-0.07004239
-0.114949696
0.4183462
0.3223167
0.15480569
-0.26430213
0.012387201
-0.029819248
-0.040995046
0.33023584
-0.4252524
-0.19279566
0.02859055
-0.2114525
0.36250532
-0.14422575
0.3419736
0.06361179
0.26875576
0.39299333
-0.31727082
0.19802357
0.05573497
0.09453091
0.11634494
-0.16699594
-0.5747121
0.083288506
0.17353514
-0.3785344
-0.019896466
-0.038423
-0.2372059
-0.48823488
0.38768673
0.108974494
0.05593487
0.41383728
-0.09742368
0.12072379
0.18270585
0.19799419
0.23535396
0.14009307
0.35301957
-0.38569024
0.35300413
-0.30876768
-0.11057371
0.2391406
-0.100065395
-0.25480452
-0.32870635
-0.011830327
0.28382725
-0.42555422
-0.049765136
-0.18219076
0.03786667
0.20291361
0.107183784
-0.11761203
-0.06837422
-0.42183623
-0.13526322
0.2896671
-0.084860735
-0.059331343
-0.17936094
0.34116328
-0.28613305
0.09390516
-0.016699648
-0.2641071
0.053552218
0.22220586
0.18237263
0.063127995
-0.0020418474
-0.24682425
-0.15532424
-0.40580863
0.20757371
-0.1479722
0.27844417
-0.3834996
-0.08813463
0.15991971
-0.0
-0.31418762
-0.26616824
0.15281855
0.4908808
-0.09658547
8.29902e-05
0.7681577
0.5884221
-0.31785497
-0.027982343
0.006091384
-0.37565306
0.5813254
0.4107834
-0.7446895
0.09958054
-0.15532088
0.9657504
0.07842581
0.16667545
-0.10861745
-0.20395903
-0.48119435
0.15145434
0.033043623
0.3066697
-0.052263834
0.080210134
-0.09035955
0.21019682
0.0008057025
0.5628091
0.0950689
0.049641382
-0.30787426
0.18598293
-0.26721877
-0.34790435
-0.041211933
0.22746624
-0.29151306
0.09442464
0.04507916
-0.36011854
0.90655756
0.5378021
-0.21813667
-0.024026217
0.5273663
-0.40450656
-0.3486882
0.20378649
0.31909567
0.052772224
0.41689745
0.32054076
0.073728584
-0.6663256
-0.6321898
-0.5555725
0.033894237
-0.5000956
0.6067702
0.3056407
-0.30638874
0.15910222
-0.48097736
0.19831091
0.2393817
0.26799268
-0.107008405
-0.51645535
0.4128228
0.5359267
-0.5124919
-0.4437868
0.41160503
-0.0044622133
-0.4371843
0.66985285
0.21527417
-0.39827463
0.10142631
-0.06741175
-0.18880731
0.042938724
-0.17163919
0.41322687
0.48809257
0.22401525
-0.5716985
-0.095217764
-0.43682224
0.70514333
0.11332621
-0.1650343
0.1556735
0.03882848
-0.26293093
0.076305404
0.06723338
-0.037930153
-0.38251206
-0.23754379
-0.46880022
-0.15390344
0.16522934
-0.24206118
-0.13860747
0.22370191
0.25715697
0.31026396
-0.22372387
-0.27387053
-0.052586682
-0.32214817
-0.107933
0.3444497
0.42129
-0.2057882
-0.08817131
-0.19671242
-0.008673346
-0.065608226
0.15880504
-0.041481614
0.048127647
-0.3469797
-0.045949407
-0.3868926
-0.024690768
-0.18993676
0.1753619
0.37532133
0.31476796
0.07455728
0.5534461
0.33299264
0.32427946
0.1344111
0.18433502
0.1343773
0.23419785
0.05253179
-0.5503333
0.22261615
0.21982875
0.43739486
-0.17360036
0.057323515
0.1455065
0.21289077
-0.35077292
0.046251643
0.073961325
0.22854689
-0.062319174
-0.0021898425
0.16470906
-0.13578674
0.096177466
0.21025759
0.030551907
-0.043710385
0.37264344
-0.22859776
-0.014023571
0.18893547
0.022508845
-0.2948616
0.32135606
0.06117481
-0.17208695
0.21281798
-0.27512094
-0.0812373
-0.0577435
-0.5126842
0.5748613
0.21493384
-0.09430138
-0.14943561
0.310434
-0.1392723
0.10908406
0.024537193
-0.02796712
-0.34342661
0.023278685
-0.09442431
0.11080971
-0.29321468
-0.34177235
-0.15407874
-0.014696177
0.20331314
-0.011514786
-0.5211861
0.7543464
-0.5097534
0.11922188
0.17564388
-0.06050694
-0.13497731
-0.051808618
-0.17170286
0.0033616887
-0.055564966
0.07707789
0.02213446
-0.04011793
0.32323936
0.20231193
0.29803532
0.0631616
0.22898261
0.011020047
-0.32495287
-0.038095567
0.0041885185
0.1299281
-0.23057167
-0.07119543
-0.10164903
-0.26269174
-0.20663936
-0.14181365
-0.28436956
0.40097165
0.045838736
0.13662806
0.37997726
0.20047794
-0.07971876
0.20837866
-0.17331289
0.11943641
-0.10773215
0.07841734
0.1213297
-0.34741193
-0.13325053
-0.15390217
-0.11851922
0.073294
-0.14136674
-0.30524406
0.111292735
0.14510322
0.101886466
0.2734261
-0.021295536
-0.084966585
0.21473135
0.172819
-0.08513479
0.09777813
-0.26620877
-0.08104121
-0.07770045
-0.33302334
-0.11841393
-0.031909563
-0.07930721
0.14430386
-0.10074314
-0.3074073
0.053858776
-0.24540699
-0.046752017
0.27404726
0.05050793
0.3860096
-0.011713045
0.23645213
0.06793884
0.1355508
0.0020232452
0.031381078
0.07870189
0.022293765
-0.15437913
-0.17970493
-0.04923716
-0.20424986
-0.08114704
0.21818966
-0.06282993
0.11727501
0.028053222
0.31815636
0.17019774
0.025075635
-0.48861632
-0.011745644
-0.29869843
-0.20735869
0.046844043
0.045605205
-0.0
-0.08030263
0.93479335
0.57982033
0.09096564
0.1448425
0.7326578
-0.0049700127
0.18670547
-0.12491811
-0.85179085
-0.28405625
0.17123954
-0.75907844
-0.33757904
0.044465285
-1.2018541
-0.20618281
0.20396729
-0.0039672893
-0.35689637
-0.35335538
0.3726109
0.32260424
-0.41335338
0.14179675
0.05631768
0.33717754
-0.810727
-0.1916837
0.048179414
0.37749624
0.2768401
-0.21620433
-0.14224082
0.3443239
0.042178467
0.40575844
0.040291004
-0.28665775
-0.40612024
-0.039942395
0.012619249
0.45102
0.23005164
-0.7905752
0.13621789
0.08711251
-0.23510052
0.04776411
-0.33279356
0.33330348
0.030609598
0.22785226
-0.21969613
-0.27022156
0.052307494
-0.22300906
0.31155372
0.17983471
0.1652506
-0.39481124
0.5193042
0.42648333
-0.12574044
0.069932535
0.0588675
-0.08177714
-0.114689246
0.28078175
0.23251891
-0.07953996
-0.04183506
-0.292824
0.353665
-0.35809687
-0.21878245
-0.17687804
-0.16542827
0.054025933
0.2915934
-0.09616352
0.15016921
-0.07745007
0.5087398
-0.03062894
0.080568686
0.33803988
-0.29930484
0.34725368
0.24604817
-0.50802016
0.34533563
0.26742005
0.2534367
0.3312025
-0.23007366
0.47152364
0.023688622
-0.29575485
-0.11035992
-0.008735272
0.20131777
-0.23756129
-0.021370923
0.1777077
0.007663596
0.5061381
-0.0032663124
0.3018622
-0.2173337
0.1231451
0.041706104
-0.4267736
-0.22728223
-0.20977673
-0.1742646
0.13670245
-0.06524982
-0.054308627
0.11157218
0.40864447
-0.017758382
0.11458067
0.24789667
-0.057480305
-0.1152992
-0.11926174
-0.034159876
-0.47832403
-0.08913395
-0.26154578
0.082073614
0.036059115
-0.0036656954
-0.33115116
-0.0028980966
0.25944117
-0.13161215
0.33692533
0.019234776
-0.067126736
-0.3085033
0.3505976
-0.2911206
-0.048493974
-0.41683805
0.25977406
0.17240246
0.024239881
0.10367972
-0.42470273
0.03321337
0.117170095
0.33256054
0.08951593
0.20642427
-0.10864258
-0.30776256
0.1611839
-0.11757122
0.26946023
-0.18988214
-0.0339693
0.20549904
-0.1981415
-0.04071962
-0.34256795
-0.229823
0.22691531
-0.038598146
-0.014653632
-0.07032016
0.16898313
-0.30215734
0.16488242
0.14057472
-0.22409697
-0.084239125
0.15001196
0.44941145
0.32998696
0.3354076
0.05127941
0.19099316
0.01891004
0.45428273
0.041013382
0.36303243
-0.004408387
-0.024957515
0.05418869
-0.4772893
0.260576
0.16371082
0.04546733
0.13486981
-0.0542737
-0.184202
0.5780528
0.2545009
0.11471974
0.0050602728
-0.10307555
-0.24551703
0.18880391
0.066749774
-0.14923702
0.39709526
-0.21807584
0.015327141
0.39922082
0.17049997
-0.28455448
-0.31055465
-0.032491744
-0.3958006
0.23411013
0.29803228
-0.16352414
-0.31480637
-0.25145608
0.2149359
0.17329805
-0.25462586
0.17707042
-0.09529664
0.0044278554
0.07687787
-0.14397916
-0.26172596
-0.34272125
0.22668312
0.14957838
0.11282508
-0.3757426
0.41059765
0.31590545
-0.38581604
0.26543885
0.2227158
0.22083229
0.4324237
0.31128383
-0.3404851
-0.24571587
-0.27322036
0.15495017
-0.15870827
0.29076055
-0.02705726
0.21209864
-0.20957732
0.15617046
0.0679609
-0.17485903
-0.0077299266
0.06965289
0.119063124
0.18853267
0.024441201
0.15960295
0.3112226
0.009077582
-0.24833664
-0.0012860515
0.044372775
0.018795323
0.050696854
-0.031440217
0.08104644
-0.22571439
0.17017195
0.18095954
0.21731901
0.16291322
-0.10131868
-0.0052044867
0.30340588
-0.002378973
-0.32658944
0.11521978
-0.29341137
0.3269475
0.07218551
0.040166955
-0.057141438
0.12281221
0.032375865
-0.06588486
0.34498644
-0.09163151
-0.01906729
0.11010876
-0.15932205
-0.13357268
0.047108937
-0.0019358703
-0.300195
-0.16913934
-0.0
0.07639231
-0.20939982
0.42367035
0.16270006
-0.53627104
0.21700765
-0.8406196
-0.25647637
-0.0008800334
-0.037207685
0.091617756
0.47546908
-0.35186583
0.7100073
-0.3156988
-0.5681363
-0.1299826
-0.15029112
-0.32624462
0.12896524
-0.46441072
0.081688225
-0.12930124
0.47488156
0.7226068
0.30257756
-0.5313677
0.23966227
0.18667188
-0.31640926
0.41936126
0.3179973
-0.22683726
-0.40381134
-0.010746225
0.17084129
0.13178208
-0.5913884
-0.2548603
0.21308722
0.24788783
0.5666811
0.08964699
0.23246525
0.38558277
-0.37589878
-0.6030822
-0.047573276
-0.33395317
-0.033795964
0.27249768
0.23555884
-0.4137383
-0.28514227
-0.31882343
-0.16464609
0.06969451
0.01525298
0.23542719
-0.6479409
-0.27094886
0.27513826
0.25268957
-0.4626188
0.28327423
0.166718
0.42035612
0.09947201
0.42421225
-0.10714222
0.14750043
-0.3091582
-0.11662727
0.44361228
0.16791828
-0.020911938
0.001852979
-0.1584175
-0.17864896
-0.14223844
0.11921491
0.6613116
-0.25494072
0.2956469
0.48225328
-0.78783834
-0.65192056
0.30771387
-0.42981905
-0.14006378
-0.24184291
0.25524235
-0.33207545
0.13810799
0.4740935
0.5769774
0.09751101
0.10509255
-0.47182068
0.03384611
0.16358438
0.14299864
-0.08819575
-0.030250462
0.37480387
-0.06640877
0.6338603
-0.27779892
-0.07171317
-0.32105497
-0.24935274
-0.5070308
0.17194797
0.12578821
-0.043924026
0.14247191
-0.07111384
-0.4335743
-0.40182677
0.017842034
-0.5331476
-0.119112395
-0.007829906
0.03301715
0.21412666
0.41141406
0.32822138
0.22948495
-0.12779002
0.38240653
-0.47449502
0.22701779
-0.042135406
-0.07379471
-0.36842215
0.0068777422
-0.06419366
0.18688989
0.08755595
-0.25921652
0.09278749
-0.3716038
-0.21647483
0.019084012
-0.3154224
0.13734601
0.048378136
0.3761468
0.0071224696
0.05923154
0.09989488
0.50507945
-0.38843343
-0.23870054
0.5800526
0.072221346
-0.08335181
0.076294005
0.032738976
0.094227396
0.51179343
-0.39032844
-0.2347749
-0.16331646
-0.12542748
-0.5382532
-0.4833602
0.0995422
0.16597408
-0.055857632
0.20501734
-0.15196368
-0.013304639
-0.17426746
0.2242504
-0.21955875
-0.22785471
0.07769025
-0.451916
0.21097332
0.092878185
-0.061457895
0.35873535
-0.073739834
-0.18692678
0.18756506
-0.16496332
-0.015509268
-0.101628646
-0.015292035
0.1598866
0.54845935
0.33162615
-0.22683658
0.007734508
0.053946484
0.33515593
-0.17760193
0.7900913
-0.38616535
0.11508961
0.11054925
0.19636442
-0.015249038
-0.019456504
0.27164662
-0.4085107
0.370118
0.052639645
-0.007714021
0.16197167
-0.3975546
-0.2855142
-0.2479028
0.295033
0.4883914
-0.32109204
-0.20596626
-0.06853745
0.27435255
-0.28974608
0.21415915
-0.12768722
0.1747454
0.3361719
0.30272034
-0.22627865
-0.41985217
-0.272568
-0.15871896
-0.20271745
0.1823429
-0.0766894
0.21024524
0.22202979
0.13970098
0.17879993
-0.34337515
-0.20469363
0.25383952
-0.05400759
-0.062280014
-0.3697842
0.021665579
-0.29058903
-0.45567846
0.05220021
0.10173193
0.10939583
0.1006562
-0.014030415
0.019811092
0.100826874
-0.26589942
0.07360495
0.24785572
0.14792216
0.13929357
0.06513601
-0.041101597
0.028163712
0.27738333
-0.18730967
0.15892436
-0.12577218
-0.32684398
-0.07899464
0.29617292
-0.12689573
-0.09395957
0.11231507
-0.28622252
-0.05860336
-0.21669379
-0.031467356
0.32300195
-0.29147163
-0.16386898
0.30150583
0.016872216
-0.28827506
0.08953693
0.12874144
-0.11344271
-0.07014682
-0.10895313
0.106989786
-0.24520387
-0.16173677
-0.03468951
-0.17266817
0.15651083
0.1075566
0.38421276
-0.12495104
0.21193717
0.19872475
-0.1737159
-0.043428782
-0.0
0.1464004
0.12412364
-0.061105527
-0.18949433
0.17179629
0.13327648
-0.090333864
0.2022048
-0.045135755
-0.91387975
-0.09747485
-0.06928226
0.46925882
-0.17696899
-0.30113652
0.28861085
-0.6121621
0.37920824
-0.13707344
-0.36504772
-0.07368808
0.46521586
0.09837294
-0.3767176
0.3322216
0.06407716
-0.13894446
-0.80272865
0.5091978
-0.21628979
0.36144662
-0.29433417
0.24246061
0.11231726
-0.30877846
-0.3365143
0.51872206
0.6235665
-0.19357602
0.06624569
-0.60573536
0.39484072
0.2888554
-0.05458638
0.32075882
0.17647973
0.005147478
-0.0042101997
0.020371081
-0.54037434
-0.029211827
-0.22027427
-0.59724855
-0.288025
-0.017159725
-0.3622415
0.022127336
-0.35712746
0.18410863
-0.049186364
0.02539827
0.32288486
0.05075928
0.11591955
-0.32054007
0.32956633
0.32189414
0.28443787
-0.27966735
0.40341645
0.36534792
0.028416894
0.017116498
0.6398817
0.5186306
-0.3315322
-0.674772
-0.30228373
-0.42284235
-0.4317998
0.008402899
-0.1518973
-0.29337946
-0.1657761
0.002950998
-0.4363293
0.2017021
0.15586546
0.008515158
0.0450868
-0.2020099
0.6153433
-0.18923356
-0.20323049
0.28638998
0.045663156
-0.36252716
-0.12931846
0.4806389
-0.105058864
0.29589072
-0.115487866
-0.0562364
0.016122982
0.26761323
-0.18880415
0.2811381
0.01553093
-0.18727845
-0.05698446
0.48438674
-0.39102128
-0.07513301
0.16031398
0.44479433
-0.103938915
0.2844197
-0.030537417
0.15790547
0.22462909
-0.01747109
-0.20315275
-0.19425483
-0.07243427
0.08801461
-0.19071485
-0.23383456
-0.5205642
0.35224548
0.22862437
-0.13912477
-0.2633681
-0.2737934
0.20649537
0.51466966
-0.23546357
0.008514322
0.19469905
0.0060613877
-0.18136634
-0.1559333
0.46398184
0.22513278
0.15816058
-0.1222667
0.1336167
-0.25778025
0.14027907
0.25322315
0.029222324
-0.037335873
-0.25057942
0.0970619
0.1187664
0.5271219
0.2590093
0.28420398
0.12855381
-0.35324696
-0.28554204
0.21485335
0.1710026
-0.020861814
-0.03645759
0.31874365
0.28942624
0.35409185
-0.25559968
-0.30309343
-0.106641255
-0.1574293
-0.07352491
0.06724912
0.4302041
0.080957174
0.33434
0.34613338
-0.18124129
-0.08466624
-0.0973225
-0.095685326
0.2245402
0.18338792
0.0010569679
0.23342076
-0.012753202
-0.118787244
-0.05757599
0.042076457
0.16343738
0.06678914
-0.044464115
0.116502166
0.28148133
0.0
-0.35728353
-0.025427856
-0.7715176
0.54109955
0.14344946
0.629611
-0.061753668
-0.3766141
0.5351842
0.06958765
0.2507776
-0.6513041
0.7582909
-0.119945206
0.76995176
0.19195174
0.9293356
-0.13567512
-0.33285356
0.3041782
-0.14179893
-0.11286552
-0.24474348
0.038563453
-0.24965338
-0.015425386
-0.17777319
-0.24341792
-0.2852835
0.24751481
0.6973158
0.19389413
-0.18007252
0.24333313
0.30577916
0.0680164
0.33375844
-0.28173223
0.5167877
-0.1840125
0.24379908
0.25738907
-0.09725182
-0.018116752
0.258817
0.31608
-0.21784067
-0.038672198
-0.13149814
0.12789662
-0.21326368
0.110643804
-0.2991439
-0.1120628
0.2591067
-0.073202476
-0.1833333
-0.6692246
-0.37004977
0.024914071
0.28812447
-0.49000305
0.23608083
0.2108444
-0.39231354
0.60068655
0.22160378
0.2592774
0.30796692
-0.23358868
0.013847532
0.6850459
0.5478625
0.52593815
-0.16886553
0.32129923
0.13612157
0.1585101
-0.22561286
-0.05300954
0.091228954
-0.46913734
0.5586782
0.31360313
0.10306402
0.41405922
-0.5097687
-0.051573787
0.22209157
-0.20050336
0.090963505
0.109436244
0.2690203
0.22006956
-0.1000916
0.15518713
-0.2927992
-0.57913
0.08365437
0.11257748
-0.031244589
0.10099544
-0.13304175
0.072053425
-0.009231516
0.0048671393
-0.0699924
-0.114947595
0.41831505
0.32216787
0.15457578
-0.2641537
0.0123747075
-0.02985175
-0.040990178
0.33023113
-0.4251199
-0.19268373
0.028621007
-0.21143723
0.3624929
-0.1441624
0.34185886
0.06348149
0.26875576
0.3929899
-0.31723908
0.19796431
0.055620853
0.094639376
0.11634703
-0.16701102
-0.5746419
0.08327357
0.17343111
-0.37846342
-0.019875914
-0.038419954
-0.23708509
-0.4879562
0.38756353
0.10895697
0.05593768
0.41385767
-0.09731036
0.12043237
0.18273798
0.19790365
0.23536158
0.14008129
0.3529996
-0.38553897
0.35295206
-0.3087493
-0.11058812
0.239151
-0.10006554
-0.25469267
-0.3285647
-0.011807259
0.28386086
-0.4255903
-0.049707755
-0.18201356
0.03791107
0.20279482
0.10717891
-0.11759344
-0.06838934
-0.42167228
-0.13520312
0.2895706
-0.08488127
-0.059354622
-0.17936566
0.34109402
-0.28602955
0.09382197
-0.016757688
-0.26413274
0.053600173
0.22223309
0.18242657
0.06310291
-0.0020441012
-0.24684072
-0.15524368
-0.40587193
0.20749664
-0.14792874
0.27848753
-0.3835621
-0.088056564
0.15991351
-0.0
-0.31405798
-0.26672757
0.1530541
0.49173203
-0.0968036
0.0013035436
0.76791257
0.5895307
-0.31865892
-0.02813009
0.0061468924
-0.37439066
0.58095056
0.41126165
-0.7446949
0.10018272
-0.15501739
0.9669248
0.07847987
0.16679472
-0.10852946
-0.20373231
-0.48116603
0.15157363
0.033047978
0.30671957
-0.052131824
0.080259204
-0.09048379
0.21053222
0.00070663326
0.56272966
0.0949977
0.049591437
-0.30781084
0.18588822
-0.26714775
-0.34739745
-0.041405622
0.22738208
-0.2916234
0.09445661
0.045101006
-0.3601136
0.9071642
0.53818476
-0.21795827
-0.024083177
0.52754116
-0.40466928
-0.34853292
0.20383824
0.3187614
0.052630305
0.41689304
0.3202915
0.07372676
-0.6663959
-0.6322607
-0.5551425
0.033705406
-0.49966884
0.6064194
0.30596817
-0.30619964
0.15911996
-0.4809857
0.19826527
0.23947951
0.2680976
-0.106847994
-0.5161962
0.41289443
0.5355895
-0.51221794
-0.44408622
0.41155404
-0.0045883977
-0.43721274
0.6695519
0.2152885
-0.3984405
0.101541534
-0.06737133
-0.18862326
0.042737752
-0.17183326
0.4136594
0.48779416
0.22376618
-0.5720922
-0.09514962
-0.43650422
0.70553106
0.11360892
-0.16516803
0.15576048
0.038749058
-0.2629089
0.07632049
0.067334354
-0.037958957
-0.3824882
-0.23760208
-0.46865413
-0.15393195
0.16531213
-0.24206874
-0.13863172
0.22365968
0.25711474
0.3101391
-0.22381495
-0.2739036
-0.052792035
-0.3221576
-0.10786752
0.34442955
0.4213426
-0.20577717
-0.088194884
-0.19670315
-0.00862331
-0.06558449
0.1588589
-0.041486703
0.048112728
-0.3469915
-0.045955025
-0.3868602
-0.024655104
-0.18999106
0.17541589
0.3752208
0.31472766
0.074561924
0.55361074
0.33302635
0.32419986
0.13439925
0.18427737
0.13433076
0.23425555
0.052565336
-0.55037504
0.22245172
0.21977799
0.43730807
-0.17368987
0.057405643
0.14550412
0.21278942
-0.35073307
0.046201378
0.073845334
0.22864647
-0.06227614
-0.002128344
0.16460544
-0.13566637
0.096165776
0.21025907
0.030461412
-0.043660436
0.37255996
-0.22855757
-0.014014182
0.18893512
0.022518048
-0.29486346
0.3212798
0.06111163
-0.17212184
0.21282984
-0.27511048
-0.08125824
-0.057736736
-0.5125861
0.575009
0.21488355
-0.094409056
-0.14945182
0.3103811
-0.13917284
0.109167494
0.024543133
-0.027999394
-0.34339878
0.024082057
-0.09014556
0.10985795
-0.3067886
-0.36121312
-0.14710116
-0.015809754
0.21747303
-0.018714625
-0.54641294
0.8163794
-0.5311969
0.13104287
0.18016857
-0.05946885
-0.13916217
-0.055970367
-0.17547953
0.008665517
-0.057332408
0.08056579
0.02605084
-0.03537005
0.31232804
0.20921208
0.29919603
0.06424023
0.24812543
0.01419811
-0.3187073
-0.035496533
0.0037122658
0.1251187
-0.21957336
-0.06770672
-0.10427944
-0.26154304
-0.20008786
-0.13708374
-0.2820808
0.3963795
0.045632955
0.13724314
0.37423456
0.19533564
-0.081263065
0.20315355
-0.16877328
0.11928469
-0.104969874
0.07634102
0.12071468
-0.33757594
-0.13133113
-0.14836715
-0.11851066
0.070451215
-0.13264309
-0.30060226
0.11048128
0.14330901
0.0955461
0.270644
-0.02257175
-0.08386989
0.2133283
0.17141818
-0.078823075
0.096994124
-0.2645188
-0.07487647
-0.07574791
-0.32925367
-0.11131557
-0.032594237
-0.07843245
0.14031738
-0.09937908
-0.30533677
0.048796076
-0.24288473
-0.04516444
0.26780805
0.051092364
0.3797065
-0.010639754
0.23519106
0.06605241
0.13450342
0.0013736088
0.030315528
0.079482004
0.021392541
-0.1526861
-0.17917466
-0.048521142
-0.20272323
-0.07393876
0.21600306
-0.06196456
0.11325618
0.026295299
0.31464738
0.16811053
0.025262062
-0.46399444
-0.007801393
-0.29699174
-0.20071113
0.044002093
0.042085376
-0.0
-0.102613956
0.9610291
0.5641139
0.08925742
0.1370035
0.77709264
0.035788268
0.1827058
-0.15125465
-0.97608984
-0.30853555
0.104360126
-0.7489257
-0.39252096
0.012411154
-1.3815281
-0.26397267
0.22420108
-0.0049206396
-0.3599832
-0.3783835
0.39406058
0.33102876
-0.4125642
0.14488024
0.06926147
0.3253304
-0.82678705
-0.22913766
0.054205924
0.3627878
0.2767245
-0.23471616
-0.14610413
0.3295711
0.042426404
0.41994634
0.049390417
-0.28778616
-0.4192145
-0.03947241
0.016299564
0.4478763
0.2312908
-0.8288346
0.15074511
0.08881042
-0.21080738
0.05394313
-0.36675397
0.29004338
0.0181323
0.21082537
-0.20831035
-0.25437564
0.06847376
-0.21164061
0.30235055
0.18352869
0.1608181
-0.39286196
0.50616986
0.38824266
-0.14205427
0.070812
0.06409652
-0.072497465
-0.12438916
0.28049028
0.21853061
-0.082444035
-0.021851493
-0.27925
0.36342862
-0.33256868
-0.2229978
-0.18185218
-0.15918837
0.04215228
0.29682308
-0.08914764
0.14433172
-0.061905365
0.47713628
-0.03632286
0.088227876
0.31451064
-0.30676436
0.31324434
0.22255607
-0.50656796
0.33846253
0.23026706
0.23116812
0.3206475
-0.21703653
0.45772475
0.021065671
-0.2826563
-0.1153071
-0.008817712
0.19222157
-0.22997285
-0.01962637
0.16303378
0.010723654
0.49420342
-0.0073472722
0.30125007
-0.20709844
0.118747965
0.041683737
-0.41973436
-0.22240388
-0.20475106
-0.15866314
0.12997502
-0.05277353
-0.04809733
0.107477374
0.3933964
-0.023386579
0.1125939
0.24271135
-0.05536592
-0.10891313
-0.118719585
-0.03591464
-0.46156928
-0.087584734
-0.2598736
0.08203219
0.036422726
-0.0023700292
-0.31897515
-0.014116467
0.25057623
-0.13708122
0.3257623
0.017323863
-0.06617778
-0.29584873
0.35027006
-0.281576
-0.04073219
-0.4029657
0.2540624
0.16349243
0.027964924
0.10381548
-0.41517276
0.039609775
0.1163868
0.30935958
0.08390042
0.20572124
-0.115395814
-0.3057206
0.1519118
-0.10995109
0.2616823
-0.18043378
-0.030286072
0.19768834
-0.19375369
-0.044559393
-0.3320898
-0.22844446
0.22417417
-0.034785606
-0.0100558605
-0.07394469
0.16484188
-0.30152312
0.16162403
0.1437382
-0.2050382
-0.082107216
0.15359648
0.43523327
0.31735176
0.33330917
0.0491774
0.18150534
0.018768571
0.4457482
0.040401544
0.3567758
-0.0046135443
-0.024901556
0.05384103
-0.48031026
0.2640347
0.17004383
0.043668114
0.13805877
-0.05426831
-0.1877425
0.5896702
0.25827786
0.114240065
0.008501912
-0.10555177
-0.24727947
0.18988454
0.068274066
-0.14887822
0.39919138
-0.21679017
0.017143792
0.4019053
0.16637927
-0.28635767
-0.31251258
-0.033088148
-0.39253214
0.23316927
0.29781464
-0.16434167
-0.31509775
-0.24990259
0.21429041
0.17336278
-0.25482315
0.17710325
-0.09518776
0.003942586
0.07724096
-0.14260395
-0.26159722
-0.34168583
0.22582075
0.14832266
0.112477854
-0.37440622
0.40998924
0.31529176
-0.38521555
0.26413763
0.22322741
0.21961631
0.43186352
0.31119114
-0.3396124
-0.2450883
-0.2730158
0.1543083
-0.1588215
0.2904035
-0.02665023
0.21213353
-0.20911701
0.15514964
0.06780095
-0.17460643
-0.00790711
0.069730215
0.11870726
0.18739279
0.024427177
0.15949656
0.30920848
0.008769808
-0.24802822
-0.0005383421
0.044401012
0.018949082
0.050609574
-0.031426545
0.080825955
-0.22428913
0.1698675
0.18063684
0.21649888
0.16256718
-0.101529166
-0.005343604
0.30318692
-0.0024728929
-0.32446128
0.114804894
-0.29277137
0.32430068
0.07199307
0.039739307
-0.056941133
0.1225478
0.03249202
-0.06512131
0.3447097
-0.09133427
-0.019068804
0.11006224
-0.15892941
-0.13057584
0.04722642
-0.0013472544
-0.30003136
-0.16915849
-0.0
0.074451186
-0.21317601
0.4199205
0.1617991
-0.5325531
0.21719268
-0.84069467
-0.2607188
0.007649722
-0.03897806
0.09271293
0.4788378
-0.34766334
0.7224157
-0.3110983
-0.5780659
-0.13392393
-0.14790155
-0.32760575
0.13603014
-0.47180283
0.08192278
-0.12823004
0.47984204
0.73172206
0.30554453
-0.5312791
0.236016
0.19040897
-0.31966302
0.41829947
0.31574684
-0.23137121
-0.40260604
-0.0130389035
0.17197555
0.13349955
-0.5971587
-0.25345403
0.2177491
0.25157362
0.5717268
0.08992299
0.22973374
0.3957021
-0.38130558
-0.6053868
-0.046308234
-0.3385011
-0.036155432
0.26920986
0.23347555
-0.41199014
-0.2806836
-0.31712562
-0.1636367
0.07065682
0.01555102
0.23224795
-0.64098966
-0.26912722
0.27247167
0.2524275
-0.46293887
0.28433794
0.16435803
0.41880682
0.09752653
0.41635472
-0.10713145
0.14806421
-0.30770048
-0.114166625
0.44039404
0.1631405
-0.022313261
0.002810302
-0.15360436
-0.1762307
-0.14228183
0.119890705
0.65677714
-0.25137725
0.2915488
0.4820678
-0.78729165
-0.64372826
0.30978176
-0.42583364
-0.13996698
-0.24421118
0.2522271
-0.32808328
0.13697508
0.47426242
0.57327193
0.095247135
0.10462263
-0.46957707
0.03295947
0.16433804
0.14286762
-0.088389784
-0.029739987
0.3736238
-0.066684976
0.63217664
-0.27767935
-0.07183701
-0.32128143
-0.24746358
-0.5025503
0.17108169
0.12655215
-0.045539018
0.14248002
-0.06976851
-0.43004718
-0.40162817
0.017137975
-0.53226644
-0.119644545
-0.0073052207
0.03414652
0.21437304
0.41086984
0.32915282
0.22834894
-0.12627675
0.37918147
-0.4735142
0.22695963
-0.042214397
-0.07259178
-0.3676772
0.0069210795
-0.06468368
0.18609864
0.088377565
-0.25984153
0.0919577
-0.3701387
-0.21626516
0.019701483
-0.3145147
0.13676026
0.048381966
0.37122837
0.007769219
0.05944511
0.10019295
0.50419587
-0.38740492
-0.23721811
0.5779574
0.07129196
-0.084554926
0.07614002
0.03367454
0.095570005
0.51183766
-0.38981533
-0.23560014
-0.1632087
-0.12396263
-0.53515136
-0.48273534
0.09873685
0.16559368
-0.05463742
0.20490156
-0.15066074
-0.012910186
-0.17456906
0.2229322
-0.21937555
-0.22676466
0.07754484
-0.45072362
0.20994402
0.09321483
-0.060977466
0.35703152
-0.0728993
-0.18661106
0.18703787
-0.16466655
-0.01679987
-0.10158873
-0.015278018
0.15991741
0.5477891
0.3318111
-0.2271773
0.0076490925
0.054136597
0.33494884
-0.17847417
0.79122126
-0.38554505
0.11491162
0.109903134
0.19632626
-0.015372702
-0.019314904
0.27151585
-0.40841663
0.37016904
0.05271338
-0.0074977684
0.16260831
-0.39739206
-0.28550783
-0.24872863
0.29492453
0.48795688
-0.32094046
-0.20592493
-0.06849012
0.27435762
-0.28957242
0.21417643
-0.12783188
0.17479534
0.3360291
0.30274284
-0.22615737
-0.41984785
-0.27242365
-0.15878144
-0.2026316
0.18234874
-0.0766186
0.210306
0.222022
0.13967927
0.17854214
-0.3434357
-0.20462972
0.2538535
-0.05404167
-0.062212728
-0.36964005
0.021654729
-0.290478
-0.4556625
0.05219525
0.10171848
0.10937946
0.10057045
-0.014045294
0.019811215
0.1007528
-0.26588237
0.07368832
0.24776372
0.14792214
0.1392248
0.065095596
-0.041076213
0.028135149
0.2773673
-0.18731713
0.15889004
-0.12559688
-0.3268509
-0.07895944
0.29594925
-0.1269078
-0.093939416
0.11224626
-0.2862038
-0.058620308
-0.21663715
-0.031493235
0.32290465
-0.29133645
-0.1638585
0.30141696
0.016902147
-0.2882811
0.089541435
0.12871045
-0.11341648
-0.07006485
-0.1089315
0.10696522
-0.24512
-0.16167967
-0.03465809
-0.17262039
0.15648031
0.1075613
0.38405225
-0.12495234
0.21201618
0.198471
-0.17371517
-0.04341777
-0.0
0.14647406
0.123395756
-0.060621966
-0.19002298
0.17103197
0.1327798
-0.09131919
0.20145474
-0.045289278
-0.9132551
-0.09779308
-0.06931446
0.4699935
-0.17686282
-0.30118752
0.2880931
-0.6130307
0.38038194
-0.13720948
-0.36450812
-0.07444356
0.46520123
0.09843789
-0.3761192
0.33348843
0.06452416
-0.13871233
-0.80250347
0.5096313
-0.21679358
0.36144793
-0.2937944
0.24171759
0.11197364
-0.30857286
-0.336709
0.51885056
0.62371594
-0.19328727
0.066346034
-0.60615444
0.3951935
0.28915536
-0.054509733
0.3207451
0.1763391
0.0047983928
-0.004133847
0.020332405
-0.54067636
-0.028959306
-0.22005144
-0.5972665
-0.2877969
-0.017334528
-0.3623394
0.02216581
-0.3570209
0.184108
-0.04893912
0.02545536
0.3228086
0.050861176
0.11616913
-0.32057956
0.32942116
0.3217444
0.28439954
-0.27959415
0.40353915
0.36544672
0.028228337
0.016920367
0.6398764
0.5180594
-0.33140343
-0.6747811
-0.30227306
-0.42249838
-0.43178377
0.008670982
-0.15229169
-0.293352
-0.1656875
0.0031589519
-0.43622687
0.2014265
0.15544817
0.008576647
0.045068156
-0.20172049
0.6154574
-0.18900503
-0.20320652
0.28633562
0.046027698
-0.36219138
-0.12931257
0.480468
-0.10509944
0.29588282
-0.11540566
-0.056234613
0.0160972
0.26763758
-0.18867539
0.28108016
0.015480252
-0.1872751
-0.057017393
0.48422587
-0.39093858
-0.075109646
0.1602482
0.4447684
-0.10386284
0.28428814
-0.03056794
0.1577852
0.22449528
-0.017458588
-0.20313986
-0.1942935
-0.072354816
0.08796148
-0.19068167
-0.2338467
-0.5205864
0.35210937
0.22856554
-0.13908166
-0.2634878
-0.27378306
0.2064325
0.51461506
-0.23551281
0.0084035685
0.19467632
0.0061080093
-0.18133603
-0.15578178
0.4638234
0.22519319
0.1581909
-0.122228965
0.13364044
-0.25770405
0.14022177
0.2531052
0.02911166
-0.037291247
-0.25054535
0.09694132
0.118708126
0.526834
0.25883994
0.28423008
0.12860218
-0.35322732
-0.28540826
0.21465622
0.17100461
-0.02081506
-0.036403906
0.3188047
0.28932902
0.35396582
-0.25545532
-0.3030641
-0.10668343
-0.15739222
-0.07341917
0.067086965
0.4300592
0.0809642
0.33433986
0.34589443
-0.18124446
-0.08457801
-0.09739721
-0.09569429
0.2245677
0.183355
0.0011085293
0.23333535
-0.012695336
-0.118760355
-0.057607055
0.04204551
0.16335149
0.0668013
-0.044474985
0.11642949
0.28137496
0.0
-0.35808492
-0.026141787
-0.7720938
0.5424137
0.14359494
0.63154066
-0.061697356
-0.37678853
0.53699946
0.07104489
0.249817
-0.6507336
0.75856036
-0.11817527
0.7696427
0.18955109
0.92861485
-0.13620959
-0.3326885
0.30435959
-0.14168623
-0.11301672
-0.24505132
0.038554616
-0.24961327
-0.015548956
-0.1777021
-0.24356642
-0.28555918
0.24783218
0.69715303
0.19394808
-0.17998895
0.24342597
0.30536008
0.06822268
0.3342779
-0.28264105
0.5167048
-0.18355557
0.24434695
0.25842023
-0.097171
-0.018141445
0.26029953
0.3150574
-0.21840419
-0.038743228
-0.13211513
0.12746258
-0.21318251
0.11075511
-0.29929888
-0.111827314
0.25914565
-0.073480405
-0.18332203
-0.6694258
-0.36987567
0.025014775
0.28823784
-0.4899615
0.23591432
0.21090254
-0.39218077
0.6005437
0.22158663
0.25911215
0.308008
-0.23370759
0.013803419
0.6850201
0.54791665
0.5255455
-0.16856527
0.32138562
0.13631566
0.15847299
-0.22566542
-0.05289363
0.09115803
-0.46928537
0.5585555
0.31302673
0.10314225
0.41399655
-0.50937057
-0.05158617
0.22208552
-0.20039453
0.09093073
0.10951019
0.26884508
0.22002608
-0.10023839
0.15503135
-0.2928558
-0.5790054
0.08373886
0.112566255
-0.031246187
0.100982405
-0.13303263
0.072004125
-0.009178065
0.0049479865
-0.06994263
-0.11494598
0.4182845
0.3220145
0.15433857
-0.26400134
0.012361342
-0.029883793
-0.040984526
0.33022645
-0.4249832
-0.1925689
0.028652944
-0.2114224
0.36248133
-0.14409702
0.3417429
0.06334763
0.26875603
0.3929865
-0.31720686
0.19790371
0.055502594
0.094749905
0.11634881
-0.16702771
-0.57457167
0.083257824
0.17332317
-0.3783913
-0.019854574
-0.03841618
-0.23696104
-0.48767164
0.38743764
0.108937256
0.05594078
0.41387868
-0.09719551
0.12013257
0.18277323
0.1978107
0.23536964
0.14006853
0.3529811
-0.38538423
0.3528953
-0.30872896
-0.11060446
0.23916277
-0.10006624
-0.25457755
-0.32841954
-0.011783834
0.28389654
-0.42562902
-0.04964947
-0.1818307
0.03795666
0.20267186
0.10717326
-0.117574826
-0.06840519
-0.42150405
-0.13514069
0.28947407
-0.0849027
-0.059378393
-0.17937219
0.34102306
-0.28592426
0.09373437
-0.016817866
-0.26415855
0.053649943
0.22226276
0.18248408
0.06307409
-0.0020476745
-0.24685809
-0.15516056
-0.40593687
0.20741785
-0.14788361
0.27853388
-0.38362756
-0.08797568
0.15990902
-0.0
-0.31392476
-0.26733872
0.153292
0.49260712
-0.0970306
0.002582311
0.7676617
0.5906701
-0.31949726
-0.028286263
0.0062179035
-0.3731123
0.5805741
0.4117544
-0.74468344
0.10081955
-0.15470381
0.96814835
0.07853765
0.16691583
-0.10840957
-0.20349866
-0.4811387
0.15169774
0.033051457
0.30677053
-0.05199755
0.08031263
-0.09060175
0.21087316
0.0006035023
0.5626443
0.0949262
0.049541336
-0.3077458
0.18579198
-0.2670684
-0.34688258
-0.041603584
0.22729303
-0.29173863
0.09449045
0.045122225
-0.3601084
0.9077876
0.5385809
-0.21777458
-0.024142457
0.52772593
-0.4048377
-0.34837392
0.20388621
0.31841967
0.052483354
0.4168913
0.3200366
0.073724546
-0.6664675
-0.63233405
-0.55470127
0.03351229
-0.499234
0.6060589
0.3063108
-0.3060079
0.15914066
-0.4809954
0.19821846
0.2395811
0.26820642
-0.10668162
-0.51593465
0.41297162
0.5352467
-0.5119393
-0.44440383
0.411504
-0.004717593
-0.43724316
0.6692494
0.21530338
-0.39861852
0.10165798
-0.067329384
-0.18843405
0.042534687
-0.17203382
0.41410506
0.48748818
0.22351329
-0.5724969
-0.09508444
-0.43617773
0.7059325
0.113897875
-0.16530636
0.15584832
0.03866674
-0.26288706
0.076336585
0.06743913
-0.037989676
-0.38246357
-0.2376617
-0.4685039
-0.15396257
0.16539475
-0.24207737
-0.1386575
0.22361697
0.25707236
0.31001127
-0.22390966
-0.27393726
-0.053003494
-0.32217085
-0.1078004
0.34440914
0.4213985
-0.20576647
-0.08821828
-0.1966943
-0.008573369
-0.06555827
0.15891305
-0.041492615
0.048099954
-0.3470028
-0.045961082
-0.38682893
-0.024616664
-0.19004688
0.17547096
0.37511757
0.31468764
0.074564785
0.5537824
0.33306167
0.32411933
0.13438839
0.18421923
0.13428217
0.2343159
0.052600373
-0.55042
0.22228548
0.21972695
0.43722072
-0.1737832
0.05749037
0.14550409
0.2126882
-0.35069263
0.046149388
0.0737244
0.2287492
-0.062234428
-0.0020643838
0.16449897
-0.13554224
0.096151985
0.21026029
0.030367788
-0.043609906
0.3724744
-0.22851664
-0.014004314
0.18893431
0.022528483
-0.29486626
0.32120237
0.061047584
-0.17216001
0.21284331
-0.27510145
-0.08127959
-0.057730258
-0.5124852
0.57516533
0.21482968
-0.09452138
-0.14946972
0.3103275
-0.13907272
0.10925289
0.024549887
-0.028030869
-0.34337178
0.043657884
-0.005624988
0.09032956
-0.6412343
-0.86057174
0.035134874
-0.04256811
0.54613805
-0.24982548
-1.2134289
2.2040288
-1.0496525
0.39307955
0.28402707
-0.021952776
-0.23901844
-0.15351184
-0.26939976
0.113361605
-0.103058726
0.15465419
0.12476619
0.07588046
0.06911232
0.35411325
0.32508844
0.0889582
0.6787507
0.08804916
-0.18788746
0.0072796345
0.004637896
0.016979333
-0.009204451
0.0103073055
-0.15811656
-0.24028687
-0.085673176
-0.021696415
-0.22428636
0.29220867
0.03465317
0.13531338
0.25031778
0.07990716
-0.13402887
0.08282191
-0.084107116
0.11151685
-0.05239904
0.034350812
0.10386861
-0.14282261
-0.07977497
-0.028973376
-0.10649613
0.010693146
0.036927536
-0.19982725
0.08809176
0.09871454
-0.03869121
0.20920345
-0.04834595
-0.05790121
0.17937818
0.13961098
0.051168457
0.08103226
-0.22537383
0.049267642
-0.037865706
-0.24142279
0.029806934
-0.043843888
-0.058157053
0.057898566
-0.07040341
-0.25149268
-0.0505983
-0.18829824
-0.015204603
0.14336377
0.0617516
0.2360486
0.018187817
0.20455539
0.020476488
0.11292332
-0.010655547
0.0069911224
0.1001895
0.003833357
-0.11940379
-0.1663887
-0.02778158
-0.16592985
0.07411806
0.16830271
-0.04411186
0.025992729
-0.0120657
0.23846094
0.12271191
0.027961107
0.026902815
0.048977274
-0.2464815
-0.0552334
0.014422387
-0.027594429
-0.0
-0.49379346
1.557928
0.19958588
0.06319622
-0.076027215
1.9766849
0.80115235
0.078568526
-0.7670356
-4.1140156
-0.7130606
-1.4475509
-0.4880205
-1.6223934
-0.69440186
-5.4381504
-1.3995275
0.71116936
-0.02953384
-0.38551518
-1.0131054
0.93093157
0.45862496
-0.31917614
0.20386237
0.34838152
0.05258085
-1.0618434
-1.1320807
0.22144777
0.118212566
0.2823877
-0.6400897
-0.19892326
-0.02375867
0.0670599
0.68673766
0.2620586
-0.26688743
-0.6008852
-0.0098327035
0.08178832
0.34263337
0.18846166
-1.5670111
0.43810382
0.09567566
0.3013488
0.20246878
-1.0837545
-0.42306027
-0.30267683
-0.14831015
-0.02616789
0.01100007
0.3407677
-0.07516266
0.041504446
0.22042951
0.062402893
-0.34175318
0.27382043
-0.3055289
-0.47395965
0.064833894
0.14987682
0.09323237
-0.2842574
0.22391172
-0.083759576
-0.13326812
0.33817562
-0.05828575
0.4188758
0.115089655
-0.3302759
-0.21802497
-0.04730535
-0.1697018
0.28249824
0.07426999
0.019946977
0.085599884
-0.07812801
-0.13910294
0.19078395
-0.1145971
-0.55981725
-0.27602333
-0.18866323
-0.4589311
0.14395165
-0.38523802
-0.2498935
0.079525866
0.052563295
0.17751087
-0.014749638
-0.0082827415
-0.18660605
-0.019582514
0.0107293045
-0.015362429
0.031709153
-0.13099685
0.057490207
0.25023437
-0.08724476
0.30316493
-0.0034581171
0.026293555
0.040372487
-0.25037095
-0.1145419
-0.1117476
0.15879469
-0.0155335795
0.15642242
0.10145849
1.3780448e-06
0.056438252
-0.1192596
0.07203197
0.13495374
-0.02837696
0.02930893
-0.10605967
-0.07534132
-0.119131476
-0.040162016
-0.20429698
0.04434353
0.010731176
0.024765762
-0.086749926
-0.2081697
0.07454539
-0.24014485
0.07849289
-0.0053278874
-0.013769306
-0.03529252
0.31429255
-0.0646047
0.12038499
-0.09480136
0.13652745
-0.0052788113
0.0978774
0.08566389
-0.21917376
0.19099997
0.088039726
-0.12409385
-0.014400306
0.2079218
-0.20734967
-0.24143595
-0.0030839138
0.04200795
0.10674885
0.0081165815
0.06145611
0.04481123
-0.080144055
-0.13057537
-0.118543915
-0.19490433
0.15703626
0.025956387
0.08881405
-0.14779909
0.07569596
-0.284273
0.07489606
0.22296529
0.20078363
-0.05718832
0.2099096
0.12259483
0.04043118
0.27190673
0.018092873
-0.009573786
0.02389234
0.25563538
0.032199457
0.20515433
-0.009259795
-0.023726841
0.046279136
-0.5509966
0.33975333
0.3165902
0.0035536713
0.21082923
-0.054046635
-0.27227363
0.8458186
0.34918654
0.10336026
0.08751063
-0.16140504
-0.28724584
0.21445175
0.10326773
-0.14049214
0.44610357
-0.18799534
0.057260446
0.46111786
0.07578716
-0.3265019
-0.35765758
-0.046694912
-0.3203054
0.21229546
0.29355162
-0.18157461
-0.32150304
-0.21562447
0.2003513
0.17416818
-0.25959533
0.1772174
-0.092728585
-0.0068846117
0.085187085
-0.11220643
-0.25940022
-0.31861493
0.20733778
0.12099592
0.10446517
-0.34424263
0.39760035
0.30078378
-0.37348515
0.23541448
0.23470463
0.19226637
0.4203892
0.30877367
-0.32124993
-0.23149474
-0.2689324
0.14025036
-0.16152026
0.2824378
-0.017661516
0.21290787
-0.19897562
0.1331718
0.06457578
-0.16871917
-0.011914464
0.07139251
0.11094105
0.1629201
0.02415425
0.15690084
0.26560476
0.0020410675
-0.24098225
0.015813103
0.04506755
0.0221152
0.04850998
-0.031027678
0.07596654
-0.19332471
0.16335982
0.17310576
0.19913125
0.15530272
-0.105751485
-0.008322054
0.29859757
-0.0043409816
-0.2785744
0.10599351
-0.27856186
0.2670891
0.06804172
0.030586958
-0.0522597
0.11671274
0.03493668
-0.049065027
0.3389155
-0.08478739
-0.019335385
0.109175146
-0.1505654
-0.06528391
0.049874578
0.011067951
-0.29598087
-0.1698334
-0.0
0.0316658
-0.30862156
0.33896735
0.14160895
-0.45208126
0.22857842
-0.8460871
-0.36012515
0.21318364
-0.06690882
0.10380241
0.55087537
-0.24818581
0.98604095
-0.21813609
-0.8069617
-0.21655585
-0.076341614
-0.35877672
0.29397425
-0.63538307
0.08253977
-0.10376519
0.59275305
0.9417807
0.37327823
-0.5300731
0.1533747
0.28117386
-0.3966414
0.39570677
0.26678544
-0.33680537
-0.37460446
-0.06449204
0.19643877
0.16802406
-0.7266779
-0.2235554
0.32190347
0.33375522
0.68427867
0.09702
0.16780965
0.62472373
-0.49918857
-0.6573989
-0.01764626
-0.44210362
-0.09162464
0.19726384
0.18964946
-0.37389356
-0.18407042
-0.27996895
-0.14171867
0.09164484
0.024268357
0.16282706
-0.4886221
-0.23022768
0.2122211
0.24531497
-0.47010067
0.30778474
0.11422526
0.38637945
0.053381745
0.24936977
-0.10799308
0.15856704
-0.279918
-0.06299363
0.36751756
0.061386824
-0.055545818
0.024800967
-0.053659968
-0.12506196
-0.14252296
0.13427188
0.56079745
-0.17369504
0.2040545
0.47839954
-0.76974565
-0.46926534
0.3529948
-0.33945584
-0.1369481
-0.29473767
0.18664342
-0.24465568
0.11093964
0.4754769
0.49454063
0.04771219
0.09295957
-0.42125916
0.014249372
0.18017186
0.13929126
-0.09301159
-0.019049495
0.34663388
-0.07150598
0.5972734
-0.27576625
-0.07420776
-0.32604662
-0.2070512
-0.40726867
0.15357012
0.14323188
-0.08109772
0.14306878
-0.040099308
-0.3543836
-0.39898643
0.002118715
-0.51045203
-0.13034573
0.004562485
0.056494053
0.21994592
0.3996945
0.34892765
0.20309764
-0.093611054
0.30990216
-0.45376614
0.22627868
-0.04457597
-0.04495712
-0.35085633
0.006295874
-0.074644685
0.16901572
0.106217824
-0.27323142
0.07461839
-0.33899796
-0.21166272
0.0327029
-0.29408997
0.12329495
0.047433197
0.2662669
0.02178041
0.06436417
0.10472664
0.48266396
-0.36356062
-0.204702
0.534578
0.051666934
-0.11116775
0.072468914
0.05302508
0.123799644
0.51369876
-0.38000312
-0.2539614
-0.16089314
-0.09206443
-0.46792328
-0.46943927
0.08106461
0.15676099
-0.028249022
0.20149484
-0.12264543
-0.0036773332
-0.18133615
0.19496895
-0.2153234
-0.20350094
0.07492239
-0.42512453
0.18794009
0.100319654
-0.05065033
0.31995517
-0.054916374
-0.18012173
0.17637584
-0.15775764
-0.044672586
-0.10074194
-0.014945667
0.16061331
0.53411865
0.33609506
-0.23352006
0.0057089687
0.057599153
0.3296604
-0.19888979
0.81754327
-0.3699711
0.11107366
0.096236326
0.19547246
-0.018003829
-0.0162887
0.2688903
-0.40667272
0.37119913
0.054701865
-0.0025057788
0.17673193
-0.3944752
-0.28548476
-0.2673859
0.29233643
0.47913373
-0.31762958
-0.2050096
-0.06744999
0.27448416
-0.2857166
0.21462137
-0.13098072
0.17594564
0.33290595
0.30329418
-0.2233751
-0.41977078
-0.26912087
-0.16010429
-0.20068155
0.18256143
-0.07504176
0.21174534
0.22176555
0.1392537
0.17289779
-0.344778
-0.20306887
0.25424
-0.054846145
-0.06069946
-0.36646768
0.021421408
-0.288045
-0.45544437
0.052059025
0.101410046
0.10897898
0.09868601
-0.014398469
0.019771801
0.09905918
-0.26555142
0.07551707
0.24568146
0.14789422
0.13774692
0.06421682
-0.040528003
0.027508011
0.27697143
-0.18741992
0.1581121
-0.1217506
-0.3270488
-0.07819163
0.2910334
-0.12717472
-0.09349473
0.11075558
-0.28580582
-0.0589678
-0.21534841
-0.032088842
0.32074788
-0.28831366
-0.16357806
0.299415
0.017660046
-0.2884313
0.08960158
0.12796912
-0.11282963
-0.06829933
-0.1084495
0.10640984
-0.24330556
-0.16038333
-0.033924233
-0.17157482
0.15580559
0.1076566
0.38059506
-0.12522195
0.2137535
0.19307691
-0.173641
-0.04345578
-0.0
0.14807568
0.10489878
-0.05036025
-0.20262936
0.15353525
0.12453914
-0.11206855
0.18465863
-0.050235733
-0.8985538
-0.10635588
-0.07126823
0.48763487
-0.17232864
-0.29812616
0.27730912
-0.6333801
0.4042449
-0.13959715
-0.35214248
-0.092101395
0.4651959
0.10081493
-0.3625751
0.36276808
0.07467765
-0.13345537
-0.7984605
0.5204882
-0.22866288
0.36134177
-0.28223777
0.2253731
0.10455207
-0.30395082
-0.34106874
0.5217072
0.6271936
-0.1869896
0.069128744
-0.6154723
0.40253654
0.2954966
-0.052905753
0.32027557
0.17355944
-0.0024388477
-0.0022538765
0.019467248
-0.54723483
-0.023392992
-0.21518502
-0.59744614
-0.28280705
-0.021033827
-0.36467534
0.022983355
-0.35485774
0.18422829
-0.043607995
0.026642589
0.32096574
0.052967325
0.1218617
-0.3215553
0.32611278
0.31886607
0.28357124
-0.27790567
0.4066291
0.36745924
0.024119614
0.012511432
0.6401356
0.50586414
-0.3284595
-0.67491394
-0.30226895
-0.41565713
-0.43102035
0.014295519
-0.16097437
-0.29315695
-0.16364978
0.0073908847
-0.4338184
0.19574597
0.14689001
0.009918239
0.044982094
-0.19569981
0.61803734
-0.18426597
-0.20261733
0.28522083
0.05413534
-0.35521355
-0.12904745
0.47670832
-0.10590504
0.29593068
-0.11365889
-0.056183193
0.015266518
0.26803753
-0.18603891
0.2800025
0.0144552225
-0.18720743
-0.05776086
0.4806688
-0.3888054
-0.074611776
0.15885045
0.4440766
-0.102409266
0.2812782
-0.031231731
0.15520239
0.22175908
-0.017269462
-0.20268637
-0.19542778
-0.070511036
0.086860485
-0.19006664
-0.23404652
-0.52098864
0.34921515
0.22729306
-0.13825274
-0.26613757
-0.2736722
0.20520937
0.51327515
-0.23618488
0.006049698
0.19425234
0.007060163
-0.1808472
-0.15239292
0.46055657
0.22659624
0.15890685
-0.12119687
0.13421577
-0.2560455
0.13879637
0.2507885
0.026760425
-0.03622731
-0.24969946
0.094468914
0.11752274
0.5210098
0.2553519
0.28456035
0.12967992
-0.3528848
-0.28258285
0.21050528
0.17115827
-0.02002096
-0.03502227
0.32011437
0.28732294
0.35136175
-0.25243375
-0.30230066
-0.10769621
-0.15664011
-0.07130568
0.06364154
0.4272095
0.08102379
0.33436805
0.34093913
-0.18119685
-0.08275627
-0.09896391
-0.095877916
0.22501752
0.18284518
0.0021195642
0.23158643
-0.011512378
-0.11848077
-0.058116484
0.041370355
0.16153263
0.067005575
-0.04466941
0.11480867
0.2789933
0.0
-0.37638867
-0.04331988
-0.7835548
0.5717396
0.14781673
0.675427
-0.061832566
-0.38044283
0.576192
0.10858541
0.22786032
-0.6380902
0.76517236
-0.0789432
0.7620877
0.13528837
0.9127081
-0.14631937
-0.32927278
0.3087874
-0.13826439
-0.11622498
-0.2520374
0.038278338
-0.24880026
-0.018133856
-0.17580444
-0.24670862
-0.29137418
0.2547451
0.69337744
0.19498982
-0.17814793
0.2453403
0.29579812
0.072373785
0.34529346
-0.30301467
0.51512516
-0.1729074
0.25669375
0.28141823
-0.09503051
-0.018715793
0.2940463
0.2919453
-0.23075405
-0.040345326
-0.14623305
0.11766105
-0.21152252
0.113335066
-0.3026197
-0.10698449
0.26009512
-0.07949544
-0.18298496
-0.673962
-0.3659681
0.027450223
0.290785
-0.4893254
0.23211497
0.21229164
-0.38910013
0.59711283
0.22129911
0.25540966
0.3088708
-0.23600839
0.012843216
0.6847645
0.5493598
0.51718783
-0.16216716
0.32356375
0.14039946
0.15748942
-0.22688365
-0.050433833
0.08974073
-0.4725471
0.5556106
0.3004703
0.104916945
0.41248026
-0.5008305
-0.05166787
0.22206621
-0.19791129
0.09018684
0.11113844
0.2649824
0.21908696
-0.10348383
0.15154158
-0.2941211
-0.576403
0.08562515
0.11223553
-0.031282738
0.100705855
-0.13288103
0.07093595
-0.00813416
0.0066390727
-0.068890885
-0.1149296
0.4176266
0.3186569
0.14907214
-0.26072308
0.012053287
-0.030507928
-0.040859733
0.3300787
-0.42191693
-0.19003424
0.029396638
-0.21114981
0.36217663
-0.14263956
0.33921945
0.060463592
0.26881504
0.39293343
-0.31648058
0.19652319
0.052825287
0.097113624
0.11638061
-0.16745418
-0.573031
0.082842305
0.17090684
-0.37684578
-0.01937555
-0.038303528
-0.23417369
-0.48137835
0.3846659
0.108393036
0.05602471
0.41438904
-0.094714016
0.11354018
0.18356077
0.19579135
0.23556438
0.13974981
0.3525591
-0.38194507
0.35145083
-0.30819213
-0.1110351
0.23952664
-0.10009653
-0.25195748
-0.32512975
-0.011324845
0.28478912
-0.42652935
-0.04835069
-0.17772157
0.038929414
0.19988331
0.10704579
-0.1172503
-0.06874239
-0.41772854
-0.13384894
0.28741673
-0.08540501
-0.05986023
-0.17956436
0.33946413
-0.28359157
0.0917329
-0.01816147
-0.26470158
0.054837164
0.22292793
0.18396053
0.062262595
-0.002185968
-0.24732909
-0.15328799
-0.40721944
0.20568472
-0.14691299
0.27960315
-0.38510486
-0.08610741
0.15996073
-0.0
-0.31071225
-0.28270406
0.15833613
0.51148623
-0.10215405
0.032350384
0.7617257
0.61530626
-0.33861715
-0.03277515
0.008710523
-0.34677035
0.5730505
0.42226115
-0.74310654
0.11616813
-0.14768827
0.9960451
0.0799427
0.16958219
-0.10440774
-0.19843426
-0.48055556
0.1545228
0.03309551
0.3078159
-0.04915987
0.081480704
-0.09263133
0.2181109
-0.0017700467
0.5604516
0.09347513
0.048520677
-0.3062
0.18353906
-0.26469976
-0.33635044
-0.045829132
0.2253296
-0.2944046
0.095212445
0.045528296
-0.3600776
0.92148066
0.54723483
-0.21359928
-0.025417803
0.53245175
-0.4085797
-0.3448985
0.20464878
0.31116888
0.049214307
0.416923
0.31457484
0.07370417
-0.66790426
-0.6340419
-0.5449819
0.029314086
-0.48988745
0.59806615
0.31415132
-0.30206403
0.1597104
-0.4811982
0.19721285
0.24179564
0.2706635
-0.10293252
-0.51028115
0.41485232
0.5281036
-0.50585365
-0.4519758
0.41060606
-0.00747707
-0.43798065
0.66300863
0.2156742
-0.4028761
0.10411206
-0.06637717
-0.18430279
0.038229365
-0.17643946
0.42389306
0.4808956
0.21816355
-0.5813838
-0.09400311
-0.4290687
0.71488065
0.12010607
-0.1684194
0.157695
0.03671171
-0.2624203
0.07666627
0.06983439
-0.038675267
-0.38199264
-0.23892727
-0.46520704
-0.1545607
0.16704513
-0.2422938
-0.13936163
0.22270527
0.25619334
0.30722088
-0.22596513
-0.27468488
-0.057701677
-0.32264903
-0.10633062
0.343815
0.4226922
-0.2055628
-0.08871529
-0.19654197
-0.0075696846
-0.06493483
0.16000575
-0.041638687
0.04802063
-0.34730944
-0.046067912
-0.3861738
-0.023661952
-0.19127668
0.17670467
0.37293288
0.31385538
0.07460104
0.55764526
0.33380327
0.3224493
0.13427296
0.18299763
0.13320965
0.23566502
0.053384073
-0.5515006
0.2188195
0.21864204
0.4353926
-0.17587014
0.059362177
0.14566243
0.21063343
-0.34982914
0.044947747
0.07094578
0.23097329
-0.061436895
-0.0005887213
0.1621292
-0.1328935
0.095768884
0.21027456
0.028353006
-0.04256023
0.37059066
-0.22763528
-0.013721696
0.18887046
0.022777667
-0.29500383
0.31949902
0.059691496
-0.17311119
0.21320009
-0.27503473
-0.08174993
-0.057561748
-0.51023406
0.5787802
0.21352997
-0.09708247
-0.14991532
0.30915162
-0.1369107
0.11112012
0.02471436
-0.028698782
-0.34288272
-5.587721
5.915806
-4.4293776
4.7654223
-4.6050224
12.612968
11.187891
1.7992567
-10.916415
11.188518
11.921412
-10.937815
8.881102
1.39816
-8.999748
7.8492475
-3.1046832
-1.0417064
0.7213083
-7.881633
-7.909372
3.1161606
-7.9094067
-8.996556
8.821377
8.989504
7.8806205
-4.934806
6.704425
2.911528
6.2754955
-7.909766
7.7245717
8.973745
-7.908428
-3.9565487
7.8976965
7.9002047
-7.8785014
-6.283242
-7.81263
-6.9507627
6.967395
-7.9029183
-8.993633
7.905577
-8.999252
7.66227
3.8876514
-8.5495
-7.3539534
4.5855694
-7.904406
-7.7756577
-0.4459698
-2.5548668
-3.385647
-3.1165946
-7.7120523
7.722235
2.486199
-6.251195
-1.4631499
5.5863857
-6.3085394
-6.359524
-4.040945
6.1818676
-2.2610145
5.598177
-3.9010754
-5.5883827
0.878586
4.803259
3.16746
-5.597732
-6.356437
4.971793
5.575346
-6.3568425
-5.5989246
-6.356848
-6.3245
5.598192
6.3446045
-6.3538866
5.580999
5.0355167
4.302282
6.337726
-6.354366
-6.356256
4.537748
5.5659356
5.725866
-0.7423568
5.599622
-6.3526745
5.47059
5.599363
6.184638
6.314473
2.4741912
6.3423862
5.585188
-8.265646
7.8348603
1.3464143
-8.415538
7.52862
-2.0053008
0.0
14.0260105
-15.803539
-15.472791
11.693151
15.570128
17.586376
-15.529983
15.828683
-15.585229
17.987259
-15.589153
5.850271
15.584955
-15.741793
15.582354
-17.966772
15.474676
-15.826638
-11.729414
-11.182945
11.236835
-11.90751
-11.707436
-11.179282
-8.931197
-6.6372943
8.378316
-12.306298
-10.2034
0.7790489
-11.190793
8.032237
5.7029095
-1.1354634
-11.728776
-11.188435
-11.3465805
11.896772
11.719402
10.94072
-11.344207
11.90697
0.9739466
12.713333
14.682839
-0.113342516
11.705368
-3.160145
11.361814
2.313389
8.786076
10.957145
-1.7700684
11.019352
-10.663728
-8.620146
-10.996589
9.852654
9.322138
-2.0628479
10.957712
-11.181178
-10.951551
2.9109995
11.165197
-11.017426
-11.169109
-10.944915
-10.458862
-12.728151
11.115199
10.995661
11.184678
11.187736
10.925874
-11.18423
12.7239485
11.003979
-11.182833
-12.6633415
-10.129872
12.721064
-9.514392
-11.018165
-11.187194
12.700928
-10.99136
-11.180589
-11.186962
11.019185
11.129404
-10.746584
-10.979597
12.7154
-10.549388
-11.018977
-11.177718
10.896665
7.767823
8.977604
-9.134549
7.889846
9.116149
1.9213518
-8.288791
1.1584177
9.132073
7.37095
6.392458
-5.9000344
-8.289392
7.5667224
-8.032534
1.580526
8.033132
-8.414926
-7.789447
-3.294199
9.026942
-7.909576
9.126851
-7.8773785
-5.1417484
-7.9013863
8.024503
8.348901
-4.3608255
-7.0507984
-8.272135
3.4323304
-9.135229
9.579373
8.008893
8.419301
7.7599497
-8.998216
5.582802
-7.90916
9.122151
6.808683
8.289629
7.6888895
-8.034593
-8.4039345
-9.137304
6.3754754
-8.216683
-6.7724724
6.779182
-8.41872
9.11932
9.219359
7.7854567
5.464539
-3.4321523
-1.409878
10.182232
8.996946
-7.956159
7.866069
8.031311
-8.353171
9.112144
-0.1055607
-8.285452
-7.852966
-4.2797756
8.419632
-7.9928303
-8.406652
7.760597
-8.984162
7.593624
-1.3693801
8.300428
-7.8817296
-8.28563
7.689562
-4.6411777
6.915836
8.012277
-8.412969
-0.6055922
-7.909764
-8.032278
8.299179
-8.028772
2.5260127
5.5293136
-6.3450074
-5.368078
-9.112834
-11.186022
-3.842229
-11.188159
12.727347
-8.377371
11.103563
12.693105
3.8558617
4.968997
-7.908119
1.0749367
7.8733764
-8.937351
4.091042
1.5763574
-7.90423
6.021509
8.981832
7.904229
8.99898
8.997686
-8.996818
-7.9088793
8.989479
7.8116555
2.6749606
7.8775363
7.9049826
7.9076037
0.52507454
-7.424957
-7.8957553
-7.9077945
-1.8457034
7.316687
7.9057703
-7.783866
7.5322447
0.88446414
7.9042597
7.6671147
7.792848
-8.992822
-1.5812254
8.986886
8.989629
-8.989354
-7.4027123
7.909638
7.2668796
-7.850622
7.829479
-3.2278
8.98936
-7.8856297
2.98387
-3.09392
1.239869
4.291976
1.1353561
6.356776
-1.8702068
4.300407
-6.305796
5.5815344
-5.59132
-6.350083
-5.5781507
-5.5970545
-5.8702755
-2.9994004
-4.0180483
-6.3333173
-6.35764
5.596983
6.359769
-5.5182486
-0.48603433
-6.3507237
-5.5920844
-6.343986
6.3583703
5.599844
-6.358687
-5.967714
6.297582
2.6604574
-5.984468
-5.5830274
5.556709
6.047638
5.567273
-5.513568
5.912366
-0.27546003
5.5998735
6.3576727
-3.3364434
5.5582385
6.351473
5.5956087
7.770188
-0.3885507
8.733613
-7.234847
-8.691551
7.907207
0.0
-15.585578
-15.597646
15.492565
15.780848
15.587623
17.945854
15.589833
15.788833
-4.128592
17.996872
15.583183
0.6831856
15.554602
15.568665
6.5588408
13.41671
-15.588314
15.824072
10.688913
-12.726172
12.860034
-11.104213
-11.014676
-0.21017751
-12.91743
-10.985226
-10.990136
-12.34781
-14.688941
12.630995
-9.707676
12.6979
12.91747
11.179864
-10.948707
12.529564
-12.878893
-11.173707
-10.849297
-12.723582
-6.8972406
11.1616955
-11.018665
-12.700347
-14.548604
3.9056022
10.989691
12.200689
-3.1720383
8.85869
11.002003
11.186342
11.14423
-11.018564
-11.103196
-11.187689
11.017457
12.695274
-11.154369
3.2982404
4.074844
11.185397
6.9955764
-7.0748067
11.114776
10.987756
-2.0580938
11.187761
0.3887291
-12.694829
-2.8737369
-10.746455
-7.72723
-3.5202947
11.019895
11.155034
3.2121756
-11.018053
-11.025863
9.168196
-11.016551
-5.6791506
11.85647
2.8935688
-10.407659
12.7273655
-4.3928657
11.181211
-11.187487
-10.996442
11.18976
8.247582
-11.001486
12.360923
1.9933376
-6.8518414
9.687317
-11.185019
-7.7771544
-7.7966924
7.0616
-7.872449
7.8915324
-7.8650355
-7.7846303
8.981335
-6.2924895
2.6924844
-9.048509
-7.90949
7.7887673
7.121471
8.264371
7.885791
9.139159
7.9008803
7.7781806
8.966881
-9.114021
7.907855
8.970691
-7.9078813
6.7579026
8.995653
9.113507
-7.9082956
-9.137255
7.6922417
4.3220468
-8.99683
-10.387711
-8.998945
9.138115
7.908563
7.333855
-8.974504
8.106199
-7.9019976
-9.087535
-7.8012094
7.7774487
-8.985464
3.1515906
-7.9045963
-10.389145
8.38798
-7.789273
8.991737
9.1203
-7.905134
-1.7083178
6.5312243
-3.096001
-8.965343
-10.388468
-8.983179
6.619435
-8.992281
7.759817
6.653039
9.060456
-5.99344
-7.1774755
8.986546
-7.7854295
8.934985
9.133183
7.893501
9.137725
-3.1613507
7.7838244
4.7035065
-9.1368475
7.483769
-4.868307
7.9093924
7.7565026
-8.984422
9.89367
8.958181
-9.113303
7.9028325
7.784735
-1.1467539
9.129343
7.0160313
-8.791588
-7.7881474
-5.1496563
-6.338994
5.535242
11.187821
4.4506016
12.729074
8.940019
12.728482
-10.794175
10.941571
12.674824
11.124316
-8.998142
-3.551067
8.997875
-7.8838468
-8.99171
8.989425
8.999238
7.291163
7.9051266
8.997416
-7.8974557
-8.970996
-1.6709403
-8.961785
-6.768711
-8.953923
-7.8551216
-7.5325356
-7.9096355
-5.488649
4.3594007
4.404136
7.908918
-1.1995809
-7.6796136
-7.90931
-2.1634977
7.8148584
7.907955
8.960967
-7.9079776
-7.8846107
8.994749
7.9062433
8.872797
-7.8556347
-7.09429
-8.9992695
-8.936153
5.6498766
-3.5669048
-7.89777
-7.8851447
-7.8765216
5.758265
3.8896105
-1.9824216
7.6693964
-4.3841505
-6.3589897
5.5992403
3.7823062
-6.315734
-6.35443
4.4804378
-6.3585286
-5.5960736
-5.5975614
-6.3501973
5.5992026
5.560191
-6.359079
5.5998783
5.598601
6.351568
-6.3577633
1.8973907
6.291794
1.275646
-6.3494873
-6.3457165
-5.5940657
-6.220784
-3.5722258
-5.591209
6.1230836
6.34984
-4.8000984
6.341025
6.35545
5.5949025
5.5251713
6.3584695
-5.592184
5.5944552
-6.35774
5.599126
-5.575794
-5.790724
6.3575
5.4918194
-6.358679
-3.6061497
-7.9365234
7.9081297
7.8922634
8.414
-8.015827
5.995554
-0.0
-15.588274
-15.828091
12.926286
15.826376
15.578377
-17.998571
-3.524123
14.174756
-15.552412
-17.719355
-15.573969
15.8184
15.524542
-5.000922
-9.188589
17.993826
0.63030845
-15.800978
-2.7552452
11.991357
-12.918458
-11.181237
10.890203
12.523921
-8.327154
-5.9871545
7.6568623
12.709524
-14.681208
-12.702762
5.0044627
-12.7255125
12.919552
11.181577
-11.726767
0.5533072
-11.238484
11.858728
-11.727616
11.120336
11.338375
7.5576363
10.966761
2.0921826
14.666051
-7.366406
11.72245
11.159405
-11.363628
9.227895
10.994462
-10.422636
-11.174796
-10.993176
-10.98295
-11.172319
-11.016752
9.035877
-11.047731
-6.9250765
-11.12015
11.179404
-11.019088
11.111704
-11.184544
10.968205
11.185217
6.3577714
11.01673
-12.697343
-11.170568
10.368295
11.149741
-4.0701666
10.99751
-11.183279
12.723074
0.022578828
6.0181556
12.63878
-9.263067
12.693542
-12.726704
-1.0437235
-11.15137
-12.659112
-10.95803
0.7780377
-8.553744
-10.994818
9.890869
11.084745
-10.989731
-12.725484
10.435373
-10.953703
-9.879762
11.179551
-5.0927577
-7.850793
8.034865
-8.355008
5.0835795
8.414546
-2.943363
-7.904454
-9.103527
-9.573435
-8.034457
-8.377547
8.289709
-6.729523
4.3818135
-8.410619
-7.196863
-6.636503
8.265279
-7.892419
8.006549
8.419579
4.812874
-8.414983
8.2887535
7.866517
-8.03488
8.397121
-8.039181
-8.374627
8.273021
7.909518
9.120549
-9.558565
8.024976
4.6653137
6.3380165
7.9062257
1.575302
1.7405264
4.986094
-8.121307
7.7891846
8.975764
9.138071
-7.7269363
9.870023
0.30569324
7.7832823
-8.797447
-9.085341
7.7863216
-10.387008
-8.913837
-7.7701235
2.8688622
-10.342907
-8.979914
10.343521
-1.3017864
-7.7886815
-8.999536
9.076154
-3.6774995
-10.315299
7.40326
-8.278212
-7.865814
8.021721
-8.341535
8.032634
8.403152
-8.184849
7.5826273
-8.037418
8.402681
-3.5441055
3.0728428
8.247055
-7.880561
9.1308155
3.1459033
-8.031153
8.412368
-8.080466
7.8916903
-1.8344584
7.8317976
8.034775
8.416091
-7.9742417
-7.9084373
-8.032317
8.416475
8.036209
-3.5214264
-0.0
10.198015
1.6736253
-13.663589
-8.344202
10.896307
-17.996744
8.592716
13.635337
14.501423
-17.99851
-15.56034
-13.209234
15.2511
3.763006
-15.563257
-10.502058
-15.55476
-15.532424
-11.51285
11.157114
-8.353289
-11.90332
-11.678506
9.867476
11.364102
-10.360333
-11.01665
-9.705686
1.3305315
-12.430824
-11.729433
-11.052208
-10.014612
11.88259
10.559097
-12.693329
12.90382
11.188193
11.01414
-3.0345802
5.5047774
-11.185265
-11.001155
-12.689097
5.6657867
12.576058
11.015633
-12.071357
12.915593
-11.177854
10.921211
11.186399
9.241675
-10.98489
-11.1893835
11.187554
-10.896134
-0.22064343
-11.17964
-11.019086
11.185414
-11.11035
-10.759329
-5.496551
11.176143
9.597828
-11.188667
1.3493595
-10.555174
-4.0222154
-11.095369
-10.720389
1.5431489
11.167018
10.876007
11.188075
-3.7374964
10.917523
11.187202
-12.590538
11.001593
12.699008
-10.646486
-10.694079
-11.102304
10.620148
-11.015943
11.178375
-10.117024
10.971529
11.188521
-11.174763
-10.958485
-11.263776
-5.478115
-10.982289
11.182074
-7.568167
7.4336863
-7.8690195
-8.039343
8.418133
-4.082654
8.413742
7.7824144
8.999008
-0.7312657
8.956915
-9.137958
4.046792
-8.281503
-7.908376
-7.7942405
8.402412
-8.010923
8.41789
-7.4449697
-7.9091454
-8.021106
-8.275277
7.847297
-7.864877
8.284719
-7.847464
-3.8626676
8.408824
1.8892125
-8.397481
-7.7476497
8.994319
-10.373128
8.982912
8.399152
7.748348
8.288745
7.8580284
-7.9829617
5.4023585
7.9786496
-8.329981
8.285183
7.903684
-7.773523
8.419047
9.13285
-9.577853
4.6191506
5.4740405
-8.0313225
8.400723
-9.080913
9.576026
4.966241
8.7344675
10.388384
8.994268
9.820831
-8.992046
-8.28916
-7.907309
8.032865
7.4389133
-9.137105
-9.576511
-8.284107
-7.882791
8.031033
-0.21942195
-8.015642
8.204637
8.28796
7.907545
8.038711
8.395586
-7.9997535
-8.412938
7.7886395
-8.914475
10.373694
-8.994047
-9.133137
7.9067597
-8.270068
7.8644357
-8.037547
8.413245
-8.034064
0.33533126
0.30074283
-2.539957
9.138374
-2.4033256
-9.135939
7.883593
-0.0
15.5886965
-15.8117485
15.578448
15.733869
-15.558624
6.035584
11.503278
-9.826351
-15.585678
-17.994823
-15.584625
10.338031
15.559407
15.754975
-15.589266
-17.190022
1.2924813
-15.044237
0.83886975
-12.724451
-12.91443
11.189402
-5.7219872
-12.715841
-3.2141526
-11.102766
9.281446
-12.729298
14.690659
-6.403475
-7.2898884
-12.718114
4.2225213
-11.184911
-11.012659
9.717279
-2.4749746
8.611909
11.00821
-12.692859
3.1567574
-11.16615
10.936142
-12.7289295
14.699526
12.6911335
-10.947244
-12.726091
12.914865
-11.18886
10.990233
11.071349
-11.18807
10.925615
-5.537695
11.169625
-11.018754
5.465232
3.2070444
11.000146
11.153075
-11.178275
3.531954
-8.4356785
11.189173
10.731744
-6.3136125
8.958043
0.19962323
-12.69217
10.737868
-11.019629
-11.183092
-11.150406
8.68604
-11.186988
-12.7180395
5.7037735
11.189566
-12.720122
-11.011318
-12.705576
12.699902
-10.997407
11.186336
11.969976
10.983216
11.189295
-2.1815135
10.993523
-11.153986
11.18529
-11.007954
-0.52093714
-10.802317
10.672841
11.076751
-11.18583
7.7781954
8.984477
-9.136114
-7.905518
9.113339
2.4178436
-1.0632446
-7.413989
10.334495
7.813601
-9.1315
7.8099055
4.544854
-8.948681
8.340459
7.864472
-9.126032
-3.2694342
5.1563444
8.949712
9.138388
-5.7088127
-7.6701846
-5.413816
-4.645501
-8.999183
5.605795
7.895191
-6.9910874
-2.5687864
-7.7279844
5.3204675
10.368705
-8.992001
-9.132569
-7.9081483
7.7014766
8.990174
-9.122235
-7.9010205
9.1245985
7.766758
4.765543
8.528416
9.103294
0.7714105
8.852417
-3.8906803
-1.7552104
8.998167
9.119074
-7.895407
10.311339
2.3744383
-7.77628
-8.997074
10.3834305
8.997826
-10.380486
-8.976032
-7.7876053
-8.998938
-2.9708672
-7.7265687
-10.38542
-8.997605
-7.50356
-4.326348
-9.094279
-7.8941584
9.1162405
-7.9029946
-2.2557201
8.990864
9.1237545
7.9084177
8.9906645
-7.6970186
-7.7812495
8.99541
-1.85476
1.6657383
-9.005977
2.679559
-7.723322
-8.996612
9.128427
-0.99894947
-9.132952
7.8766418
-5.598607
-0.5322073
5.596949
11.186403
-11.168056
-12.664316
-2.243136
-2.758339
7.855609
11.189015
-9.847933
11.121383
-8.933207
7.827752
8.997426
5.645695
8.991586
-5.6131096
-8.976523
-7.8757305
-7.9098134
-4.8493986
6.9127793
-8.999654
-8.996479
-1.4567816
0.07734085
8.999676
7.9071546
2.7069395
-7.899577
-7.1184278
7.885282
-4.989736
-7.9084573
4.866597
7.9096437
7.908249
7.9080434
-7.7158046
-6.9554124
8.849638
-7.8986063
7.8971043
8.999276
-7.2975826
-5.5452013
-7.9081655
-8.990369
-8.992335
-8.984447
7.9029694
7.5589876
7.900173
7.806606
6.7908483
-7.9040785
-8.9990635
-7.900125
7.869394
3.3143258
5.2465186
-0.53974676
-5.5785446
4.2433877
-5.7145653
-4.530973
-3.879346
-5.596785
-5.578603
6.200551
-5.0795403
5.593978
4.0102086
-5.5939603
5.5995245
-6.356868
-6.347896
-5.596689
6.3592734
-5.520878
-6.351418
6.240088
5.5943117
-4.6293287
6.311333
3.3622825
-6.3496757
-3.8438423
6.356384
6.3126345
6.3572993
-5.5969043
-3.4836555
-6.355382
5.0114512
-5.5865445
-2.23116
-5.586578
-2.043245
4.9631352
6.333035
4.159761
6.349592
-3.8946104
8.285269
7.85772
8.037693
-2.8577561
-5.015843
-6.5076213
0.0
-9.548557
-12.435907
15.566941
12.553289
15.579808
-17.999464
-15.586294
6.0147643
15.5489235
-17.9902
-15.581069
-15.433577
-15.578905
-15.827469
14.62393
-17.98639
-15.572291
-15.827587
11.692533
-10.401422
10.636056
-11.904687
-6.0987053
-11.18023
-10.707116
-11.855809
11.002239
-2.9348187
14.53808
-11.873681
11.72807
-11.181374
-3.2607672
11.903362
-11.526837
11.189407
-11.224984
-11.89799
-2.6583571
3.1182964
11.135981
-5.28974
11.010863
-0.14892866
14.683753
6.6909776
10.154213
-0.7435577
-11.359731
-11.902113
10.787328
11.17235
11.170091
-11.019001
9.048554
11.04224
-10.112245
12.723302
3.5761719
-10.965441
-11.047807
10.517175
11.015958
5.0796995
11.188157
6.8357573
-0.15936719
-9.429539
-7.6103044
-12.729288
10.925083
-9.011768
-4.268561
-11.182553
11.00746
-11.169245
12.456952
11.017819
-11.183248
-5.049246
-11.019568
12.711402
-4.8224816
-11.018231
-11.188681
-12.712761
1.4410737
5.726544
11.144086
8.290628
-6.6953735
-11.188935
11.016986
3.3117642
-4.6086726
11.008859
11.1014805
11.1465845
-7.787791
-8.999722
-9.131034
-5.785825
-9.089101
7.8964357
8.260498
7.905451
9.042171
9.558782
6.116902
-8.41556
-8.27377
4.73737
-7.9592633
8.419289
-7.625826
-8.419344
-7.7673283
2.2195072
-9.137377
-7.8835263
9.136552
7.872105
6.5993357
-7.908051
7.823428
8.379783
-0.5975253
1.5226011
4.0064435
-7.888851
-9.139061
9.578941
-8.033574
8.408664
7.5647345
8.997778
9.127004
7.522912
9.137826
3.4127212
8.277121
7.8921175
8.028675
-6.0292053
8.956546
9.561014
-8.287745
-7.826124
2.289885
-8.272559
8.226269
-9.540066
7.7811456
8.994533
-10.385189
6.770139
10.382937
-8.996025
-4.9500093
-7.8789616
8.03417
-5.9613075
9.069524
-9.576801
8.289163
-7.884015
0.6279618
-8.416775
4.235608
-8.407043
-1.0129944
8.999388
-9.138049
7.8905435
-4.0942383
-7.903132
-8.285283
-7.9090986
9.128308
9.557059
7.9790964
8.416949
-8.281224
1.3605967
-8.030093
-7.0104294
1.9045979
-2.3015337
-5.5250287
6.358025
0.8309233
6.0187254
-11.186928
12.724841
-11.188185
12.706344
10.6234255
-11.093925
12.72358
8.127257
-8.054497
5.64603
8.96679
1.1799144
-8.97742
-8.997725
-8.995339
5.7155504
4.2785625
-4.5111575
-6.2102294
-8.967585
-8.999623
8.991477
6.329649
-8.999645
-7.9086523
0.39274335
-5.1880937
-1.811454
7.6955695
-8.968533
7.8959727
-7.909628
-7.9074745
4.2630234
7.9080887
-6.5435195
7.888826
-8.974748
-7.8640656
-7.8898835
8.989528
-7.9079447
-3.2189465
4.467927
-8.992703
8.985453
-8.992317
7.9053392
7.8735023
7.7710857
-7.332953
-7.7843018
7.9060793
8.987389
7.9047694
-7.6679487
5.5664015
-4.1270614
5.591688
3.893412
6.356802
-6.3095765
-5.580369
-6.195306
5.5986466
5.599737
-6.340688
-5.5672345
-5.599161
-6.3365865
-5.0351067
5.563027
6.1676455
-5.867425
-2.381098
-1.0974178
5.5216866
-6.3407874
-6.359572
2.0886314
-2.3148072
3.2166138
-5.595175
1.8780382
6.350988
6.3580985
-3.9294648
6.3596344
-4.584462
-5.5095115
4.7855554
-5.594181
5.5985494
2.9264498
1.2056592
4.972975
6.3467383
-6.351222
-5.5979795
6.3436913
5.5930643
7.7797775
-8.990622
-9.13817
-7.8860536
-6.7954454
2.203775
-0.0
-15.588394
10.440743
15.565487
-15.789877
-15.589206
17.999763
-0.12905963
11.599796
-15.5687895
16.374008
1.7019225
15.823327
15.554004
-10.755513
-15.464835
-3.669911
-15.569431
15.373257
-6.082746
-12.713839
-11.689352
-10.90873
-2.9918218
5.8127136
-12.9182415
6.7505245
11.018007
-12.721845
-12.612569
12.727307
-11.018628
12.7274885
-12.913872
-11.189239
-11.009534
-12.727995
9.976032
-11.166898
-7.153014
12.709632
-12.905861
-3.6677384
0.74242085
-12.532104
-14.699754
5.9337964
11.009511
-9.401698
10.666094
-6.153859
-11.016579
2.4592426
-1.7378201
11.017304
-4.5541615
8.446839
-7.7439413
-12.670543
-9.896907
8.688718
11.187192
-11.182001
11.004812
11.183243
-11.1837845
6.317153
11.189617
11.179182
11.017817
-5.597941
9.888925
-10.918159
-11.184425
7.1858864
-10.985981
11.166823
-12.723725
11.005227
11.170808
-7.1017876
10.99186
-12.711122
-5.1272
-11.016414
11.141291
12.727964
-11.018121
-2.6603434
4.581624
-4.542819
11.181226
11.141041
11.016567
-12.721177
10.907024
9.2437105
11.055456
-11.184119
-7.7724247
-7.8911433
-9.13884
-7.9018135
8.032657
-4.6064534
-7.724298
8.978363
-3.8658085
-8.100897
-9.115837
-7.898675
-7.7889485
-4.446307
4.890157
-4.1407433
8.875572
7.906628
7.735275
8.99787
2.2012033
7.905929
9.136855
7.753836
-6.124964
-8.966319
9.130818
-3.734107
-9.121941
4.3402753
-7.03075
-8.998696
-10.380343
-8.981372
7.1649494
-7.906153
7.778847
8.989711
-9.085826
7.82825
-9.121121
7.7695565
7.7449083
-8.996021
-7.862923
7.9072595
-10.385782
-8.998871
7.786471
8.872031
9.129394
6.9557633
-3.513955
8.9958515
-0.65137184
8.995601
2.70349
-8.958151
-10.3871
-8.947934
7.7890654
-8.991476
2.945594
7.8844724
10.387161
-8.98251
7.7289934
8.987134
-9.048611
-7.8640394
-9.138005
7.8328314
7.754321
8.987655
-9.124591
7.903134
-9.138094
-7.9088135
-7.51309
8.994916
1.8463987
-8.994899
9.138688
-6.212609
-7.6305323
-7.7146225
9.122831
7.9064465
9.128159
-7.908266
-1.8469323
6.3575788
5.4719963
11.180363
-11.179562
-12.683708
-11.187396
-12.5371475
-11.181081
-5.662209
7.915425
-11.183933
6.8876038
-7.7304897
-8.985004
-7.908991
-8.9774065
-7.713328
8.999499
-7.9054947
-7.902788
-8.985479
-7.8941483
0.7460152
-8.953893
8.993502
-7.9066353
8.984326
4.7951903
-7.8912663
7.906952
7.889887
7.906746
8.963078
7.8220167
7.8825636
-7.8877597
-7.8717203
7.908387
-6.728845
7.7771616
8.979938
-7.896267
7.9034176
7.248941
-0.2092267
-8.990476
7.8942103
8.924661
-8.751088
8.98862
7.878634
-7.9096036
7.8326573
7.9029107
4.5084825
0.2852611
8.998161
-7.9012527
-7.390878
-5.5681934
-6.3547764
5.5986595
-5.5984898
-6.35726
5.8622265
-5.535402
6.3588758
5.564935
5.591304
6.1640735
5.5887566
-5.580289
-6.353085
-5.5968294
-5.589248
6.350899
-6.3443365
5.5982666
-4.6538577
2.2100368
-6.1379547
-6.3527265
5.5994687
6.3564124
6.3506856
5.594198
-6.334806
-6.3537645
6.2831783
-6.346071
-3.7870271
-3.431079
5.090746
-6.358199
-5.581478
-5.583644
6.359814
3.4781396
-0.09585968
3.7474186
6.356319
5.5878444
6.3535986
0.42214918
-8.281203
7.884306
8.026056
8.416842
8.037286
2.2311215
0.0
-15.578843
-15.823627
-15.581703
1.6984372
15.490619
-12.069628
-13.925092
15.826847
-4.2514358
8.154861
15.571173
15.828457
6.675226
2.8765535
1.0344434
-17.999626
-15.509368
15.70056
11.017404
-12.719109
-12.867408
10.626805
-11.000019
10.728305
-12.910005
-9.964786
-6.8718424
7.8798084
14.68887
-12.717018
-6.4937654
12.718009
-12.9026785
-11.187772
-11.571408
-11.176153
-6.2892976
-11.892827
10.906822
11.158852
11.367673
11.89484
-11.007325
12.61162
-14.696885
12.729029
8.394483
-0.71938634
11.339926
-11.905586
11.019502
-2.264623
9.365324
5.8237576
-11.187036
11.185616
-10.994211
5.328713
-11.185074
10.988989
-11.159568
-11.098238
-10.908736
-11.171269
11.185346
11.015437
11.183693
-11.188982
-7.9062495
8.912077
-11.174196
11.004395
-11.181703
-0.32270247
11.013687
-11.157089
12.620241
-10.883682
11.065032
-12.689978
-11.010915
12.722328
-12.71171
3.7277439
-11.1461735
11.656226
11.00747
11.187234
2.363967
10.913207
11.178998
0.48481068
9.543171
-12.709512
-11.168311
10.829131
-6.817174
11.183674
8.289336
7.9087496
-8.0365505
8.419327
-7.9876933
-8.401463
8.288254
-7.8854494
7.951542
7.424707
-8.03703
-1.8392925
8.288116
-0.45751807
7.420885
8.372125
7.0926027
-8.419109
3.504156
-7.8754435
8.034347
8.402495
8.028935
8.411403
8.257772
7.8943243
8.037862
8.419372
6.37605
-8.382173
-8.282924
7.9089007
-9.137954
9.527872
-8.03781
5.744974
8.278699
7.906573
8.013079
-8.417366
-2.5802104
-8.41394
7.7887726
-8.930753
-4.87344
7.9028544
-10.381798
-8.998035
-7.765842
-7.0847454
-9.126739
-7.90582
-6.5098276
4.0714526
-7.781192
8.996343
10.386127
-7.203553
0.6542231
-8.964418
7.490214
-8.997831
-9.1283
7.902996
-10.155925
8.968195
-8.2642975
3.858517
-5.234318
8.414882
6.6284714
0.7892164
8.289907
7.889802
8.037731
8.419042
-8.0364485
5.3841405
8.281473
7.869051
-4.647961
9.575066
4.2130523
-8.418838
-8.275264
-7.9083614
8.038458
8.399416
1.4236138
8.4087515
-8.282231
-6.6901608
8.038407
8.413922
4.329848
-3.746473
0.0
15.58819
15.811965
-6.356232
-15.827415
15.588915
-17.992239
-15.579076
-15.827896
-10.945907
17.97942
-15.5781
4.6153297
15.58653
-15.827535
-15.405063
-17.998219
4.3327966
-15.7574215
4.038152
11.186575
11.35764
2.406475
9.025086
-3.2890954
-11.365039
6.05791
11.013736
1.7058412
14.55968
9.399321
-11.707448
-11.160069
11.204839
-11.902329
-4.426954
12.577644
-0.69796556
4.9919176
-6.160214
-12.728948
11.795976
5.4171753
11.001652
-12.718059
7.895303
10.794545
5.537104
-12.711307
12.850378
-11.188651
-6.9071655
6.347406
-7.961647
6.6002936
11.186064
9.07608
-11.019278
12.712292
-11.172872
6.2483478
11.121638
-9.062824
10.994467
-11.17116
11.188515
9.845689
11.15719
-11.180935
-11.015815
-12.439172
11.081887
11.018917
-11.153289
-5.108001
11.017503
-11.188075
12.680515
-11.018387
2.7565963
-12.718506
11.01845
1.5576411
12.45118
-11.016653
11.08861
12.729018
-11.016516
-8.929602
-11.092922
-8.95013
-11.17601
-8.309967
11.01098
-10.01013
-11.1868925
-8.21567
-10.018594
11.188967
-4.9657636
-7.8767595
-8.033317
8.415093
8.038354
8.3570175
7.787812
-8.942899
10.380311
8.99607
-9.138341
4.111048
8.281472
4.180949
0.56477964
8.230203
-8.039846
8.416814
-8.268115
7.908182
7.7828803
2.933787
-0.5959945
-8.417216
8.244818
1.3356029
8.038673
-7.9259605
8.03202
8.382962
5.7712293
-8.991436
-2.6748745
8.997395
-9.139429
4.798677
-8.286861
1.1364107
8.001816
-8.374919
8.02385
6.939034
-8.274067
7.9083033
-8.039798
8.306214
9.133303
8.295541
-5.4223456
-7.9063263
-8.0273485
-8.417851
9.139146
-9.572323
-5.1304574
8.996832
10.382719
-8.965639
10.372854
6.3503323
-5.3472557
-7.908912
2.6337523
4.5715594
-9.102774
9.540157
8.286484
-7.90926
-8.014386
-6.520047
6.0269966
-8.416562
-8.270571
-7.682341
-5.147448
8.416587
8.032806
8.406
7.789211
8.998669
5.7007403
-4.0511975
-9.135013
-7.9092894
-8.253957
-7.897283
-7.972575
-7.2716146
-0.9493676
-5.880619
-7.7674637
8.981238
9.113214
-7.9089584
8.032926
7.908183
-0.0
11.603522
15.823012
15.589004
15.829667
-11.914375
-17.818413
-15.587723
15.827153
-15.588362
-17.916494
-3.2430696
15.824324
15.5879965
-15.828328
6.676958
17.973724
15.577179
15.809432
11.019139
9.740858
-12.918708
-4.888805
-9.491609
-12.728595
12.893779
-11.182136
6.4024854
-12.717561
-14.621432
12.7279005
6.7693696
-12.723636
-11.875914
11.179087
11.00344
2.0347936
-12.919817
11.053797
-11.008337
-12.72709
10.970554
2.359127
-11.017514
-12.729448
-14.689789
12.728086
10.727881
10.309026
-12.908003
11.037905
11.015829
6.2217736
-11.187231
11.015904
-11.1784115
-11.187559
-11.017273
10.109787
11.188661
8.994898
-11.181816
11.189626
-11.019599
-11.113768
11.187534
-10.985514
11.179986
-11.16263
8.449367
-10.056942
11.186735
-11.019877
9.577898
11.148854
2.7463644
-4.0023136
-12.668929
10.99106
-11.188897
8.992965
-11.01837
-12.724737
12.693629
11.019067
11.188125
12.729809
10.909522
11.186193
-11.188754
-10.988885
-10.249254
-2.9183767
-5.406279
-12.522138
11.166434
-11.008872
-11.183793
-3.2393167
7.6688495
8.990094
-9.134552
7.8720207
-7.7915115
-7.9014907
7.73692
0.014185687
10.387081
-8.999572
-8.007496
7.8893747
7.781468
-8.97564
-7.3581476
7.904628
9.139104
-7.8988466
0.6205657
-6.530431
9.137727
-3.647668
9.12524
-7.9068384
7.788189
-8.9989605
5.042572
-7.89993
9.137607
-7.903357
7.7834635
-8.93483
-10.38347
8.97878
-3.0127752
6.773063
0.16855998
-8.994103
-9.11767
7.907298
-9.13298
-7.8966413
5.757037
8.985624
-5.5953074
7.908089
-10.371175
-2.084362
7.784145
0.9532066
9.104838
-7.7626243
-10.385581
-1.7000241
7.7848816
-8.988976
10.346123
-7.785472
4.7589035
-8.997299
6.5656595
-3.7361667
8.324684
-7.9096384
10.381406
-4.9352603
-7.7550454
8.997737
-9.133021
7.9070387
-9.12947
6.5291276
7.788898
-8.9588
-9.083093
7.285686
9.124122
7.8971014
-7.789502
8.985617
10.364182
8.884486
-7.582046
7.889517
-5.5647235
8.987694
9.1351185
-6.732006
8.625523
7.617469
-5.4977207
-6.3597307
-5.5964503
-11.186848
11.187682
3.8120103
11.1445875
-4.169329
11.189675
-6.5438757
-12.675912
11.1853075
8.984951
7.909169
-8.992832
7.8383846
-8.991756
-8.99343
-8.995457
-4.719648
-5.0586696
8.684964
-7.904046
8.990419
-8.999321
-8.998282
7.9049864
5.923082
-7.8825455
-7.894146
7.902027
-7.862003
7.904587
8.990585
7.8784704
-5.57733
-2.5882778
2.0884016
7.908704
7.4372077
-7.8638587
-8.993659
-7.8157363
-4.6741233
3.5974183
-5.364024
8.999448
7.8943977
8.998911
8.715499
7.5183682
7.909704
5.056921
-7.5709076
-7.8323298
7.9067535
-7.9074225
6.785774
-1.6221464
-5.9050317
-2.6636348
-6.329081
5.512716
5.5899744
-6.3401604
-6.0816545
5.095317
6.350213
5.5994515
5.591048
-1.4780427
5.5900226
1.3553587
-5.9221687
5.5949035
4.452453
-0.4617541
-2.533902
-5.5683174
-6.330518
-5.5729265
-6.359535
3.8894477
5.5942116
-4.891078
6.347188
3.4938877
-6.359648
5.461738
6.3484287
6.3581862
6.004233
-5.2908325
5.599169
4.5000367
5.5995855
-5.510289
-6.357709
5.599711
-5.5910063
6.352506
-6.3560023
-5.526528
-6.2544527
-5.591489
8.23571
6.9878993
-8.031831
-1.4980272
-0.9641095
8.405476
-0.0
15.562142
15.815287
-10.001514
15.661561
-15.542659
17.997622
15.49048
15.720108
13.3571005
17.94602
15.302341
10.023866
15.586037
-11.659438
-13.604915
15.434152
15.589333
15.8298435
11.610986
-11.18786
10.866923
11.421278
3.4919243
6.0840874
-11.369724
-11.909817
11.010117
2.8576016
-14.248337
12.244708
11.724799
4.2981653
-11.360296
7.5759773
8.395573
-3.7567518
-11.36951
-11.613328
11.724495
1.1608061
-6.23647
11.23095
10.263467
9.243379
-14.695433
-12.695243
11.723946
-8.850744
-3.4668634
-6.7488565
-10.884674
-11.162995
-11.1874895
11.004898
-11.180444
11.167841
-0.7239203
12.72976
8.176177
-0.47076416
11.189297
-11.174584
-11.017503
-8.172758
11.174694
7.777364
-11.16227
-7.8286767
-0.41901237
12.614096
10.718651
-7.4007287
10.989594
11.181268
11.003785
-0.9420083
-12.609898
6.7627764
11.175504
12.726341
-10.755939
-12.717956
-11.546739
-11.009291
11.187001
9.608623
10.615764
-6.8276205
-4.523949
-4.858418
11.048357
11.189503
4.0736856
12.7188635
11.18616
11.013301
-11.184387
1.502171
-7.783758
3.8769515
-9.136109
-7.689983
9.1327305
-7.6911473
-8.274946
-7.360051
-7.1327963
3.0746655
-8.030827
-8.393664
-8.280892
-7.9072504
-8.003586
8.395292
7.949429
-6.6048765
-7.7333083
-8.996972
-9.13834
2.5549002
9.122935
-7.8343
8.241781
-4.7978816
-8.038329
-8.404335
8.027041
-8.413264
-5.528371
4.7617183
9.130143
9.553444
-7.74738
8.419037
7.7870703
8.954086
-7.9819336
7.90303
9.129857
-2.5676215
-4.3066425
-5.7817917
-7.8484197
5.4603906
9.138495
5.652059
8.28394
7.908112
-7.9986706
-8.407137
-8.99637
9.579129
6.9105735
-8.985301
-10.388865
-8.976995
-10.387242
-8.993192
-7.992064
-7.8983984
-6.0839133
-3.1659799
7.4252872
-9.379234
8.206328
-7.909022
-8.031885
-6.469106
4.2692447
5.1510453
-7.767181
-8.993377
3.1533535
-6.303651
8.19475
6.6777887
-8.281272
-7.888027
-9.134496
9.577127
8.006087
8.413929
-8.267399
-3.2939599
-5.029341
5.930134
8.0039215
7.5331025
-1.4596183
-6.244693
-5.584753
10.304184
11.188512
-12.725696
-11.18366
12.728664
11.189616
-11.176744
-1.8226804
-11.174726
-4.232782
-7.886489
-8.998534
-7.9057803
8.99951
-8.644908
8.929896
-7.815503
-7.9093456
-8.997652
7.9067736
8.144243
8.991884
-8.967321
7.9078035
8.999397
7.875876
7.82589
7.9028697
7.8827977
-0.20230474
5.063911
-7.9075704
-4.257632
7.873371
-7.909142
-7.907529
-5.608782
-7.890366
-8.943767
6.6089845
6.722776
-8.9943285
-6.6748147
-6.559407
-7.8893833
5.5793824
-7.518218
2.9430194
-7.850338
7.5573106
-7.8917756
7.8940954
-7.8833885
-7.9074435
-8.995544
7.9001865
3.7461293
-5.102282
-5.491534
-5.585976
-5.596562
6.2987924
6.3063245
5.5915947
-6.359784
4.7444363
-5.0237136
6.347694
5.5531263
-0.3160871
6.347928
-5.514747
5.5430865
-6.3578873
-6.356262
5.49878
-6.358224
5.571947
6.0006075
6.3448467
-4.43751
-5.4715314
-6.211096
5.594026
-1.9731814
-6.3590183
6.345191
-6.1920056
6.352331
-5.5946865
1.6697888
6.201806
5.5989246
5.5986876
-6.359621
-5.586973
-5.522972
6.2871943
-6.3557553
5.5844736
1.8139182
5.5890956
-7.7861133
7.661749
-9.138903
-7.9054556
-9.118123
-7.8241053
-0.0
-15.577893
-15.820904
15.07862
-15.825523
15.354079
3.7167473
-15.587361
-15.825004
4.4869184
-17.622488
15.58399
15.806068
10.106689
15.826299
-15.584784
-11.241126
-11.208584
15.823714
10.869154
-12.729395
-12.917887
-11.18137
11.01731
12.701888
-12.909423
-4.3580203
11.013252
-4.349913
-14.628177
-12.721997
-8.6579
5.7328544
12.916128
-11.117509
-10.360574
12.457338
12.91913
11.182601
11.014747
12.72632
-7.9205494
10.961477
-11.015497
12.721462
4.24505
12.716555
9.61111
7.824058
-12.830002
11.132618
10.998047
11.179406
11.186862
-10.998909
11.186708
-11.032514
-10.996717
12.266477
7.946092
11.016177
11.171615
11.179354
9.5596075
5.8156533
9.3882265
11.01648
-11.1847925
-10.738851
-6.6853194
-12.725807
11.168776
-4.918894
-9.386036
0.16548793
11.017544
11.183992
12.717825
-10.366404
-9.732886
-12.713317
-11.011926
-8.226183
12.7279
-10.931176
11.189716
12.727944
9.56665
10.601147
-11.133319
10.18797
11.114084
11.1854315
10.706942
1.3938432
11.140184
11.017801
11.185945
3.4936655
-5.7428136
-0.5580462
6.4468107
7.894226
9.086618
-7.887487
-7.7878895
-8.70734
10.348333
-8.997767
-2.5854003
-7.9086533
-7.766218
8.878488
-9.135418
7.9062166
8.981663
-6.5983915
4.107104
-8.9970455
8.075785
-7.889692
9.126835
-7.9099584
-7.7002177
8.861841
9.021589
7.8682356
9.1298275
7.8875737
-7.7592254
-1.892553
10.368192
-2.770066
-9.009619
7.891602
4.36146
-3.1919167
-6.5381885
-6.0950384
9.137453
7.9014487
-7.784713
8.794272
8.828086
7.9017854
10.290919
-8.999182
-0.10236038
1.3608967
-7.2101493
-7.7938085
-10.384626
0.18967848
-7.765834
-8.872604
10.384224
5.8881474
-10.38444
8.635516
7.7679677
-8.972773
-2.3820422
-7.8731766
-10.307753
-8.98929
7.775798
8.983716
9.127789
7.8945813
8.528205
7.9084315
7.753321
-4.8349423
-7.178912
3.456174
8.46794
7.102391
-3.7961438
8.927177
-10.388871
-8.326232
-9.115603
7.890246
-7.7895966
5.5696154
-7.936777
0.8994636
9.138507
-7.908799
-5.590674
-6.2793794
4.4984317
11.18886
-11.189255
-12.702201
11.1785555
-12.729517
2.0683405
-11.1888485
5.778533
-2.1071694
-8.121271
-7.9089484
8.999191
7.8981977
-8.978752
-8.8246
8.998024
7.9087043
-7.9069815
8.99182
7.7565055
8.976174
8.994459
0.117792495
7.9079757
8.942383
7.9070864
-7.8630586
7.8860116
5.573641
1.1989067
-1.8810109
-7.7988567
-4.219736
6.72837
-4.3637443
-7.9044824
7.907827
0.280223
5.528789
7.9076095
-7.814048
-8.992333
-3.2451317
8.888981
-7.9021964
-2.8877678
0.23085384
2.1728706
-7.8870935
7.851259
7.863397
-7.9073386
-7.9006515
-7.9087806
-8.960501
-7.9095993
-7.9080195
4.1689963
-6.262366
-5.5970254
-5.488152
6.3591385
-5.968332
-1.7209965
-6.289074
-5.589787
-5.5927496
6.359159
5.593948
5.5807724
-3.6190076
-5.527135
-5.592667
6.3591223
-6.331966
-0.13055953
6.338236
-5.597662
6.3587704
4.5638266
-5.5865235
-6.351224
-6.3578243
-5.591405
-6.3429804
-6.33538
-4.181721
6.3587527
6.3575344
5.5943522
-5.598574
6.3585806
-5.574444
5.315142
-5.722401
5.5982337
-5.592892
-6.356513
-3.1896164
-5.5981116
6.359557
-5.599321
8.273
6.3941574
-7.9443974
6.8403225
-7.989912
8.3846655
0.0
-15.454278
15.827791
11.007543
15.3665495
-15.434163
12.255139
-15.484933
15.764183
12.615597
17.93531
-11.124574
-15.788062
15.441439
15.826724
-15.539212
13.017729
-2.457079
15.825155
11.016197
-12.72059
12.911764
10.42158
-10.144768
-4.8376875
5.6177664
-1.6701761
11.005348
-12.728343
-14.666158
12.727488
4.2113724
7.8142557
12.918649
6.461699
-11.729152
-5.9215827
-11.336699
-11.905545
6.5755563
11.081639
-11.368088
11.904797
11.018673
8.844027
-14.622559
1.5240406
11.70643
-5.418213
-11.369511
11.805416
11.015726
2.137616
9.810661
-11.0196705
-10.48218
11.187891
-5.3269477
5.952159
-7.139864
-11.014163
10.060295
-6.9543896
-10.989965
1.7553031
-11.160706
10.980203
-10.987621
4.628401
-11.018728
12.714287
-5.891348
11.010885
-11.177217
-8.942273
9.34102
1.6906533
-12.633997
8.520941
11.189126
-6.838314
-10.479653
-10.286775
-12.360103
0.84285474
0.6756894
-12.7015705
-11.015863
-11.182253
11.180201
10.873017
11.182278
-11.169456
-11.017756
12.727548
-10.827667
6.5062227
-6.624227
11.1801815
-8.284368
7.9091296
8.037285
-8.405788
-8.022717
-1.5522321
-8.118639
-7.9070873
3.8313048
-9.046366
-8.003821
8.405981
-8.272888
4.330851
-7.8630695
-8.402878
7.992044
8.416613
-4.422001
-7.9091263
4.9269
-8.268694
-7.6652865
8.29792
-8.280798
6.589377
-8.036194
-8.339604
6.46776
8.409878
-8.288872
-1.289229
9.130777
9.093941
6.8496737
8.357295
-8.280638
1.4776903
-6.6243095
8.4196005
-5.892233
-8.418708
5.653043
8.99787
-9.092709
7.8101354
-7.8220034
4.833436
-7.779467
-8.9875145
9.059399
-2.4739702
3.7747262
8.96049
7.701316
8.992297
-9.554306
8.955026
10.348679
-8.551572
-7.7723074
-1.1660402
-6.2756004
-0.27443516
10.296697
-8.993275
-8.285747
-7.8660784
2.4080102
8.419248
8.038505
8.358707
8.267386
-7.909286
-8.019866
-8.391516
1.2288374
8.370748
-8.228049
-7.896683
-8.709887
-8.131869
8.032963
-8.393914
-7.606947
-6.213567
-7.6474156
8.164949
-8.025375
8.402478
-6.71964
7.905904
-8.033745
-4.579137
8.038293
-8.372967
-0.0
-15.586538
15.646024
15.558847
15.828218
15.578138
15.0030775
15.582254
-6.4816775
-15.581279
17.999498
-15.587272
-15.8132
15.526124
15.82955
-2.3044095
-17.994967
-10.304551
15.761686
11.366949
-11.18761
-11.302689
11.719053
11.687671
11.167101
11.355347
11.908519
-10.987466
-12.714998
-14.690573
-12.722691
11.714164
11.186465
11.3620825
-11.909288
11.00005
-12.413946
9.01306
-11.16587
-9.509405
12.636425
-12.720287
11.188587
10.988257
-12.67295
1.7826669
-12.7161455
-9.493913
-12.72327
12.90917
11.180244
10.995323
6.9649777
6.9802227
-11.006378
11.172864
-11.1745405
2.9262245
12.562261
-11.189297
-6.1777077
-11.037599
2.9296148
11.017549
-11.160143
-10.210668
-11.00981
-11.152966
-11.119215
11.006455
-12.728838
11.182584
-7.7317877
-11.188728
-11.181796
8.226192
-2.301696
5.7671466
-11.000498
11.185854
-9.992771
-11.004805
10.985687
-12.72947
-11.017997
-0.24353486
-12.525436
11.018577
-11.152646
8.819893
-10.999853
-1.2644602
-11.186633
-11.008121
12.726236
11.158463
-11.007297
11.187057
-3.6037028
-8.283407
7.886018
8.010361
8.419094
-8.035509
2.5337074
-7.673461
5.4467344
10.322751
5.871192
5.978749
7.8047004
-8.283205
-7.9079976
5.881328
8.417842
7.1168814
-8.419271
3.2890184
1.8545465
4.4457583
-3.131021
3.2563736
5.0273027
-8.278522
-1.5934782
-8.029124
-0.37781176
8.036139
8.41734
7.763181
8.908097
4.4594884
8.987437
9.101991
7.6871605
-8.287306
-7.0492897
-7.7125444
1.0695848
-8.039882
6.622319
-8.183382
7.857303
-8.034582
-8.282517
6.0073485
-3.9713328
-0.5373366
-7.9045906
8.038922
8.40983
-9.112773
9.511523
-0.44310123
8.666495
4.5361223
-8.999727
6.3311567
8.981749
-8.27962
-2.4816258
-8.037202
8.302965
-9.109948
-7.3552446
-8.276769
7.909555
-3.9024765
-8.13582
8.039045
-8.376358
-3.3276842
-5.433863
6.9400687
-8.417852
8.020316
8.287387
-7.787702
8.997819
-5.461869
-8.813362
-9.137955
-6.1273236
8.283472
-0.4748949
8.02162
8.400171
-7.980644
8.332926
7.783986
7.597456
-9.135717
7.9015093
-5.808318
7.8956037
0.0
15.584011
5.522588
-13.585673
-4.564665
-12.540203
17.96409
15.581072
13.550808
-13.284716
6.1945844
15.576347
-15.827772
15.579744
-4.6417866
15.544568
-17.995087
15.583837
-15.502406
5.365475
12.727387
-3.8985565
-11.187585
5.0343146
8.020468
-12.908527
-11.188241
11.019022
-12.256808
14.687302
-12.22588
-11.006097
-11.751058
12.901415
-11.182579
-6.6426864
-12.71883
-12.878427
11.187604
11.003665
12.728102
12.86094
-11.168799
-11.017591
12.728275
-8.079389
12.724937
-11.01557
-8.696747
12.897967
-11.088115
11.019372
-10.654039
11.123551
-10.998336
11.187537
10.330022
-2.725077
2.7283456
-11.186886
-0.084282376
0.1301646
11.155586
-5.602607
-9.974901
-10.949668
2.8039799
-5.3563066
-11.1849785
-11.00944
-6.831692
-7.6213346
-10.919737
-0.76703143
11.189518
10.793083
-11.180909
12.693386
-11.012596
-11.151444
-7.1002846
10.986306
12.728598
-7.937689
-7.4409833
-11.124393
12.633144
10.653871
11.062536
-11.182934
11.004915
10.732722
11.186342
7.9367857
-12.714091
-8.650451
-11.015787
11.188701
-0.7188478
-7.218691
-6.4829636
5.6912856
-7.7188797
9.1243
5.5552187
-6.4191904
8.995602
10.389916
-8.979244
-9.13796
-7.898893
-6.7125854
8.984203
-4.0432425
7.9009686
9.132586
-7.8987074
-7.780856
8.993204
1.7204455
-7.9053736
9.138206
-6.8766885
7.7893505
-8.999311
9.13717
-7.561843
-9.124783
7.9092
-7.4302316
-8.990558
-10.385456
-8.809038
-9.124446
7.8645563
7.778952
-8.536937
0.6217489
7.867213
0.4872623
-5.681654
7.658598
0.519597
9.072407
3.8566303
-10.35297
8.949527
-7.7804546
8.957273
9.134339
-2.138536
-10.387158
-8.999603
7.777354
8.996581
10.22873
6.706691
-10.385438
-8.997358
-6.5516877
-8.988257
-9.0655775
-7.9064136
3.7828555
-5.094002
2.2881732
-8.998779
9.099158
7.9002357
9.138486
-6.0446672
-7.7421355
-8.995838
-9.138125
-5.954701
9.137064
2.1654778
7.5199313
-8.954476
-4.7981396
-8.930654
9.135039
5.269138
7.7424355
6.8489122
-3.3704422
7.540003
-9.13758
-7.900694
-4.979824
6.3460646
1.951567
-11.103772
11.173006
-9.163192
6.9336004
-3.9724534
11.170263
1.5500942
8.7763195
11.182576
-8.993718
-7.864796
-7.9744644
7.907378
-8.99377
5.468312
5.7117977
-5.6565886
-7.9098005
-8.97148
2.9832811
3.9655778
8.925503
8.92321
-7.908843
2.2252758
7.9065804
7.896564
-7.8634505
-7.890482
-7.9037876
8.466221
7.797021
-6.742135
-3.2443154
7.825523
-7.9020534
-7.9089317
-7.8864775
-8.967841
7.902326
7.906488
8.939647
-1.696862
-8.998229
7.8963804
-8.997319
-8.998822
2.3946033
6.3241215
7.908325
7.9024653
7.9016
-6.230156
-7.907421
8.994533
-7.9069567
7.3645477
3.6550212
6.3565245
-5.596854
5.05979
-5.2088585
6.3555646
-5.591992
4.423277
5.5862474
-5.59624
-4.179775
5.596594
-5.5945253
6.351009
3.837362
3.4389083
-1.3874582
6.2740936
-3.795137
5.09073
3.9359565
6.358791
-5.854945
5.5979896
6.358786
-0.6506723
5.599547
-6.353198
-6.3556747
-6.3594446
1.1287552
-6.347235
4.256704
-5.597059
5.998286
2.8259344
5.599755
-5.7914095
-5.518423
-5.575058
-2.8904717
-6.344333
-5.5972285
-6.3590746
-1.3480853
-8.2887745
-7.827044
-7.9755125
8.398642
-8.007999
8.264308
0.0
-13.365746
-13.592859
-7.848146
-15.799789
-15.496366
17.942574
-15.576665
15.816308
3.672494
17.362698
9.834446
-6.3639936
-13.215158
-15.699594
8.220354
-17.819075
15.580648
-15.8227415
11.654634
-2.2461948
11.367763
-11.909613
-11.511901
11.176659
-11.341758
9.391569
11.016324
12.005694
1.8440346
-0.39476284
-11.726636
-8.062754
11.369777
5.882855
-11.701091
-11.171249
-6.79712
-11.906877
9.337909
11.1877775
-11.363823
-10.203271
11.014491
12.717598
-8.16297
12.723586
11.729755
11.181055
-2.5478258
-1.742657
-10.99045
-11.182868
10.5342865
-11.015839
-11.184999
-11.186124
-11.0164385
-12.729043
4.909689
-4.4801555
11.009008
5.7016587
10.983675
11.188011
0.62471306
9.907368
11.122407
-10.588995
-11.002812
-5.3556495
-11.175626
11.012849
-11.138111
11.133754
8.697216
-11.141014
-12.689122
10.982144
11.149685
-12.698301
11.014444
8.865749
10.077731
-11.018255
-8.024474
9.26542
-7.420843
2.4252183
11.182192
10.981376
-5.6708574
11.140479
-11.004885
-12.715821
6.573656
1.6441193
11.141314
-11.181543
7.78172
8.19528
9.123816
-7.79338
8.827606
7.8969297
-8.162875
-7.8882184
9.130076
9.578301
-6.682615
-8.415815
-5.092215
-7.8761106
8.023419
-5.1890717
4.123922
8.409834
7.70612
-8.962662
9.1356325
-7.8303356
-9.136121
7.9003897
8.286435
-7.891773
8.034178
-2.4080033
-4.4014387
8.405272
5.3107624
7.8955574
2.0291877
-9.56741
-8.010126
4.802474
-7.7868075
-8.991956
9.127056
6.3723407
-9.1384115
1.9614546
8.284249
-3.5663722
5.3748465
-8.409524
-8.803168
9.578321
8.286881
7.8675675
-8.001194
-8.415358
-8.962753
9.574295
-7.746632
8.8762665
9.0993805
6.1766725
-7.998771
-8.991907
8.285624
-1.5312599
-8.014917
8.406989
9.134779
-8.621229
8.282673
-0.44049698
-4.5920906
5.387192
8.026498
-8.409577
7.7502
-8.891336
0.8619746
1.7943902
9.111695
7.8962746
-2.774783
7.8994303
-9.114685
9.055767
-8.015012
7.278265
-8.287545
7.250884
1.0624603
2.4524748
-8.038533
7.959931
5.552974
-6.3513246
0.132902
0.6091945
7.2568684
5.5111437
11.153031
12.710175
11.177131
11.1271105
-8.396895
9.554401
-8.985236
-5.797063
8.99931
-7.903679
5.0455136
8.995205
-6.836282
-3.1252248
7.9077473
8.9427395
-7.908746
-8.998338
5.355502
-5.6900163
7.9018183
8.967682
-1.3787415
-7.905787
-7.875935
-7.9077826
0.48527202
-4.3179946
7.9092655
-7.5117464
7.886608
7.9058414
7.9098783
-7.8890743
7.2469873
8.883715
1.4141263
7.8428535
8.980584
5.81095
-8.983837
-2.0392406
-8.873157
8.97418
-8.989978
-7.905601
5.2837467
-6.955374
-7.893805
7.8872485
-7.9070683
-8.884821
1.1984884
-7.878245
-5.594902
3.3942523
-5.5997143
-5.5546756
-6.107526
4.433681
-5.5890603
-6.3423605
-5.597947
-5.473742
-3.2903185
-2.608334
5.565222
-6.3536434
5.5981035
-5.59939
6.3485284
-6.3233643
0.32828552
6.3438907
-5.592023
6.348089
-6.3579907
-5.594368
-0.5114737
1.3599353
-5.5972805
6.3153114
6.3581114
6.3583145
6.356809
6.3563595
-5.5613914
-5.588495
-6.3599663
-5.5655994
0.26705343
6.3375516
-5.5966926
-3.4886408
6.2457013
2.7873094
1.0014343
-4.581121
5.5897946
-7.7525187
-8.867898
-9.1247425
-7.8602977
-9.107392
-6.8815203
0.0
-15.285277
15.3216
-5.2494283
-15.7472
-15.583285
9.395786
15.587321
-7.1183524
-15.587008
11.10539
-15.585378
-15.828678
-15.579496
10.2649355
8.303023
-17.55396
15.493993
-15.824057
11.007753
-11.775003
12.9170685
-11.18268
-10.855194
10.48252
-12.9117155
5.5138893
11.003452
12.717699
14.669677
-12.713423
-11.019361
-12.716538
-9.679047
5.1042104
5.6874223
-12.727187
-12.787477
11.180996
11.018341
-12.697722
-12.91859
-11.1517
-8.192625
12.635374
-2.557368
-12.729205
-1.0670426
-12.723594
12.912606
11.170965
2.7642047
-11.185273
11.184307
8.107211
11.18844
-11.114147
11.019584
-3.0488107
10.405357
-10.808854
-4.892192
11.178268
11.015188
11.177029
-11.1862755
-8.966884
-11.027124
11.181708
11.007816
-12.727457
-9.396912
-9.86711
-9.006394
7.801044
-6.563899
-5.459193
-12.723363
5.819851
-3.1757517
12.7235565
-10.92171
1.2056314
10.145166
10.9676695
9.8484955
10.499142
-10.787793
-4.958624
3.122077
-10.991746
-10.306241
8.32258
-8.73235
12.717479
3.988633
10.963775
-11.18005
-4.8826246
-1.398121
8.893084
9.127774
-7.901252
9.138341
7.9054217
-7.758455
-3.7911549
-10.342838
-8.96626
9.137733
-0.59687656
-7.7384343
8.92683
-9.134759
-7.9096937
-9.123084
2.9882329
-5.5392604
8.999319
9.133158
-7.8996415
-4.45325
4.0008726
-7.779864
-8.999341
-3.6372344
7.9037642
0.36436453
-7.909154
-1.7948012
-8.909986
10.387702
8.992062
-9.118726
7.907448
7.7848544
7.940472
-9.041689
7.887261
9.136265
-7.870489
7.703907
-7.882962
-9.1292515
-7.908158
7.585423
7.54926
-7.7408905
8.975577
-9.132635
-3.7885895
-10.388712
-0.8219682
-4.918867
-2.1831431
-2.254696
-8.994846
-6.732323
8.489676
7.788854
8.846419
9.114947
7.8654184
10.342544
8.97324
7.788842
8.955555
-9.138878
-7.90984
-7.986249
7.8581467
-7.7269673
5.079839
9.128276
-7.9068246
9.137178
-7.8972135
7.739068
0.76537323
-1.8999935
-4.9478292
-9.139575
7.9095693
-3.853588
5.397566
9.135939
-7.772267
-9.139837
7.8824077
-5.586362
6.357169
-5.5991774
-11.186384
11.189364
12.727723
11.186973
12.658349
-11.169499
-0.7081838
-1.926573
8.767511
8.994263
7.902885
-8.999187
7.8937783
-8.946985
0.25488922
-8.985536
-2.5869412
-7.8834195
8.899715
7.9040103
8.986873
-8.966502
-0.71363336
2.564512
6.9824824
-7.9092016
-7.864683
-7.884148
-7.907345
-0.6466457
-5.7217836
7.3228464
-7.906074
7.90386
0.22657625
7.907146
7.8616138
7.904135
-8.991892
4.3675117
3.9786522
-7.029816
-7.8403316
-8.987853
7.907745
4.412979
-8.998027
8.975232
7.906615
7.8972554
7.9098115
-7.8603745
7.9093
-7.8950033
7.451184
4.508828
7.7927265
-5.5876803
-6.3596425
5.5990705
5.5931745
-4.935522
6.338469
1.3760984
-6.0752244
5.581829
5.5997567
-6.354688
5.59977
5.586737
6.3192406
5.5995946
-5.5845084
-6.353211
6.3419075
-5.58093
-6.204066
5.599038
-3.930199
-5.7926264
-5.5943236
-0.43380332
6.3520846
-5.5983286
-6.348507
-6.056975
-5.027766
-6.2279987
-6.3597126
5.5821943
5.5980015
6.2616777
-5.599942
-5.599719
-6.340479
5.598929
-5.5707603
6.325006
6.358818
-5.5686603
6.297848
-5.5997663
7.7455893
7.67349
8.029783
-8.415968
-0.8016967
-8.16679
0.0
15.503673
15.821608
-15.583729
-12.580369
15.56829
17.932938
-15.578893
-11.096356
15.555386
14.708602
15.536962
12.514647
6.581862
-15.795782
-8.848265
17.990606
15.585304
2.58044
5.620473
12.131963
12.9194765
11.091316
-11.013961
12.224906
-12.915904
9.398174
10.9935875
9.3534355
14.659057
-12.65738
10.646355
-12.729793
-12.916502
2.9523551
11.641676
11.188282
-11.299005
-11.873105
11.71141
1.2537017
11.369413
-11.908808
-10.972592
-12.6591835
-14.668328
12.715948
11.333548
11.118165
-10.759584
11.906954
-11.012823
-11.180858
0.36327773
-10.964033
0.9042476
-0.1558628
-10.999827
12.710116
-10.420142
-11.015319
-11.189384
-4.5061665
11.016617
11.188738
11.177879
11.0026655
-11.15864
-11.164082
11.006836
-12.658636
11.155601
-11.018608
1.7367105
9.385719
-11.017879
-11.18986
-12.727849
-10.988583
11.188659
-12.720751
11.009674
12.728334
-12.698136
-0.20868005
-11.187926
12.725951
-0.37439674
-11.18827
11.059912
10.8919325
3.6135635
-11.188605
11.014219
-5.630772
11.167237
-4.320761
11.108226
11.156047
6.1902785
7.8409276
8.033786
-8.41513
-8.018261
-8.418699
8.267033
-7.8937864
9.107054
-9.578302
2.0347824
-8.343028
-8.269438
-7.9094124
-7.909442
-8.39565
-8.031811
4.1696277
8.262938
-1.515737
8.039346
8.416419
-0.3022143
8.351804
-8.288677
7.9086494
-8.038409
-8.417222
-8.03568
8.388276
7.0447736
-7.9090977
-9.117916
-9.57893
8.038535
8.417272
-8.287848
7.499393
8.026948
-3.0264003
8.031885
-8.419347
-7.737409
-8.814112
-5.963395
-7.908558
-10.338455
8.987646
-7.7873626
-8.262361
-6.8027806
7.9023514
-10.377051
7.6411405
-5.1298633
-8.998155
-10.382205
4.66135
10.343663
-8.9665365
-7.781311
8.996818
9.13499
2.0600905
-10.383245
8.993838
8.233359
2.0075722
-8.035012
7.785743
7.95865
8.07262
8.243813
7.8971963
8.03533
8.415225
8.038183
6.00281
-8.272009
-7.9001484
-5.9158897
9.573435
-4.3678317
8.408014
8.288867
-7.898963
0.01557658
5.5619597
-4.3703966
-8.1364975
1.9016482
-6.6900125
8.034477
5.7233915
-8.037729
8.414318
-0.0
14.594627
15.78865
-15.578411
-15.826882
0.65991193
0.37476352
-15.588847
15.814707
15.585196
-17.981224
6.775057
15.789969
-15.478399
15.745886
-15.542662
3.3505118
-15.581634
-15.81261
-11.723147
11.186571
-5.077378
10.488841
11.721765
-11.18851
11.223852
-11.909241
11.014314
-12.718446
-14.644916
-12.342692
5.5626044
-11.1885
-11.312825
11.909826
-11.0043125
12.181817
-12.782457
-10.477318
11.016596
-12.689148
12.918293
11.188461
-10.993278
12.7271595
14.521894
-12.726159
9.026869
-12.727949
1.8041034
11.188585
-11.016672
11.171313
5.026586
-11.015681
-0.9453662
11.189187
10.98444
-0.035168193
-8.951425
-11.0184355
11.184128
8.015427
-10.7558775
11.12752
11.188457
11.00027
4.738911
-11.086317
-11.016108
12.707936
-11.162645
10.951098
-11.181325
11.165408
-10.962314
11.189598
-4.255473
6.222474
11.1891775
12.695975
-6.7853703
12.720826
-12.704635
11.019392
-11.176923
1.7799145
10.984841
0.44569126
-11.1605215
1.0145208
-11.185216
-11.180612
-10.817457
6.8911924
11.15673
-10.868097
-11.185743
8.592025
8.288608
7.8000016
8.013632
8.415168
7.820231
-8.394174
4.8522696
-8.954452
10.315023
0.77658796
9.131416
-7.9085093
7.4633617
7.908412
-1.1670322
-8.416261
-8.035617
-8.401322
-8.24784
7.888637
7.093093
-8.411787
8.038799
8.417372
8.289426
7.9076476
8.01733
8.419201
8.011986
8.419455
-1.5375178
-6.6118255
-10.264804
-8.995328
-9.134524
-5.1273284
-5.738288
7.8690925
8.0379095
8.395335
8.030785
-8.4191
8.284228
-7.8691688
3.997688
8.411594
9.088476
9.508844
8.28179
-6.8827014
8.034472
-8.368236
-5.1778836
-9.516284
-7.786834
-8.968571
10.315867
-2.6872182
5.8531723
-8.964901
8.252751
-7.894329
-8.007279
-1.8796439
9.130619
-6.75062
8.188537
-7.904654
-7.9929185
-8.39968
7.983716
4.9233413
8.287436
-7.4082594
-8.03181
-8.372232
8.016389
-0.6743699
7.7880454
8.957957
10.389587
8.993466
-9.093708
7.9091506
6.2765627
-7.9046254
8.0070915
8.416354
-8.039845
2.6902113
2.3945773
-8.998508
9.0022745
7.8409123
8.384271
7.8930244
0.0
15.588679
15.580533
-15.509028
-15.801869
15.586986
-17.96961
-15.452909
15.793837
-15.537879
-17.999605
10.854026
-15.814788
-2.1394026
-11.059598
-15.572448
-17.998451
-15.5740795
11.380325
-10.985535
12.728799
-12.818062
11.179098
11.019257
-12.717707
1.3312234
11.189137
-11.019142
-12.721733
-14.692139
-2.8051379
-11.018843
12.726577
12.835819
8.402824
-10.923751
-12.707448
-10.581036
8.506748
-11.011635
12.71915
-12.887902
-11.189253
5.1573505
-12.725272
14.66379
-10.592892
-10.975934
-8.464309
12.577643
10.562266
-11.018991
7.425912
-2.4447012
11.017234
-1.0208781
-8.987395
11.0024805
12.726533
-8.789368
-3.2524116
-9.907135
9.22624
-11.019302
-5.3731074
10.607311
9.634154
11.175042
9.514612
11.011101
7.45991
5.546332
0.53671867
-11.189694
11.168158
-11.000334
11.178634
12.202452
-3.6781068
11.183897
12.566745
10.967421
-9.200525
-12.525339
10.775612
11.13439
-11.301784
-11.019883
11.188236
11.182096
11.013817
-11.099653
10.12973
-10.899591
-12.719342
11.166722
-0.82702404
2.9971228
-11.184735
-7.7627697
8.999221
9.139362
-7.845132
9.116412
-7.903796
5.9305134
5.38287
10.389383
-8.844228
-9.113457
0.16115509
-3.8029246
4.8688474
4.609616
-7.909056
-9.137534
4.017502
7.7344956
-8.998959
9.131342
7.7465262
-9.125649
7.810946
-7.7677627
5.870031
4.040806
-6.3994527
-9.138603
-5.162466
4.8832183
8.99886
-10.159519
5.738655
9.137089
-7.9001465
7.784897
-8.997605
9.137992
-7.9083486
9.139282
-7.8957663
7.7843685
8.608651
-9.135732
-4.221959
10.230599
6.4278646
0.18622442
8.98071
-8.093511
-7.9087014
10.387304
8.953517
-7.78904
-8.98226
-3.3188105
8.99676
10.3821745
-8.98714
-7.7868805
-8.315849
8.56297
7.908829
-10.124915
7.6487
-0.2959579
-8.879858
-9.084488
7.9090457
-4.2998085
-7.9078355
-4.488991
8.942127
-9.138527
7.8974032
8.820928
-7.908709
-7.7895455
8.382598
10.387424
8.999385
1.6932253
7.9014807
-7.7202024
8.99973
-9.138663
7.9062204
4.269701
-7.894274
-5.555113
6.358273
5.5626087
-11.188693
11.189326
12.705091
8.427207
-12.495289
11.128995
-6.704705
-12.72946
11.178503
-4.670121
7.88069
-0.18377289
-3.8862467
5.1851006
8.989555
-7.9346247
-3.5493364
7.906057
-7.598943
7.242482
-8.997043
7.523747
-8.993252
-7.906051
-8.986828
7.3886776
-7.8993087
-2.2597306
-7.8881054
-7.9041243
1.5474652
-6.705265
7.900547
-7.8384805
-1.2513089
7.8935695
5.856624
-6.816949
-8.999855
4.580177
-7.9038916
-5.9784956
0.35488608
-8.954539
7.897425
-8.9419365
8.992201
-8.335312
7.8834996
-2.1291924
-6.8456388
-7.9077106
-7.9064074
-0.621422
7.569897
7.9091005
-7.9094057
4.80893
-1.513057
5.5987835
0.80867577
-6.338712
-6.3598075
-3.9793067
-6.353553
-5.5641956
-5.5754304
2.1841683
5.589362
5.596575
6.297229
5.5979133
5.520456
6.3381295
5.256771
5.5746117
2.2230608
-5.5899963
6.3561234
-6.3419843
5.028184
6.3491545
-6.3447766
-5.5901628
-6.346638
6.3566213
-5.16444
6.350915
6.351492
-5.5974836
4.3342814
6.358618
5.201054
1.8813875
-5.7219524
-5.5925336
5.5986085
-1.6785094
6.3596687
-5.597111
-6.344697
0.031250224
-8.285334
-7.1099834
-7.8068433
8.3296175
7.1723676
-8.413668
-0.0
-15.522717
15.829679
15.585586
15.81683
15.270532
0.25389075
-15.578357
-15.820931
4.9987535
10.645641
12.524566
-10.933064
15.587925
-10.870051
-15.428757
17.902168
11.433421
-7.9552054
11.7289295
11.074016
11.369344
-11.896973
-8.460072
4.7869024
-11.36989
-11.906097
-11.015569
-11.720017
11.683977
-11.199227
11.589414
9.019471
-11.365726
-11.906638
11.519196
-11.105611
-7.377451
-11.572599
-11.680331
9.565012
-11.024747
11.8127985
11.008802
-12.729898
14.545905
10.52142
-9.414116
-8.000047
-11.322659
10.920442
-11.003078
-11.171113
11.185001
-10.977619
-11.159006
11.172775
-11.011516
12.665886
-11.175724
-11.018415
-11.1867075
11.162713
-9.128701
-10.882696
-10.985308
11.018058
-11.17352
-11.170116
-10.984769
12.724877
11.119905
11.006053
11.130357
-11.172231
10.8113785
11.188884
12.7269745
11.008194
11.179091
-12.707472
-1.677044
-9.400276
-12.723668
3.1999447
11.166182
12.709272
11.01617
11.140151
-9.994898
8.2948475
9.122892
-2.6754644
11.015888
-12.6987295
-11.188065
6.02041
-11.102861
-9.923407
7.751087
8.990842
-9.128115
7.887372
-9.138957
6.0192685
6.125618
-7.907088
-9.092062
-7.079493
8.032569
8.3596
-8.263575
5.3779306
-3.7068892
-8.402999
-7.999044
4.4751596
7.7859454
-8.627347
8.960664
-6.5343947
-6.9800277
6.906127
-8.287643
-7.891288
-2.8692865
4.0003004
-7.9967146
8.410831
-8.289138
-7.8469934
-9.137048
9.578724
1.48052
8.417966
7.7649217
5.788633
9.134983
-1.7006894
9.112633
7.899304
-8.284082
7.864466
-7.8850093
8.3876705
-9.119957
-7.9839945
0.368445
-5.492819
-8.002815
-8.406344
-3.808032
1.8851069
-7.7877192
-8.994703
-5.656454
8.982408
-10.3713665
-3.2083852
8.28951
6.948166
8.029708
5.3031497
-9.120328
-6.226375
8.253399
-7.904409
-8.039079
8.418471
8.039696
8.225636
5.46918
8.952856
-9.126226
-1.111859
-4.826276
7.8099365
-8.218542
-7.8922095
9.072611
9.571181
-8.02506
-8.419881
-0.93907946
3.6108174
8.004046
4.5346622
-8.009415
3.2194593
-5.5978103
6.3501844
5.597496
-11.183946
6.2325287
-9.877401
11.189111
11.036776
11.150593
11.159637
-6.6713066
7.291157
-8.992815
7.909723
-8.484078
7.9060044
-8.877641
8.999739
-8.998613
-5.3210564
7.907872
8.966224
-7.9085245
-8.9848385
-8.4399395
8.984282
-7.8407083
-8.114679
7.8653145
-6.4206142
4.051897
-7.682242
7.9066653
-0.29774132
7.4876285
7.859615
-7.8932166
5.3316565
-7.9097967
7.769751
7.86917
-8.996913
7.9094343
-7.9088044
8.88667
-7.9036603
-8.938785
-7.9001713
-2.376997
-7.7670126
8.99811
-7.908403
-7.9091187
5.839588
-7.9066677
5.1872034
7.899351
8.980313
7.9060903
-3.9632983
5.5623894
0.8858965
0.6187496
5.517909
-6.3564544
3.4866571
-5.599299
-6.2249155
-5.5903454
-5.575198
-5.3705516
-5.599421
5.3208103
-0.32437277
-4.050972
-5.418951
-6.349957
-6.2891474
-5.5878825
-6.358363
-5.598126
6.3599086
6.1958547
-5.39825
4.2687254
-6.1994224
-5.59151
-6.3577075
-6.3580728
-5.281091
-2.6149504
-6.356966
2.1341352
-5.598814
6.343287
-5.5963554
5.599539
1.0913224
-5.548671
2.4427931
6.351609
-4.1110983
5.5971065
6.3489804
3.8728142
-7.7641325
7.5398383
-5.354231
-7.9074645
9.12601
2.6321275
0.0
15.589077
15.593616
8.608377
-15.82935
15.544959
14.355735
15.585034
-1.8555039
15.409286
-12.524237
8.225404
-15.826355
-15.587492
9.030814
-15.486476
17.99961
-15.5574875
15.816886
-9.944009
12.724751
12.917082
-11.186004
-10.482742
12.726237
-12.851441
-10.74753
-11.0187235
12.684689
-14.69202
12.721786
11.015605
12.724767
0.62201023
11.080307
-11.018379
-12.72958
-12.896818
11.182189
-11.005812
12.667098
-3.5849068
11.182131
5.4497304
-12.6233635
14.624692
-12.639885
-2.1862507
12.702037
12.90211
-6.1909776
11.018331
-11.187147
11.166002
8.920003
-11.188164
10.699818
-11.003802
-2.4138985
-5.112854
-9.289101
-11.184161
-10.812568
-3.736719
-11.188447
-11.180428
-11.00274
11.11367
10.733532
10.95898
12.726278
-11.092155
6.387831
-0.7420642
6.588936
10.299074
11.161478
2.677144
11.019334
2.2668295
-9.880568
-11.017171
-12.113789
-12.725687
-8.838361
11.169977
12.728839
-11.0167055
10.118418
10.31855
11.012429
11.077944
11.10688
-11.01501
-12.725718
-11.188838
11.0185585
-5.108126
-11.087464
7.788015
8.908451
9.11646
7.86823
-9.098917
-7.908265
-7.774827
-8.99575
10.338715
-8.987245
4.845429
7.8979063
-2.355897
8.998537
9.126457
7.90896
9.133113
7.9028373
-7.786518
8.864344
-9.128524
7.904569
9.059878
6.9568152
7.7800903
5.8245964
9.139024
7.8968177
-2.7402701
7.7095833
-7.6942472
-8.589032
10.385878
8.068948
-9.137104
-7.90878
7.788152
-8.99713
9.103267
-7.8924437
9.13615
7.9093184
7.7622538
-0.044717345
4.4112053
-7.863038
-10.389177
8.9982
1.1259217
-8.918045
9.126059
-7.906922
10.37659
-8.777908
-7.7885485
8.801797
-10.385986
-8.998803
-10.375632
-8.996004
7.7750163
-7.072572
9.11706
-7.8799367
10.389291
8.9767
7.785844
-8.930607
7.1944823
-7.894928
9.129452
7.863059
0.71298265
-8.263032
-9.130789
-7.9096146
-9.138956
-7.4234247
-4.6867943
8.981569
6.014083
8.998977
9.134385
7.853729
-7.612092
8.9984865
9.136178
-7.9033966
8.01413
-7.907479
-2.1297698
-6.354059
-1.2578701
11.182204
11.186348
0.08793785
-11.185339
-12.6581545
11.178698
-10.6522
-12.719933
-11.189058
8.996851
7.9083657
8.911874
7.9083986
8.997152
8.992064
8.998731
7.90662
-6.851616
-8.758861
-7.906249
8.998991
6.6931243
8.91296
-7.8765283
8.996356
7.8787246
-7.896944
7.8567767
7.8821945
-7.79171
8.288869
-6.282013
-7.890118
-7.907135
7.906486
7.8675675
7.8560085
7.9088097
0.27062494
3.3573585
-7.8608074
-8.9939
1.2156601
-1.216677
5.6588387
-5.1070137
-8.954062
8.719524
1.9561691
-7.903358
-2.83383
7.464447
7.9077096
-7.9078054
-8.997144
-7.89069
-4.8426933
-5.599247
1.9462345
5.59861
-2.3761
6.356954
-6.349237
5.590978
-6.358467
-5.5991035
-5.587511
6.3589706
5.5982704
-0.48977455
-6.3510137
5.591257
-0.7718758
6.35608
6.3454685
-5.5920925
-6.358086
-5.5796056
6.32981
6.356224
4.451823
-0.59750444
6.357588
5.5922413
6.334597
-6.348297
0.8374179
-6.358385
6.358817
5.5978813
-5.5879498
-6.3574233
-5.5985613
5.5910196
6.3589544
5.5676546
5.5857677
-4.070603
6.359826
5.291499
-6.3556743
5.5982604
8.234427
7.883971
1.4756651
8.402899
-7.805061
8.407985
0.0
2.2785597
-15.817452
-15.392919
-15.799836
-15.582887
6.8788166
15.585109
15.797072
15.572909
-11.859648
-15.559693
-7.9648266
15.58949
-6.169694
-15.579577
-17.973915
15.557778
11.581637
-10.983572
-12.6306
-12.88971
-11.182957
-10.821342
-12.7194
-12.822471
9.660959
11.017249
-12.721259
-14.695348
-1.7991997
-6.491837
12.728029
12.694681
-8.178228
11.665241
11.183221
-10.473317
4.6520543
11.67948
11.186399
8.423803
-11.797582
-11.019568
-12.72773
14.575227
-12.723517
11.713665
11.175599
-11.365829
0.60647386
11.015931
11.046557
11.101062
8.080205
11.188406
11.143942
11.018982
-12.726953
11.1884165
11.00302
-2.9899108
-11.124589
-2.2393618
-11.189546
-11.163978
-10.961839
3.9444413
11.182045
-11.0187845
-12.728919
6.699203
-11.016661
-9.141761
-11.183942
-10.963293
-11.181364
12.72699
11.00708
-11.133943
12.728201
11.014904
12.687173
12.728637
-11.016525
-11.181543
-12.729087
10.959951
11.15413
11.182256
-10.819448
6.3269153
11.186222
10.977016
-12.216665
-11.181186
-11.015876
-11.180662
11.141373
7.252381
-7.899796
-7.957059
8.147107
-8.013909
8.412354
5.1671753
7.901009
-9.136282
1.3173873
-3.9619985
-7.7554307
8.288735
-7.9056625
8.037561
-4.1434684
7.9998965
-8.417396
7.165259
-4.003828
-6.6875052
8.415798
-7.977962
7.047819
8.282286
-7.0116587
7.940791
-8.40541
-8.028039
8.385578
-8.275489
-7.90579
-9.135964
-9.578847
-2.4617305
-8.411974
-8.282785
-7.907573
5.582807
-8.379793
-8.027813
-8.414487
7.766533
-2.9301074
-4.2667456
-7.897633
10.378656
8.990727
-1.9323915
2.3222213
2.8213432
7.2629447
-10.266279
-3.1594527
7.787674
8.993607
10.376888
8.963702
10.388389
-8.99684
-7.364859
-8.998511
9.103338
7.9033265
10.378307
-0.35566562
-8.266019
7.8992605
-6.970692
-8.398489
-7.9322352
8.415771
8.27227
7.9066525
0.45426393
-4.5823054
8.0248
-4.456936
-8.205792
-7.9066634
9.13762
9.568453
8.038859
-8.39649
-8.286085
-7.9067245
4.0660014
0.07456809
8.039735
5.7684417
-8.27283
7.8954377
-8.026831
8.385638
8.012936
8.4053
-0.0
-14.974927
-12.066359
-15.292885
9.835055
15.564494
-17.98715
1.735172
-15.793684
-14.162027
2.4739015
15.5821495
14.8071995
-4.118622
-15.745383
15.58348
3.230219
-15.566894
-15.813035
-11.726898
10.892152
-11.341581
11.881911
11.714008
-11.181108
1.6191198
11.889911
11.012229
10.652463
-14.693417
12.724153
-0.5669289
-2.2224064
-11.298395
4.4453273
11.015639
1.7508423
12.899144
-11.161055
-11.014988
-12.710299
6.7077065
4.553406
-10.957924
12.728231
14.544049
-12.7279415
-2.907906
-7.2676187
12.918208
-11.188257
8.220353
2.1315737
-11.030907
10.263601
-11.1847725
11.183927
11.01745
11.692869
11.127433
11.019366
11.169407
11.188475
-10.998398
-10.363957
-11.174685
11.003547
11.1570015
-11.175483
2.5123966
12.729401
11.189388
-9.929288
11.161617
-11.189564
-0.347193
-11.080223
9.435838
-11.0035095
-11.187572
-10.592405
11.015346
-12.707789
4.8840256
-11.011304
-7.69268
12.420684
-10.967493
10.828727
11.184812
-11.019368
11.180297
-9.994401
11.009393
-12.7177
11.16319
-11.011735
-11.054696
3.4736621
7.020434
7.905936
-8.037886
-8.411436
8.029222
2.4666994
-7.7873936
8.999588
10.382178
-8.99766
-9.1118555
-7.906839
8.289337
-4.5089397
-8.038386
8.374896
3.4648771
8.276719
0.50407535
-5.8488126
5.1454306
-1.471071
7.988672
-8.415117
-7.274044
-7.903456
-2.249214
-1.4631345
6.9535637
8.4192
7.7757034
0.90485334
9.382299
8.999127
9.1396265
-7.8983464
1.3772246
-5.537086
-8.030698
8.402145
-2.7176075
-8.4063225
8.281615
-6.1707945
8.027988
-8.412721
-9.139456
-6.1968913
-8.27248
7.9093504
-8.035376
-8.317547
4.5833163
-9.569968
-7.432868
7.9944005
-10.332119
-0.19239753
0.15431282
-8.998258
-8.286143
7.8650203
-7.9543653
-8.414458
-9.13373
9.572641
8.27215
-1.5383724
-7.9534817
-8.408812
8.038012
-8.400589
8.271715
-7.8844237
8.036371
-8.408313
3.841406
-7.1172004
7.73944
-6.4441266
-9.179573
-3.6775997
-9.130635
7.891764
3.4397233
6.326699
-4.013452
-8.357882
-8.026754
7.997559
7.772616
-8.995401
-7.8374963
-7.908124
-9.132607
-7.895338
-0.0
-15.539888
15.816675
15.573625
15.819751
10.267042
-17.972095
-15.587876
15.818572
-15.50359
-17.99148
-15.585285
-15.777527
-15.589204
15.784649
15.5630865
-3.881584
15.569282
3.4128196
10.102631
10.285742
-12.896328
11.085182
-10.544728
12.729401
3.3167737
11.181498
-11.0138645
-8.582589
-14.613056
-10.500016
-3.1818464
-12.701674
12.909325
11.184048
11.017644
-12.629398
-6.9265056
11.187089
10.99942
-12.729029
9.525545
-11.173896
11.017283
12.68856
-14.690339
-12.723284
3.7105548
-8.957985
-12.868736
-11.187404
-11.0191
-11.187131
11.185576
3.56412
11.183644
-11.188649
11.001582
12.727821
11.176578
-11.001091
1.7360708
11.155349
-0.627936
2.6789455
11.047094
11.014311
-11.188938
11.16976
11.017948
11.672251
-11.179412
11.015422
-11.177881
-11.1522
11.019636
11.184583
-12.702527
3.3231518
1.255304
-12.728656
-10.955974
-11.493717
-8.994063
10.978639
-4.5888534
12.717434
11.012889
-11.1873665
-2.2227378
-11.002249
-4.7737274
10.977467
-8.848591
-12.707035
11.186885
11.015864
11.189454
11.156958
-3.2589958
8.977533
-9.132781
5.9919763
9.130884
7.8930187
-7.7887526
8.781064
10.389532
6.976191
-0.7558569
7.5699863
-7.7875915
8.983637
-9.124909
-4.821999
9.132045
7.9083037
-5.4083915
-6.302694
-9.135207
7.9076
9.133248
-5.612523
7.644684
-8.993985
-5.3125467
-3.3511577
9.114295
7.886662
-6.5683026
8.994001
-8.876286
-8.991627
-9.096169
-7.905839
7.7755737
-8.9987955
9.139419
-4.7910433
9.138376
7.9095726
6.2602506
-8.977286
6.6233478
7.909648
-10.319957
8.99366
7.786672
-8.996543
-9.134743
7.8925962
-0.86357623
8.997986
-7.789057
8.999263
10.382222
-8.986328
-7.026558
8.995572
7.7896233
8.919977
3.6742392
7.8938046
6.1708474
-5.887564
7.7696133
-7.783053
9.07706
3.205735
9.137873
7.421511
2.6703827
-8.989769
-9.042146
7.896674
-0.2071771
7.883064
-7.6504335
-8.998475
-4.9939437
8.977875
9.137971
7.5102105
7.715925
-5.81799
-9.138216
-7.909961
4.665577
2.4960234
1.3523399
-6.345595
5.5993066
1.1231427
-0.33467954
12.719949
-10.553265
12.682345
11.068833
-11.170574
12.729411
-6.308745
3.4640176
-2.2849698
0.34798422
-7.8965135
8.9956665
-8.984625
-8.661469
5.358213
-7.901556
8.998363
5.266262
3.8319762
-8.980739
8.99848
7.907176
8.754811
7.908362
-7.904753
-7.902525
2.3741188
7.8757315
8.767985
7.903471
7.90951
5.857576
-7.3638253
7.90446
0.24218717
6.0905104
8.977859
-7.9018135
7.8873534
-8.989431
-6.2032166
8.98625
7.9096093
8.930506
4.992475
-8.99438
1.1154335
-7.8518105
-7.892718
-7.4807944
6.9157734
-1.0240563
0.02127717
-7.9078913
-7.898011
5.591111
-6.159894
-5.5949225
-5.5765443
6.3417063
4.7944417
-5.5978627
-6.35885
5.5979247
-5.5992885
6.342271
4.9833026
5.596018
-2.9650915
4.0151963
5.598829
5.2153606
-6.3536305
-5.599111
-3.0902076
-5.5952973
-2.0564346
6.300658
-5.588446
-6.315458
6.3501277
5.5466523
-6.323058
6.35755
-5.699701
-6.3591266
-6.3467293
3.3379154
-3.777518
6.340633
-5.5810485
-5.5952315
6.253818
-5.5888147
-5.590369
-6.3584423
-6.3541446
-5.5986733
-5.6530805
-5.5994945
-8.27722
-7.8959265
6.5789995
-2.513681
-7.9804106
-8.389546
0.0
-14.48478
15.81809
-1.1795
-4.8444505
15.499942
17.979248
15.477872
15.767079
-15.561895
16.15894
10.637035
-14.718205
2.4852593
15.754319
15.423037
14.301439
-12.7934475
15.823688
11.702944
-11.185726
-11.333646
-11.89643
11.658105
-11.159573
-10.227177
11.899967
10.971083
12.716588
-13.336599
-12.711997
-11.725354
11.179097
11.354523
11.858343
11.72173
11.187018
-10.99371
11.908924
-11.722754
-4.2148447
-7.579391
8.5980625
10.822973
10.00081
13.84674
-12.72039
-11.046767
5.218341
11.343345
11.57799
10.901254
-11.171255
9.751775
-10.641974
11.172336
10.310357
-8.7098
12.666731
4.648454
4.922273
8.413236
-11.167961
8.98529
10.9749
-10.670979
10.9973545
10.925338
0.06437048
-2.0725045
12.727176
11.177389
6.5628195
-11.189637
11.160999
9.426309
-9.715907
-12.687686
10.98739
-11.123717
-12.726502
-11.019493
12.571472
-12.710651
-0.6233968
-6.7742114
-12.684809
11.018296
-11.185372
11.189318
-10.880977
-11.084543
-4.450971
11.000757
-10.765894
11.187655
10.998578
11.186697
-11.154726
-0.7888156
8.993509
9.139212
-7.9081407
-9.124055
-6.6808105
7.134139
-7.9093122
-9.133594
-9.576401
3.1787152
-8.370231
-0.47566152
7.909876
8.010571
8.413962
-5.4232416
-8.412959
-0.681613
8.988632
-9.133049
7.3113527
-9.138538
7.890863
-8.282073
-7.9075
-7.971965
-8.353384
4.604102
8.263347
8.2735405
7.9017415
-1.4945811
9.57953
-8.038462
8.416611
-7.783358
-8.97526
-9.071359
-7.907359
2.1155992
7.904166
8.288549
7.9097366
7.056911
-8.224384
7.042109
-9.567521
-8.248216
-6.288812
-8.037148
-8.336442
-9.028381
-8.429669
7.7894487
8.99383
-10.388952
8.987851
9.982467
-8.99829
8.27506
-7.8950777
-7.9903316
-8.419354
-9.138343
-6.989975
-8.240145
7.8584113
3.647096
-8.24931
-8.037574
-8.418961
-6.7282104
8.958936
4.4679165
-1.924327
9.128743
7.9061255
-8.286603
7.8772335
1.7454941
-9.567247
8.029441
8.399877
-8.267059
7.17831
7.914498
-2.58354
7.9422507
8.4169
-1.3100328
6.3582053
-2.9885867
11.180616
8.250139
-8.320235
-11.189163
10.314799
-11.188942
-11.186201
-12.718537
11.135219
7.176941
7.9087567
-8.999363
7.901127
8.995491
8.998074
-8.993676
-7.907997
7.901341
-7.4904985
5.746361
-8.999122
-3.6711652
8.991249
7.8180585
-8.999132
-7.878679
-7.700766
3.7183053
7.0677743
-7.8949804
8.959053
7.9092717
7.9006896
-7.9090796
-7.892791
7.902245
-7.9062924
-7.908681
8.99906
7.770386
-6.8118634
-8.896171
7.8284388
-5.8226724
2.258127
8.998866
8.998425
0.2628746
-4.4591355
-7.8374143
5.6531076
7.8780003
7.9059625
-7.8959236
-8.9982395
7.891863
7.9087734
-5.5597167
-6.358814
5.5919557
5.529195
6.3323812
-6.347425
3.1475573
6.1488595
-5.5780497
-5.1590223
6.163232
5.1329594
-5.5757
-6.3581815
-5.4803762
5.524469
-6.3440485
-6.358749
-3.4587867
6.071376
5.4154277
6.289844
-5.552562
5.5852575
-3.687571
-6.237111
0.595907
-4.881472
-6.3492703
-6.3512974
-6.359577
6.3581624
5.5995154
5.580391
-6.359212
-5.598415
-5.585039
6.291771
5.5986643
5.5822077
-6.354661
6.33387
-5.5902843
0.64221126
5.5764084
-3.4703002
8.914793
-8.419829
-7.8989115
-9.108526
-7.421325
0.0
15.585282
-15.827161
-15.587282
15.785183
15.57899
-17.996912
-12.027612
-11.092613
-8.712991
-15.507544
-15.269391
15.809327
-15.588866
15.774269
15.560575
-17.9122
-13.528383
15.66538
-0.8413953
-10.066493
0.5335832
10.374324
-3.5234065
-11.269462
-12.67434
11.189335
-10.998146
12.553615
-6.32892
12.7294035
-4.8204236
-9.700341
9.514139
-0.50499445
-10.636814
11.7510605
12.880659
11.187745
11.019022
5.5637927
-10.409832
-11.178012
10.7580385
0.2072826
14.669448
-12.725284
-11.016589
-2.2518854
11.784042
11.176627
-11.018578
-11.182735
-11.184632
-11.015061
-11.178712
11.189442
-10.126123
12.725349
-11.135395
-10.849461
11.169264
1.9655476
-11.018229
11.184666
-11.184487
-9.425247
11.183643
-5.387116
-11.018009
-8.360369
11.057154
-6.907534
-11.1833935
-11.188495
-9.137617
-8.305208
-12.723598
9.880533
11.159004
12.713137
10.951677
-1.5768144
2.064373
-10.990745
11.177682
-12.701284
-10.990054
11.18351
11.171024
-8.278766
7.2559595
-11.025194
-11.017712
-12.72444
-11.185726
-11.015612
4.521767
11.185252
-6.4743285
-8.999554
8.997818
3.10044
-9.01043
-7.901081
-3.0272715
-8.926376
-10.389939
-8.989994
9.120051
7.9042172
-7.760649
8.994847
-9.048952
0.16081601
-9.130994
7.906335
7.7786694
-8.998657
9.134364
-7.905146
9.136434
7.892255
-7.7879767
-8.988371
9.131827
-7.818589
-9.1397295
-5.7488236
-7.7739587
8.997307
-10.374949
8.993797
-9.131632
-7.906844
5.638749
-8.999899
9.134161
-7.754333
8.896291
-6.590773
6.1685
-8.984378
-9.129575
7.9013457
-10.385444
-8.984069
-7.7841268
8.999971
-9.133694
7.907551
5.6272364
8.974626
-7.778855
8.965216
-10.386057
-8.859963
3.1975152
-4.5017858
-7.68831
-8.986764
-4.294463
4.534573
10.301889
8.887402
-7.789064
8.955626
9.114254
-3.5139902
-9.136267
-7.9082575
-4.0189705
8.87704
6.2122846
-7.908948
9.138105
-6.0344567
5.8323326
4.7260966
10.384854
6.586501
9.131885
7.843809
7.778573
-8.994464
-9.118959
7.9036555
-9.09859
6.4180784
-5.596244
-6.358416
-5.542565
11.100922
11.189331
-7.9730406
-11.189144
10.828071
-8.465068
-11.185138
12.685428
-0.13227151
-8.987278
-7.856774
-8.988447
-7.8622665
8.974787
-3.6824698
-8.990768
-7.9040346
7.854056
8.999697
-7.9076214
-8.93195
-7.8480916
8.282057
6.9759707
8.9967785
7.858062
-7.9060736
-1.2066276
7.8429832
3.0529795
-8.979783
-7.901875
7.9096713
7.2973084
7.9091825
6.920156
2.8758786
7.874477
-8.9469595
-7.834554
-2.3097787
8.997569
-7.8530884
-8.97694
-7.656696
-8.649752
2.8581617
-8.969231
-7.908985
5.2459483
7.909522
-5.805922
-7.8862123
-7.4983497
8.958782
-7.850983
-7.9077473
-5.5987115
-6.3587446
-5.5469794
1.3679662
-6.3574414
6.358716
3.3140273
-6.359833
-2.2191432
-3.328133
6.340944
5.3663497
-5.5841813
6.359753
-5.599526
-3.9546394
6.3535953
-6.359247
5.5922875
6.3563848
-0.26737824
-6.1408873
6.356498
-5.559534
-5.3119087
6.193362
-4.658973
5.2748747
-6.3590584
-6.340945
-0.28886116
6.352649
-5.5970287
0.10868777
6.3564353
1.9994283
5.5852127
6.3287387
-5.5870094
5.58848
6.355108
6.3438354
5.5848804
6.3592134
4.4394755
-4.0610957
5.8111596
8.015628
-7.144836
8.038912
-8.417751
-0.0
15.5362215
-0.3205929
-15.554666
-15.706611
12.007317
-17.921776
15.52945
-3.4227533
-8.185659
17.967201
14.968006
-7.617727
-5.798063
15.82868
-15.538357
16.248775
1.1676317
-15.744595
-10.066829
-12.726504
12.866223
11.174277
-8.805475
-12.663884
12.817578
-6.5386906
11.006349
12.726526
-10.979112
-5.84624
-11.018184
10.820615
6.927375
-11.1845
11.729643
-11.171515
11.333591
11.895192
11.695539
-11.172055
11.311177
-0.30240974
0.31296805
-12.561675
14.658969
-12.677851
-11.71641
-11.187061
11.359903
-11.879698
-10.905087
-11.168103
-4.270967
-8.049528
11.18823
11.0846
8.084962
-12.721937
-11.177397
10.378172
5.7531524
11.185484
8.911004
-11.184172
-11.185096
11.019107
-5.0853963
10.407982
7.7038374
12.726563
11.151134
11.017557
11.181648
11.080468
-11.004445
-5.817092
1.6915369
11.012443
9.849319
12.682632
-11.018941
-6.915651
-12.698143
-10.994922
3.8138735
12.697716
-11.013365
-11.171037
11.18721
10.864885
11.06297
-10.567018
-10.874901
12.688739
11.159034
11.018147
11.169507
-11.186811
4.8458395
-7.908056
7.991809
-8.038501
-7.9742107
8.401587
-8.287298
7.902218
-9.098883
-2.9592266
-6.725691
-8.418998
8.262535
-2.9869616
8.037752
8.4143095
4.172544
8.413237
8.201282
-7.909825
-8.033513
8.419433
-8.026067
-8.41451
-2.0488932
7.9076257
-8.020155
7.6818824
7.989273
8.336371
-8.2821045
-7.841108
-9.083673
-1.0919675
-8.038128
-4.5087104
8.149509
7.9076605
-7.428175
-8.416235
-7.3481197
8.390288
-7.7610507
8.997491
9.1348295
-7.907787
-10.378718
8.998131
1.4604968
8.832698
3.6960506
7.909057
10.3388195
-7.755249
3.6824946
5.5097947
10.385049
-8.59987
-10.325409
8.97428
-7.7842917
8.877138
-9.134557
-7.9091167
-10.207903
3.0838838
-3.9313812
-7.908754
-8.036966
-8.417349
7.9200263
-8.417613
8.283665
7.907549
-8.028871
8.408891
-8.011567
2.6308353
0.46770182
1.4516474
9.138406
-9.573745
-8.03557
-8.406333
8.278414
7.846435
-8.039056
-8.417122
-4.6174593
-8.245667
-4.363819
-7.7003627
-8.030648
8.358307
-8.035168
8.403578
0.0
15.579729
-15.810014
-15.587413
15.829635
15.576833
17.843084
11.764481
-15.729467
14.267306
-17.991879
15.58916
12.871896
15.58148
-9.255814
15.588393
17.97933
14.035743
-4.5739937
-11.2690525
-0.74206585
-11.351673
-11.887
5.0831513
-11.187955
-11.1799135
11.903174
10.98392
12.727133
-14.418153
-12.726749
-11.682043
11.100496
1.5493088
-2.8213964
-10.973647
12.726766
12.915892
-5.722767
-11.018308
7.9015584
12.919557
11.164664
-11.013831
12.725625
14.654386
12.719344
7.7623715
12.727774
12.898363
11.123489
-11.015342
3.061368
-10.877598
10.987081
11.186593
11.189324
-10.836622
-12.729415
-2.403513
10.917882
8.067919
-11.143316
5.6890326
-11.183895
5.274135
-11.018628
-11.179431
11.178461
-11.005745
-1.5288953
11.188779
-11.0085
-10.958702
9.4964
-7.4372807
-11.18914
4.3911815
-11.012491
-11.181129
-12.689068
-10.942554
-12.121751
-12.719156
-10.963171
6.0588355
12.721176
11.010729
2.3783898
11.149538
10.989407
-11.173114
11.18705
10.95579
0.64906263
-11.171178
-10.978224
-6.139337
6.4870114
-3.1881177
-2.0107236
7.9995384
6.723751
-8.031127
7.9246564
-7.781191
8.991737
1.3719516
-1.6219659
9.137482
-6.2622666
8.204939
7.8885922
8.025755
-2.1498487
8.037632
-8.378118
8.113586
-5.2913003
8.030879
-0.58248705
8.037067
-8.41644
-8.287516
-7.258977
-8.03979
6.8971314
-7.9850097
6.1347814
7.7460837
-8.996153
10.388946
4.1386228
-4.1493697
-7.909679
-8.284963
-2.3415759
-8.038866
8.419044
7.6247196
0.19557443
8.262698
-7.9035845
-2.6787777
8.416027
-6.2408514
-9.563155
-8.278568
-0.07108695
-7.3048906
1.9777777
-9.112609
9.578849
5.534595
-7.7198753
8.377934
8.995027
10.384326
7.9518924
-8.289538
-6.1302767
8.039568
8.287339
9.063299
-9.569767
8.2575445
-7.8828044
8.032738
-8.411505
7.971406
0.056673713
4.057753
7.908105
-8.038575
-6.7579813
0.91128325
-8.419027
-2.6452637
-4.7387533
10.333205
-8.96166
9.139753
7.906092
-8.223237
-7.76363
-7.838184
8.379894
-6.7695656
8.382119
7.7876654
-8.974393
2.109789
-7.886022
-2.3058038
-4.6937623
0.0
15.49981
-11.862459
-15.583136
11.624011
-15.55035
-17.987825
-12.187193
-15.828579
-15.551567
17.846365
9.31989
15.745496
7.048748
9.948056
15.589699
-17.999342
-15.589608
-15.8047495
-11.003961
-12.720646
-3.306913
7.811852
5.5818534
-12.55442
12.913949
11.183405
10.971799
-12.643145
-14.669151
-12.699277
4.6733265
-8.731437
-12.91837
11.186272
-0.641025
12.728954
-12.870027
-11.178131
-10.948086
-12.725832
5.5365353
3.8855894
11.018015
12.712518
14.69835
-10.437325
11.009767
-8.848187
-3.2425668
11.182879
-11.011511
11.126328
-11.178864
11.019185
-8.9623375
11.183689
3.6224053
12.726901
0.46668056
0.5521939
-11.1623745
-11.189036
11.009161
10.625793
11.1877
-11.010602
-11.173724
-11.18955
11.017831
12.728301
-11.160276
10.877246
11.178429
-11.189404
-10.983902
11.179898
12.727833
11.004155
11.132014
-12.634814
1.5564754
-12.723616
-12.728427
-11.014398
6.359588
-12.680237
10.994243
-11.188556
11.186354
-11.017174
-5.645516
11.15872
-10.974866
-11.19454
11.189082
-9.98397
11.188922
-11.175502
-7.7836523
-8.973537
9.038565
-1.3871536
-6.7281466
7.0498853
-7.7897882
-0.9986253
-1.3942811
8.994236
-9.130758
-7.903327
7.785414
-1.6947107
-9.115188
7.861921
-6.237123
7.8555684
7.762504
8.963811
-8.908662
7.8626885
9.119223
-7.908198
-7.787085
-8.955873
5.614716
-7.9035125
9.132233
7.877546
-7.6869283
8.999428
-10.382319
8.550296
-8.933596
7.9081454
-7.734325
-8.993158
9.139685
1.0080965
-4.1990457
-7.711383
-7.217242
-7.5135336
9.007609
-7.8910456
10.325177
8.969465
-5.293566
-8.968748
9.089348
-6.8871393
5.5800834
7.3255887
-7.788569
8.993165
-8.720541
-8.983157
10.382202
8.991499
-4.0445457
8.984925
9.129022
4.019678
2.4884996
8.882652
4.5471783
-8.976655
0.5602616
6.4752836
9.139854
7.8986783
7.73894
-8.98762
2.1148474
-1.0188005
7.882385
-7.903366
7.7887545
-8.913069
-9.438194
-4.297365
-9.119332
7.909554
7.7883325
-8.997267
0.741362
-7.244466
9.134726
-7.908461
4.562823
0.25798213
-2.4374163
0.16492988
11.177111
-11.882763
-11.185293
-12.729463
6.677274
0.48948705
-12.728152
11.135776
8.99623
7.8423085
7.053115
6.464417
8.992797
8.995654
1.0651882
-4.8040423
7.8986473
7.261792
-7.9045963
-8.969206
8.536329
-8.338591
-7.909674
-5.794726
-5.0161476
7.8903923
2.7319643
-7.8358316
7.816285
-0.71838945
-5.4448795
0.728252
-0.024004553
-7.9065633
7.8892026
-7.789827
-6.222514
-8.997536
-5.671066
7.9093475
8.930594
7.895005
8.910816
-7.9028134
-3.4710302
8.998451
4.454749
-0.2230072
7.9044905
-7.633215
7.9070177
-6.249929
-7.6298437
8.939961
-3.2933204
-7.8901024
-3.2201607
6.345472
-4.785775
-5.5962944
6.3455877
-6.33941
-5.596837
-5.3336363
-5.5869455
5.5942707
5.35667
4.626943
2.118114
-6.3505173
2.955354
1.962154
-5.2339964
6.358152
-2.6132698
6.350335
5.596353
-6.3564987
6.000384
-5.5776443
6.3595395
6.3124194
0.52819514
6.3565273
6.3525357
-6.351761
6.3558865
-6.3513217
-5.5956144
5.5859437
-6.3564577
5.31407
5.5927186
6.2013693
4.599452
5.439058
6.359685
4.493441
-5.5917606
6.3520303
-5.59367
7.595559
7.9054217
7.083006
1.1064203
-8.017428
7.7412357
-0.0
-15.573703
15.198064
-15.582339
4.98686
14.420703
17.973654
15.574464
-7.2477636
-8.944812
-16.084978
15.585133
9.902254
15.58088
15.8273735
-9.934498
11.854369
-15.093293
14.540571
11.706161
-11.188523
11.337497
11.897871
1.9464003
11.1849575
10.76817
-2.498195
-11.016419
-12.724596
-2.2956595
-11.72608
-11.52345
7.3835344
-10.583501
11.909826
-7.618295
-1.0212207
-5.099078
11.875382
8.06802
-11.148924
11.283822
-11.578782
10.9755335
11.928506
14.693283
1.5097331
-11.639563
-11.180252
-11.321722
-11.725016
-11.005713
-11.183219
-9.450777
-10.999816
-6.925625
11.18425
11.01951
-8.990594
-11.184492
10.282977
-11.189613
-11.139424
9.315163
-4.269301
11.023578
9.735623
11.181658
-11.18038
11.018472
12.724115
-10.240434
2.5464225
-9.139071
11.170512
11.00677
10.974614
-12.673166
11.006271
-10.358329
-12.729552
-11.008655
12.72672
12.715344
-11.009254
-11.18844
-9.1974745
11.00085
11.177904
9.944234
-10.994783
-11.189618
5.590846
0.9909548
-12.477661
-11.181895
10.933682
-3.7694447
-0.8028002
3.2507212
-8.997962
9.134246
7.8960724
-4.7239685
-7.8780313
-8.280866
7.9038033
-9.120175
9.474876
-7.9902987
7.336863
2.446193
4.3503075
5.532959
-4.8228536
-8.028948
8.374622
7.789497
-8.9992
2.1430898
-7.8833156
9.128324
7.866214
-8.270654
7.8929644
-8.037508
8.418895
-7.9772034
8.418233
8.046036
7.891473
-9.129286
-4.4877453
1.567948
7.4784665
7.7613387
-6.717956
9.11938
1.657979
1.0482004
-7.763354
-8.288755
-7.9082522
3.081225
-8.397263
-7.8054943
9.174498
-6.333695
-2.2154486
8.033189
8.4148245
6.397151
5.3369
-0.5605142
8.992298
2.0814557
-3.0285857
-10.370366
-8.9983835
-8.270736
7.9092755
8.038768
8.4193535
9.1056185
-9.578136
-8.277672
7.8969026
8.015978
8.366172
8.031593
8.41986
7.770538
-8.993195
9.061148
7.90007
-9.134458
-0.99054277
-0.47317275
-7.8321323
-9.13656
-8.869253
7.974225
-8.287939
-6.454422
7.881413
-8.036198
-6.8082433
-2.486149
1.5569718
5.5935025
-6.355997
5.599658
-11.14432
-5.9979773
12.729638
-11.124964
12.699932
-11.161621
4.535694
12.7230425
-11.185218
8.996303
-7.906287
-8.998013
7.903833
8.981996
8.9852085
-8.972527
7.8904157
1.8175119
8.043864
7.8666863
-8.779361
-8.201665
8.99743
7.907446
-1.4884403
7.9046144
-7.908475
7.5240817
7.501614
-7.880795
-8.981068
7.8769464
7.9075685
7.7702427
7.898161
-7.9042206
7.6319246
1.1491724
8.608269
6.608154
-7.8982024
8.992049
-7.656588
-8.873598
-7.9080787
3.5617828
-8.9663105
-2.7239099
4.242682
-7.864782
-7.799648
6.370587
-7.905285
-7.9060245
8.099507
7.904837
7.904602
-5.5908747
4.2344737
5.561055
5.5943327
6.2297482
-2.8416884
-5.5937886
-6.3537703
-4.458537
-5.5993285
3.9665504
-5.5918746
-5.5974793
6.2784057
-4.435485
5.5998693
-4.4379864
6.355558
5.5909915
1.3631412
-1.4644349
6.3597894
-1.5861646
5.566203
-6.356566
-6.357822
-4.105495
-6.357561
6.337108
-5.6073537
5.5271263
-6.320384
-1.2617021
5.5980105
6.342776
-5.595898
5.5986342
-0.6213009
5.5869575
5.5995536
-1.2308501
4.9848695
-5.492608
-6.2113943
1.4774442
7.788882
-8.970232
8.648292
7.9040484
-9.078557
-6.1634526
0.0
15.536513
-15.788318
12.511781
-15.796187
-15.5869255
-3.4565203
14.630881
15.828932
11.923124
17.995998
-15.586244
15.818246
15.587996
-15.782931
15.5693
3.9283822
-13.3146715
-0.18273635
-4.765457
-5.6728053
9.233085
6.517314
-11.011877
12.670759
-9.812133
-11.151414
-4.6302867
0.26398128
14.698793
12.661959
11.016429
10.313591
12.9089155
11.181244
11.010841
-8.933282
12.713559
-9.7446785
-9.18247
12.640316
-9.184551
-11.067905
6.8452935
8.415843
-13.033045
-12.727788
-11.019314
-12.214521
12.916997
-11.178233
-11.017289
11.176262
5.1914067
-1.970989
11.135686
10.19747
-10.997642
-12.681351
-11.131988
7.317344
-11.143936
2.2052915
-8.836342
-11.180489
11.16525
9.213375
11.189324
-8.914599
-11.005563
-9.120455
-10.83563
-5.9432607
-7.8597245
11.18648
-10.99889
-10.10665
-12.729477
-11.019117
-8.870301
10.09727
-10.9451685
12.728804
12.707728
0.761139
-11.17587
10.47227
-10.9735
-8.912838
-8.041387
-11.017986
-10.875907
-2.2654035
7.7984753
-12.709417
9.75627
9.54093
8.482073
11.186587
7.7813234
8.92189
-6.329813
-7.861675
-0.43601662
-4.564865
-7.753742
-4.106451
8.531421
8.940689
9.135508
7.9044523
-7.637684
-7.7592554
-9.137602
-0.8987852
-9.137326
7.9003196
-7.780292
-8.998537
9.132606
-6.2167554
-4.718695
7.906576
-7.7849874
8.979782
9.137528
7.8907533
6.7487507
-7.8823586
-1.3359461
-8.865646
10.360186
-8.986357
-9.135639
7.8851676
-7.789107
-8.93389
-7.772582
7.8518486
-9.104215
2.153066
7.7819285
-8.979029
9.007947
-7.9035087
-8.553062
-5.819528
-7.7722225
-8.998264
3.1910129
7.9053755
10.363694
8.989382
-7.773771
-8.999758
-10.375536
8.995934
-10.238296
-8.99825
0.9323859
8.999289
-9.108654
-3.2319553
10.386986
-8.988365
-7.7848754
-8.99456
5.1244097
1.2163013
-9.124866
-7.896066
7.7600493
-8.995639
9.13441
7.7809434
9.093139
7.6249933
-7.780927
7.8368325
-10.38794
7.0212674
-9.138091
7.890035
-0.67079103
-8.971575
7.572397
-4.464776
8.479889
7.8922048
-5.593006
-1.1248655
-4.3240614
-4.2020717
-3.3768442
1.8039073
8.872487
12.716733
11.105009
9.742182
2.2468467
-11.1879835
-8.955496
-7.9047685
8.148225
7.8937116
8.992317
-8.962969
8.982751
-0.38322794
5.4028273
-8.92713
-7.893914
7.6072474
8.993319
5.526414
5.934446
-8.990971
-0.84754884
7.534298
7.883721
6.8093243
-7.8903403
-8.998042
-7.8278146
7.900716
-7.6846924
-7.894171
2.63578
6.0252814
-7.9032784
8.9650135
-7.87414
1.685487
-8.993385
-0.59554803
5.4952664
4.859649
8.992192
7.7421856
-8.820602
7.901191
-7.865526
-5.9236536
7.90495
1.4636363
-4.7011256
1.3615949
5.69678
-7.8813076
-5.5409684
6.3361216
4.926182
5.585671
6.3569555
5.9694
3.52023
-6.3585873
-5.527577
-5.576196
6.346992
5.5859327
5.5568953
6.353194
-5.5976253
-5.2467313
-6.356688
-6.3579206
-5.5993156
-2.485257
5.4672537
-6.3495007
1.8101189
5.553038
0.35018507
-6.353429
-4.7747507
6.1013517
-6.35497
-0.08227404
-6.338926
5.4504843
5.5671005
5.564689
-6.2896967
-5.5927677
-5.568717
6.349223
5.5720305
5.591506
-6.3550987
6.352501
5.5924735
5.9551783
-5.5891957
8.238461
-7.9000964
7.72627
-7.1179276
8.036687
-2.5270214
-0.0
15.576239
-15.785827
-3.8431654
-15.785809
-15.588239
17.9724
15.552583
15.828468
13.483176
-6.8597646
12.464956
-15.822466
15.5869465
15.793893
15.579925
-17.984556
-13.299433
12.196423
-5.5827546
12.242075
2.6807444
-11.140185
-4.060055
-8.448816
12.730646
-9.609098
-10.902098
-5.5016212
-14.557308
0.37680134
10.991989
12.676573
-5.88372
11.174194
1.199638
7.9367185
11.281064
-7.6482606
9.360018
-8.909133
11.368323
11.841371
11.014929
-12.292377
-10.0983925
12.666871
-11.648518
7.5798
11.367541
10.141257
-11.017543
6.096359
1.7426859
11.01882
6.6371784
11.176898
6.7880044
-11.380612
10.920245
-10.990556
-8.998541
10.531844
11.014962
8.315338
-10.824421
1.6574674
11.187654
-5.871859
9.026654
-7.6087904
11.184721
11.006051
11.16373
-11.1848755
-11.013912
7.586531
-8.817254
11.018073
3.181854
12.684203
10.225973
-12.684374
-9.148192
-10.847371
11.153476
12.559659
-5.5448637
-3.3289254
11.102762
-11.019518
-6.9672623
11.132494
-11.006016
-6.7189693
-11.185513
-5.0104895
-11.106549
-9.633503
6.3422494
7.907116
8.036777
0.23625818
8.03603
8.3845625
-8.287522
-5.6637063
9.127827
-7.4832425
-8.0170765
7.841281
8.215516
-3.103081
5.874468
-1.0509304
-8.038387
-8.399086
8.276189
7.907031
-6.397446
-8.417053
-7.831832
-8.411365
-8.281291
-7.9066105
8.037589
1.5659001
1.0569078
-8.375637
-8.10585
-7.9073954
-9.129626
-8.293335
8.022354
7.6962795
3.8202684
7.820514
8.01574
8.407336
8.035711
-3.1371193
-7.766746
-8.998563
9.116517
3.4383965
10.380794
-0.06736989
-7.779142
8.998937
9.0632515
7.8944817
-9.012551
-2.5317144
-7.782997
7.6029377
-10.340662
-8.985788
-10.372141
-4.1882143
7.784224
-7.143708
9.093394
7.842816
10.387244
8.997857
8.2553005
-7.8873816
-7.9257646
-8.413747
-6.157049
-8.37253
-8.288372
-7.905914
-8.030205
8.411022
-8.023095
8.394339
-8.273515
-0.5392699
-6.9204364
9.57682
-8.0323105
8.419223
-8.284406
6.909011
-8.033149
-8.399621
8.037031
8.417135
8.279557
5.6967926
0.7864055
-4.646784
-7.931662
-8.409259
0.0
-0.9323679
15.8246155
10.986031
-15.826733
-15.584357
-17.91675
-15.294119
15.813369
2.562175
-17.78056
-7.9734907
-4.9178395
-15.5606985
15.824797
15.384404
17.12529
-15.58872
-15.815401
11.694233
3.820376
-11.364405
3.2074378
-7.4256697
11.187009
9.482667
-8.518347
-11.019502
-9.179251
-5.080445
-12.548258
11.67797
-2.9120767
-9.047858
11.907061
-10.994833
-12.714333
-7.3081865
-11.175925
-11.0016775
7.1521564
3.307636
11.169971
10.368354
-12.534236
14.554254
-12.7263
10.811159
-12.679213
12.891148
11.179155
-10.957187
11.181557
3.2493064
-11.018893
-11.15284
11.1182995
8.997847
-12.7142
10.239513
10.952035
11.177927
11.154828
-11.009077
11.175338
-11.090366
2.896118
11.16676
8.290978
3.859418
1.1273586
-7.91244
3.9075367
-5.5606008
-11.184387
10.955923
-11.185255
-12.717086
-11.019514
0.07481448
-11.399657
10.7832575
-12.387625
6.6078744
-10.996037
-11.177566
12.675961
10.991864
11.167419
7.399592
1.3288373
11.185549
11.136133
-11.014987
12.675886
-11.167203
-11.017383
11.178246
-11.179599
-8.281841
-7.890504
8.013773
-8.416892
8.017152
-8.407192
7.742251
8.989489
6.1010323
8.987274
-9.118294
5.995472
8.287889
6.5400724
7.226363
-7.990709
8.0357
-8.411733
6.953871
-7.904347
8.03349
-0.6034024
-6.8892813
8.39628
-6.5387406
7.86732
8.001483
5.953305
-7.9987073
-8.40376
4.9294195
-8.994562
10.384033
4.5379133
5.773457
7.162839
-2.9305587
6.3128357
-6.8989763
-7.7500563
-8.03721
-8.4087
5.639352
7.589453
-1.841074
8.409522
8.897686
0.5890686
-7.868812
-7.890571
-8.032893
0.88800114
9.009942
9.578152
7.0432277
8.994589
-10.3877125
8.975864
-10.370661
-8.97715
8.279581
-5.2625766
8.033805
8.379929
9.018754
9.572463
8.285024
3.8715947
6.8671503
-8.27625
-7.9395533
7.294872
8.259081
7.875676
5.935443
8.396871
-8.025401
0.5108869
2.0841825
-8.974158
8.31656
-8.964052
7.283563
-7.9063945
8.146737
6.3893228
-8.0332775
-8.393687
-8.025702
-8.41831
-5.3861628
0.2796645
9.138788
3.858008
9.100266
-6.813508
-0.0
-15.587882
15.799485
12.058895
-14.707683
-15.1330595
1.6757057
15.58225
15.657797
-15.5176735
17.975458
15.574815
15.829458
-12.784012
-14.070557
-4.0763826
17.998142
-1.881487
-14.260961
-0.7328669
-9.190789
6.3639116
10.439028
-10.994397
-11.692467
12.887664
-11.137073
10.871377
0.28425062
-14.686213
0.27685872
-11.011619
12.670062
-12.912629
-11.185949
-0.70572656
-12.714094
12.914491
11.188897
-8.584958
12.626808
-12.8820915
-10.231847
10.96222
-9.778628
14.677109
8.134467
-11.004176
8.660255
3.862084
-11.185319
-11.014333
-11.177706
4.8335304
-8.330972
-11.149757
-6.3309293
-8.886947
12.720226
11.150911
8.568646
11.187457
-11.147116
-5.8166337
-11.177278
11.106266
-5.261007
5.1113486
11.145557
-6.2427964
-12.687592
-5.8184648
-11.016588
-1.5655112
-11.185042
-10.858132
-11.08715
12.717046
-9.69675
-11.130746
3.9170945
-11.007999
-12.67073
5.148408
-11.004957
7.159025
-1.8745636
-11.003301
8.0803795
11.186863
-10.99844
-11.179407
4.963885
-7.297585
9.973955
3.3236547
-11.015207
9.669346
-11.164495
7.781179
3.3744621
-6.7208962
7.8847647
6.580144
7.859432
7.7723255
-7.2340493
4.9696226
-5.5689087
-9.13055
7.8968654
7.772271
-8.995386
-9.134825
2.6598625
9.118302
4.1321054
5.973786
7.456429
9.076979
7.8964252
8.059232
4.3003874
7.5352044
-8.993758
-9.116892
-0.5814175
-5.6344156
2.5070693
-6.835644
8.985416
-10.381962
8.938156
-9.113334
-7.9021
7.789376
-8.997134
8.815018
6.1948657
-9.132317
7.9074717
-7.5861697
-8.950989
-7.100041
-4.218251
9.815262
-8.161631
-7.788321
8.916305
-9.026875
7.8954773
-8.0712805
-6.2692285
7.7777615
8.866632
-10.279226
-1.2146686
-1.2533463
-8.581005
7.7865133
6.2095766
-9.134066
7.805191
-6.8586764
-8.990312
2.8352022
-8.445044
-9.104919
7.282222
9.041547
-7.2417455
-3.373775
-0.7992755
-5.303023
-5.324691
8.00219
-4.660268
-7.7840877
-8.541946
-1.8578384
8.9866
-4.144332
-7.886688
7.7703285
8.986434
-9.124526
-4.3847914
4.273584
6.253633
-5.592692
6.355489
2.6128614
-11.158135
2.1063647
1.0949042
-10.002342
-9.324565
-10.265311
-11.185164
12.682005
-11.178491
8.988277
-4.8402567
8.997531
-7.894632
0.59326327
-7.8440304
8.998124
-7.905005
7.006545
-8.280705
4.300602
8.995703
-8.997989
-8.387103
4.9672904
-8.995522
-2.3880408
7.5473437
-7.838741
-7.909488
7.906883
-1.405409
4.8122845
-7.5888057
-7.9067545
6.8526883
-7.884873
1.0686045
-6.2664227
-8.989271
0.47164756
-7.531665
8.9714985
7.90459
-6.48089
0.8811331
1.1593368
7.5762053
4.0553484
7.876446
7.090257
7.8865457
7.9079256
7.9008813
-7.8685966
-8.996042
-7.6426764
6.5176907
-5.59618
2.7648733
-3.457495
-5.5979185
0.8386795
6.347719
4.6922507
-2.7280989
-4.986272
-3.3247724
-6.359507
5.5974483
-2.0265334
-0.88333976
-5.5859394
4.2741547
6.3438096
-5.6720347
-5.5984187
-6.357778
5.5955467
-6.352366
-3.735449
5.5989094
6.354965
-3.6547136
5.597738
-0.6504867
6.341302
6.3560557
6.162494
-6.351463
2.4060893
5.58887
-6.113355
0.21411997
-5.1125402
6.356145
5.592061
-5.5995674
6.223598
-6.3417487
5.591144
0.29950967
-5.5764976
4.192485
2.6993878
8.032079
1.3747998
8.039217
8.391135
0.0
1.217619
-8.3875
-4.5181417
15.798421
-10.513149
-17.988071
11.599469
-13.85499
-15.586088
-17.999487
-14.275104
15.821886
15.532531
15.35267
15.586545
-2.2239566
-12.506098
-15.819062
-7.9372215
-11.187044
4.9842257
10.693639
-11.7217245
-11.186804
-8.438776
3.360853
9.984105
12.716519
14.696432
-12.723909
-11.725461
-8.020762
-2.7417414
-11.043559
-11.689135
11.17751
-11.367887
7.0532813
4.2815614
10.107775
2.4687557
9.205007
-10.99876
-7.9008355
-3.9952512
12.72561
-0.536866
11.181398
-11.369687
9.548875
-11.001262
11.1479845
11.183771
10.730448
-6.9973235
-1.3510015
-11.017931
-12.238856
3.7483993
11.010889
-11.186336
-2.4561777
6.7959204
-11.036822
11.189074
11.018235
11.168114
-8.799154
-10.955716
-12.729367
-11.180547
-11.018989
-11.189488
-11.135507
11.0072155
-10.908931
-12.722474
11.01912
10.665704
-1.6893125
-9.512477
-7.613777
-9.8617325
11.018827
-11.186159
12.723549
-10.842696
4.1507325
11.167826
10.021986
-11.077755
11.1893215
-7.287071
11.140665
11.096736
-10.994507
-11.175172
-11.183762
-7.691489
-8.824123
-9.129583
7.9094563
8.966191
2.7259727
7.7300425
-7.904332
-9.021525
9.568787
8.03269
7.856779
8.287256
1.836153
-5.281677
-8.414223
-6.8278294
8.404782
-7.7858434
-8.997999
-1.6434225
7.8983154
-9.11687
7.8055763
8.28924
7.013642
-8.026967
8.394699
-1.4754467
-8.379815
7.2551885
7.906406
-9.12677
-7.8784037
-8.008165
8.347318
7.756288
-6.833802
9.137762
4.8982267
-9.13782
7.7290535
8.287418
7.88015
4.8141537
8.218318
8.623908
7.794936
8.175996
-7.8864822
8.029875
0.7820975
9.119071
-8.543572
-7.774629
8.988019
-9.476994
-7.5781364
-7.97095
-8.988942
8.28213
5.0301213
7.991464
8.406706
9.126416
-1.1903026
-2.830134
7.9094257
7.9981146
-2.9823215
4.714487
-8.411343
-7.770099
8.8735695
9.134359
-7.9043527
-5.399403
-7.9055824
-8.283536
-7.9072127
-8.55713
9.543928
7.8527355
-7.211653
8.257333
-7.909455
-6.049394
3.882787
8.02173
-7.720963
5.59065
6.35838
-3.5777698
11.18683
11.187101
12.689596
-11.189828
-12.699435
-11.166548
10.105311
12.725041
-11.186868
8.990435
-7.9032655
0.8750949
5.983075
-8.977756
-8.999582
-8.995139
-7.8652964
7.9047856
8.994754
0.30598086
-8.986595
7.64565
-8.966144
6.568418
-6.131282
7.870528
-7.8989444
-7.9017286
-7.8564153
7.886989
-3.685238
7.900487
7.8887496
-7.9076114
7.904584
1.4291707
-7.9048233
-7.870632
0.35357523
7.909075
7.9080606
-8.996154
7.9088984
3.9902608
-7.892803
-1.7104104
-8.987171
8.992684
-7.902976
7.9018736
7.893467
7.8838587
7.8781
-3.5022771
-8.95545
-2.2155485
-7.8752794
-5.5863156
6.353601
0.73111826
-5.59896
-6.3594093
6.355968
5.595918
2.1450727
-0.7826567
-5.576092
6.338389
5.2148886
5.58803
5.6925216
5.587786
4.488795
-0.6201686
6.3585715
1.0620059
4.4029484
4.518769
-0.3979196
6.359851
4.2067056
6.3579144
6.358438
-5.598904
-6.34974
-6.356159
-5.0913057
-6.3554688
6.357467
-5.5996118
-0.24660921
6.350189
5.59884
-5.592348
6.3288603
5.597783
3.7215567
6.3590913
-6.3513765
0.8717623
3.4811847
4.9424944
7.7869444
-8.933719
-6.2230053
-4.800716
9.136086
7.907654
-0.0
15.583812
-10.665615
-15.578944
-10.772515
-15.587044
17.655066
-15.587999
-9.671597
2.078933
-17.99857
15.466046
13.915193
-15.582605
-15.81051
-12.280334
17.933645
-15.51674
-8.608235
-11.014414
12.685547
10.614858
4.53941
-10.994887
-12.726501
-1.6977352
-11.173805
-11.00334
-12.700984
-14.637147
-11.6205435
6.232216
7.6746073
12.913503
11.184363
-11.014118
-9.529874
-7.58519
11.1438465
-11.018752
3.453676
-5.0383363
3.031037
7.324678
-12.70147
-14.649346
12.725509
11.015391
12.66225
-2.4528217
-11.148258
-11.014397
-11.17581
-11.1861
-11.0189295
-9.949733
11.184906
-10.985207
-12.6976385
-11.185545
-11.003363
-10.9943905
-11.143057
11.018969
11.182247
11.182612
11.017541
1.6596981
7.0659046
-11.01134
-3.5958338
-11.179308
11.018488
11.184081
6.6086345
5.5356245
11.181231
7.361212
-10.984871
-11.145542
-4.2535663
11.017184
12.7267275
12.656899
-11.01688
-9.701566
-12.727044
-11.017471
2.4966435
-3.7751129
8.410637
10.08957
11.187156
10.993182
-2.5645957
-11.189221
-11.016504
-11.1808605
7.8701487
-7.697619
8.959587
9.070208
-7.881691
-9.134573
-7.8695955
-7.78361
-8.983099
1.9167242
8.965309
-7.5345907
-7.909784
7.7898655
0.22110313
-9.136788
-5.5985904
9.129712
-7.2357883
7.7875447
-3.8864238
9.1275425
-0.61645716
9.131946
-7.907767
-6.582501
8.930064
-7.9215384
-7.909404
6.0634594
4.0088944
7.7855854
-8.9977255
-10.273079
7.1178427
-9.105523
7.899647
-7.781671
-3.647883
-9.137416
-7.886232
-9.122058
-7.885525
-7.7140093
7.350854
-7.9271116
-7.906693
-10.373951
-7.57796
-0.5840091
-7.2138023
9.136116
7.909629
10.208927
-8.9843445
-7.7839856
8.979519
2.9599864
8.024244
-9.986627
6.8723807
-5.491972
-7.3887095
9.135344
0.14927769
-9.441256
-0.24167585
-6.649677
-8.9957075
9.088882
-7.903313
7.8245296
7.8845162
-7.7869797
8.998007
-9.1383505
7.9000187
9.1381035
2.9263015
-7.7875104
8.998018
10.387479
-8.960812
-5.876329
7.908446
-2.8965988
-8.9598875
9.138818
-7.842205
-3.7559338
-7.0642457
-5.596821
1.7279091
1.0039798
-10.464334
11.186861
-1.8404444
-0.3419401
-12.673545
10.967233
-0.5099712
-1.2672551
-11.170835
-8.926962
-7.236534
8.990482
-3.5355883
8.996418
-3.1265552
8.966166
7.8487086
3.1621513
8.991214
-7.8561063
8.999167
-8.964915
8.994355
-1.8712897
8.995364
4.3274837
-2.0223129
7.9050508
1.1553162
7.9047117
-8.992241
0.88120365
-7.440659
-7.8136883
6.755253
-7.897945
7.265445
-7.868856
-7.7037983
4.579735
-4.471444
-5.3674726
-6.448523
3.585184
2.2876167
-8.998175
-8.975591
1.2636336
-3.019287
-7.8494577
7.8733916
7.875804
-7.908122
6.399215
-3.7462347
7.891308
-5.9197183
-5.563741
2.020509
-4.694881
-3.626914
6.349552
-6.1388197
5.5955772
4.7612114
5.5865397
5.5551553
-5.317903
-0.9586403
5.5964046
2.6895685
4.90114
-5.4305296
6.3485947
1.1547582
-5.583022
-6.3516574
-3.4016023
0.90679735
-6.3558927
5.5950284
-6.354601
-5.06437
-2.0890172
-6.350295
6.3421597
6.0842648
1.6966412
2.4904268
4.504601
1.4315082
6.33798
-5.591786
5.5951185
6.3306427
0.16298652
5.593898
6.3507843
6.3479843
3.8414047
1.2863845
5.542834
-8.287829
-7.7712297
5.582898
8.155212
6.3804116
-8.062795
-0.0
-15.577744
-15.753407
15.550225
15.825801
15.558378
16.76849
-15.578468
-15.80614
-15.564857
-11.420217
5.9549007
-7.9755793
-15.578611
-15.795658
1.15661
-17.976267
-15.528161
-7.288535
-11.01506
0.29862627
8.512657
-11.1831875
10.979813
1.4390819
-11.3982525
11.189038
-11.01919
12.689497
-14.655742
-12.724251
-11.016937
4.2609777
12.046722
-8.5812435
-11.726672
11.155328
11.366734
-11.0898
-11.717292
-11.188813
-11.327256
-11.73416
10.971252
5.463101
-14.594587
2.6879501
-10.518638
-11.174564
-11.3586235
-2.1388962
-10.666108
11.185194
-11.184584
-11.017132
-11.188028
-11.1879835
-11.013412
9.539638
11.171769
11.006432
1.1658622
11.16781
-1.5702323
11.189303
-11.177461
-11.01394
11.181462
9.976027
-10.884041
12.721121
-11.15683
-0.43301326
4.153549
11.184712
-10.993037
11.165101
-4.515397
-10.693876
11.122195
-12.728432
-10.9192705
10.878996
12.560583
-11.0029335
1.5497391
12.726662
-7.233894
-1.3724178
-11.114165
-6.3896155
6.4302597
-5.757811
10.9396715
-5.998826
-11.143154
4.122279
-1.7942024
-11.17693
2.3675952
7.9050107
2.223816
8.4024725
-8.032572
-8.414657
-7.9210186
-7.9089026
-7.072323
-4.080302
8.029839
8.345012
1.4222928
7.9088855
7.3964195
8.387209
-8.033548
8.418313
6.3205905
-7.895258
5.1741233
8.41549
8.035175
-5.974346
-8.28595
7.887087
8.025761
7.132558
-8.037287
-8.391044
8.241431
4.79972
-9.13367
9.576606
8.011594
4.2127695
8.249139
6.09894
7.547171
-6.3315144
-8.007173
8.392063
-7.789581
-6.7373667
-7.8691344
6.098149
-10.368102
4.46923
-3.607588
2.4056952
-9.105155
7.907272
-10.374697
8.989495
-7.7851124
8.984741
-10.373266
-8.996914
1.107539
-5.4065437
7.0669837
8.991148
8.011743
7.9047346
-3.5944612
8.940242
7.9451423
-7.771388
-7.474945
-8.387922
8.032214
-6.1312356
-8.264736
-7.8866706
8.030189
-6.9768977
-4.4404073
-8.402566
7.992501
-7.860306
-3.9303365
9.545656
-1.7958556
8.396366
5.2301483
-6.7298994
-8.020344
-1.6969355
-8.031458
8.413523
8.212353
7.8633065
8.011305
8.406313
7.889933
-8.415438
-0.0
14.531431
-13.456579
-15.587139
-1.865025
5.880261
-2.0035155
4.6905556
15.688117
4.870159
-17.997517
-15.58678
15.825251
14.868498
-15.693225
15.46592
-16.829708
-15.5751095
-15.812688
9.566557
11.184284
-11.363754
-5.2926645
-11.727503
8.484045
11.021983
-11.874857
-10.038662
12.727549
9.112104
12.728019
11.720352
6.8031316
11.35593
-5.396281
-10.99794
12.703013
-12.903457
-11.179917
-10.6477785
12.058748
12.899934
11.149535
-10.978344
12.710939
4.505121
12.728524
8.4815855
-12.682052
-2.396762
0.07856732
-11.013538
8.896181
10.6971445
-8.849418
-11.1814
5.6344028
-10.973784
12.711782
11.14245
5.5662417
10.024738
11.166556
10.85354
-11.18163
8.29499
-11.017784
9.641942
7.9987445
10.997975
2.7332666
-10.064567
-11.015443
11.172016
-11.17394
11.016998
-11.181344
7.0389147
-10.738739
-11.17285
4.376047
10.943537
-12.234067
-12.722844
1.4317809
-11.183085
12.712842
7.6626687
11.180135
5.4524713
11.0183115
-11.178567
7.315438
9.4357605
5.5491247
7.233426
10.939699
-11.1755085
-11.149582
8.287851
7.9033046
-8.001684
-8.415821
1.7827781
8.345084
-2.2730327
8.991824
9.080408
-7.2680697
-9.019766
7.886152
8.120044
7.876521
-8.029826
-8.044716
8.003639
8.408275
1.6491575
7.908519
8.013855
-8.384999
3.7272666
-4.752204
-8.289607
-7.902649
8.036286
-8.408371
5.2667074
-8.416362
7.6650405
7.9692707
-10.377355
8.99893
1.8135217
-7.8843827
-8.287711
6.840587
5.443623
2.2632158
7.9819393
-6.7865014
-8.285967
-6.9416666
6.653047
4.4170895
-4.917829
-9.563165
-7.0206203
7.904624
7.9403715
6.178467
-9.111809
-7.0389338
-7.6305656
-8.997324
-10.271912
-8.934056
10.325618
-5.8158903
8.054142
-2.505665
-5.373198
-8.384411
9.132913
9.515857
1.779691
-7.908034
4.907048
-2.0033202
0.9977206
5.94909
-7.632134
5.4864416
-7.8839316
8.409253
-8.0328245
-6.8504877
3.0603461
3.8016973
-10.264582
7.5766263
-9.011642
7.8742847
7.547233
7.4503837
-2.8977609
2.9260569
5.8631034
-8.416552
-3.1394024
-6.3421555
7.6205325
-6.575509
8.998301
-1.2761664
-0.0
-10.914266
4.293876
13.291314
13.15759
-15.581164
-17.652376
-7.7219973
14.258336
-15.5827465
17.985598
-13.748219
15.814225
14.2954445
-15.829624
15.587132
-13.700793
15.535077
15.823201
-4.5692334
8.952127
-5.980182
-7.966954
6.0065236
-3.7656348
-12.916817
11.18179
11.019001
-12.717249
12.514961
12.226583
11.011642
12.716866
-12.916591
-11.184907
11.003545
-11.857131
4.4443345
5.5769877
-7.7878647
12.714382
-11.680754
-11.171537
-11.01764
7.5333138
13.461209
-12.557313
-10.883884
9.438716
-12.915233
8.525003
-11.016347
-1.5746506
11.063306
10.813785
-6.2611847
6.7804775
-10.996942
-2.7320297
-11.117904
11.016692
4.699369
-8.917802
10.921757
-10.2954855
11.156559
11.004037
0.18683477
0.18592338
-6.9660416
-12.710977
6.7528353
-8.235463
9.9720545
11.155017
-9.551688
2.796312
7.4648623
-3.2866359
9.331174
12.710913
11.011457
-12.6981125
8.096383
-8.963687
4.0892487
11.798867
11.017874
-11.12894
11.183114
-8.61188
-7.4392443
11.180868
1.3440514
-12.719856
-11.17864
11.009775
-11.182517
-11.139523
0.5599277
-8.989456
4.735041
4.01219
-7.709448
7.893029
6.7779045
8.978102
-10.308696
-8.992827
2.1321456
-7.9028635
-7.75462
-1.492973
-9.077018
6.942453
-8.256706
6.428552
-7.7551794
8.811297
-1.3192691
-7.8986096
5.0234585
-7.811743
7.787813
-8.991458
-8.886177
7.2715034
-1.4370533
-6.500041
7.7698684
-4.9234524
-4.850723
-5.251614
8.627351
5.6728234
7.757208
-8.9981
9.134075
4.915093
-8.943492
7.874885
2.7732778
8.978377
8.821086
7.8976254
10.384218
-8.965943
7.7792583
3.288713
9.137732
-7.900398
-8.212872
-5.0779243
-7.4230514
-4.7882833
10.305375
-2.2547529
-10.382655
-8.949117
7.7889404
1.5207195
-9.081958
-7.827949
-8.095561
5.0309277
-3.865113
-8.998184
9.057184
7.9074607
-9.138198
-3.5739639
7.7850337
-8.997528
-6.9008775
-7.9093137
-9.133731
-1.0340497
-6.7005935
-6.7165775
8.847007
-7.415914
9.136768
-2.2197423
5.9790335
8.897647
-6.5768957
2.3640597
-5.79642
7.879387
-5.5991206
6.3513756
-5.596494
11.183865
-11.180773
12.729288
-9.607053
12.699417
11.188195
11.180113
11.763395
11.116937
6.711363
0.61395794
-8.996826
-2.123696
2.8458629
-7.4770083
-8.964766
7.9047947
7.9060907
8.851283
4.5172954
8.923252
-8.997213
1.4881958
7.9052563
-8.988671
7.889428
-2.4868677
7.884793
-7.9096837
-7.140089
3.1444767
-7.9071193
7.900084
7.909939
-7.806073
-5.7345123
3.6151876
-2.270881
6.953077
7.9017057
7.7721176
-5.6402946
-7.900721
-8.973248
7.8811173
-8.999873
-4.8918343
8.864232
7.908965
-7.9091997
7.8347607
7.8627076
7.906628
-7.493253
-8.996243
-7.650163
7.9097824
-5.598361
-6.347766
5.5991454
-2.636908
-5.6413507
-6.354028
-5.5474586
-5.1634407
-5.591354
-5.5958185
-6.3454866
-5.539382
5.5997896
-6.3555975
-5.5784245
5.5551105
-6.240003
6.345349
5.598334
6.357425
-5.593
-6.3571906
6.3224897
2.4953196
-4.6664352
1.9055859
5.5915604
4.6270695
-3.1672633
-6.358478
0.90776676
-0.55193955
-0.9344102
-5.5783935
-6.359308
-5.5968766
-5.599524
6.358444
-2.8719144
-5.593991
6.3512044
-2.8930087
5.583681
-5.9095483
-4.3169427
-7.215092
-7.896242
-8.008269
-8.419763
-8.038079
-8.401074
-0.0
-15.519985
15.764783
-15.586712
15.816471
-15.578693
-17.99879
-15.565344
-15.825351
-15.37869
16.803802
-15.58661
-11.0788145
-14.72146
12.933467
14.226145
17.900911
15.5628195
-13.797965
4.4469247
11.170526
2.0579822
-11.904959
9.396944
-11.187205
-11.278725
-11.860393
9.328606
-12.718184
-14.69542
10.792007
11.72239
9.297336
11.21439
-10.363425
11.695786
-7.6745863
-8.713876
11.180002
11.651835
6.064314
-2.9695158
11.86915
-11.018852
-12.729199
-14.672705
-1.010024
-9.017153
9.890744
-11.347212
-11.905332
4.622027
3.4007437
-10.80615
8.340961
9.732786
-2.6923776
3.9132853
12.729456
11.183265
-4.0131965
-11.180705
6.0392623
-9.059742
6.5464225
3.9144385
-6.6185865
-11.187902
-11.170596
-10.98623
12.724184
-11.146309
-10.703996
3.872039
6.3134785
-1.7342935
-11.014724
12.725714
-11.004003
-9.697989
12.72522
10.3943615
-7.736538
-9.426097
7.689178
11.0507345
-12.72878
-11.014599
-10.875612
-7.2054505
11.014225
-11.167275
-11.174022
11.016264
3.125762
11.166976
-9.720129
10.777321
11.17889
-7.770967
8.999883
7.6403933
-7.907531
-9.12248
-7.901331
-8.283993
-7.879848
-9.1370535
9.576008
7.9424043
8.406214
-8.220807
2.3268166
-0.25216842
8.406121
-4.5151825
-5.6542563
7.675389
8.439799
-9.133998
-7.8924813
-9.138106
-7.898537
-8.286002
1.1795795
-8.03955
8.416599
8.039239
-8.4183855
8.287233
7.902635
8.405476
-6.642911
-5.9341955
-8.410013
5.4606333
8.975579
-0.47102314
-4.609019
-9.12252
2.6690388
-8.284423
7.9022555
7.959107
8.415158
3.5635908
-9.533777
-8.286106
-5.5250316
6.264543
8.409634
-8.000793
-3.1275702
-7.765573
-8.996806
1.2821587
8.99937
-4.3536158
-8.996733
8.285932
-6.2918115
-8.038876
-8.416323
8.722111
9.579761
7.7906933
7.9062233
7.9329925
8.4189625
8.038788
-8.398797
-3.3221838
-8.992745
9.121782
6.423058
-9.134516
-7.899389
-8.272947
-6.73514
-7.188934
9.1959505
7.2958565
-8.41415
-0.64268583
-7.898674
-7.86775
8.370206
8.036458
8.410339
-1.5801464
6.3370175
-5.598848
11.172163
-11.142015
12.728012
-1.662992
12.728034
0.9742603
-11.169022
0.47309607
-7.800934
2.6479847
6.1902018
8.9949255
-7.9084735
8.867658
8.99813
5.961415
-7.908157
7.908746
-8.99923
-6.905508
-0.76889324
8.981187
-8.943426
4.985554
-8.724772
7.8106904
7.908318
-7.572203
7.903923
1.450686
8.994333
7.872256
3.298844
-6.4221907
7.9065113
7.9085827
-7.9055243
-7.0342627
-7.8428116
7.906825
5.118596
-8.989221
7.9049373
-8.987735
7.909863
6.748937
-8.993986
-8.882332
7.907596
-7.7522235
-4.0946565
7.907824
-2.3894396
0.81779104
-7.1386228
7.903282
7.9082885
-5.5910244
5.8459196
5.596154
5.5922656
1.7927488
6.348706
-5.596923
-6.357481
-5.5725365
5.0041714
6.3593307
3.1628244
5.597242
6.3584757
-5.5886083
-5.5193725
-2.7032566
6.3491955
-5.581889
2.037979
-5.462513
-2.9705439
-6.3598123
-5.5995903
-6.263867
6.3559203
5.5995536
6.3548036
-1.2808062
-3.7628956
-6.356305
-2.0866072
-4.6133547
3.930411
-2.6840482
5.598839
-5.5790567
4.4043264
5.5991445
-5.599792
-6.358333
-6.346012
-0.26620084
6.352769
2.203355
3.84547
8.999471
2.1411185
-7.9067707
-9.1391535
7.4814143
-0.0
-15.578045
15.76836
15.5836315
-15.8191185
-1.4869962
-10.724664
-15.586205
10.617135
-7.853306
17.99834
6.2132335
-15.762081
15.583591
7.6289635
13.0767145
-7.257427
-15.58314
-15.774682
-11.018208
-12.728945
12.917479
-6.0353427
11.019334
12.713581
5.8534117
-11.174369
-11.001872
-12.713094
14.697169
-12.7285185
11.019102
-12.729466
12.915286
11.183764
-10.588808
-12.707304
12.91252
-0.84610975
-11.01736
-12.704817
12.912245
11.187183
-11.015976
-1.0870111
14.6895
-12.661666
11.002683
12.700103
-12.910737
11.143831
11.016632
-10.439884
11.187856
10.992388
11.16482
11.17825
11.012697
9.574485
11.13924
-10.978159
-11.176634
-11.186924
-10.990416
9.042127
11.148976
11.018334
11.172938
-11.176099
1.9701996
-12.727626
-11.031858
-11.013451
11.17425
11.18656
-4.6567163
11.182012
12.602792
-8.540421
-11.18576
-12.718389
6.5121617
12.721574
12.687879
10.95857
-11.187758
12.725145
10.777436
-5.3782535
-11.182029
11.01198
10.907027
11.186021
11.019622
-2.6312757
-10.772247
0.5162933
-11.170286
-8.099564
-7.788639
8.999626
9.125788
-7.907047
-9.13692
-7.8848443
7.744906
-8.984763
10.385009
-8.997267
-3.6672606
-7.9014482
-7.7879457
-8.984089
-8.994363
-7.90574
1.1626813
-7.905534
-7.7794437
-8.944765
9.135432
7.6906447
9.05836
-7.8648386
-5.60164
-8.996993
-9.099671
6.966656
-0.34371212
4.623446
-5.8958926
-8.701897
-10.386127
8.999489
9.103673
7.7873044
7.37653
-8.855871
9.139106
-7.908858
-9.131287
7.903385
-7.7763114
8.992132
9.134172
-7.896907
-5.8503513
8.890919
2.0752964
-8.098751
8.989785
-7.9094462
-10.383129
-8.998246
7.7887344
-8.955401
-10.35033
-2.4297638
10.368105
3.0842397
-6.4456034
-8.967485
4.3835845
7.90917
10.367287
-8.996523
-7.7839103
8.9689665
9.139665
7.883199
6.772544
0.8050958
7.7800694
8.996426
-9.139514
-4.0487013
9.1367035
7.780573
-7.783671
8.991678
10.388631
-8.996202
-9.138241
-7.8788095
-7.785449
-8.995958
-6.545299
-0.18661103
-8.976887
7.896036
5.573567
-6.353481
-5.5921445
-11.187836
-11.180453
-6.5255337
-11.18718
12.725754
11.183826
11.171251
5.945516
11.124298
8.993744
7.8818164
8.992595
7.887907
8.976724
6.9466114
8.966569
7.7107844
-7.8900304
-8.993682
-7.9087486
8.997222
-8.991212
-2.5645025
-7.908894
8.988836
7.907772
7.9095554
-7.90246
7.908854
7.9009237
-2.1599758
-0.28553241
7.90953
-7.894597
-7.8938174
7.909508
-7.8910995
-5.677992
-8.825334
7.886131
7.8963995
1.9792309
-7.8942485
-8.79338
4.2286487
-8.892359
-8.983144
-8.9937935
6.817917
7.9082584
-7.9025674
6.0717325
-7.8909335
-7.9034925
8.965364
-7.879838
7.8829613
5.5995183
6.3549895
5.5853157
5.581477
-6.287439
6.3587093
5.599254
5.4343133
4.038465
3.5335083
-6.3566694
-2.729929
-5.593399
2.7925727
5.481736
1.933789
-6.3473654
-6.3573956
2.4704528
6.359737
-5.599412
6.349024
6.3550186
-3.1245732
6.3573794
-6.356173
-5.595152
-6.125928
-2.8079016
6.3575487
6.342473
-6.3555245
-5.591564
-5.5810223
6.359131
-5.5987005
-5.362869
3.3011532
-5.5984926
5.5985107
-6.3589826
2.3387704
5.594217
-6.353606
5.5890217
8.187162
-7.9004374
8.024152
-0.29106244
8.029785
8.41949
0.0
15.515377
-9.320896
-15.571152
-15.821844
-13.230552
-17.482002
15.320404
9.387586
-12.164245
17.999704
-15.558531
-5.724854
15.58563
15.825232
-15.5811
-17.992989
5.6596756
15.828946
6.772193
-4.1269875
12.91409
11.172861
11.002725
-12.728825
12.918992
-11.187642
-10.910893
-12.439162
-14.69817
10.122466
-11.008042
12.651299
11.376065
8.80304
11.719437
11.174794
-11.366199
11.186588
11.72373
11.185872
11.369657
-7.4375086
10.98567
6.494792
-14.059235
-8.527054
-7.6197863
11.188265
-11.320568
11.905902
-11.013616
11.180966
5.8741465
11.013367
9.473774
11.178906
-11.0156765
11.665393
-9.513671
7.1511183
-11.187301
-11.055212
11.018615
11.15715
-11.179853
11.014111
-4.628008
-11.154848
-10.902656
-12.725526
9.47714
-1.119775
-11.187147
11.168527
-9.879704
3.209216
8.541255
-10.756298
-11.142288
-12.647331
11.014228
12.723277
12.707725
11.017511
-11.187399
8.176434
-2.2600713
7.6320057
1.5063647
-6.346741
-11.17119
10.395825
11.017716
-12.711004
-3.0841048
10.994206
11.1363945
-10.078224
-8.287602
7.8955607
-8.037308
-8.414364
8.039595
-8.414462
-2.4678142
2.9489849
-9.13217
-9.476577
8.038638
8.360382
-8.286466
-1.4817992
-8.024799
-8.391688
8.038486
8.401259
8.281178
7.890084
8.039031
8.419631
-8.036673
-8.146934
-7.595623
-7.902351
-5.627882
-3.8504016
8.001275
3.2912412
8.234263
-7.7656884
-9.05173
5.839184
8.035664
-8.409708
8.030867
3.739004
8.034664
8.416574
8.0384035
-8.388673
-7.7838564
-7.8654294
9.138801
7.80123
10.381646
8.885259
-7.7874837
-2.6512177
8.176615
7.9093714
10.382087
-8.959599
-7.730683
-8.999618
-10.38859
8.95857
-10.349571
-8.996888
7.7783523
6.403168
-9.138414
-4.458736
3.8711035
5.230953
8.273133
-7.906052
-8.037134
4.274591
7.9647093
8.403896
-8.288393
-7.907793
-8.038064
-8.416574
-4.4133754
6.9723625
-8.263886
7.8983445
7.2305236
9.569059
4.8665123
8.412858
-0.017561365
3.7915633
-6.879365
-8.41935
-8.032456
-5.7953525
8.27603
-7.896404
7.913912
-8.403123
8.032419
8.375755
-0.0
-15.584896
-15.827391
14.347734
13.6227255
-14.429638
-17.997429
15.585641
8.644018
7.470797
-17.952036
-15.5880575
11.558637
-15.525127
-12.207102
-15.586432
-17.513206
15.26436
15.820036
-11.7254095
9.419223
-9.534492
-11.908664
-11.710266
-11.187833
-11.35875
-5.769863
8.338222
12.72652
-14.697682
12.729768
-11.673188
11.15573
10.872948
3.3111167
11.007433
-2.1239095
12.919154
-10.867934
-11.005151
-12.664515
-10.874262
-7.85982
10.906347
12.720195
0.98411274
12.641367
-6.1693425
12.7241
12.915716
-11.185481
10.769167
6.507891
0.81003004
-11.007582
11.18674
-11.169529
10.924632
12.660959
11.172985
-11.004396
10.824485
-11.187285
11.01922
-7.850747
11.139395
-11.002212
-9.67535
5.989645
-10.882342
12.724845
11.189705
-10.985706
-11.17732
11.181699
-9.60469
11.178025
-4.8719244
10.913031
-10.941975
12.6494465
10.836818
3.3037448
-12.691498
-9.049406
1.0026193
-10.677312
11.009759
-11.1611805
11.184835
11.019601
-11.166533
3.374822
-6.3254275
-11.647302
-3.835161
-11.011455
11.165277
-11.166406
-8.175634
7.8972793
-8.037538
1.6507273
7.4059987
8.419455
7.7758045
-4.433857
-10.321856
8.9659605
-2.9056685
7.900656
-5.2454705
7.90152
-0.8487185
8.196744
-8.018624
8.417003
-8.288602
7.9029865
-8.026801
8.396941
7.8664465
-8.418841
8.288935
-7.9074645
8.033786
8.398746
8.036788
-8.419097
7.7697816
-8.905218
10.382808
8.907978
-1.5164106
-7.871744
6.9438844
-7.903364
-7.8872385
-8.417853
-7.9956274
-8.419425
8.28048
7.903483
-8.028006
8.417484
-9.139463
9.57709
8.288311
7.824389
8.028937
-8.384864
2.3685775
9.567975
7.7780385
-8.995903
10.380201
-8.9987545
10.380226
8.935331
-6.850253
7.473671
-8.037184
4.1436405
9.130837
4.230917
8.245307
-7.903194
-5.9095626
-8.417518
-8.024295
3.3859346
8.281422
7.899665
-8.00199
-0.6535289
-8.021783
-0.011060305
7.7877965
-8.97722
6.470296
-8.996921
8.88192
7.909677
-8.27458
-1.5109117
4.293123
8.374296
8.026811
8.381256
5.198526
8.996913
9.109796
-1.4890978
2.9190652
-2.8382277
0.0
-15.588849
-2.985449
15.434603
15.819694
-14.664162
-7.330564
-15.580284
1.6716506
-15.5880995
17.997015
15.587164
-15.829235
-15.566384
15.768489
15.567352
9.824376
-15.58324
-15.82783
11.006393
12.726135
12.918398
6.310359
11.012557
-8.530303
12.904398
-3.7163327
3.1472762
12.649587
0.81634283
-12.693146
-7.168187
12.726497
12.918662
-9.944407
11.009301
12.716287
-12.854963
-9.92622
-6.7804666
6.7638626
12.914981
-2.2362223
11.018073
-8.809293
14.694354
12.709023
-10.720149
-12.728817
12.29857
-11.185599
-11.01803
11.17874
5.318492
-11.011257
-11.165569
-11.058041
-11.015474
5.1120057
2.8115053
-10.979969
-10.992293
-0.54121774
11.003245
9.962602
6.6074986
-10.333215
-11.132953
-6.2276697
-11.015593
-12.726341
-11.188562
-11.019187
1.5587488
-11.142087
-11.0142145
10.972726
-12.727845
-10.895007
-11.178206
4.4684753
10.613395
-8.598289
12.29832
11.0114355
11.189129
-3.0332947
11.010024
-11.139389
11.172536
11.017784
-11.146706
-11.186621
-11.003962
-12.708375
11.189334
11.017287
9.224955
10.145835
-5.120358
8.997823
6.6707277
-2.3580756
-8.922501
-7.8993125
0.3521066
-2.6597676
-7.9742
-8.999016
9.128694
-2.281856
-7.7768373
8.896409
-9.104434
7.884288
9.090174
7.9089675
-5.2381935
8.996911
8.754412
-3.2449713
6.7268806
1.265419
7.78409
-8.985173
9.126444
-7.9088364
3.487068
2.3440125
7.789584
-8.984013
-10.388995
-0.58760476
-9.067949
-7.894481
2.5996664
-8.975263
1.5325651
6.939009
-4.623105
7.9073567
7.733819
-0.4445557
9.094787
-7.7803645
-10.384526
-8.983257
-7.579878
6.633618
-1.8258103
-7.9087873
5.446815
-5.986203
7.7818227
6.8562837
-10.378277
-8.880763
0.30029368
-8.998091
7.755978
5.8077126
-2.1045775
-7.9062905
10.388708
7.29582
7.784162
-8.985769
-7.0150013
-2.6625903
-9.135071
7.909819
7.777885
-8.99918
-9.13784
-7.883467
-9.132525
6.357563
-5.287919
8.994311
-4.9001813
-8.990233
3.7763844
2.987476
-7.778568
-8.995967
-9.102998
4.6348968
8.98555
-7.9092636
-5.5912933
2.7742872
-5.598629
2.3123794
11.186641
12.723412
-10.336743
-7.5858455
-11.168353
11.1825
12.729163
-11.184784
0.27246347
7.1200604
-4.555032
-7.9043293
-8.998362
-8.97151
8.975078
0.28918725
7.903434
-8.997157
3.102793
-5.194476
-8.997564
8.958488
7.902885
2.2545125
7.1933856
-7.874405
-7.909327
-7.873871
-5.4760485
8.982701
-6.1476564
5.3015304
2.0185478
-6.1835938
-7.897944
7.900494
-7.8273664
8.113443
7.8725142
7.9085865
-8.991298
5.6600466
-8.987329
7.8952
-6.8363724
-8.981322
8.997961
7.9009743
7.5358977
6.400989
-7.887564
3.4251206
-2.5502965
8.99131
7.904102
-7.8778224
-2.6556838
-6.350342
5.5976443
5.592466
6.3592134
-3.6261466
5.5991597
-1.9027005
5.5733657
-5.5978994
1.8377277
-5.5978293
-4.5786543
-6.3110566
5.5974507
1.7911037
6.2593937
6.347907
5.599382
6.359427
-5.5836053
6.3580775
-6.343996
-5.5841746
6.3555646
-6.3377156
5.5943856
-6.3589063
-6.3569756
2.727104
-6.3597803
6.3557935
-5.5929003
-3.305286
-4.340726
-2.640614
-5.5998797
-1.2483969
-5.593477
-5.5983152
-6.3245096
-6.357423
-5.581368
-6.3574915
5.5994287
-8.11903
7.845747
8.0389185
8.419543
-4.4619555
-8.372359
0.0
-15.587517
-9.719308
-10.051327
-14.522639
-11.071928
17.055487
-15.531575
10.3779955
15.534321
-17.976086
-1.9354583
7.5495644
-15.579272
-15.822203
9.480406
-17.767574
-15.487593
15.443152
-11.728685
11.176677
-11.344273
9.984234
2.0767643
11.182109
11.342407
-10.2671385
-8.8358965
-12.727549
-14.686922
-12.72874
-11.649306
11.16919
11.368048
-10.570893
-11.279299
-0.03858252
-11.366157
-11.870916
-11.671698
-11.180744
-5.531365
-10.717415
-8.560567
9.88581
14.6607485
-2.643965
11.715433
-9.717828
-9.162954
-11.90756
11.012817
-8.365527
11.141051
-11.003901
11.185593
11.171416
10.967845
12.348035
11.170261
-11.003839
-4.5390935
11.183701
-11.005196
-9.746963
-11.176686
-11.00536
7.726891
11.182182
-10.898401
12.715431
11.16192
-11.018836
-11.179452
-11.177827
-2.2104332
8.658516
11.459942
10.97729
-11.183409
12.660057
9.4513445
3.9991684
12.721741
-10.9135685
-8.065829
10.9183235
4.423581
5.6403637
11.186564
-11.018498
11.1826725
-11.184521
-11.017585
-12.727224
-11.127884
10.988904
11.122661
-11.143575
7.74928
8.896933
9.021241
7.887669
-9.103786
-7.9028306
8.266426
-6.7952952
5.7463675
-5.0174694
3.6956499
-4.494443
5.4612374
-3.2249486
-8.012552
-8.368476
7.934442
8.405137
7.679589
8.991602
-9.127908
7.79897
-7.571827
-5.438496
8.282937
7.847448
4.6943116
-8.32969
-7.827624
-1.911842
-5.9709897
7.909293
-9.0941515
-9.570523
5.7376723
-5.6522765
7.7272825
-8.987467
7.639715
-7.888812
8.986219
7.504978
8.272151
-7.7936025
-4.312155
6.670066
9.134806
9.534278
8.289582
7.8294334
5.1050262
-8.41374
-9.134832
9.548885
-7.7523494
8.994489
-10.211728
8.991639
-10.325918
-6.8693886
-4.747755
7.8983555
7.5459566
-8.367665
-9.130038
-2.4021037
-8.252183
-7.9034057
-7.750106
8.377638
-8.037541
8.408217
-7.7789783
8.9093
-6.3925676
7.7047105
-9.136588
7.8901477
-5.5197234
-7.8981757
9.056389
9.573901
8.037525
-8.281778
-1.6647414
-7.9019694
7.9579525
8.132956
-4.8866506
8.401454
-5.580885
-6.359676
-5.5956745
-11.182851
11.189156
12.72663
-8.651837
12.728664
11.18946
-11.120341
-12.69623
-10.225712
-8.995045
7.899075
8.9936905
-7.905363
8.958995
-8.99791
8.981793
-6.8042636
7.9044256
8.985085
7.900666
8.999314
3.2218213
-1.4844986
4.7463636
8.309437
-7.9060273
7.8691645
-7.909538
-6.308295
-7.368887
-6.0228443
7.9096193
7.864384
7.8904915
7.8835645
-7.9082274
-7.9035997
-7.908766
-8.998674
7.90901
7.9034023
8.90615
0.3669817
8.975281
-7.899099
-8.134401
8.669916
-8.980942
-4.640899
-1.632849
-7.906059
7.9033804
7.8999066
-7.9084682
-1.101256
-6.9502416
6.6729264
-5.5607557
6.2055597
5.598553
-2.6677823
-0.9263451
-0.11203217
5.594462
6.3456464
1.6750326
4.7780294
0.9697875
5.5901675
-5.5991077
6.3488097
-5.5856433
5.578916
3.213102
6.3147073
5.265259
-6.3553247
5.5976562
6.347305
6.3580685
5.592813
6.3589225
-6.3481607
5.593963
5.1969495
5.9741035
-6.354409
-6.0446444
-3.2621455
-5.5897565
0.78297246
-6.3545303
5.5993977
-5.5960116
-6.3595047
-3.3686495
2.4966645
6.357895
-6.052611
5.528746
-6.3596563
5.5961647
-7.7322803
-8.999235
-9.119094
7.888236
9.137537
7.895759
0.0
-13.486438
11.985102
7.3966155
14.258103
-13.738455
1.5837433
15.578133
15.826215
15.455377
-17.949764
-15.587296
15.505531
15.564644
15.793704
-5.54719
-10.920205
15.5881195
2.3526263
-10.069539
12.728219
-12.297423
-6.9371123
-4.8849845
12.642539
12.653472
-11.101552
11.000428
9.361976
-14.425385
-9.231212
-10.974512
6.334474
12.917628
-8.488747
-6.9646664
-12.723386
-12.905388
-6.9104505
11.00991
-9.052416
2.7592523
-10.609829
11.008528
12.647119
14.214932
12.702229
-11.015398
4.4886885
6.9085226
10.135279
10.994885
11.187647
11.182537
-10.79527
-11.179353
-11.164611
-11.017436
8.67321
0.5747722
-11.014644
11.168614
-11.185732
11.002575
11.160495
-9.099165
10.9237995
-11.176343
-2.5424113
-0.97466385
-10.146492
-11.14594
10.880645
-11.172398
11.175044
-10.952937
11.189601
-12.722285
11.010293
-11.184464
12.729679
-11.014806
12.677963
-8.871199
7.9114084
11.163987
-5.402626
11.018719
-11.18669
10.6249275
11.015413
11.188126
11.160923
6.3687077
-12.721455
0.06432181
-11.004652
-10.8480835
11.185784
7.78726
8.99977
-0.61094666
7.8656106
-3.9767933
7.8752437
-7.716708
-8.991295
10.352874
-8.251002
2.9157789
-7.847526
7.729162
0.828088
-9.076503
7.7387733
9.047309
-6.7071247
1.4921598
8.992761
-9.133379
-7.5101347
-9.134489
7.8614144
7.782983
-6.258486
-5.554366
2.1852431
-9.096488
-7.9034543
-7.1363196
3.405612
-5.0972986
-8.744261
9.138745
1.4417869
-7.77964
-4.8653097
-7.1940374
7.9063835
-7.12262
0.91290903
7.7220583
-8.962427
9.135365
-7.8798842
10.388094
-8.419036
7.6789136
8.999614
-4.193969
7.9027786
-6.9103036
-8.989702
-7.753699
-8.955868
10.389331
-8.978434
10.389413
-8.942571
-4.849996
-7.4481583
9.138225
3.3573434
-8.175912
8.994729
7.772308
-8.997851
6.7555537
-7.798601
9.116682
6.343239
-7.7839274
-8.9782095
-9.069867
6.372605
-8.476815
-7.907131
7.737426
-8.983334
-10.387686
8.998875
-9.1188135
7.9002213
7.7629147
-8.9887295
-2.3455358
6.1971526
-9.134429
-7.891244
5.588194
1.6170665
2.9375095
-11.117644
-0.9317463
6.708921
11.189441
12.685285
10.233484
-11.184337
-11.146316
-11.189214
8.965511
-7.526433
3.849054
7.896198
-8.981665
5.5701632
-8.96214
6.424794
4.039807
8.982262
5.30627
8.970707
5.1394687
-8.996472
7.772855
-7.8965764
6.562766
-7.766514
-4.0696516
-6.0810103
7.872367
-8.996563
3.8936062
1.2060713
7.895244
7.878493
7.855894
-0.78457445
-7.9013877
-8.521076
7.9061074
5.710321
-2.542781
-7.8988853
-8.961991
-6.7892346
5.088578
8.993271
-8.329333
7.8461576
7.727433
-7.8809648
1.836625
-7.8704405
7.8731356
6.3201485
6.6682925
-7.9090943
-5.5686607
-3.6785507
5.5958333
-5.587134
6.3561664
6.129431
1.4083428
6.3514
-5.564606
-4.2246704
-6.2900386
5.0344267
-5.065001
6.285617
-5.597462
-5.5936365
5.7197022
-4.2814507
-5.207777
6.3599167
-0.33951616
-6.3599186
-1.8316479
5.59001
1.2914116
-6.347275
5.5996213
-6.356896
-2.2245595
-6.353421
-3.759082
5.758531
5.576298
-5.597194
6.3596506
-4.6288815
3.288514
-6.2889805
-4.48524
-0.056199823
6.301045
6.3594685
-5.594097
-6.3326735
0.4476086
-8.26676
7.905371
-3.922241
-8.418987
-4.3410234
3.817999
-0.0
-1.3956628
-15.815996
0.7154637
3.9346952
-15.537704
-17.998205
15.551658
15.779025
13.632353
13.849624
-15.53706
15.810886
-15.297136
15.828371
11.721618
3.993404
-15.575285
2.9761856
-7.636667
12.121337
-2.5828192
8.529517
6.1623526
12.726005
10.935416
2.3240173
11.002361
-12.7226515
-11.08124
-11.225632
-10.825995
11.03568
-11.29564
-11.16275
-11.724811
11.163628
-0.6804508
-11.906881
7.6631074
9.6744375
11.317996
11.834589
-10.971379
12.719792
0.29265004
-12.671665
-11.729738
-10.592246
10.191306
9.206346
10.929695
11.11236
0.04279774
3.0478973
11.188034
11.183224
10.995719
12.727397
11.187489
-0.078896545
-8.462066
-11.189075
10.490648
11.167445
-11.153422
10.980701
-11.187932
11.179321
-8.750428
12.717906
11.185009
-11.01332
-11.188953
11.175669
-10.983637
-11.186127
0.851604
1.171142
5.18383
7.193216
11.018956
12.726485
12.718029
11.018242
11.140076
12.389628
-11.018414
11.17376
-3.9692895
3.696707
11.128072
4.834027
2.9592886
12.729589
-0.047098663
8.52777
-11.130468
-11.189098
4.6449685
2.770576
-8.039278
-8.36961
2.8354197
-8.407878
-8.272776
7.9075346
-8.081916
-0.11736626
-1.7435482
5.0944457
8.274796
7.5423183
8.033434
6.4155087
8.032856
-3.5436547
-7.627542
7.899412
6.0448294
-8.311948
7.604094
7.558605
-8.281115
0.5081402
-7.975826
-8.364099
-0.7066585
-3.8991275
-8.000318
-7.9029784
9.133177
9.520809
-2.3808582
8.355471
5.399286
7.897019
8.015262
-8.418527
8.031736
-8.41681
3.174429
-8.100171
4.2026205
7.882575
-10.368617
8.996022
7.789537
8.996034
-8.652055
-7.7058415
-10.122614
-8.314171
7.6918283
8.991776
6.357249
-8.147748
10.3683405
-8.995307
7.746203
-8.984515
-9.139341
-2.8080556
-10.38705
-8.997491
8.289874
7.852645
-8.03883
-0.28943834
-1.87678
-8.401711
1.2331134
5.5201745
8.020729
-8.393834
-2.9290152
-3.930931
-6.8386984
7.891409
-9.133401
9.546023
-8.037908
0.2428927
-8.280879
-7.9054136
8.03853
-8.419856
-2.2692032
8.416944
8.187225
-3.1188078
8.018282
-8.40792
-8.014452
-8.407919
-0.0
-1.2761123
-7.5233893
-15.588652
2.282276
-15.568447
17.99542
15.568341
15.77752
-14.565823
17.994274
15.586399
15.810116
15.579662
-4.303171
15.58415
-17.99906
14.457194
2.1979296
-0.9258826
-11.188585
11.359177
-11.906235
-11.717275
-6.6776533
-6.6824574
-6.6109915
-1.4734643
-12.710431
4.556747
-7.929205
11.721396
11.1883745
-11.365234
11.867731
11.016725
12.724771
-12.89615
7.3938107
8.163034
-6.93871
12.912707
-11.162592
-11.006497
6.9592857
-10.504604
12.706953
-9.2023
-12.655396
1.890444
-7.4238467
11.005041
-11.182097
0.12231697
-10.951695
11.176075
-11.185655
-10.961502
12.717155
11.1890545
-7.5883718
-9.212901
-11.179255
-11.019455
11.180267
-11.117845
11.017557
11.177241
11.161461
-11.014579
-12.728271
11.166585
1.6994363
-11.152106
-5.0301785
10.725649
-11.184554
12.72127
10.990439
11.153453
-3.5220437
-10.969123
5.7679515
-12.626787
11.013973
11.15678
-12.729463
-9.657353
11.186127
-11.180729
11.019236
-2.7854826
11.18068
-10.898427
12.687052
11.060106
7.214394
-1.5121505
11.188802
-4.433003
7.860521
-7.240983
8.305777
3.8201425
8.413358
7.7527266
-1.9629542
-10.38135
-6.3035073
9.1385145
7.9074044
8.276721
7.9097157
8.038222
-8.414095
-6.2004695
-8.418328
-8.269992
3.2483156
-7.6620793
-8.418662
-8.0214405
-1.7136834
-1.470119
-4.9781814
-8.039608
-4.8080134
8.032333
8.406321
-7.7776375
-8.682616
-6.8648415
8.999336
5.7383823
-6.444979
-3.1967137
-7.589096
-8.038312
4.3153267
8.02674
8.37486
-0.11995974
-7.9037557
2.8532224
8.373124
9.094335
-8.197089
8.225392
7.9053683
-8.039118
-8.362469
9.135951
9.560398
2.702832
-8.999256
-10.38218
7.229026
2.700774
-2.7815142
8.28702
-1.4920853
1.6452377
8.371189
-4.5362554
9.568838
8.2455
-0.65950125
5.0907097
8.410908
-1.1506668
-2.304734
2.7511945
-7.909441
8.010034
-8.383839
4.233675
6.7166553
7.746489
8.824788
10.380601
8.998457
-9.136849
-7.9048924
2.2957711
6.9557424
-6.628565
-8.410491
-8.037702
-8.281983
7.7820373
-8.981473
0.3421159
1.7835091
-9.139297
-7.889813
0.0
5.614384
11.373437
15.585916
-15.829332
1.4740721
17.99798
0.16028683
-15.737102
-15.582656
17.999514
-9.350275
15.823783
-15.589723
-15.826621
-11.094319
-2.1943507
15.076974
15.710886
-10.988437
12.703336
12.911331
-11.16749
-10.927279
-12.718828
12.906492
11.187909
9.765309
-12.729304
-1.4807365
-12.728416
11.017628
12.725895
7.8818555
-2.9239893
-11.017696
-12.726757
0.98013824
11.186298
-7.613287
11.094258
12.867039
-11.12193
1.8683285
-7.109408
14.665614
12.727603
-11.019318
12.7287245
-12.7517185
-9.489795
10.873109
11.189492
-10.452531
10.416089
-11.16295
-10.216453
10.530238
8.548311
1.4641696
-11.019841
-11.186451
-11.188574
11.017077
2.0928826
-11.178965
11.017762
-11.186761
-11.168567
-11.00754
8.749746
5.416253
-11.018514
11.184601
11.188167
-10.989655
-11.187575
-12.558793
-11.019618
-6.2804017
-12.695128
5.090607
-8.952404
12.7188835
10.989823
-11.183319
12.342379
11.008122
-11.184947
5.606514
-11.005695
11.188507
11.153644
-7.0221
-8.835706
11.179008
-11.018315
11.184666
-11.10988
7.786374
-8.992434
-9.132653
-7.905185
9.10983
7.900904
-4.573598
5.8160267
-10.389353
-8.98902
-9.026668
7.8781414
-7.786065
-8.999427
9.137391
7.8978596
9.129843
3.9307454
-7.7863235
8.968676
5.2035875
-7.908218
-9.134513
7.9057474
-7.7710433
-8.878741
-2.5953987
4.1153383
8.952159
7.7987423
7.755346
-8.996431
10.386043
-8.989972
-7.913792
-7.9042253
7.7895074
-8.961322
-1.4170777
-7.8888335
-9.134922
0.08748903
-7.761842
8.031947
-2.4887335
7.8845444
-10.359899
8.997789
7.781611
-5.6977997
-5.3213344
7.9039226
-10.386784
3.5385227
-7.7771907
-8.962397
-6.320976
4.5940237
-8.492724
8.991878
-7.7510552
-1.5753387
8.243356
7.5140696
-3.721192
-8.829622
-0.25422138
-8.904449
9.1366
7.905153
5.363258
-7.909404
-7.7727695
-8.960859
9.05475
-7.891316
-9.139621
-7.901562
-7.7783885
-8.979904
3.3753452
8.029896
9.132468
7.873141
-5.128946
-8.8139305
1.2584193
-7.9040847
9.133626
7.9022384
-4.8086967
4.1314464
4.1792264
-11.184589
11.132216
12.714717
-11.188177
12.726551
-0.47216454
-11.0583515
12.722061
11.096582
8.999324
-7.865516
-8.662194
-5.5295973
8.998968
-7.5960407
8.998751
0.3328684
7.7803645
-8.956929
-7.195106
-1.6043752
8.962564
-8.995037
6.9635773
-8.995273
7.610751
7.8830442
6.9347906
-7.8816175
-7.9092627
-5.803531
-7.140984
6.2162175
7.8557596
7.9005637
7.747074
-2.816045
-7.909292
-8.979205
6.956031
7.90884
8.989546
7.8416853
5.552166
6.52292
8.98335
-8.997269
8.9843235
-3.0071704
6.8010044
7.847521
-2.0011075
-7.897224
7.9056993
-8.999702
7.904643
5.374268
5.5965304
5.611844
4.3372426
0.703841
6.3465314
-6.2724667
-5.5967994
6.3327613
5.5781474
5.594397
4.05328
-2.6204033
5.5960727
6.3530354
5.5996685
-4.606831
-6.321306
-3.6186674
3.6879816
6.2654676
-1.3115625
6.3458867
-1.3384572
5.596388
6.3484054
6.131153
5.5988226
6.358346
-4.1502004
-6.3557553
-4.3047886
-6.2815475
5.5956755
1.007567
6.3579187
5.5262885
2.1429336
-6.27381
5.598551
-4.210351
6.3048167
-6.3571396
-4.1166587
6.195041
-4.035523
-8.226909
-7.896814
8.030043
-8.401212
8.031552
3.260333
-0.0
10.351162
15.828642
5.14674
15.818764
6.2568502
-17.920273
15.579287
15.800739
15.370803
17.996243
15.550766
-13.227792
-15.577878
-14.873549
14.898495
10.94839
14.712045
-15.791124
11.501752
8.768969
11.3665905
10.38888
0.029617563
-8.36367
-11.320757
-3.324132
-10.847655
12.095924
-14.693395
9.926265
-11.720454
11.189741
-6.306389
11.851555
11.724761
11.167349
-11.369403
-4.6175027
11.725737
1.0172787
11.363068
11.903731
11.019837
-12.726879
-8.595243
12.727532
11.726215
-11.058511
5.546403
-8.906444
-8.660164
8.013061
-11.17381
10.870906
-0.016098045
11.188277
7.7041874
-6.1921988
8.301037
-10.986204
7.857954
11.186953
-10.995724
11.187785
10.941474
11.018889
-4.880686
-11.047838
9.357177
-6.5734982
-11.135624
-10.998741
10.287983
8.771569
11.003608
11.185459
12.716677
11.000253
-11.184425
-12.638014
7.093337
-7.539624
12.711695
0.615867
11.151426
12.719198
-10.9906435
-11.015361
-11.179279
10.973111
-11.18588
-8.4225645
-10.91094
-12.705914
-11.04141
8.751281
-11.187339
-8.288278
7.7811203
-8.982887
8.969784
6.6892886
-8.730188
7.8889775
-7.2255764
7.8853927
-9.073162
-5.063675
8.012557
8.203576
-8.281495
7.8573184
-8.010174
3.4964986
8.036284
-8.417083
-7.6980476
8.971757
7.797816
-7.9034348
7.961481
-7.906457
8.287951
-7.9088535
-6.75982
-8.419104
7.9856596
-0.20780416
8.287098
7.762484
-9.096815
9.56147
-8.034842
8.356396
-7.7885556
8.981975
9.130982
7.9023404
-9.121487
7.7859836
-8.280623
7.894531
-8.032208
8.386273
-9.103177
5.5430117
7.841921
7.9012256
-5.0767198
8.417912
-8.854512
-9.567049
7.7517066
0.5508425
8.901212
8.998338
-10.296475
8.999415
8.193167
3.6659672
2.5666597
-0.68042344
-9.132444
9.537635
4.0617976
-7.7878575
8.029147
8.386006
-3.246869
-8.2554655
-7.0676665
5.363818
-7.862511
-1.1884325
9.1394205
7.8667283
-7.911387
-7.8980365
-9.10602
-9.579472
-7.9791117
8.324726
3.8430226
-7.9096155
-7.8860316
8.417171
-8.03501
-8.316294
-5.597947
6.3539085
4.162011
7.839371
-10.189509
12.723293
5.1049147
6.2406816
11.137233
11.183646
-12.4106
-11.172703
7.886395
-1.8433924
8.974644
-7.9093227
4.933464
8.992401
8.87332
7.9091406
-7.8980556
-1.0231106
-7.9066777
8.998533
8.999201
8.999078
7.9094715
7.0392027
-0.8392584
-0.81346
-7.7995615
-6.4782333
-7.909214
8.977904
5.2073913
5.5449123
-7.9076977
7.875845
0.37776127
2.835451
-7.8265266
8.98849
7.864929
7.895812
-8.977275
-6.9352617
-8.882729
-6.131415
-3.0462873
-8.999217
-6.7480965
-7.9047813
-7.8945794
3.143235
-6.9495707
-3.5880077
7.8817816
-8.972387
-7.8803496
-2.7912874
-5.370235
-6.3437047
5.598844
-2.8496654
-6.3565984
3.052475
2.0069842
6.3597417
-5.5981407
5.0483346
-6.292066
4.3436065
5.5954833
-6.3402777
-5.5971546
-5.598201
-3.2183018
-0.61547846
-5.5921855
6.3535953
-5.599289
-6.353117
6.352009
-5.557512
-3.7166533
-2.2180676
1.1276927
-4.8851886
-6.3403816
-0.75858355
6.3023577
6.248408
5.595686
5.5996385
6.323034
5.5975547
-4.2636747
6.3294406
5.5834303
-0.051990207
6.3319016
-3.141186
5.5962114
4.2524743
5.5950756
-7.7763224
7.3571777
9.137942
3.8972676
-9.132377
-7.9050756
0.0
-15.587365
-7.2747803
-7.387249
15.800964
15.587466
17.956116
-8.570563
-15.771459
15.366239
-17.991182
-15.5615835
15.701674
13.774388
15.818793
-15.571182
-15.763063
12.507886
-15.794811
11.01966
-11.123777
12.918878
-11.182406
-11.003675
3.7168458
-12.850205
9.571404
3.5099332
12.71201
-1.8676943
12.720266
-1.2444525
12.701287
12.911443
-11.176861
-10.77138
12.725284
-12.809679
-11.164266
-11.001805
6.0215807
10.509774
11.0578985
-11.013219
12.676996
-14.585965
-12.729121
3.7769513
-12.716174
7.8926854
-8.444138
10.995385
-11.169277
11.184355
-9.91563
-11.099671
-8.603512
-10.978888
-12.724777
-11.174002
-10.9681
11.159135
11.15511
11.011277
-3.9879155
-11.184012
10.918101
11.167319
-2.20313
11.004723
12.720708
11.189608
11.014162
10.499488
11.1284
-11.0143
11.117213
10.33839
11.011143
-11.181492
-9.888079
5.9621687
-12.724508
-12.728988
11.016187
11.043642
11.021199
-11.002655
-11.188947
11.186218
-11.013953
9.301579
-11.1887455
-2.4327826
12.695545
11.186063
11.014769
11.179511
-10.855452
7.780797
-8.984415
9.006009
-7.89511
-9.035053
7.9086814
-7.7739654
-8.992617
-10.368524
-6.755268
9.125372
-2.342766
7.7734914
-4.3570576
-9.121994
7.769421
9.113701
-7.8999634
-2.3697298
8.878769
-9.10283
-7.9020433
9.0511265
7.909094
-7.7762856
8.07723
-2.281092
-7.895623
-9.119147
-4.987565
-7.7848716
-7.8430552
-10.389143
8.997102
-8.197512
-7.38108
-7.7810597
8.999622
-9.078327
1.4805076
-9.078815
-7.836831
-0.30874953
1.48118
8.362688
7.877491
-10.3285885
8.970064
-7.7787824
-8.860168
9.13294
7.9084353
-10.388606
-8.233721
-3.297269
8.931366
-10.335961
5.2702494
-9.255078
8.998144
7.7551484
-8.886805
9.127211
7.9064527
10.351971
8.495034
7.786106
-6.979151
-3.290599
-4.9027576
-9.115081
-7.884017
-7.789011
4.8833957
-9.075571
6.976374
8.969278
7.9084883
7.7421737
-8.996446
-4.9477353
1.0828629
8.808476
7.878721
-7.738397
6.4709506
3.0156536
-7.8977537
9.1313505
-7.783406
-5.5873566
6.321387
5.5930624
8.823922
10.891645
8.858908
-9.645715
10.1958065
-7.232936
11.135642
11.8839
-11.163189
8.839258
-7.900153
-1.9379587
-7.881593
8.932481
-8.976389
-8.899925
7.2726035
-5.192688
-8.96246
-2.4418392
2.8513927
2.4247966
8.9666605
-5.7584114
-3.181383
-7.8863163
-7.88054
7.856575
-7.594917
-5.507323
8.996908
-7.4756184
6.2702503
2.7793741
-7.8648453
7.893625
-7.7210917
7.8684354
-3.7664647
-7.9007187
1.914512
6.738431
-7.8950744
-8.972894
-7.8351626
-8.983642
-7.8657293
3.9292645
-7.903917
-7.893913
-4.872084
7.866108
-2.5829146
3.0943322
8.871913
-0.092244305
-1.8894384
-5.595409
-5.5818977
4.1879787
-5.5770593
-6.3592854
-6.34133
-0.3410758
6.334229
-5.540533
-2.9877906
-6.3471565
5.5731487
1.6978793
6.353761
5.5962973
-5.4967437
6.323206
5.9310417
-5.589214
-4.782233
5.5158086
-6.349947
6.3583903
5.5895195
6.359204
6.3486304
2.181933
6.358168
6.3482304
-3.1097395
3.6324298
-6.3585625
5.5433197
-4.8288445
-6.35584
-5.5692053
0.86156
6.33575
-5.551612
-5.595767
-6.3514366
1.9916087
-5.5977035
6.359526
-5.5759296
7.855619
7.8476753
1.4823698
-5.5895205
7.9329667
-8.350429
-0.0
1.4152187
-15.821457
15.578397
-15.759154
-6.6299086
-17.986248
-15.558113
-15.749707
2.2548792
-17.99725
-8.949823
15.794786
-12.187187
15.821501
15.55448
10.138507
2.4753041
15.820659
5.6500463
-12.719439
-5.058368
5.485128
4.8195496
-7.524877
-12.916254
11.186406
11.018503
6.1144795
13.568515
8.941393
6.6584487
-12.703961
-8.967344
-1.3381189
-11.719749
11.167466
9.142824
11.862879
11.723949
-10.54035
-5.4909334
9.548741
11.016819
12.6884165
-14.6977415
-12.729393
-11.655998
11.179028
-11.347934
-11.89451
10.99316
11.187166
-11.147346
-11.014457
-6.2757096
-4.262509
11.016944
6.370391
10.115141
-6.557737
-11.168897
-8.383087
-11.005075
11.180774
-7.5983963
7.2605643
-10.226263
-4.5486197
9.903179
9.502464
-9.7501955
11.014886
11.164497
-11.137666
-10.549504
-2.0165734
-6.1617284
-10.885263
11.108741
-5.051207
4.6510305
-7.306959
12.68356
-11.015124
11.071549
-0.06517475
-11.015352
-11.17418
11.178207
11.007257
11.058169
-11.18706
10.542301
-1.0353413
-0.5792373
11.018653
6.2114315
-11.165238
-8.284367
-7.899037
7.074387
-8.315112
7.8529716
8.41864
8.2434635
7.597398
-8.117963
9.578327
-8.029012
-8.400395
8.267515
6.204663
8.038413
-4.821405
7.993476
-0.13358352
-1.1427417
-7.8819366
7.969023
-8.377819
4.0538516
-8.387624
5.968166
-7.8860874
-8.0313425
-8.417329
8.006695
8.400239
-2.542777
7.0728693
9.0638685
9.540636
-7.961401
-7.5539594
4.45186
-1.8504794
-6.569793
-8.390009
1.5866036
5.2823954
-7.151551
-6.9831576
-1.5109497
2.341238
9.714485
8.978574
-4.087002
-5.0117016
-9.137382
7.898678
-10.316548
-8.972383
-7.785494
-7.3073635
9.698507
8.936646
10.299762
8.438939
7.7819905
-8.977418
-8.603378
6.41711
10.365927
-8.979324
-8.170966
-7.9049397
-7.2597623
-8.348716
8.021104
-2.2020683
8.240016
-7.899315
5.3471875
-8.417194
-7.9824815
-8.417792
-8.019714
-0.63716656
-7.7303867
-2.5698793
-2.6947963
7.6603746
-7.1629815
-7.859186
1.3350623
8.390637
-8.03402
8.330249
-8.195898
7.8561015
5.8340073
1.8889204
-7.94137
4.952081
0.0
15.567976
-1.75119
12.600939
12.576373
15.53149
-17.988588
-12.815622
-13.781739
15.5268755
-17.948175
5.5608506
15.808308
15.558546
15.762315
-15.564397
-6.612801
15.1767435
-15.650979
6.832473
11.182945
-3.3325934
11.7757845
-3.2746284
11.175438
2.3638973
-11.867749
-6.264061
12.715422
14.688781
-2.0167687
0.47880217
-5.8215404
0.29656678
8.749039
-4.7047944
12.69976
-12.862389
-11.181441
10.955406
-0.6962697
12.856176
11.172933
11.016077
-12.67759
14.631947
-12.718448
2.9775941
-11.23605
-2.1115434
5.6651335
-3.1848302
-0.5158465
-11.159268
4.3761992
-1.5940208
11.183165
-1.0126277
-9.136326
10.128173
-11.018378
-1.542047
-11.161474
11.014943
11.173961
-8.050761
-10.996517
-11.153908
-11.187115
6.1951876
12.70388
11.173886
11.008942
-11.089117
-11.170151
3.8536646
-11.153291
12.724384
-4.06877
9.131023
12.61686
11.008433
-0.82904214
-9.978763
-10.8659315
-11.170951
3.5932038
-10.996828
-11.109329
9.634568
11.008113
2.05657
-10.740518
-10.776228
12.056368
11.131757
10.890547
-10.586558
-11.069744
-5.3341928
3.0197015
-7.87209
5.1798115
8.034527
3.1567683
7.78464
8.907749
-5.496412
-3.2873824
-9.042949
7.8491735
-8.245679
-7.9039493
-4.8721313
8.376698
7.7212553
-3.481047
-5.7313266
7.0785985
-7.92293
-8.408632
8.034331
4.646477
-8.283574
-7.9075475
8.026953
8.418534
3.1884923
8.384864
7.7830467
8.98583
-9.875465
8.815658
3.6064594
-7.8203044
6.518465
3.4755785
3.8830044
8.407211
-5.623461
-8.365178
-8.257761
7.907174
-8.017649
8.419157
9.115841
9.460621
-8.276471
-7.8844976
-3.5029988
-4.9575386
7.959319
-4.4946504
7.777309
8.998162
-9.319231
8.978503
-9.115354
-8.848822
-8.277861
-7.8155117
8.026995
2.6888227
5.4771357
-9.56493
8.212506
-4.4955945
-7.193737
-5.2873473
-7.965202
4.3857446
3.3514204
7.870919
5.7118974
-4.6909823
7.78317
1.4736649
7.640678
-6.436698
10.091157
-2.842063
-8.881514
-7.8689985
8.289255
7.655083
1.3108566
3.1236823
-2.0012515
8.417126
-7.7838078
-8.881664
-9.097337
-7.694488
8.807756
7.894662
0.0
14.619944
-12.829351
15.568345
-14.484063
-7.453067
17.994932
10.907541
-9.274735
-15.142696
17.996952
15.584345
15.735794
-15.509699
-4.3823957
-15.585308
-17.95535
-15.4965725
-15.809295
10.985075
0.34118816
-12.917739
-0.42542
-10.998027
12.708388
12.915238
-3.84264
-4.7433825
12.716618
-14.682755
-10.183858
7.066824
12.706313
-10.034798
-7.9839544
10.944498
4.4162555
-12.765384
9.78543
10.316543
12.504904
-12.915077
-11.115101
10.589451
0.16485865
14.684538
12.704234
11.015095
12.726731
12.650086
10.894851
11.010025
8.161895
-11.133896
-10.957481
-11.149513
-11.073585
1.9605931
-12.68667
-11.13421
-10.415921
11.159867
1.8850576
10.92183
-11.120094
11.079951
2.5660243
-11.179323
11.182866
-11.010471
8.257569
-6.21722
10.997345
-11.144603
11.186834
-10.861795
11.167235
12.463001
-11.016198
8.604979
-12.726051
10.993459
12.685405
-12.63191
11.017731
8.719
11.766789
10.372428
-11.165585
11.113499
-11.007996
6.1626596
11.17776
-3.2123516
-11.417408
-4.2197194
6.66016
-8.867046
11.007889
-7.7574167
-8.870213
9.042021
7.900971
8.307236
-7.8225627
-7.7587824
-8.994713
3.3100538
-4.435891
9.132917
-7.893867
-6.36575
-3.2839336
-7.025762
7.4606647
4.353443
-7.8837023
-7.6987386
-4.807704
-7.2764745
-7.8880982
5.7227683
7.6314335
-7.7616496
8.988054
-9.079125
7.884609
9.085422
-7.8354564
-7.510728
8.99734
1.4815978
-8.817572
-5.55381
-1.7591956
7.3990407
-8.964967
9.122694
-3.346868
-8.951742
-7.852729
7.7166715
8.984586
-9.106672
-0.7754583
-3.4956617
-0.98826265
7.7875624
-8.973897
-3.2389708
7.8073072
0.1999443
-4.535735
-1.2854894
-8.996471
1.8704225
0.48178756
-7.385485
8.936797
-3.5327387
0.08533248
9.014758
7.8948917
2.3579247
8.766217
-4.6519895
8.986397
9.11534
-2.5028996
9.047487
-7.8933525
7.7815604
-5.6492434
9.126433
5.8548017
-9.132606
7.8926597
6.6176777
-8.992271
-3.9130507
4.921982
-8.964042
-7.906914
-7.787486
5.5048633
-9.107603
-7.9039483
-2.2883878
4.5232916
-4.8086967
4.1314464
4.1792264
-11.184589
11.132216
12.714717
-11.188177
12.726551
-0.47216454
-11.0583515
12.722061
11.096582
8.999324
-7.865516
-8.662194
-5.5295973
8.998968
-7.5960407
8.998751
0.3328684
7.7803645
-8.956929
-7.195106
-1.6043752
8.962564
-8.995037
6.9635773
-8.995273
7.610751
7.8830442
6.9347906
-7.8816175
-7.9092627
-5.803531
-7.140984
6.2162175
7.8557596
7.9005637
7.747074
-2.816045
-7.909292
-8.979205
6.956031
7.90884
8.989546
7.8416853
5.552166
6.52292
8.98335
-8.997269
8.9843235
-3.0071704
6.8010044
7.847521
-2.0011075
-7.897224
7.9056993
-8.999702
7.904643
5.374268
5.5965304
5.611844
4.3372426
0.703841
6.3465314
-6.2724667
-5.5967994
6.3327613
5.5781474
5.594397
4.05328
-2.6204033
5.5960727
6.3530354
5.5996685
-4.606831
-6.321306
-3.6186674
3.6879816
6.2654676
-1.3115625
6.3458867
-1.3384572
5.596388
6.3484054
6.131153
5.5988226
6.358346
-4.1502004
-6.3557553
-4.3047886
-6.2815475
5.5956755
1.007567
6.3579187
5.5262885
2.1429336
-6.27381
5.598551
-4.210351
6.3048167
-6.3571396
-4.1166587
6.195041
-4.035523
-8.226909
-7.896814
8.030043
-8.401212
8.031552
3.260333
-0.0
10.351162
15.828642
5.14674
15.818764
6.2568502
-17.920273
15.579287
15.800739
15.370803
17.996243
15.550766
-13.227792
-15.577878
-14.873549
14.898495
10.94839
14.712045
-15.791124
11.501752
8.768969
11.3665905
10.38888
0.029617563
-8.36367
-11.320757
-3.324132
-10.847655
12.095924
-14.693395
9.926265
-11.720454
11.189741
-6.306389
11.851555
11.724761
11.167349
-11.369403
-4.6175027
11.725737
1.0172787
11.363068
11.903731
11.019837
-12.726879
-8.595243
12.727532
11.726215
-11.058511
5.546403
-8.906444
-8.660164
8.013061
-11.17381
10.870906
-0.016098045
11.188277
7.7041874
-6.1921988
8.301037
-10.986204
7.857954
11.186953
-10.995724
11.187785
10.941474
11.018889
-4.880686
-11.047838
9.357177
-6.5734982
-11.135624
-10.998741
10.287983
8.771569
11.003608
11.185459
12.716677
11.000253
-11.184425
-12.638014
7.093337
-7.539624
12.711695
0.615867
11.151426
12.719198
-10.9906435
-11.015361
-11.179279
10.973111
-11.18588
-8.4225645
-10.91094
-12.705914
-11.04141
8.751281
-11.187339
-8.288278
7.7811203
-8.982887
8.969784
6.6892886
-8.730188
7.8889775
-7.2255764
7.8853927
-9.073162
-5.063675
8.012557
8.203576
-8.281495
7.8573184
-8.010174
3.4964986
8.036284
-8.417083
-7.6980476
8.971757
7.797816
-7.9034348
7.961481
-7.906457
8.287951
-7.9088535
-6.75982
-8.419104
7.9856596
-0.20780416
8.287098
7.762484
-9.096815
9.56147
-8.034842
8.356396
-7.7885556
8.981975
9.130982
7.9023404
-9.121487
7.7859836
-8.280623
7.894531
-8.032208
8.386273
-9.103177
5.5430117
7.841921
7.9012256
-5.0767198
8.417912
-8.854512
-9.567049
7.7517066
0.5508425
8.901212
8.998338
-10.296475
8.999415
8.193167
3.6659672
2.5666597
-0.68042344
-9.132444
9.537635
4.0617976
-7.7878575
8.029147
8.386006
-3.246869
-8.2554655
-7.0676665
5.363818
-7.862511
-1.1884325
9.1394205
7.8667283
-7.911387
-7.8980365
-9.10602
-9.579472
-7.9791117
8.324726
3.8430226
-7.9096155
-7.8860316
8.417171
-8.03501
-8.316294
-5.597947
6.3539085
4.162011
7.839371
-10.189509
12.723293
5.1049147
6.2406816
11.137233
11.183646
-12.4106
-11.172703
7.886395
-1.8433924
8.974644
-7.9093227
4.933464
8.992401
8.87332
7.9091406
-7.8980556
-1.0231106
-7.9066777
8.998533
8.999201
8.999078
7.9094715
7.0392027
-0.8392584
-0.81346
-7.7995615
-6.4782333
-7.909214
8.977904
5.2073913
5.5449123
-7.9076977
7.875845
0.37776127
2.835451
-7.8265266
8.98849
7.864929
7.895812
-8.977275
-6.9352617
-8.882729
-6.131415
-3.0462873
-8.999217
-6.7480965
-7.9047813
-7.8945794
3.143235
-6.9495707
-3.5880077
7.8817816
-8.972387
-7.8803496
-2.7912874
-5.370235
-6.3437047
5.598844
-2.8496654
-6.3565984
3.052475
2.0069842
6.3597417
-5.5981407
5.0483346
-6.292066
4.3436065
5.5954833
-6.3402777
-5.5971546
-5.598201
-3.2183018
-0.61547846
-5.5921855
6.3535953
-5.599289
-6.353117
6.352009
-5.557512
-3.7166533
-2.2180676
1.1276927
-4.8851886
-6.3403816
-0.75858355
6.3023577
6.248408
5.595686
5.5996385
6.323034
5.5975547
-4.2636747
6.3294406
5.5834303
-0.051990207
6.3319016
-3.141186
5.5962114
4.2524743
5.5950756
-7.7763224
7.3571777
9.137942
3.8972676
-9.132377
-7.9050756
0.0
-15.587365
-7.2747803
-7.387249
15.800964
15.587466
17.956116
-8.570563
-15.771459
15.366239
-17.991182
-15.5615835
15.701674
13.774388
15.818793
-15.571182
-15.763063
12.507886
-15.794811
11.01966
-11.123777
12.918878
-11.182406
-11.003675
3.7168458
-12.850205
9.571404
3.5099332
12.71201
-1.8676943
12.720266
-1.2444525
12.701287
12.911443
-11.176861
-10.77138
12.725284
-12.809679
-11.164266
-11.001805
6.0215807
10.509774
11.0578985
-11.013219
12.676996
-14.585965
-12.729121
3.7769513
-12.716174
7.8926854
-8.444138
10.995385
-11.169277
11.184355
-9.91563
-11.099671
-8.603512
-10.978888
-12.724777
-11.174002
-10.9681
11.159135
11.15511
11.011277
-3.9879155
-11.184012
10.918101
11.167319
-2.20313
11.004723
12.720708
11.189608
11.014162
10.499488
11.1284
-11.0143
11.117213
10.33839
11.011143
-11.181492
-9.888079
5.9621687
-12.724508
-12.728988
11.016187
11.043642
11.021199
-11.002655
-11.188947
11.186218
-11.013953
9.301579
-11.1887455
-2.4327826
12.695545
11.186063
11.014769
11.179511
-10.855452
7.780797
-8.984415
9.006009
-7.89511
-9.035053
7.9086814
-7.7739654
-8.992617
-10.368524
-6.755268
9.125372
-2.342766
7.7734914
-4.3570576
-9.121994
7.769421
9.113701
-7.8999634
-2.3697298
8.878769
-9.10283
-7.9020433
9.0511265
7.909094
-7.7762856
8.07723
-2.281092
-7.895623
-9.119147
-4.987565
-7.7848716
-7.8430552
-10.389143
8.997102
-8.197512
-7.38108
-7.7810597
8.999622
-9.078327
1.4805076
-9.078815
-7.836831
-0.30874953
1.48118
8.362688
7.877491
-10.3285885
8.970064
-7.7787824
-8.860168
9.13294
7.9084353
-10.388606
-8.233721
-3.297269
8.931366
-10.335961
5.2702494
-9.255078
8.998144
7.7551484
-8.886805
9.127211
7.9064527
10.351971
8.495034
7.786106
-6.979151
-3.290599
-4.9027576
-9.115081
-7.884017
-7.789011
4.8833957
-9.075571
6.976374
8.969278
7.9084883
7.7421737
-8.996446
-4.9477353
1.0828629
8.808476
7.878721
-7.738397
6.4709506
3.0156536
-7.8977537
9.1313505
-7.783406
-5.5873566
6.321387
5.5930624
8.823922
10.891645
8.858908
-9.645715
10.1958065
-7.232936
11.135642
11.8839
-11.163189
8.839258
-7.900153
-1.9379587
-7.881593
8.932481
-8.976389
-8.899925
7.2726035
-5.192688
-8.96246
-2.4418392
2.8513927
2.4247966
8.9666605
-5.7584114
-3.181383
-7.8863163
-7.88054
7.856575
-7.594917
-5.507323
8.996908
-7.4756184
6.2702503
2.7793741
-7.8648453
7.893625
-7.7210917
7.8684354
-3.7664647
-7.9007187
1.914512
6.738431
-7.8950744
-8.972894
-7.8351626
-8.983642
-7.8657293
3.9292645
-7.903917
-7.893913
-4.872084
7.866108
-2.5829146
3.0943322
8.871913
-0.092244305
-1.8894384
-5.595409
-5.5818977
4.1879787
-5.5770593
-6.3592854
-6.34133
-0.3410758
6.334229
-5.540533
-2.9877906
-6.3471565
5.5731487
1.6978793
6.353761
5.5962973
-5.4967437
6.323206
5.9310417
-5.589214
-4.782233
5.5158086
-6.349947
6.3583903
5.5895195
6.359204
6.3486304
2.181933
6.358168
6.3482304
-3.1097395
3.6324298
-6.3585625
5.5433197
-4.8288445
-6.35584
-5.5692053
0.86156
6.33575
-5.551612
-5.595767
-6.3514366
1.9916087
-5.5977035
6.359526
-5.5759296
7.855619
7.8476753
1.4823698
-5.5895205
7.9329667
-8.350429
-0.0
1.4152187
-15.821457
15.578397
-15.759154
-6.6299086
-17.986248
-15.558113
-15.749707
2.2548792
-17.99725
-8.949823
15.794786
-12.187187
15.821501
15.55448
10.138507
2.4753041
15.820659
5.6500463
-12.719439
-5.058368
5.485128
4.8195496
-7.524877
-12.916254
11.186406
11.018503
6.1144795
13.568515
8.941393
6.6584487
-12.703961
-8.967344
-1.3381189
-11.719749
11.167466
9.142824
11.862879
11.723949
-10.54035
-5.4909334
9.548741
11.016819
12.6884165
-14.6977415
-12.729393
-11.655998
11.179028
-11.347934
-11.89451
10.99316
11.187166
-11.147346
-11.014457
-6.2757096
-4.262509
11.016944
6.370391
10.115141
-6.557737
-11.168897
-8.383087
-11.005075
11.180774
-7.5983963
7.2605643
-10.226263
-4.5486197
9.903179
9.502464
-9.7501955
11.014886
11.164497
-11.137666
-10.549504
-2.0165734
-6.1617284
-10.885263
11.108741
-5.051207
4.6510305
-7.306959
12.68356
-11.015124
11.071549
-0.06517475
-11.015352
-11.17418
11.178207
11.007257
11.058169
-11.18706
10.542301
-1.0353413
-0.5792373
11.018653
6.2114315
-11.165238
-8.284367
-7.899037
7.074387
-8.315112
7.8529716
8.41864
8.2434635
7.597398
-8.117963
9.578327
-8.029012
-8.400395
8.267515
6.204663
8.038413
-4.821405
7.993476
-0.13358352
-1.1427417
-7.8819366
7.969023
-8.377819
4.0538516
-8.387624
5.968166
-7.8860874
-8.0313425
-8.417329
8.006695
8.400239
-2.542777
7.0728693
9.0638685
9.540636
-7.961401
-7.5539594
4.45186
-1.8504794
-6.569793
-8.390009
1.5866036
5.2823954
-7.151551
-6.9831576
-1.5109497
2.341238
9.714485
8.978574
-4.087002
-5.0117016
-9.137382
7.898678
-10.316548
-8.972383
-7.785494
-7.3073635
9.698507
8.936646
10.299762
8.438939
7.7819905
-8.977418
-8.603378
6.41711
10.365927
-8.979324
-8.170966
-7.9049397
-7.2597623
-8.348716
8.021104
-2.2020683
8.240016
-7.899315
5.3471875
-8.417194
-7.9824815
-8.417792
-8.019714
-0.63716656
-7.7303867
-2.5698793
-2.6947963
7.6603746
-7.1629815
-7.859186
1.3350623
8.390637
-8.03402
8.330249
-8.195898
7.8561015
5.8340073
1.8889204
-7.94137
4.952081
0.0
15.567976
-1.75119
12.600939
12.576373
15.53149
-17.988588
-12.815622
-13.781739
15.5268755
-17.948175
5.5608506
15.808308
15.558546
15.762315
-15.564397
-6.612801
15.1767435
-15.650979
6.832473
11.182945
-3.3325934
11.7757845
-3.2746284
11.175438
2.3638973
-11.867749
-6.264061
12.715422
14.688781
-2.0167687
0.47880217
-5.8215404
0.29656678
8.749039
-4.7047944
12.69976
-12.862389
-11.181441
10.955406
-0.6962697
12.856176
11.172933
11.016077
-12.67759
14.631947
-12.718448
2.9775941
-11.23605
-2.1115434
5.6651335
-3.1848302
-0.5158465
-11.159268
4.3761992
-1.5940208
11.183165
-1.0126277
-9.136326
10.128173
-11.018378
-1.542047
-11.161474
11.014943
11.173961
-8.050761
-10.996517
-11.153908
-11.187115
6.1951876
12.70388
11.173886
11.008942
-11.089117
-11.170151
3.8536646
-11.153291
12.724384
-4.06877
9.131023
12.61686
11.008433
-0.82904214
-9.978763
-10.8659315
-11.170951
3.5932038
-10.996828
-11.109329
9.634568
11.008113
2.05657
-10.740518
-10.776228
12.056368
11.131757
10.890547
-10.586558
-11.069744
-5.3341928
3.0197015
-7.87209
5.1798115
8.034527
3.1567683
7.78464
8.907749
-5.496412
-3.2873824
-9.042949
7.8491735
-8.245679
-7.9039493
-4.8721313
8.376698
7.7212553
-3.481047
-5.7313266
7.0785985
-7.92293
-8.408632
8.034331
4.646477
-8.283574
-7.9075475
8.026953
8.418534
3.1884923
8.384864
7.7830467
8.98583
-9.875465
8.815658
3.6064594
-7.8203044
6.518465
3.4755785
3.8830044
8.407211
-5.623461
-8.365178
-8.257761
7.907174
-8.017649
8.419157
9.115841
9.460621
-8.276471
-7.8844976
-3.5029988
-4.9575386
7.959319
-4.4946504
7.777309
8.998162
-9.319231
8.978503
-9.115354
-8.848822
-8.277861
-7.8155117
8.026995
2.6888227
5.4771357
-9.56493
8.212506
-4.4955945
-7.193737
-5.2873473
-7.965202
4.3857446
3.3514204
7.870919
5.7118974
-4.6909823
7.78317
1.4736649
7.640678
-6.436698
10.091157
-2.842063
-8.881514
-7.8689985
8.289255
7.655083
1.3108566
3.1236823
-2.0012515
8.417126
-7.7838078
-8.881664
-9.097337
-7.694488
8.807756
7.894662
0.0
14.619944
-12.829351
15.568345
-14.484063
-7.453067
17.994932
10.907541
-9.274735
-15.142696
17.996952
15.584345
15.735794
-15.509699
-4.3823957
-15.585308
-17.95535
-15.4965725
-15.809295
10.985075
0.34118816
-12.917739
-0.42542
-10.998027
12.708388
12.915238
-3.84264
-4.7433825
12.716618
-14.682755
-10.183858
7.066824
12.706313
-10.034798
-7.9839544
10.944498
4.4162555
-12.765384
9.78543
10.316543
12.504904
-12.915077
-11.115101
10.589451
0.16485865
14.684538
12.704234
11.015095
12.726731
12.650086
10.894851
11.010025
8.161895
-11.133896
-10.957481
-11.149513
-11.073585
1.9605931
-12.68667
-11.13421
-10.415921
11.159867
1.8850576
10.92183
-11.120094
11.079951
2.5660243
-11.179323
11.182866
-11.010471
8.257569
-6.21722
10.997345
-11.144603
11.186834
-10.861795
11.167235
12.463001
-11.016198
8.604979
-12.726051
10.993459
12.685405
-12.63191
11.017731
8.719
11.766789
10.372428
-11.165585
11.113499
-11.007996
6.1626596
11.17776
-3.2123516
-11.417408
-4.2197194
6.66016
-8.867046
11.007889
-7.7574167
-8.870213
9.042021
7.900971
8.307236
-7.8225627
-7.7587824
-8.994713
3.3100538
-4.435891
9.132917
-7.893867
-6.36575
-3.2839336
-7.025762
7.4606647
4.353443
-7.8837023
-7.6987386
-4.807704
-7.2764745
-7.8880982
5.7227683
7.6314335
-7.7616496
8.988054
-9.079125
7.884609
9.085422
-7.8354564
-7.510728
8.99734
1.4815978
-8.817572
-5.55381
-1.7591956
7.3990407
-8.964967
9.122694
-3.346868
-8.951742
-7.852729
7.7166715
8.984586
-9.106672
-0.7754583
-3.4956617
-0.98826265
7.7875624
-8.973897
-3.2389708
7.8073072
0.1999443
-4.535735
-1.2854894
-8.996471
1.8704225
0.48178756
-7.385485
8.936797
-3.5327387
0.08533248
9.014758
7.8948917
2.3579247
8.766217
-4.6519895
8.986397
9.11534
-2.5028996
9.047487
-7.8933525
7.7815604
-5.6492434
9.126433
5.8548017
-9.132606
7.8926597
6.6176777
-8.992271
-3.9130507
4.921982
-8.964042
-7.906914
-7.787486
5.5048633
-9.107603
-7.9039483
-2.2883878
4.5232916
2.562354
1.2131875
2.6487515
-10.553178
5.989853
-12.318437
10.912819
12.098273
7.3176475
-7.42795
8.358315
10.200766
1.7578651
-1.3263274
-3.5587628
1.1616935
3.1656163
2.1289155
-1.1421148
-2.7921402
-0.23875053
-2.092793
5.1116815
0.3086884
2.0970888
0.010715589
3.151166
-2.4235494
3.2015178
1.3998754
-2.0549426
-1.5669764
3.6289182
-2.0026073
-0.64425254
2.257208
1.5233724
1.1826884
3.7670832
-1.1587299
-0.8423044
-1.6578058
-0.9777982
1.8115625
0.2647628
-2.7594943
-2.520708
0.38480636
1.5843039
2.1071625
0.937577
-1.1472213
0.10569435
0.2148798
-2.073737
-0.22771905
0.2584328
-0.41682047
-2.208026
0.38609204
0.18985693
0.84830815
0.54434377
1.6892021
-0.052020796
-1.4422168
-1.7950692
-2.3024905
-0.08448585
0.59794927
-0.24740843
2.1933026
0.18382524
-0.135919
0.43607998
0.7685376
-0.07190341
-1.1573418
-1.3544792
-0.49503857
0.03176825
0.6082131
1.1644379
-1.0012846
0.4236764
-2.5398376
1.1377751
0.022059657
-2.0021296
-1.5064466
1.1183913
0.44346082
1.7445536
-0.08804483
1.4488556
0.5042841
2.305005
-0.9779759
-0.14088267
-0.67679256
0.048148476
0.28698313
0.87758213
2.6983318
-0.047982167
-2.006955
4.555144
3.541327
6.2849426
2.9247444
0.5152434
-0.0
-10.705771
0.7310373
-3.4708486
12.840757
4.1269217
-13.213462
5.2429395
0.54786193
0.6243484
-16.776808
-2.0008726
-3.3046527
8.406134
10.96319
-8.312911
-5.6187925
1.0620284
12.55567
3.188242
5.337352
3.0015495
3.8067489
1.389216
-6.0225286
-2.6425185
-1.6026176
-3.1485708
0.83950275
3.5968983
-6.458924
3.6194084
-1.6774225
1.2306308
3.4683685
-6.7258644
3.5566273
5.641616
6.9747844
-2.0902352
1.067118
-0.8205728
-3.2841752
-4.136991
5.0321355
-4.6514454
6.044833
2.1486375
8.494296
2.0177042
-0.105069205
-2.6563177
-2.0625117
-2.9261453
-1.6920806
-6.5555944
8.107011
-4.8492017
7.9106326
3.8619971
0.95944333
1.0264239
-8.337795
-5.838075
-5.277936
-3.5499055
-1.8782394
4.4994717
1.2676456
-0.075836636
-2.2857022
6.2879972
-2.1127324
0.30566102
-2.2553258
-2.3586905
0.4067322
-3.9568172
-1.6623309
6.4712086
-1.9860684
-2.6538749
-2.7500265
9.090614
1.9198222
-3.8728712
3.4396272
-0.13891277
2.2371144
0.83512944
-3.5998464
-1.4593105
6.605291
3.6716633
1.1146686
-1.3168759
-4.0774813
2.867592
-1.1914794
4.0515175
-2.3865216
-5.079879
3.1311417
-0.16427933
6.109872
5.710311
2.7431452
1.3048658
0.3935349
-2.5497243
2.8633764
3.1992064
-1.0228628
-4.0672045
-0.12569864
-6.8358927
0.6836084
-2.2363443
1.8033695
1.2839435
6.8955507
1.446959
3.7140067
-6.6302037
-1.6481895
1.9280133
0.15087757
0.087257914
0.19841374
2.9569113
-0.27559555
0.1575393
3.7706418
3.0398166
-3.4438212
6.515109
1.3849552
-4.517424
-4.239997
4.0153217
-0.9464751
4.1872835
-0.32020882
-2.6861846
-1.6164585
3.8710701
-3.6872735
-4.6700063
-0.8616597
-5.2603235
-4.1505795
5.020805
-1.2721217
0.13388622
3.1445773
1.7287937
1.9666997
1.3232179
6.5582047
-0.9644447
3.2633064
2.4360468
-4.1751046
-0.27736938
2.0861347
-1.9167777
-0.6915637
-1.516267
-0.23357505
-0.69217086
1.8224332
-1.3592951
-5.156981
-2.5197415
4.716594
-4.345438
2.6880465
1.5865586
-4.911251
5.077218
0.94681966
0.16377155
1.9401788
4.8659415
-1.915804
-1.795108
0.40858632
5.113286
5.012047
1.1822381
-0.7060951
0.4437982
3.087455
10.094088
4.982391
-1.8414472
-10.79971
-3.3515859
-4.730929
1.3601794
2.995402
0.10240562
-0.5233478
0.2622556
-1.6124909
-0.0018583067
-5.4167266
0.14816421
-4.0723133
2.6412566
2.9057534
7.7713885
-1.132947
0.839805
1.0039569
-1.8199319
-0.6799072
1.1287868
-0.14818911
2.192576
2.6516938
-0.74145633
-0.5438032
-0.63577706
-2.4719288
-1.1201404
1.7377795
-0.024824942
-2.6240664
-0.41803738
-2.2251143
-0.10562606
0.34449077
0.5059155
2.9933803
-0.72029316
1.8942219
1.2129095
-4.4688883
1.0430462
-4.0819163
-0.7960869
2.0449264
-1.9921147
1.0967785
-0.84022146
-0.10939974
-1.241902
0.046131957
2.3476434
-0.3328857
-1.3885838
-1.4933528
-0.2919377
0.85913837
-1.5609784
-0.3783447
1.9715852
-0.03392444
0.57790816
-3.1423712
1.0096505
0.2134244
-1.0724853
0.56745476
0.08509697
-1.0026723
1.2081032
0.2340348
-1.2614305
-1.1132474
-0.2782609
-3.1088336
-2.7256851
-0.34280872
-2.8659952
0.27844837
-0.18813615
1.8092576
-0.1251726
-0.036040284
2.3635685
1.1882135
0.1715396
0.07103532
-0.7463375
0.08833646
1.5812
0.6678355
0.13553715
2.1377184
-0.06415113
0.055705644
0.821514
5.6872673
2.101198
0.50747806
0.27785993
-2.7779384
1.4678819
0.0
3.091141
-3.4452446
3.3557353
-2.001765
-4.3273983
7.9470367
-1.2679591
9.891591
9.314001
5.7697573
1.1533399
7.7520704
0.63071036
-9.850735
-1.0025055
7.63076
2.928485
7.014736
6.573211
2.3464425
-5.371654
1.0101062
1.165421
-3.1550527
1.0209202
7.3184195
-8.476352
6.6643844
10.648363
7.7198505
-7.257647
3.9112077
6.7508955
5.978243
-7.2030253
0.9158782
-6.6283607
6.2679653
-7.4964037
4.0229363
5.336238
10.652402
-0.30073258
-6.6774435
-6.3208957
0.6121996
-1.4745154
-2.1150022
-2.8707573
-1.2447436
0.49335095
4.1991744
-4.84829
-2.3760324
-3.8726277
1.7827468
-2.3070517
-5.3765764
1.7403996
-2.9867744
-3.9264028
3.400882
1.5357867
-1.56846
-6.219084
-3.049949
1.4106836
2.8859506
3.4668417
1.6265998
-0.23209417
-0.58165336
2.8536723
0.5465582
-0.3293572
-0.26806238
-2.8096704
1.6763184
4.1536546
0.4158335
0.6240581
-3.3817139
0.1162534
-1.877425
-7.5148106
-1.5624101
-6.465462
0.83824426
1.6744369
3.0196426
4.364704
0.70597476
1.5733955
-4.6710405
2.6152246
-3.3182244
-5.794424
1.0405675
-1.3270448
1.4892516
-2.0276146
3.4754038
-2.9719734
3.459881
-2.3974004
-6.7170577
2.0389044
-0.46193334
1.671649
-2.8656964
3.4955733
-3.5118198
-4.3996325
5.8600535
6.147728
-2.5289881
5.103387
-1.0816164
1.5106229
2.4252481
-5.9664016
-3.5616353
-1.3001367
4.427592
-2.7286909
-3.9912221
3.6992075
0.30296737
-2.1531205
-4.4531503
-4.3504963
-0.11458075
-2.1911926
5.450188
-1.3731006
2.4318228
1.0879924
2.5910301
-2.0406003
2.6787746
-3.850414
2.514981
-5.411122
1.5208373
4.317643
-3.644129
2.8686411
-3.4443407
-1.9129342
1.9384316
1.2957989
1.6035651
-0.42163765
4.067842
-3.9357705
-0.7853469
-3.2233074
5.3037148
-1.4475675
2.1330438
-4.0014787
-3.6617844
-0.7827895
-3.9239275
-1.8020808
2.360221
3.054537
-0.07812469
0.82500017
-7.3253536
3.933844
1.4549297
0.3214591
1.5583128
-5.015489
-0.07050047
0.19747718
-4.1054955
-6.2311296
2.5268912
-0.58003527
2.5366578
-3.0489485
-0.10568598
0.16434188
-6.5674505
5.1076727
0.19508481
0.5731205
1.6239542
-2.1296043
-10.50098
1.3257949
-7.5735025
-5.6301847
0.29976335
4.652567
1.2778544
-6.4419446
-0.5283627
3.1655865
-4.928431
0.06572823
1.1899983
-3.1985707
-4.573944
-1.8222069
-1.5868086
-0.8892047
6.692372
5.580364
-5.5150027
2.5428593
-3.7693784
-2.9493897
6.460136
2.4234905
-0.9560037
0.01285979
0.92228395
-0.36623278
4.0691648
1.2104532
3.6804955
4.989017
0.29717505
-0.7274702
3.7600243
-3.0588984
-0.87864727
0.614024
-3.484431
3.2188036
0.29146683
0.6165403
-4.6060586
0.33317468
-2.0178797
2.227738
2.3581307
2.636939
-4.684482
-1.3310959
3.3205595
-2.679079
-1.7710079
-0.6401192
2.611306
-0.7394698
2.3777196
-1.1090963
-1.4616615
2.0322719
-4.0569787
1.9294479
-0.5035756
-0.20463611
0.058818284
4.0017347
2.6604044
-0.51359075
-1.6939417
-3.1161404
-0.49006274
-1.5302414
2.34922
3.8825748
-3.0509105
0.16234918
0.8362615
-1.0331173
0.7637056
-1.3517814
-0.014725608
-0.6576862
-2.5150256
2.4862685
3.9705565
2.222473
-0.48236337
-1.6359379
-0.67357314
-3.7176378
1.6010667
0.5998417
1.0791808
1.1618189
0.9128455
-0.5164625
-1.5107396
1.8993984
-0.018439356
-1.0915732
-2.8786683
-5.4840765
-3.4535573
3.25164
-1.7630111
-0.79015404
0.0
-2.8162606
-1.8347336
11.320315
-4.5978475
-11.536537
0.28399593
-0.56298804
6.5437655
11.174232
7.878783
-2.9665058
-5.6655703
-3.5532553
8.45401
8.735285
-9.791002
3.5102034
-1.6803206
2.497327
0.18976976
-1.7156435
-2.0908673
-5.8721356
2.9094238
5.46414
7.0012546
3.1053643
2.0978913
-0.36573842
8.166673
-4.162704
-3.4057307
3.5314386
-0.7965706
2.0279603
1.2440286
4.661194
-3.5432265
-5.146206
8.658905
7.4521775
-7.246372
0.51263225
-2.0834875
-2.8727086
7.6235523
-5.815397
2.4368277
3.4231646
-9.019619
4.675032
-5.400181
1.6783838
-3.2849038
2.8080091
-0.73185253
5.4725432
0.23093587
-2.783363
-3.3700325
3.0902243
-0.099535346
-1.6453251
-7.9707355
3.8706641
4.0869575
-6.581868
-4.9581947
3.6274245
0.7654088
3.2975898
2.7777867
1.4776688
-6.2260833
-2.646297
3.0036905
4.586633
-1.9486357
-0.8557614
3.8023694
2.807159
-1.3034645
1.0927951
-2.09039
0.3143301
0.39236882
0.6980886
-2.6432614
-0.039752107
-0.86214685
-8.933061
-4.9684687
-0.6341663
-1.3172684
-4.0576725
-1.5409818
0.8776755
2.866208
-0.93745404
-1.1865381
-2.6687276
0.5571423
-2.9208906
4.056245
1.9714477
7.073553
-5.400196
1.6388844
-1.3991351
-1.5476505
0.30921006
-2.0993586
-2.2417357
-3.9542036
0.10823219
-2.1346967
2.6723998
1.7323922
-3.5624638
3.8998377
-1.9468343
-5.1497474
1.2383695
2.7213519
-3.3839643
3.319642
-0.96891767
-6.7015467
-3.6645832
-2.4110692
-4.5981107
-3.104541
-4.5885224
0.5606024
2.6637444
-0.35389915
-0.21946293
-5.528934
-3.4495265
-1.6852822
4.950373
4.972819
-0.4214815
-1.7382945
-0.44701338
-2.766836
-1.9812396
-3.5421576
0.26786467
3.1570575
1.5167278
-1.1444775
-1.1111724
3.2993762
3.8741274
-2.8042183
1.8101372
-5.1562285
0.75191486
-1.8110006
0.7609913
-1.394317
-5.95854
0.7285528
-3.5863
2.2102659
2.5964386
3.7957659
-6.5369368
-4.8006277
4.737855
4.543107
-1.5344037
4.166376
-1.9395765
-0.4526637
-1.3243517
-2.4780192
-2.332666
0.57910866
-3.0928664
-0.7490245
3.1808038
-5.550857
1.9370512
-1.1486148
-0.4694589
5.245057
-4.181122
1.1330581
0.9591936
-4.2234626
6.3539376
2.670684
-0.0
8.628948
-10.7808695
-1.1189485
5.8864136
6.852461
-10.312711
-0.7101802
1.5251268
12.237388
10.600543
3.3406723
5.720543
3.4525526
-8.213948
-10.014519
11.977578
8.299207
2.2306168
2.9126623
-8.197797
3.505419
-0.5453414
-3.731778
4.7301936
-6.986893
3.7231915
1.5091814
-1.4749898
-2.9021842
2.1016734
3.9021292
8.278868
1.9393528
-0.37873575
-2.0842092
2.7841733
4.553502
-0.8439202
-6.3965406
9.156804
4.676988
-0.706991
-1.601423
-9.941917
-5.9793925
-3.8040378
-1.5780451
-3.4525414
0.92038643
-2.92566
-0.36298564
-1.2957777
1.5704178
1.5392357
-4.1876326
1.9084183
-3.0244322
5.828412
-3.6968844
0.7177641
4.846796
1.7744365
-2.1158054
1.6418444
-1.1408862
-1.408822
0.66250515
5.8946996
-5.402982
2.3596866
-1.1131339
-2.7660332
-2.1532598
5.4158206
-6.381929
1.7970401
3.298251
-1.5468695
2.186613
5.850074
0.09084942
-5.230822
-2.9798553
-2.7316053
-2.6159737
4.4521585
0.07064924
-5.0180387
-2.4668365
-1.6915994
7.929302
-6.688152
0.871668
-4.276077
0.32810733
-3.6741657
3.4102693
3.3749893
-2.0850666
1.2642326
3.3951583
3.0470698
5.9052763
-3.053623
1.4708698
-4.3440495
0.83983225
-2.354063
-2.4748883
-6.140168
-2.498499
0.7624218
-1.5708576
-3.2034423
1.5765617
1.5639045
2.4161136
2.1981013
-1.6521287
3.5689654
-0.9591065
1.897804
1.1575027
-3.3095665
-1.8134272
-4.4967546
-0.3356337
-5.701507
-1.1062081
0.40847516
0.8668922
-0.97021365
-1.9187102
-5.7984986
-3.592608
0.123527326
4.7612233
3.0213404
0.6441644
-3.038934
-0.76827246
1.1747564
-1.3972768
2.9500794
0.37074468
-2.722323
3.7888043
2.9529436
-2.6809845
3.5525773
-2.6532195
-0.08355734
0.58735895
5.6514525
-3.7997043
-2.3442483
-3.1591938
-6.0318537
-1.6742791
1.8246332
-0.6561516
-1.4757905
3.2009134
-2.577665
-1.52347
2.817787
-2.193956
2.465981
-0.120311745
-4.0897403
-0.3138748
-1.0149102
0.9000568
-5.257905
1.7660747
1.7743708
-5.896903
3.4809208
1.1237082
1.6977377
-0.83805096
3.1026807
0.20668033
6.7641845
2.220281
-0.32233685
-0.4018514
3.341417
-5.3627706
-2.267157
-2.5210037
0.40865412
3.9240198
0.6308126
0.0
3.3639462
3.531866
1.266057
-6.8763604
-4.54789
-14.695374
1.1171675
-11.411366
-5.964043
-15.388035
-3.1225615
-6.7321506
4.880254
-2.0265155
0.47361404
-3.038274
4.151983
-3.2187657
5.0553293
3.0594418
5.2261095
-1.8065199
5.37663
1.4127111
-0.96994984
-3.6363335
0.30840853
-0.23299359
-2.7907383
-4.9648414
2.6870062
2.8711758
-0.07434628
-2.4803424
3.7383876
-4.723496
-1.9768894
-0.8065013
-4.602837
-1.1207471
-8.056789
-3.546308
3.6194777
1.7734923
-3.036843
5.173285
1.641401
1.058599
1.3119166
5.5844903
0.75137115
2.4931324
3.438229
-0.14385082
-3.6726103
1.3637706
-5.4409637
-1.3278052
-2.2547913
2.0493634
-3.3795247
0.6088327
4.611718
5.367695
-3.518763
1.8979012
5.9528017
-3.753769
4.7445803
6.8236504
3.807296
-2.2794416
-1.7661815
1.056857
-2.10198
2.631273
0.23894899
-2.1854916
0.46685937
-1.9304291
-2.3314228
3.9619958
-3.9342191
-6.199718
-1.4060218
-1.5276878
1.7776049
4.1225286
2.5004208
2.384471
-0.6243865
2.468282
4.336665
5.395849
-3.379554
0.15971155
0.9358837
3.202578
-2.9610891
-4.5297923
-0.12788482
3.5637074
2.1823766
1.5212634
-4.2405844
-1.5744863
0.15166518
0.3678437
2.070805
-5.673042
-0.97755617
-3.8012998
-0.6881654
-1.9729567
-4.8181195
0.83456594
3.4567282
1.3672879
1.9841754
-6.3748636
0.010542152
-1.1094905
3.2080567
-0.65123034
0.67330277
-0.5141556
1.3759866
0.034882348
-1.6272718
-5.8981137
2.8137207
-3.29969
1.3419256
5.635586
3.6583502
-4.6968393
2.9944305
-4.900632
-1.7414722
-0.8561243
-3.9976351
5.218808
3.4641924
-1.3776946
-2.135829
0.61453307
-2.6611426
4.5442324
-1.7432569
-3.5749528
0.8628855
0.18995348
2.7242014
1.2539326
-6.8666377
0.02014552
-0.039411135
0.075249344
1.8237609
-1.10271
-3.5298753
1.9000789
2.275546
-2.9982412
-2.972485
-1.7429255
4.665401
-4.3351746
-0.48740903
0.25390178
-3.5909262
-0.99042463
-3.4358199
-2.388989
0.6374446
2.3364594
3.8113747
-0.32757396
2.1113071
0.51583236
0.10212521
-0.477403
-2.7500086
-3.4252093
5.7559576
0.5197568
1.347177
5.2240896
-0.2714275
0.0011900108
0.23966393
9.918719
3.70167
-4.6455646
-1.1807112
-10.1873865
0.77985835
-5.6128716
-5.826047
6.322003
-0.201671
-0.9563028
0.046424244
1.8093834
0.15872405
-2.0381265
-0.3287627
0.5004427
-3.2422805
-0.22470465
4.7419124
0.33143777
-5.04025
-0.26024038
1.1639934
-0.020273395
0.61326015
-0.28669187
1.2201152
-0.37011775
2.094694
-0.5765333
-1.6678059
-0.60522383
0.04820882
0.3081218
-2.9717836
0.4041769
-2.1295753
0.5144652
1.5344028
0.61426914
1.197017
-0.25656432
1.387129
-0.39156327
3.0556414
-0.57978237
-2.4251842
-0.62477785
0.67772746
0.16596408
-1.6685258
0.36657795
-0.12788944
0.5544425
-0.037698008
0.6063485
1.5894287
0.012363398
0.52623314
0.823558
-0.017272204
0.6552285
-0.47273186
0.011975672
0.8316485
-0.9537512
0.008207992
-0.18859014
-1.0621055
0.018232279
-0.52112806
-2.5571542
-0.006537898
-0.66163576
-2.1702585
-0.008232277
0.7622528
-0.7929993
-0.019294823
0.21645658
2.6293893
-0.009624662
0.5789043
-0.5056462
0.011653109
-0.6953248
0.100493304
0.020092811
-0.85963064
-1.234338
0.008067834
-0.3046656
-0.523987
0.0008332554
0.5623861
1.7791417
0.009862533
0.7053143
-1.7157003
-0.026974214
0.83502096
0.17575404
0.26587918
2.4389377
0.5515935
-1.9036192
0.61581695
0.0
-2.3168678
6.857532
-3.3038049
9.712798
4.2777185
-5.9617705
-2.2841778
-1.3880247
2.4016297
-7.6235156
0.88969326
-12.095468
1.6273202
1.2458872
0.9264842
-8.281219
-4.734894
7.9347935
6.10385
0.46318138
-1.4206759
-6.1938806
0.9792453
2.0028274
-4.6294327
1.101515
-0.8681546
-1.8603915
4.8434663
2.992801
0.55180556
-0.8731199
-4.0626717
3.3596418
-4.4291477
1.1507638
-3.0444388
-4.0692253
-2.3386106
0.47854736
-2.3390954
-5.318159
1.9857651
-0.6914583
4.252899
5.506131
2.7146106
1.9710793
-6.490844
-1.119951
-2.5417082
-0.10921988
-0.6662026
-0.335047
3.2829413
0.17180869
-4.546615
-1.6191058
3.1262653
2.038861
2.0713909
1.7592621
0.92872053
1.3940452
-4.7480636
-2.4341373
3.576089
1.3360013
-2.181078
2.7574651
0.41399294
1.0970156
0.65583766
0.89793104
0.34912035
-2.2208037
5.218148
-1.5690128
-2.3488972
0.9182664
-1.5256003
0.8036738
0.69053584
-0.19043927
-2.3235865
0.63250715
1.3620108
-0.22528239
-2.8267694
0.69811356
0.81778544
-0.28459218
0.88275576
4.2561817
-0.86665606
3.3984733
3.778019
0.46489382
1.5577679
0.008484906
-3.2108972
1.5213698
2.1816444
-0.33620235
5.040199
0.9961132
-0.11328366
-2.1686604
4.198165
-3.795546
-1.1841494
0.7615542
-0.8485909
1.4859958
1.7325045
-2.3918169
0.9269699
-2.6772413
0.1430187
0.42941785
1.085969
-3.4146872
1.5875566
1.7351545
0.6709585
1.6064672
2.02795
-0.14878303
0.059986364
-1.5967392
-0.20774241
1.5552691
1.2808645
3.4144034
-1.0198367
2.7080102
-2.796653
4.0327044
1.1778432
1.5669991
-1.7654506
-0.2510965
-3.687254
0.9987304
-4.539632
4.1024556
-1.317825
0.6870849
1.3210824
-0.24564147
1.1455512
3.4842846
-0.40763307
1.0199041
3.4114523
1.3786657
3.3557127
-1.5330877
-1.8380785
-1.1564853
1.4460199
0.36196718
1.83172
-1.8283935
1.2899129
-1.1568208
-3.4584873
0.5653616
1.1793214
-1.9293829
0.4759773
0.9388935
-2.7039595
-0.38757095
-0.6735351
-1.9947832
0.66495156
-0.11470603
-1.5244899
0.72804934
-2.22003
0.9483649
2.3191135
-0.29814044
-2.1179183
0.59507805
-0.31881297
0.7156562
-0.053200535
-0.05776229
-1.5348688
3.709797
2.37832
-4.0890036
-6.2477903
-10.324005
-5.1790314
-3.8665662
1.1004169
2.451034
0.2376515
1.6075029
0.1293365
0.9413494
-0.11278123
1.3597438
0.27546498
1.3051188
-0.52956337
1.0190938
7.5941973
0.039867993
0.8490196
0.12463169
-3.0707202
-0.53154206
0.11959388
0.49102595
0.0047730966
-0.6659175
1.5122136
1.5679911
0.19432823
-2.0720046
-0.03874432
-1.6345874
0.008439177
1.1227475
0.4980606
1.4379665
-0.029846018
-3.843157
-0.00015625622
-1.5433846
0.013340992
1.0426922
-1.3835146
1.501952
0.03864052
-3.733515
-0.044135448
3.0694754
-0.040530436
-3.6956756
-1.0465441
1.3743523
-0.017051589
0.97354084
-0.0055518295
0.039961122
1.3340844
2.239435
-0.08405244
-0.067084804
-0.13585602
-0.017386556
-1.3680292
0.051842142
-0.049161524
1.2358981
0.020481478
-0.011855403
-1.2357162
0.7180679
0.09882497
0.024787892
-0.014543309
-0.06732308
1.2021666
-0.024142908
-0.025070975
-0.6600907
0.00011038238
-0.011521836
0.6420942
-1.9815222
0.024371676
-0.0059833135
-0.03040812
-0.04795329
-0.7226897
0.0087472685
0.046854805
0.2268333
-0.0063257646
0.048600223
-0.17935413
-1.4339365
-0.06412344
0.04453224
-0.05554754
0.05390613
0.20855463
-1.1370655
0.3016858
0.17625652
-0.3401127
-0.9344589
0.01938552
-0.0
5.261685
12.177683
1.841674
7.855747
-4.109547
5.0280633
-5.5712323
-6.637108
-15.058686
-13.374472
1.7411742
7.636304
1.596258
-3.0289338
2.972146
-0.1647024
-2.5574796
-4.9019775
6.3772573
0.1634467
-0.15288407
0.40338767
0.7573977
0.676966
-11.258863
2.4105978
-3.3475025
-1.1850147
-8.066516
6.54732
-9.584908
0.27525985
0.26077
-10.474261
-2.4944875
2.711602
-2.6053135
2.3993573
-2.1565602
1.7668844
6.1414022
-6.2061076
-2.355187
3.7024086
2.0961864
11.410538
-0.1832133
-2.3909056
-1.9467784
2.7841744
-0.5707152
-0.4313241
3.6412644
-0.2719631
-0.67168957
-0.20159125
0.26694977
0.71012557
0.6042957
0.8998862
2.458553
-1.1363044
-1.0588375
-0.9072933
0.2407839
-0.99713445
1.1299835
0.99278253
1.667837
-0.13700977
-3.307986
0.056966055
0.33935848
-3.4488013
-0.4277554
-0.79700726
-0.96556103
0.005877388
-1.0935766
-0.38381264
0.49554268
-3.0677788
0.7229729
-0.69423187
-0.5895656
0.97883207
0.27571663
2.9294276
2.5020013
0.39291668
-0.9828714
-0.543379
-0.49788302
-2.1947014
1.4937749
1.2632313
1.5678662
-0.21033366
-0.14391552
-0.09303322
1.3520048
1.2816525
2.5201318
0.6657655
0.8334273
-0.21162087
-1.6584384
-1.9958972
-0.04424741
-2.0283558
1.2152559
0.17817837
-2.191824
-0.25691217
1.2744935
-3.0936139
-0.3673218
-0.5529116
1.1648127
0.17198783
0.9688951
5.0238276
0.38510212
-0.89636326
-0.7137706
0.3026665
-2.3791533
0.48415327
-0.34725082
1.6279763
-0.33912545
-1.1719365
0.2365148
-1.0843959
1.4502978
-0.7177661
0.5082271
1.4144756
-1.3695477
-4.1020494
0.91575253
-0.9799735
-1.1377822
-3.212498
0.14197348
-1.1926829
0.15384474
-0.26201415
-0.7180403
-2.72443
0.14042464
-0.23979175
-0.73657495
0.6580162
0.62945503
-3.3056574
-0.19669402
0.81284124
-0.32301354
-0.5331965
0.70753175
0.3985265
0.14509326
1.4260315
-1.5431453
1.225611
-4.0030127
-2.9396076
-0.6806793
-0.84666055
-0.6410514
0.7253315
1.7663301
1.6155465
2.5766044
0.659856
1.3251107
-1.1615636
1.8040446
-0.08461834
-0.310864
-1.685324
0.93310803
0.69633865
-0.9147742
0.500589
1.4367783
-1.0539055
-1.0989401
-0.33334324
0.6116332
7.810281
-0.6789478
-3.3204517
1.3051206
-7.9222355
-5.3478303
-2.1637993
2.691185
3.318004
-0.48808137
1.4250467
-1.5922351
2.5552974
-0.88154536
-0.12907597
1.8603953
-1.1808841
-1.3301775
3.117589
6.8874965
-1.8277794
1.734863
-1.9672312
-2.1673748
-0.6924095
0.005939783
-2.5429742
-1.0942703
3.2308822
0.41878736
-2.4982102
0.71090585
2.3234384
-0.8010601
2.9799144
-0.7071619
-1.456831
-0.1504098
2.9799335
1.9480584
-1.3081688
0.22220932
-1.7468809
-1.8477398
1.1177152
1.183166
-1.0163085
0.6649495
2.1292279
0.8780426
3.476958
-1.562519
2.6352248
1.0979125
1.0083277
-0.6125467
-2.4175367
1.8047991
-1.6777599
0.89293563
-1.431088
0.22658959
0.6289324
0.62747294
1.9121547
0.43804234
0.19989465
0.17741959
-0.38660592
0.9025564
-0.823017
-0.10168752
-0.28908357
3.1461823
0.5859326
-1.1852636
-0.02721167
1.4675448
0.8071113
0.6825898
0.95003706
0.1813293
0.67385864
1.289411
0.109904945
1.127086
0.70867175
-1.4192748
-1.7521006
0.15315992
0.16455975
-0.20968887
-1.648897
0.3330119
3.1441238
-1.5175443
-0.06533506
-3.5608964
0.859942
-0.29770347
-1.2842098
2.7881777
-2.9034913
0.9242749
0.087392665
0.6345225
0.22318155
1.501431
0.0
-0.1519669
4.772286
0.48578802
2.9757173
-0.7866247
-5.6531234
-5.8979764
-5.7670054
-14.022311
-11.065973
-2.0717483
1.964107
-4.794474
-4.191519
1.9508731
-9.415987
0.92770684
-5.3813
-2.5588343
0.91188365
3.1701758
0.6817156
-2.7670836
0.26655218
-4.6143484
-2.134422
2.2841427
3.1631103
1.4492087
-1.1671165
2.092863
-6.159649
5.169642
-1.4954433
3.314687
-3.9716456
6.5733647
-4.2349253
-2.9525712
-0.70781714
-2.5612223
-2.8324382
-1.0724741
-3.9624426
-3.7680664
6.0888605
-1.2979608
-1.1856872
0.46977243
9.603353
-4.634452
-0.6432582
4.751759
1.0795258
-1.0588436
-1.1797729
-5.1639056
-3.463093
1.5826426
5.2769594
-0.8933941
-0.07306793
-2.0554285
1.0438511
-2.0290124
-1.3429512
4.781148
0.72440434
-1.2883661
4.3068814
-2.6833205
1.6455102
-0.646242
2.8260899
2.539169
2.318157
1.504478
-4.2876515
3.7164898
4.829858
1.4871569
3.4571447
-0.7623905
-1.1266552
3.1576371
0.121117294
1.9421086
-0.005417184
-2.6768923
-2.9385858
-5.5553436
-3.3744698
0.8080691
-4.634706
0.24193871
1.5395592
-2.0030694
2.7880743
1.6848869
3.4362137
0.20671633
0.010205847
2.2236638
-2.9075677
-0.6889068
-1.8835466
-1.9473698
1.3047494
-5.3793206
0.8557241
2.9150958
3.0091598
-0.93987936
3.5579374
-0.7526697
-3.9236674
0.13192214
2.1022944
-4.202778
-2.0527072
1.4353969
-0.39250112
1.8688704
-1.3690876
-3.4466298
3.4312456
0.29023883
1.7457105
-2.615995
2.6621208
-3.058472
0.9093598
1.2601111
-6.064405
3.7306128
1.3337646
-3.7576869
-4.103904
-0.44381493
1.6720692
3.0170197
-3.3857489
-3.1236188
-1.2704369
-5.4377666
-1.9552897
-2.3874307
-0.97688043
-1.49369
3.8370903
-2.8701327
-0.06683325
0.93716115
3.6348858
-3.6030552
-1.0498295
-3.4597168
1.295296
2.1498578
-0.0017176269
-1.0132337
-2.3597062
1.9206386
-2.5410426
1.2831813
-2.9161177
1.5377618
-2.9857824
-0.24864559
-2.4575436
0.046417538
-0.15385899
1.2823716
-0.44464877
0.68395036
-3.1613667
1.352783
2.5996099
3.539668
1.4859136
-1.0489055
-3.3280346
0.03499327
-2.927277
0.3386756
0.18570828
3.9049594
0.3635255
6.8354306
-1.3625801
0.27770334
-1.3425322
3.9526088
0.17736295
0.0
2.870576
7.874771
-2.8186748
0.22037753
1.6199026
-6.3870077
1.0650048
3.7198691
-10.845018
-9.597972
1.0299389
1.4783356
-1.0991558
2.6849697
2.8679926
-2.4578707
-2.6173422
-3.188938
-5.82115
-3.8085058
-1.0249999
3.2140875
-1.272049
3.8670301
2.8588479
3.4910917
-0.75667167
-2.745658
-0.54089767
0.10933688
1.9793148
-2.292333
-3.9992855
-3.6531117
-5.6597743
1.8944447
-0.45295718
0.15812284
-0.50385255
1.8832252
-1.1210307
-1.7534451
-7.637231
5.1189303
1.2327924
6.7979894
1.2171494
-5.869344
1.8275076
6.0370154
1.0511053
-0.16567437
-0.08100056
1.0035669
1.6485189
-0.96210474
2.0751035
1.0867822
0.22772068
4.9015055
-0.09143346
6.7070394
-0.546866
-2.806702
2.4244363
-1.2478806
-2.4462695
-2.0843384
-2.5255036
1.7701168
0.86033136
1.4406931
2.6045592
-0.7491843
-1.4933512
0.58310145
-1.10846
2.1611066
0.76528114
0.55208653
0.26129326
1.8631966
4.249668
-3.968768
-0.6242671
2.1128905
2.783815
1.6673285
-3.716138
-0.56801915
3.0534096
0.31238806
-3.4586189
1.252827
2.4068549
1.5478781
-1.8237474
4.509368
2.0686903
-4.3886724
-0.7747919
-0.45011452
-0.62384623
2.5864072
-0.6583106
-0.36670458
1.5763302
-0.64289445
1.3629781
-0.17299248
4.498027
-2.0515666
-0.8082571
-0.9634079
0.16360456
-0.8456548
-5.404806
0.6572063
0.29144898
0.4533926
3.4969726
-1.8043348
1.2532213
-2.2358162
2.2904487
0.9911781
1.0919375
-0.85087574
-0.38256332
1.6812456
0.35542485
-0.15913472
-2.0723822
-0.83857274
2.5667865
2.20269
-2.799895
-1.5970912
2.7031972
3.8868303
-2.523999
4.903532
-2.7800634
-0.7964262
1.63664
0.27779388
-0.38507318
2.8555074
-1.0327964
0.99599254
2.0351722
2.4523427
0.49664268
-4.6332507
0.5479436
-0.21960044
3.1114616
-0.06270982
-0.35335973
1.5341794
0.0973074
-3.6957145
4.313009
4.982581
4.043533
3.4319131
-0.48662177
-2.5276597
0.5865289
-0.55737096
-2.5488265
-0.38090515
-0.45306638
-1.5643979
-0.34463897
2.3150845
-0.24035709
2.2717025
1.1347437
-0.4524449
3.446442
-0.07470987
-3.144884
4.1639233
0.38462338
-1.0111662
1.9882929
1.4094551
-1.2387865
-3.43973
4.4987383
-3.0301833
0.36836258
-0.36247396
-0.0
2.5905082
12.121502
-7.8865366
1.0752592
-8.410255
-3.927201
-3.5490203
0.10839665
-7.489118
-7.8386946
-1.8245344
6.831552
-3.9914162
-8.034254
4.874135
-11.144477
-0.66717356
3.756251
-4.0218725
0.080224805
-0.73335725
2.4220243
2.2833254
-6.966965
1.0595775
-2.1754732
-2.866917
4.566512
-1.059304
-0.45646632
-0.46919855
-3.3064127
-1.6852326
1.7864529
5.3368883
-0.25011507
8.886872
3.8054736
-4.9884105
-4.066851
7.168884
1.5258543
4.022545
-0.99611336
6.391542
1.3775139
2.8618288
-6.742098
-2.6178622
-1.6724143
-2.3581204
1.3594513
0.74347436
-0.10243227
-5.6376348
-2.238789
-6.9760165
-0.9890687
1.9536103
-3.0230854
3.3271108
-0.0664635
-2.3807037
-0.02427793
0.6389363
1.8090733
4.2905517
1.8436582
3.8890698
3.5199952
0.33610716
2.6677632
0.22756355
-1.9313599
1.4527104
-2.1619422
1.8648363
-0.53806365
-2.2387042
1.6476961
1.272401
-1.1352388
1.6613001
-0.3921483
-0.41628194
-0.648939
-2.1245515
-1.1012194
0.6004387
0.6710397
-1.9337884
3.052682
4.0889235
-0.20341465
-1.5828296
-0.5418978
0.4180567
-1.9411914
-2.621169
4.526864
3.590162
0.7092452
3.2768223
0.94144946
-3.2455747
-1.256202
2.8023286
-2.0154984
-1.825941
-0.32725763
-0.5038257
-0.40324226
1.5359379
-3.3318522
-3.1245577
-0.21464713
1.0781229
-2.378487
0.74414456
1.7637542
1.4971069
-1.1768714
-1.6121632
3.8076441
-2.1843114
-0.37437567
0.24252959
-1.8471935
-4.114675
-1.2052691
-2.300055
-0.202421
-0.89099276
1.6678302
-2.625444
4.801591
-0.23688117
0.5774648
-2.3352752
0.55621296
-1.2299896
2.0262177
-0.84117264
0.8632556
-0.45450762
-1.7070283
-0.15092093
-3.5527618
1.6332055
0.28315988
-0.64140207
-2.0522013
2.264689
-1.7086332
-1.1413273
-0.2987117
-1.8310022
0.35721558
0.08972384
-2.876311
-2.203057
-0.1477431
-3.516451
-0.26011592
-1.071711
3.7662976
0.13111797
1.0582112
-0.28162867
-0.49030018
-2.409136
0.072072715
-3.299903
1.2707274
-3.8227737
-2.7570848
1.7835124
0.75291115
-3.3439558
0.27770993
2.8347101
1.7920941
-2.0149043
0.79952824
-0.5981867
-0.093195975
0.6575142
1.3239406
0.77057606
0.158398
-0.5966462
5.725035
-4.924843
-2.9366138
2.7693837
-9.228851
4.8918014
9.236352
-8.543225
5.464775
0.50784636
-3.7659197
-0.1170736
-3.8794253
0.25174025
-0.2323667
-0.0623278
4.106178
-5.306209
-4.433481
4.583616
4.7376733
-8.093497
-4.6350765
0.23995198
3.886098
-0.29895023
-0.80624646
0.23046347
-1.4714818
-0.38951442
0.272228
-0.07385066
0.687256
-0.7943228
0.86741334
0.3572023
1.5100595
-0.8493194
-0.24338356
-0.22620383
-0.74936014
-0.57425874
-0.7254431
0.119162396
-1.4619066
-0.70759165
0.306973
-0.67333204
0.6910929
-0.5990234
0.5178171
-0.014133378
1.4565458
-0.6659222
-0.40580955
-0.95851856
-0.6920034
-0.43953937
-0.025820484
-1.088235
0.85754067
0.056422405
0.21813066
0.045364156
-0.002177349
0.6035113
0.73056203
-0.021387022
0.5343136
-0.45850945
0.015954148
0.985548
1.0276535
-0.036489837
-0.23748252
-0.3869405
0.010522912
0.4369091
0.71824497
0.08598385
-0.5307152
-0.18096732
-0.0010581895
-1.1226126
-1.02899
-0.032615308
-0.23178688
-0.94782865
0.011423365
-0.55860645
0.36841905
-0.15895884
0.3465374
-0.15376711
-0.06774549
-1.066231
-0.71331954
0.08589
0.3151561
-1.421223
-0.047227297
0.52438164
1.3667737
3.248633
0.69651985
-2.0679533
2.1707869
3.6744695
-0.0
-4.8640137
10.21714
1.4726331
5.64995
-3.4699848
-3.7903976
4.2547083
4.872376
3.3160896
12.034489
6.1086254
9.376425
-1.8735851
-9.4670105
-1.7345856
2.9366183
0.68901765
4.002306
-0.5236953
-1.2739474
0.2173229
-0.6735123
2.98531
-3.647766
6.4597516
-7.8571672
-3.6394136
2.3760974
-2.0123713
-3.539841
0.18098783
0.87404644
-1.4374732
-2.8320417
-4.0463476
6.870579
-5.1755633
-0.64589244
-1.4959391
-1.5960895
2.1083004
5.4531016
-0.7352539
-0.7615765
-7.409772
-4.820851
-0.3273351
0.824964
1.9429278
-6.242287
2.3296738
-2.0531118
-4.1037464
-1.9103526
-2.5742483
-3.423443
3.7176206
2.4362135
-0.08708587
0.7412622
2.631161
0.45347363
1.6127244
0.17466949
6.416527
0.575324
-1.3589483
5.2354236
-0.8965361
-0.6073923
1.3905612
-0.41511238
0.70984006
-3.2078593
-0.60943836
-2.1912584
-4.1608706
3.9962282
-1.1979194
-2.4605596
-3.1712549
-3.840207
-1.5811929
-1.0845239
3.0256057
0.80568594
-0.044852857
1.8123991
-3.7788582
-0.5162854
-3.5716298
2.641205
1.5837007
3.2167878
1.0522201
2.5729773
2.3017328
0.22713251
-0.16616951
1.5970776
-0.06562047
-1.1970388
1.6423562
-3.1568317
0.37112463
-1.3597267
-1.3289927
-4.150134
0.50082207
-2.4634366
-5.098398
-0.4063749
0.7988221
0.68628
2.5203502
-3.013295
1.0048194
-0.94649136
-1.9054366
-0.67526376
0.17564905
2.863547
3.9045935
1.4381516
-0.88952136
-0.19762564
1.064011
-1.1322817
-0.9927083
1.1341832
0.97318107
1.8499808
-2.9337754
1.9471816
3.1054943
2.8755531
0.5589894
-1.8211205
-4.21111
3.7197084
-1.217563
-0.31759447
0.6420552
-3.425631
-0.31659162
2.9008017
-0.61462176
-0.77883
-0.5462369
0.10557094
-1.9069995
1.4317598
-1.1004572
-0.46214846
3.1797986
0.651927
2.7547297
0.50681525
-0.37354222
-0.6759924
0.5092487
1.3574761
4.1869373
-3.8412466
-2.1499178
-0.88860905
-2.2094362
-3.0731096
0.7142946
0.40914047
0.7224612
-0.81060314
0.92735875
-2.746371
-1.8456192
-1.7156733
-1.4733907
2.4959025
-2.0895908
0.9991143
-2.49869
-1.4562594
0.09035871
1.7399023
-1.1956863
0.9949196
0.26767704
1.6928402
-0.3026916
0.11822899
-0.18682647
-6.8934417
-0.8071723
-4.91824
-6.0934896
11.936028
-1.4758841
1.2897143
3.9731238
-9.435933
1.1118032
0.75547016
0.09589807
-2.1948414
0.21432713
-6.255314
-0.15587641
-3.5620105
-5.749528
1.0998175
5.0619855
1.0700618
0.6340029
-0.5366542
7.295652
1.2754003
0.4213938
4.184275
0.07475958
0.22162634
0.045715343
0.0032604095
-0.09925687
1.1100056
0.12401284
1.1272829
0.05371604
-1.6839403
0.10128591
1.1643704
0.116648875
2.3327634
0.1385211
1.0850084
0.044291668
-2.3396406
0.047227804
-0.5416738
-0.061132297
1.3731232
-0.052446693
3.813448
0.098673955
-1.7727561
-0.08002924
-3.3724458
-0.12664387
-0.5293468
-0.048661675
0.10284261
0.9012304
-0.070835024
0.11600835
2.0504365
0.08650688
0.10120025
1.1979192
-0.07751881
-0.13744256
0.7175786
-0.06197
-0.026316345
0.50012326
-0.06534161
0.042986546
-0.37873706
-0.11188
0.05352861
-0.27064428
-0.09936882
-0.37135223
-0.5499345
-0.06842567
-0.022713741
-1.0262464
-0.010578909
-0.15257305
-0.9011332
0.051355947
-0.21653959
-0.2781512
0.041109603
-0.025249956
-3.3222768
-0.10087591
-0.2945067
-2.7823892
0.04072473
-0.043006837
-0.114810444
0.095151775
0.16233699
0.60008913
1.349473
-1.6346833
-0.3594486
0.72787356
1.3132727
-0.12999031
-0.0
-1.99261
-0.054824457
4.158404
11.296461
-3.8137527
0.70423174
-5.586503
-6.190543
6.239845
-8.6375265
0.68045044
-0.5474559
2.0238993
9.508616
0.62010366
-8.29797
-2.3269413
-9.822995
1.0147778
3.188317
2.1516545
-0.5697655
-2.8974478
1.4044532
-1.7699475
0.6560736
1.9215184
0.1599083
-6.0203066
-1.2303773
3.8978617
4.4433103
-3.5414634
-1.4547253
-3.6412833
2.435165
3.9652343
5.6335845
-1.427218
8.785327
3.2140405
7.5882454
-3.3329196
6.6140075
5.100761
6.431825
-1.400671
6.5510974
1.9443539
3.7800922
-0.99847424
2.9299836
-0.21523997
-3.1896589
-0.932524
1.0904521
0.043277506
-1.1550761
0.40149748
0.5645199
0.6720056
1.245903
2.900424
-0.06958667
3.8455603
0.8911491
-2.8598065
2.8800232
-0.4766365
0.22822225
0.47069427
2.5704865
2.2368586
-0.9220578
0.5911172
4.6758585
1.3789779
-1.3904959
0.22787708
1.7318512
0.101235785
-2.283479
-0.54980916
-0.3344304
-0.2173967
-1.0490032
-0.5245003
-0.6243458
0.2942045
1.265418
-4.432142
0.71055293
1.7950548
-2.1793082
1.6987696
2.15684
0.7260731
2.4225185
2.4959545
1.2133628
-0.501019
1.0245258
-1.3518482
-0.8236634
-0.33039823
-1.7997373
-0.529377
-2.361769
-1.0812582
-0.47631478
-0.024433238
-2.473895
-0.22799274
-2.326741
-2.1577518
-0.98104334
-1.7943207
0.32811403
0.38959634
-1.9821047
-3.7825584
-2.7711492
-0.28411937
1.1204362
0.9303822
0.83527577
-3.2807198
-2.1302083
-0.53064746
3.1501584
0.69458526
2.0462854
-0.891575
-0.17397253
-1.3704324
-1.9232578
0.12431383
0.5731217
-0.06269061
0.5313418
0.27044353
0.6209814
-3.3975058
-2.1364255
-0.82442325
-1.2825068
1.4166642
-2.1029084
-2.02928
0.036191266
-1.8264036
-1.3882681
-0.7735423
-2.436525
1.7524322
-0.2413505
-0.2222606
0.30013174
0.7378553
-0.5550314
1.378511
-0.95962626
-0.3800566
0.6491362
0.89853346
-1.754673
1.897328
-0.3202804
0.038380817
-0.102908954
-0.49194846
-1.5766456
3.0607867
2.2981942
-1.0419642
-0.47917807
-1.8707972
1.1396866
2.4925907
1.7300754
-2.0682006
-1.2570777
-1.0790101
2.1221976
1.012401
-0.04688436
-3.1261585
-1.7516882
1.1357596
1.4265022
0.22409923
5.2131896
-8.484556
-2.4372067
2.213687
6.1769414
-0.56182724
2.8066545
0.52315176
-5.2649517
0.07360878
-2.4812973
0.0628445
3.6106915
2.3074188
-5.39904
-4.679222
-1.9098562
-5.872467
3.2093914
4.347965
1.4203562
2.6972415
3.3529122
5.0123315
-4.51254
-1.6054844
-6.04292
-0.6165153
1.0883589
-0.76307994
-3.3502877
1.059725
5.260285
1.2015156
0.2204936
0.47216806
3.3268888
1.0256977
-2.7616737
0.06883643
-2.252624
-0.6270745
0.12476081
-0.3057152
-0.3042311
-0.71661067
1.3637875
-2.8337107
1.3713847
-0.7152874
2.0247118
0.9500422
-1.9144955
0.88610846
2.9002311
4.7312393
-0.0061446223
0.40644506
0.043331828
-1.442064
0.50030583
3.2167766
1.0079969
-0.6598524
1.6085343
0.47800684
-0.86925614
0.5911481
-0.6733949
-0.37532872
-4.273061
-2.847699
-0.90147036
-2.4911544
-0.19617637
-0.15210955
-2.8029218
-0.94910693
0.43013993
1.331353
2.7720416
0.25699848
-2.4401317
1.0377719
0.5802532
0.26179436
2.4540172
2.134022
2.4269433
-0.45534346
0.52895725
2.3889933
0.02911233
-0.6436353
0.28071025
-0.44026503
-0.60852915
3.1319191
1.4680183
-3.3615017
-4.1570477
1.6504288
3.3227103
-2.193608
0.47296274
1.477215
-3.3538113
1.7752005
0.0
0.4888124
-2.1802282
4.94881
11.318413
-4.100199
0.2109433
-7.2830014
1.1887378
1.790921
-8.733775
-5.4889884
-7.152913
-4.068414
9.534725
-8.173714
-1.688636
0.50026083
-0.22852188
1.8397776
8.0444975
4.3311105
-3.5754673
5.0360475
6.514723
1.1305263
0.90571517
-0.060380954
-1.6963333
-2.7367597
-4.160426
-2.4801097
-3.3299646
-3.2998762
3.7971947
1.3087696
0.5006045
-0.5000263
2.7022069
-1.877647
4.7207637
7.150839
-0.40173703
0.28756392
-0.012550728
-9.688161
-2.6320896
-3.1754766
-2.4085953
5.243606
2.7541556
1.6388537
3.5044303
-1.5822842
-0.83833736
-1.7966726
4.450436
-1.3995659
-0.49262536
2.779724
-2.1858695
4.678894
-0.6273069
-3.1354635
-0.70105094
4.0504804
5.2549133
-1.9880123
1.381277
2.117829
3.1195328
-1.3513457
3.85069
3.14573
-4.5420723
-3.3173177
-1.3517475
-0.43358237
0.0129807815
-3.9765046
2.3987463
3.6802287
-3.3837373
0.58587533
3.207182
-2.3111763
-0.3694192
-1.998727
-2.1334677
-0.43727553
0.6707845
0.8900083
-3.2704434
-1.1585221
0.75904745
-1.2312316
2.0469556
2.4036057
3.5787969
0.6426954
-3.4799478
1.8320426
3.3435342
-4.4931426
0.8246943
-1.4698442
0.2718809
-4.865719
-0.38452464
-0.9216064
2.0564775
1.0106394
-0.5393041
-0.6188915
4.2089343
0.34908548
4.3075337
-1.8460776
1.5939618
-2.741952
1.9408457
-3.841878
-2.845621
1.692698
-2.013244
-1.1098477
-2.3436897
5.2428923
-2.7374785
-2.1750264
0.30515492
4.506782
2.9466772
1.3551167
-2.2402337
1.128977
0.14734973
-0.979156
2.5500047
-4.9269266
-1.7456977
1.3032024
-3.6224165
-1.9428828
0.27160695
5.240346
1.063235
-0.8486037
-3.4768403
0.5799369
-6.379568
-0.25058743
2.0545797
0.8244448
1.8440275
1.1355932
-1.1148944
-0.27916428
-0.9311389
2.0098922
4.7134485
2.4370418
2.117322
3.1448994
-2.6244242
-5.357131
-2.54751
-0.1265654
-1.3730037
-1.9001766
-1.2546625
-1.5967947
0.80074805
-3.3371542
-3.4201462
0.6514405
0.35291725
0.3751326
2.9986813
-5.521481
-2.8472273
-0.314548
1.7135154
3.609038
-0.29698077
-2.2917178
1.5305351
-0.08003033
1.2645136
-1.4740604
-2.8180945
0.24230905
1.3212222
-0.28725448
3.7912998
-0.0
4.129614
9.810123
4.3804765
-2.176206
1.8427155
-2.4311118
3.0527778
2.5665414
6.9101324
-11.995677
-3.5630987
0.38337848
-1.7531606
-4.27793
0.84034216
-8.722733
-0.34807932
-10.068128
1.00366
1.3573871
0.18956207
2.8017101
-1.2307738
2.0170915
-4.276848
2.5706224
2.6198013
2.7883122
1.9920379
1.165244
-4.9594755
1.7512556
1.6746514
-3.7176933
-2.5778973
0.1566429
2.9046676
5.6081834
-0.33635464
1.4479293
-0.8704327
9.831462
1.9944934
-4.303645
1.5260046
3.0746777
-3.5930612
-2.8608994
-2.192778
6.4137106
-3.4411297
-0.1363617
3.6462724
-0.8495377
0.015659189
5.3183503
1.350039
-2.1817448
3.0558903
0.57760394
2.3434556
-0.62298924
-4.4004283
-3.3873026
-3.6186876
3.315906
0.2963768
-5.17036
2.605027
-1.7199061
3.7254205
-3.6410491
-1.1575804
-0.65445143
2.6278377
-0.517721
0.7816959
-2.0429676
-1.8998134
1.2630365
-4.8956738
-1.1369374
6.5358596
-1.5114198
0.7984427
1.159831
1.7930015
0.77274615
2.5009518
1.0215497
-1.9067589
-1.3644993
-2.3165028
3.3370516
0.5297943
-1.480162
1.0799576
1.8263371
-0.12764575
-0.8160251
0.23325537
2.1866097
-3.1279347
-3.994767
-0.45104957
-0.9429406
3.34516
-2.228104
0.5689134
-0.48658907
-3.4632308
-1.2092632
-2.7373943
1.5639547
-1.406127
-5.5449295
2.2772896
1.6332548
3.1282845
-5.576947
3.7381437
0.6842716
-5.700086
-2.5290442
-0.50450546
-4.612859
-1.8751357
1.4420234
-3.301949
-0.5325908
-3.8584974
-0.94073117
4.4910326
0.3853678
4.3478217
-2.3755913
1.8818789
2.6100829
-0.5484597
-5.779477
1.4631124
-3.112896
-1.1939827
-1.6575884
-0.33587718
3.0437353
1.3662262
-1.0238423
2.71581
-0.19387165
0.12743668
-4.829841
2.0087242
0.2820121
-1.7433246
-1.0328377
-0.17582174
0.13473879
2.2946193
0.6391265
-1.2749696
1.0900465
-2.928804
-2.8181405
-2.8579128
3.5660589
0.74442935
-1.2532144
3.5313094
2.0073135
-1.2304314
1.0042368
3.2145195
-2.741042
1.3334152
-0.47706333
2.9197028
0.04293886
-0.1414235
2.3113863
-0.61709684
0.86456543
6.4374857
-0.25829202
3.3172731
1.7617483
-2.7597883
-3.1830614
0.94031614
4.2051916
-0.4595532
1.8981007
-2.4940703
-6.5064883
0.0
-1.9516841
13.369711
-2.8133204
-7.659663
-1.5532792
1.5958995
10.230792
-0.18889388
-1.114004
9.391504
-5.322055
5.9583917
1.1723095
3.8828876
-3.147074
3.4384248
5.593005
-2.5277402
-8.862015
-1.2933338
-1.1437509
-0.6123183
-0.02013745
-0.42977494
-3.0023522
-2.775707
1.9902046
-7.516192
2.746343
0.51968765
-0.63297105
1.4549425
-2.340292
-3.315192
-0.24512278
-2.3621316
0.82710725
4.308495
4.088983
1.7163178
2.845462
-7.958396
9.574052
-4.8878856
-1.3772854
5.1960497
-2.3353777
0.102962345
-2.419843
4.2155156
3.0115297
-3.485305
-0.7930617
-0.85300237
1.1004953
-3.209972
7.8208942
-1.7280251
-7.8278604
-1.7507813
5.014562
-3.3380873
-0.50247985
3.1699452
3.3432744
0.46607873
1.7568227
-4.9340825
0.577194
2.1219072
-1.9603409
-0.8742541
-1.8538346
0.31493878
-2.453172
-1.3175453
-1.2101213
6.4210734
-5.260177
-4.1739993
-3.5873246
-0.95346713
-4.945101
1.1940454
-3.4575772
3.2307112
-2.2688572
-3.628786
0.66896224
-3.6602004
-0.07971766
-0.08834605
1.8094897
4.0961046
-1.1685443
2.842123
3.2092502
-1.3675736
2.7574341
-3.070725
3.1620197
2.390471
3.1326053
6.962021
4.068376
3.0427964
-0.9381757
0.17616107
1.4936416
-6.7840323
2.1757677
2.3862133
3.4176912
0.5357068
3.9772131
0.32073852
-5.027127
1.0836686
1.1825017
2.713339
-0.066786416
1.9279592
0.11947098
-1.5762707
-1.592202
0.044041965
2.6899843
6.14454
-2.4776192
5.3900146
-2.5626245
-0.30093044
-0.94706887
-2.1392186
5.120782
-4.799216
-2.04771
-2.4676154
0.5211894
-2.0527217
-2.0670817
-1.7509161
2.520373
1.116769
-0.07660807
-3.6029232
-2.7155223
1.0790541
1.6381888
-2.2593603
-0.19242592
0.5897186
-0.43614504
-3.5891392
1.5679411
-1.6002625
0.80735725
-3.1020827
-2.115292
3.0813897
-1.0554736
-3.4265845
0.17367458
3.0308697
3.108885
-4.6998644
-1.9187613
1.0142325
-0.9754809
-1.2727498
-2.9161026
1.737524
-0.36095446
0.28793123
-1.2804286
0.62149364
0.94417924
-1.7604539
0.39151022
1.034687
0.7945163
0.80718344
4.106752
-3.4049468
1.3834143
-0.36977762
1.0707339
-1.5345942
-1.831503
-0.69157183
1.7937967
6.6559057
9.898858
6.0403852
4.3256793
11.803834
6.2128916
-2.8303459
9.799503
5.4127975
-5.9507327
2.4164715
7.8842506
4.15395
4.8072195
-4.2492967
6.811473
0.3651238
-5.9689355
4.57331
-5.7278113
-4.889362
6.204074
-2.7529256
-5.4698467
6.277914
2.036682
-6.5842843
6.122138
-3.3289251
4.916551
-2.2819967
-3.9025588
-3.4284074
2.646419
5.2231116
2.9773774
3.9788306
5.5187163
-8.089802
-2.9530635
-0.902083
3.4233315
0.23722151
-5.586024
4.753411
-5.0959997
-4.204561
-3.0701065
-1.8050747
3.6986246
1.7095939
-6.118719
5.059456
5.8702087
-0.68497455
2.4149108
-2.0035644
1.1016972
3.9069319
5.391894
-1.6152756
2.2249012
-0.14388196
-4.143733
-1.9196894
-0.5634628
1.5494915
-3.0323482
4.2280893
-2.9250886
2.3209736
0.8035732
0.53699356
2.7664785
-4.043485
-0.5683903
-0.1631216
1.4930236
-1.1662369
5.4257874
1.9278972
-4.2641544
6.174379
-1.6647148
5.6116915
3.0192692
-1.9880735
-0.23490219
4.543031
3.6596189
-3.3281877
-4.359043
2.7666583
1.0167755
4.8607183
2.6719613
0.43088394
1.1198633
1.2892902
-1.0459654
0.5519202
1.2416371
-3.062063
2.9911695
2.4245167
1.5552778
-6.223338
-3.8430407
0.0
-11.906036
-1.0837046
-3.6132941
-7.967555
-6.8322906
-10.214719
-1.8725429
-6.7141194
6.569917
6.6234846
8.253365
5.430962
-0.13725282
6.6258807
2.918456
0.81644344
9.833505
-4.7294164
11.506141
2.8263113
3.2656825
8.989062
9.270917
-9.927068
-4.226135
-5.5327096
-4.496564
-8.236171
-8.649955
-2.759977
4.6767097
-1.3499091
3.5444906
-6.808263
-9.693467
-1.5575742
7.291214
-7.4621377
-9.465005
-4.947095
4.9590673
7.3511844
8.927429
-7.7918873
-11.015487
3.8928657
-8.892694
8.892326
-4.2330766
-1.1560637
-8.316325
5.3609295
4.976197
-4.534949
-7.223667
-1.0087401
4.454419
-8.0033245
4.713591
3.199709
-7.431028
1.5289465
-5.2073483
-9.454929
8.3954315
6.2443647
-1.8597797
-7.9455333
-8.474632
2.998926
-5.6026406
-8.165279
5.9621825
-3.0516257
-4.354504
-3.8732965
8.63308
10.2685175
5.9761305
8.328305
-9.778183
-5.0406003
2.858687
-2.6313777
-6.1662893
4.352972
5.9748793
-1.8472013
6.209973
5.5053983
5.66044
6.6553097
4.5422916
-3.9209628
-9.613917
0.38988674
-5.06852
-5.828227
-5.707437
-5.4957685
4.7045364
-6.934841
3.995778
-4.040785
-0.6734396
5.2705326
7.5370092
1.4310833
-5.4363937
7.308038
4.7349524
-3.074395
-4.401352
-3.4753904
-1.2662456
-5.6362796
-4.979907
-6.9017453
3.777721
-6.330044
6.76823
-3.2669508
4.0616937
-0.32544342
-2.8031726
-6.652136
-0.21268246
7.6859074
-5.43804
-1.7046365
3.250774
-2.049727
4.6370287
4.968169
-4.7742352
4.4493318
-8.589313
4.2093177
-1.580403
-4.6577225
-2.7203171
2.8235674
2.6699493
2.899554
-4.9919095
-2.5455277
2.1755204
-5.5698395
0.96828395
5.313682
2.4214993
-3.4334602
7.0075397
-2.3211067
-6.367704
5.276972
-3.847599
-0.0031208089
4.9886465
3.0839734
-7.141234
-0.8919046
6.5073457
-3.0282993
0.6155892
-0.5914482
-3.2390969
4.1072435
7.8286533
-1.0813417
-5.7700014
5.1455755
3.3600252
4.074446
-5.367653
0.54489046
-3.5625937
-3.855428
-3.107797
-6.4378986
2.2834427
-5.2963457
4.7287536
4.7745795
-5.5875225
-2.7563944
-1.9871199
5.417971
0.33102146
-0.90460455
-2.89097
9.723809
3.6436555
5.338574
-1.4253554
-2.695312
-2.7352862
-6.7995596
-6.881387
8.29351
-5.682961
3.5620792
0.89619637
2.8857381
-5.0708885
-3.4982772
8.098158
-2.2385013
-5.1602044
-8.380887
-5.9885817
4.463629
6.240053
5.9974604
3.3903337
7.520432
-5.637427
-2.109763
6.7495685
-5.9074636
-7.443328
-0.11456591
7.6177707
1.882635
-0.2895559
0.6416381
0.71997297
5.437157
-3.565355
5.8576274
-5.970903
-3.7289848
-2.0068595
-6.7123017
-5.4553843
4.7088933
-4.4236374
3.4207964
8.336657
2.41152
-4.600147
0.39881274
7.4979815
-2.6497912
-7.028405
6.8744674
6.160428
3.6518245
-3.077019
1.7609345
-1.4918063
1.7602243
3.897648
2.9885054
2.4965782
5.1002073
-4.066293
0.4089948
4.3495936
4.2486634
4.2485685
3.2910984
0.016960803
-1.3870456
5.3198314
-3.4234233
3.489471
0.8861584
3.592039
2.597198
-5.407684
5.332668
0.9962676
-5.080771
4.846482
4.194472
3.688281
-2.577353
6.0328383
-3.3185666
3.3832545
-2.4454944
0.30820993
-2.4580717
-4.733068
-1.874129
-1.900059
4.6386313
-5.602601
1.9218881
-1.967682
-1.161483
3.4656696
-4.3350425
3.441409
0.84146416
-0.95896083
7.4883666
2.8267534
-0.0
0.72747165
4.7838326
-2.0999591
3.0534983
2.732245
-7.0535736
7.722851
1.2885673
4.8376126
-5.547582
-5.1245723
-7.8392577
-9.157842
-13.848281
-10.298659
-2.4107337
-12.219809
6.783602
1.1017627
4.8783937
-5.654818
1.6127388
8.236974
9.250018
6.2358065
6.5842285
3.1588898
-5.378191
1.758721
-2.2810786
-5.9632545
6.1384997
-7.8511305
5.6294637
6.6447783
-1.3550164
-7.091638
1.834775
-3.9743695
4.7418222
5.013276
-3.8273027
-3.5339673
5.928277
8.432688
-1.1919136
-2.5211487
-4.0114346
8.514756
5.009617
-9.298194
0.350206
-3.4352376
-9.926362
6.907095
-3.2781143
-4.5262823
9.955251
-4.192065
1.6175033
-0.17273612
8.040012
3.5704696
-9.1176405
0.013654161
8.062503
-5.8110647
-8.231892
-6.193632
1.4043787
0.94491297
-0.20611005
5.3366275
-1.5339181
-2.4232347
11.063183
-1.6990318
-8.381042
-3.1853447
0.8421719
-7.845866
0.79188305
-5.701335
7.4383883
-3.8508806
-3.0343978
0.7740449
2.6446004
-9.709945
1.231098
-7.0257854
2.3442466
0.044959065
-2.4294481
4.6657834
3.1898196
-5.5189734
7.801214
2.7139306
1.5305542
3.238971
2.4422374
-1.2256756
-3.4125342
-2.0294464
-7.2330923
-5.7635636
-6.406103
5.7264605
-1.9119353
-6.933264
1.9256673
2.9873364
0.48966083
5.9551044
-0.059540965
-6.1129613
-0.009856623
3.0400972
4.714116
3.5474384
5.4753857
-6.4071565
-1.9848332
-3.8032577
4.489993
-4.5324154
-3.9968917
1.7665061
-2.6392722
0.9028926
-0.85506463
4.5381746
-0.47569683
-3.248708
-3.5863733
-3.0683665
4.202004
2.3506293
-1.4718205
-0.7225348
-6.570887
5.610419
7.7004952
-7.800633
-3.0730183
6.023015
5.036463
-4.1966934
4.378113
3.636212
5.227236
-1.6229215
0.42468616
-3.8364549
1.163527
5.4500384
-4.6225047
1.4049573
0.29637825
-8.828782
-3.195244
-8.233971
-5.1951942
-5.1172323
7.3185167
-2.9400816
4.039882
-5.3641644
2.4708805
-4.0640364
-4.1928864
-5.884809
3.470869
7.108618
-4.590353
5.0346017
-0.14164439
-7.446612
6.3700438
-5.6743865
1.098255
2.4630349
-4.1343455
6.123441
-2.2583323
-4.583682
5.258145
-4.256108
-4.284376
-3.9508777
4.4530845
8.759411
-10.691639
5.060141
9.78449
11.028914
8.748105
-4.445693
1.7222893
1.1156328
-1.6319696
-2.7648373
-0.7809757
0.87328863
-8.523629
3.016211
0.36801225
7.6216044
-2.0079558
1.6632307
3.6072397
-3.8750021
-2.9234836
-2.0069866
7.8013053
1.167966
-0.39247552
0.5888928
-0.22789931
-1.4320338
3.3218684
-1.658743
7.1772647
3.2719514
2.4587114
0.6154789
6.984065
4.2891073
-1.8898801
-7.674011
5.854323
-1.0455464
1.7937354
3.3414397
0.6753421
-3.2514954
-2.0019727
5.640693
-7.231538
3.7866728
-4.6387496
7.120393
3.4341307
2.314321
-5.837855
-2.6942391
7.1783137
-0.83143926
2.2104807
5.2296276
3.129647
-2.6352403
2.6668646
0.02703627
2.3741338
-0.5269098
3.8809109
-2.647546
-2.2369928
0.26234207
-2.7622306
3.7018507
-2.8906548
2.848196
-4.132762
-1.6864363
2.8374226
-4.044475
1.9136019
2.9387043
4.530114
1.8365135
5.004515
0.035401016
5.0123086
-5.1284714
2.3533065
4.4923887
-1.5179547
1.8171107
-0.0834299
3.3378122
4.480382
2.4824028
-2.8294833
0.32673353
1.4353625
4.3517146
6.1522827
0.8705738
-5.786121
-5.1994433
5.033717
-5.054529
-2.104268
-1.944384
5.447897
-4.6883025
-0.0
6.253308
7.4180226
-9.657226
6.7757087
-8.915145
14.542371
-9.689401
8.149392
-6.4523854
4.400436
-9.461067
-8.788554
-5.4897738
1.9657692
2.0848093
0.045197934
-6.763013
-6.8245444
-1.6040748
-1.9571089
-8.129085
-9.545749
-2.400946
8.181749
9.162836
4.6563144
-3.2613454
11.69384
-10.891374
1.7862794
10.239804
-9.918968
-9.858504
-5.1455946
-6.986234
-9.362471
3.6797266
9.051705
11.365377
4.7277575
-6.3932104
-6.811055
9.054115
4.4039235
11.209099
1.0675764
3.065756
-8.65392
5.936131
2.3955998
-5.983675
8.2275095
-8.89655
-7.520458
-8.003697
-0.87244123
-7.7259574
0.8878626
-0.6346186
7.5639896
-8.762179
-10.395882
5.2956586
-1.2509408
6.0710526
-5.9186645
5.1223593
0.5486382
6.0730133
4.4079094
-5.8723483
-3.4660308
2.2957816
-1.4265037
-0.9793409
3.3748734
7.9506235
-5.224473
4.237674
1.8141518
-9.688715
-9.105054
11.370627
-6.6465654
5.533737
10.516169
8.496318
-6.3271065
3.2814646
-0.4544439
-5.6220703
6.3503594
-3.928618
-6.9342017
4.9071803
-2.0442543
7.4248195
-6.2728767
-2.5417025
-0.21644351
2.2456312
7.4151483
-3.1637576
4.899559
-5.4715114
-2.613272
0.2815511
-8.828963
-5.6552453
-5.8658695
-5.8551702
-1.7126964
2.0014746
4.7815638
-2.1478517
-2.7464943
-3.6752992
0.9621674
0.101872645
-6.4097514
1.4329736
-3.8798451
7.9893637
4.359026
-7.4055166
6.1506743
5.7361665
-5.1738605
2.907731
1.4856342
-5.8574276
3.0008533
-2.0926857
-5.6156507
-3.3403087
-2.593694
3.8828812
6.476904
-5.67059
0.5689485
0.2059987
-0.24633619
-6.6757174
5.7105937
5.0845466
-0.17747994
-6.65126
-5.553565
-2.870952
2.9194891
-4.1921163
3.5395842
6.501238
4.250361
6.045868
-0.2962258
7.0892997
-0.19938655
3.3446805
-2.9590771
0.15912472
-4.966001
-0.7214499
-6.784273
1.2219026
6.311165
-7.577516
2.0839567
0.70467204
-3.4343233
3.8766003
2.5253668
-2.1201725
4.615204
0.51177424
-8.06368
6.7946343
-0.29124963
-2.1412277
-5.3061113
-7.4228144
6.2546315
-7.3239784
-4.129494
1.7924733
7.400906
5.61247
-2.313091
4.838521
-5.4682436
4.919012
-5.787494
3.5995471
-1.3790238
-0.0
7.705623
5.6337705
5.419859
-15.559125
5.8514276
7.336443
3.69053
7.5964193
10.138112
9.056916
12.343679
12.27543
6.713209
-1.1323003
-3.7634058
-15.445692
-8.8640785
-6.0394177
-0.2903477
-5.998767
-3.6460423
-6.3000064
-9.707569
-5.047328
0.19075584
5.4960136
-6.0989532
-8.286168
8.487047
-0.2501444
-4.383892
7.504559
-2.7763941
2.5452783
3.8311143
-2.7591934
1.7752261
-3.7780726
-5.3540173
5.5203195
8.227198
7.782578
-0.25771695
11.450468
-13.752051
5.7287693
-2.1597397
7.794816
0.19513048
8.173992
-8.902936
-3.9496746
-8.448091
6.565391
-2.6343863
10.139513
-8.197521
-2.4607062
1.6639261
-8.833792
8.712645
-8.368553
-6.1084943
-3.2049668
3.5522873
3.9240427
2.725631
2.5613723
2.301555
5.2782784
-0.30608857
0.70593435
-7.2687974
4.370287
-0.9499392
-8.750481
6.2299075
4.4171457
7.3875823
0.814444
-7.585867
-2.7959113
-8.930858
-4.784955
-3.2395482
-2.078324
-8.641749
-1.6391071
6.910143
1.1555634
-3.9150481
3.2734792
1.4639761
5.88591
9.256949
8.990819
-2.9320476
-9.856545
-5.05548
-4.018883
-4.4010053
0.5118055
-3.261111
-2.0299184
7.2837276
-4.7386103
-8.713375
-6.203021
-2.191181
-3.131862
7.0081425
-3.7926269
-3.8868353
-3.6592193
-3.3253489
-0.2751166
-4.7192917
7.0959454
-2.7120695
-6.5030994
7.475527
-2.6031368
7.870475
4.9932857
4.925216
-4.6424503
-4.2805324
2.1105576
3.558939
2.812582
-7.5714965
0.65083694
6.482312
-6.500818
6.7202845
-2.751842
7.9273014
-2.7297323
-6.537328
5.0405707
-2.9292676
-0.5968831
-2.6307204
-6.133819
6.8183994
-5.7636995
-8.075981
-0.020542039
7.8376455
-0.9343082
-3.9537442
0.42477483
-7.1953
-4.2565126
6.003145
-3.2137766
-6.063978
5.686353
3.8894958
0.6961069
0.58405036
-8.244343
-7.767153
-6.0009494
-0.8073309
4.797568
-6.421316
-0.9079671
-0.75266004
-4.399778
4.654002
-3.9279075
-5.170135
-4.1997194
-7.526328
-1.8171418
6.3220263
5.6507463
-0.7395269
-5.232546
-4.147311
3.3220196
5.2373395
1.0178517
3.1114268
-3.6465437
-5.508842
-6.293074
4.005656
-6.4647655
1.5284226
1.898852
2.4650815
4.0161133
0.0
8.60133
-3.928778
0.20292865
-13.511383
8.946267
-14.303148
3.8500667
-9.979463
-7.730196
11.811545
-9.960102
-0.52065754
8.090807
-9.085182
-1.3580453
12.021369
4.223847
12.932042
8.351108
11.021877
-8.9548
2.8951294
1.3761632
-3.2442355
-4.547613
1.201922
-3.6816163
3.8990111
-3.3121111
-4.4249268
4.7992406
8.687443
-9.261688
-5.3205
-7.873707
11.200535
-2.5704887
4.0507874
4.464638
-10.417334
-9.276272
7.2718673
2.6646392
-0.69097483
10.181763
-2.1441374
4.180736
-5.798516
-5.7463055
3.3793006
9.411879
4.535227
4.1840467
-8.971653
5.4812236
9.660958
-1.549941
2.5106578
-6.388803
6.1018863
-1.7118503
-3.5770757
-2.9317503
4.316493
3.531462
-5.1092954
-2.3910458
-1.8536509
5.40846
-8.739601
-5.89242
0.45251122
-0.767348
-8.855104
8.867149
7.6849318
-6.8383574
-3.2927918
8.380177
-2.856611
4.7546425
7.925748
-6.192835
-0.21426092
2.6537693
-3.06513
-9.643697
4.900906
-5.3072286
-10.797475
2.983995
-5.519385
7.6431794
3.1693122
-9.966454
-5.1681895
-9.977108
-7.785105
1.033854
-6.7666
5.105274
7.231156
-1.039231
0.13509004
-1.4590046
1.5658791
0.117212005
8.864129
2.0136442
-0.23199366
-6.7723703
2.1702714
4.00815
4.2314887
-6.6592116
5.1087723
1.4465028
3.2720504
-3.5153267
0.28277025
-0.9183084
7.033802
4.2200737
3.4533453
-5.8406687
-0.4572998
5.8758483
6.621519
5.2701297
-4.9707484
-6.044161
1.6832718
-3.6333163
3.702707
2.4207566
6.6129007
6.34988
6.5129156
5.080896
1.613342
5.1647105
0.3535586
4.5622053
5.9576654
-1.8812237
8.126807
-3.9346924
3.14422
-6.693076
4.3911204
-3.1216702
-5.3000274
-3.2548058
2.8328204
8.508232
-8.391871
7.2644353
-3.180652
-1.8499388
-4.041034
5.0689335
-3.5294843
6.554827
-5.662813
7.1379747
4.3660903
0.0012355768
3.593863
-3.77208
-6.604128
-3.5419023
-6.152473
-7.6865454
-4.9444523
-3.0421302
3.960552
-4.437726
8.1649
-4.9856
-4.714204
-5.913772
5.178591
-2.5770767
8.337881
-2.575236
2.8581827
0.0029292319
-5.7596283
1.657641
5.9227724
3.284776
-3.7860763
6.950758
-12.143504
-2.3633146
-8.096452
10.461934
-2.3385575
-3.6564167
-1.4513813
-0.74690956
-6.930824
-1.2925732
1.5209676
6.1152105
4.007599
-5.732342
1.0813752
-3.57826
-2.2193573
6.278664
-8.763564
0.40777215
1.6209093
-0.9389355
2.7019057
-3.2181482
0.42178896
6.2133207
6.9631863
-1.0993831
8.037807
4.5752687
4.178879
6.770581
4.4845295
2.646661
5.9089856
-5.4762106
1.4385247
-1.3796453
-1.3907961
6.390179
-0.56731814
-0.62837005
-3.710452
-5.057231
6.620513
4.7539024
3.750133
-0.68531245
6.980937
-5.4366164
-6.569026
-2.5342748
4.8054204
4.659824
5.772009
5.245657
5.283363
-2.0894656
-0.41143218
-3.9036794
-0.14787969
0.8876373
-3.2502344
-4.72702
-0.6011786
2.1461992
-2.562318
3.375677
-5.7773957
-4.869732
3.3721569
0.767699
4.501063
-3.2426429
5.1488423
0.7820106
-5.8235483
5.2306385
2.1755292
-1.042493
-5.7381067
2.7954257
-0.39113924
3.6169088
-0.3292494
3.0833027
3.616401
-4.1881657
-1.3773382
0.4300544
5.1881294
-1.8040333
1.0895964
0.49285752
-4.146827
2.9048755
-2.8264337
-2.5726447
-0.5715872
3.405855
-4.621873
-1.4435642
6.9663095
4.5139995
2.1321669
-7.504969
0.0
-10.726504
10.183787
2.919314
-0.2327214
8.747514
8.410599
5.379846
4.180069
-8.775412
-6.784522
-6.2961574
12.729445
0.2931216
-2.248607
11.561729
-3.2387207
14.914097
-3.594922
3.5344794
7.947349
10.627159
-1.0856551
-2.8021889
7.227294
3.5795362
-2.2133272
-1.7680372
-1.0847099
-14.291123
-9.326263
1.491329
3.774371
1.0958575
10.496748
-9.830557
0.28633627
-4.5825334
-6.303279
-5.5178165
8.097393
0.7091242
-9.529838
-1.0230367
-4.1984854
-6.623899
-2.1052213
-6.2873554
2.1669853
-4.024163
5.741063
7.190224
7.168844
8.52353
-6.5475717
0.9679861
6.1209044
1.2972727
0.7159474
6.8636627
-6.641643
6.275817
-5.4888387
-2.4880316
-4.183698
-0.4246582
-3.6612399
5.2934556
4.8040476
-6.262598
2.4642308
-7.0649242
-2.9271765
4.235515
7.2012954
8.860931
-1.3015361
-6.9393053
0.22321805
-8.595205
-3.166624
6.0714903
8.958402
-12.23225
-6.35991
8.974289
2.3165886
-7.58789
6.6430545
-7.204755
-6.4173417
4.068743
8.211082
0.61073124
-9.651777
-1.509221
8.328944
4.5860815
-5.896571
-0.76669866
-1.2557622
-5.1412926
4.2657905
2.5492628
2.4911082
0.8773275
-0.17163517
-2.658752
3.2765636
6.2461896
-7.4804673
4.9701896
3.9321547
-3.1366131
1.8889595
2.2067049
7.136413
-2.2346644
-3.4365778
0.53572667
-4.736352
0.9688271
6.2671294
-3.6827595
-3.9798357
0.11783636
3.7238293
0.23687851
3.590527
0.15621662
-2.543387
1.038152
-5.4787807
0.3792285
2.3042312
-3.935972
-2.0486119
4.5777736
4.4498215
-1.3360926
-3.4417257
-4.140795
3.240172
3.8024797
-1.9141526
3.6111386
8.368993
1.5750256
-0.540686
5.4356995
-3.16758
6.5079746
-5.77061
7.2038875
4.7771606
6.7636986
5.633044
3.9012835
1.0728136
4.776104
-4.742779
-4.676664
1.004246
6.740168
4.0208063
1.0397588
2.0195482
1.706555
4.6254272
-3.8577986
5.2650146
-1.8187753
5.774214
-5.093344
-7.3604426
-6.715188
1.0700471
7.7793217
4.3719916
-2.0028849
-6.1091595
-0.5715053
2.2027743
3.5268524
3.5700977
-3.7629151
-2.5777736
-2.022079
-5.0160804
1.1293275
-4.3283463
-3.6607873
-1.8217599
-3.6521509
-2.8104644
-5.9958677
-3.7395601
5.8992577
-9.386845
5.478026
7.7900295
-7.1683984
-1.5453923
-4.1768403
4.5207396
-1.9467952
8.014435
-7.1780124
-3.265657
-2.9487846
-0.95603055
2.8195515
3.661495
7.152929
6.81153
3.682465
5.004649
-1.6676506
4.8107104
4.0912538
3.1971807
-1.5639384
-7.229038
4.467354
7.826027
-4.926061
-5.935671
-7.3646097
-2.4514182
6.403587
2.80441
6.52954
-6.4535923
1.3684317
0.9966488
1.3523302
-2.1912653
4.4356065
-4.5146604
-4.023928
2.8531408
-6.101317
4.5694737
-5.380847
0.24876893
-0.5775695
7.1613955
-3.9225328
-5.990475
3.1530738
2.6595078
-0.48720276
3.8578327
-2.5349348
-0.20315827
2.4104
-3.7964644
-3.6723638
3.0678368
-5.499634
0.1511138
-0.52707773
4.559563
-2.3521721
2.7932036
1.2301223
-5.5597672
-3.5102167
3.3632314
4.5615726
1.3699753
3.1611154
-1.7852603
4.3887906
0.2025552
-2.8527489
2.1943803
3.5423949
2.5541728
-1.2428784
0.8069857
-5.315409
-0.5074079
0.78101325
1.5914558
-4.276339
2.2987144
-1.3268651
2.5937142
5.156173
-3.3139052
-0.7191107
-1.8621109
-1.6687351
4.480888
4.0492864
0.9598685
-3.823513
6.927068
5.0686417
0.0
-4.515216
-7.210301
-10.600245
0.24450392
-7.176652
-5.920107
-5.30711
-10.082905
9.567089
16.205713
-11.568015
14.563316
-3.6710699
-5.5972304
11.79926
12.256766
-7.1404357
8.435506
1.3225931
-6.345981
-10.16789
-4.353044
-3.3452961
9.046016
8.732764
2.0869172
-4.4975305
6.799586
8.662343
-9.768168
-3.3729327
-3.526476
8.903525
-1.3165991
-5.7409062
7.8125863
7.7417502
-2.7700164
-6.151239
-10.224243
6.776588
7.6058683
-5.8370523
5.466516
-9.240754
-2.8365405
-3.3340406
-9.23714
3.0877204
2.7264714
3.3101184
-2.6913106
-5.944668
-9.823914
-7.6348495
-0.8873993
-1.7176007
10.218822
-4.3107915
-3.135135
2.8640664
5.196318
-3.8692694
-0.07884077
-3.2106035
-7.611761
-3.6019895
5.317321
-5.8959055
-9.239276
-7.119557
-7.1198487
4.0315723
2.4060307
-2.2002475
6.490297
-8.868711
-5.304823
-5.8740864
-1.7467185
-4.478474
-5.3869834
1.0215374
-0.49680567
8.373214
6.638749
5.541741
6.493075
8.639944
-3.6517456
-8.171304
-6.7178426
7.798492
7.307383
-2.0874124
-8.396442
-6.91434
-2.9564707
2.1427054
-1.4240881
-5.1286674
0.2395612
-8.762921
1.171709
6.5309024
5.590431
9.589863
7.409499
-3.0980628
-1.2222736
3.4268403
-6.079705
-4.8315434
-7.4822793
-3.9092047
-5.047771
-1.6047411
7.844271
8.798782
-1.598292
0.8494545
-6.651162
0.65568125
4.238009
-3.3159256
3.3215427
-3.043515
-6.5322375
-7.1035533
-5.8267207
-0.5455491
4.9229603
4.0881653
2.5067787
5.2612934
3.773795
-0.780033
-4.207832
-6.8979735
-0.33998224
-3.8446238
-2.7018666
3.2805471
-7.613127
8.583787
-4.7750654
2.0987577
7.0074387
-8.287204
2.072447
-8.398266
6.304772
3.417316
6.744722
-2.337083
-1.8241744
-9.756505
7.2170277
-2.3271055
-6.224505
6.6515365
0.4882314
-0.9840762
-3.1769407
-1.4716815
-1.2935072
-2.1895108
-0.48199564
-0.8843671
-4.6844773
-4.6990814
7.6028047
7.164984
-5.1149693
-8.061257
6.119964
-0.8468051
2.9652913
-1.1802799
-4.758486
4.859185
-6.930145
-5.3503194
4.6100664
-3.396173
-2.3282843
4.0483108
0.31595778
1.7795405
2.146411
-0.34967008
2.1962013
-3.007091
-7.641762
5.3960447
6.486927
8.262527
1.6028922
-6.921172
-4.577035
3.0156147
-0.56047595
-2.6061466
-6.678604
-7.3161592
-5.65041
-7.527901
-6.707313
-0.63871616
-7.101705
-1.5288273
-0.4718992
5.0513706
-0.24383155
-7.705508
2.1996477
-1.121172
-3.5295377
3.6037989
4.799664
7.2789574
1.8757726
5.2328215
-3.1522455
0.026011204
-3.7702346
3.112173
-0.75956273
0.7792517
-3.8237677
1.3119221
-2.3116405
-5.2911844
1.1189296
2.9475842
-0.8546269
1.1661379
-7.142479
4.602533
-2.24567
-5.766501
4.294049
1.4669822
5.2411075
-2.639537
-4.570583
4.5725794
-6.030005
-3.6320465
-4.725234
-0.8820462
-4.8390913
1.8114794
-1.978287
5.2540793
-3.9021432
-0.84088933
3.4954324
-1.1571722
2.8324814
-1.9062058
-2.1640277
0.565797
0.9696824
-2.6273766
-1.4673173
-4.4710517
2.0708728
2.1358542
1.0474002
0.3299619
-1.3449926
-1.6906165
-3.0272133
3.9228685
-2.4194763
2.8327937
3.5874844
-6.0904837
3.2183094
-2.0338407
-1.9690379
4.779632
1.140448
-0.96054035
-2.7208009
2.3519669
0.73199105
-3.389071
0.22478503
-2.45317
-1.1789954
-1.6141104
-1.0517673
-4.96701
1.033953
-3.1498342
-6.937102
-2.180066
0.0
-9.668457
0.99153274
-9.90703
-0.97086376
2.0944378
-12.495317
-8.2694235
-8.29716
-0.90556425
-4.2020397
-2.332843
2.1543016
6.7215037
-4.260607
-0.25477546
5.2603664
8.775825
-2.1936336
10.323184
9.953072
-5.17705
5.6537123
-3.3712966
2.1236188
2.4393353
-6.812372
-1.5417569
9.9364395
11.01421
2.7275157
6.5016947
-5.1007776
-4.5159874
-3.0164688
3.7152052
-6.108157
7.167452
6.939253
-9.570016
-5.454011
-8.209012
11.427073
-1.5677698
-6.9952445
10.451868
10.042077
6.370336
-2.977607
2.416211
7.3251796
-8.562271
-7.810656
10.394028
-4.841787
-7.3329635
-7.707796
2.7999828
-2.9138002
1.0658406
7.831929
-1.4370351
-8.230336
-8.079167
-6.4566293
1.0632282
1.4188697
-9.794799
-5.7983947
4.483515
6.1562676
-2.553977
-8.341049
-0.3808248
1.3795012
2.1374648
-5.465883
-3.7984655
-8.635294
-7.542711
7.03268
-2.2794583
-9.618881
-2.724783
1.690055
-7.3716116
4.3590627
7.2211256
6.0988
3.155981
1.2462397
3.3745391
-2.2075524
9.383301
7.1441793
-6.9508886
-5.5612483
4.960494
0.32385504
-6.6886315
-1.7005802
0.34098905
7.087623
3.0049968
-0.9599415
-1.3418022
5.601761
3.4772353
-1.3837337
-7.1991944
-6.5256624
-1.1210884
-7.217077
-7.13555
-4.456682
-2.353948
1.2782863
4.3045745
-2.0281813
-2.8617165
-6.7884626
5.6731067
-1.3878657
7.497369
4.8026133
-2.7193534
-6.1435695
-5.599691
0.27875483
6.86218
-5.900088
-2.2402654
1.4706469
6.9185057
-1.9546282
0.8692649
-1.6816097
-2.8729746
3.861152
-2.234846
4.9699636
2.7329714
5.945649
-3.1097593
4.0235577
1.949244
2.6602457
7.419521
-6.3169985
-4.1471252
-2.531537
9.75367
-3.2021446
-5.286122
7.5925713
8.558544
-4.6356
5.955389
-4.3876038
-1.8246886
-2.4025476
4.8512
-5.685545
-7.276881
-4.0593915
-3.9895813
-0.99973
1.714967
1.0731696
-0.9333293
6.652682
-4.6162367
-2.9699318
4.4971995
6.9448605
7.0232515
2.301612
4.3205824
-2.0721195
2.3982341
-4.8514514
0.5671498
3.0458682
1.63259
2.5144336
5.464804
1.812152
-5.667217
6.7485976
3.447995
0.7406769
6.8014483
-2.7310517
7.6451697
3.3259618
0.0
13.210551
-0.28866848
5.6905446
-5.8729687
-7.2068434
-16.253462
8.937365
11.943697
11.848062
-0.4908279
11.458522
9.109826
8.898094
-12.123969
7.207563
-3.7065396
1.7680125
-6.396395
-3.363414
6.803088
-3.628234
0.15384457
-0.13867778
6.1961937
3.9945686
9.617731
-0.11395556
1.1812533
-0.29524177
-5.011314
0.53325844
-3.889446
7.081191
11.11862
2.0661092
5.448123
4.8346863
0.37063128
2.790261
6.0198207
-6.99289
9.021776
8.732738
2.4114678
8.670629
-2.1307054
6.0302014
6.040116
11.258216
7.966121
-7.968471
-3.9534316
-5.5053344
1.1501502
-6.532606
6.241618
-6.7098365
-7.0166516
-7.4799533
7.883769
-9.350384
-8.070604
0.40272933
8.684221
-1.7139618
0.099214286
6.8343678
-7.5202928
5.0959606
2.5111418
-0.23328552
2.6333735
7.442123
7.184788
0.47151214
6.0287237
2.4226198
-8.568122
-6.303871
7.8800955
9.2233715
-7.651629
2.799999
-7.694072
-0.14226195
7.9384856
-1.5012023
6.2916822
9.515498
-5.8294487
2.8411598
-9.789881
-8.177951
-10.986401
8.742974
-3.0933976
-0.429593
-8.341199
-0.5740322
-5.904971
-3.2390275
-1.8626348
0.8621677
-1.8430297
7.0786104
5.8939238
0.83565366
-5.30221
-4.844809
3.0189543
0.7357533
-2.293902
1.3265085
-2.7341776
-3.1640034
0.8254118
-6.832127
-3.6718683
-4.269471
-5.759144
3.6036472
3.6274767
-2.39111
-3.5912855
-2.680258
-3.2020018
2.395296
5.2581034
-7.53618
6.9750896
-0.73909
-5.25501
4.149124
-4.441791
-7.1094956
-4.80004
5.4272275
-7.6553183
0.62743455
7.8350883
7.2762823
2.6055129
-1.0132102
7.496631
-5.297963
-5.0096784
-4.6818085
2.5666056
-3.2011614
-4.5223646
-6.3764343
5.645914
-5.107996
1.6816498
-6.297929
1.9260424
8.059983
2.8226178
7.2400618
-0.30932435
-1.032076
7.9212737
-7.252845
0.51370513
-6.631811
4.4511957
1.0610543
0.9107205
-5.9923124
-5.443412
5.921192
4.6123514
7.198667
4.448553
-7.6237326
1.6115887
-0.77091855
-1.7341987
-8.272688
3.257712
0.43468648
-6.5759544
-6.2598915
-3.0805588
2.3840725
-2.775215
-4.1287594
1.9998577
4.00412
8.803826
6.9730253
-1.4273303
-7.761236
-4.3092566
0.0
8.24987
-4.7799153
3.0117605
7.3908534
-11.339993
6.581722
5.391988
9.8427725
-12.884765
-8.533087
4.935344
8.551098
-0.44106033
-10.368188
6.0829754
6.1730328
2.9045134
-8.915827
-1.8003047
-5.73379
-7.5013385
-8.297088
-0.02696899
-9.75823
-6.7233224
2.6824017
8.354245
-5.65752
10.071547
5.9359183
0.4617346
-0.6557448
-6.4225373
-3.7297978
1.5132035
-9.338489
-0.513042
-4.1122594
0.22692662
10.448817
7.9815803
10.567882
3.6329002
6.9112287
7.2008104
6.9636245
-0.9896112
2.9036882
9.408893
-0.1621137
-6.5011134
-1.7745543
-1.5761502
-9.931861
9.220423
4.7972646
0.302362
6.730219
4.8817096
9.90445
-3.1829617
7.2723937
3.8665338
1.9478757
0.81759244
0.5589439
5.5147347
-4.557649
8.301559
-2.2607841
-8.204421
-2.2704942
0.28589392
-4.547435
-4.3495865
-3.5992994
-3.4267714
-10.121091
-1.8415531
-3.5480564
1.2752879
-4.1721663
9.023332
10.167057
-6.242237
12.393101
-2.0283155
1.8042827
7.909182
-0.49946228
-0.78609896
-10.166776
9.577358
-7.9598584
-4.3799515
8.235196
1.396108
-10.963121
-4.1868696
0.35867715
6.653673
0.28098267
-5.789271
6.184946
0.67389935
4.5540094
8.860705
-7.6238832
-2.578943
6.4219823
5.4058747
-6.2816186
-1.8145869
2.907483
-6.0653687
7.1891727
-2.176797
-4.9257593
6.572628
-2.585082
7.6838584
3.6007898
-6.330945
-0.06439486
-7.272902
3.9127238
-8.176205
6.3980484
2.8259082
-8.49543
-6.8940926
1.10582
4.5488324
3.9286969
3.4183714
-1.934077
7.7481775
-6.524796
-1.8825548
-0.8900478
-3.3692632
1.7196155
0.79943913
-2.7550876
-9.913261
7.9793415
-2.0281656
-3.0968275
4.5775647
-7.344592
6.846914
-8.781906
4.594453
3.5744312
1.717345
-0.70238477
-7.877538
-7.7765336
-2.8178082
2.2678294
1.1008838
-3.1176848
-3.9783106
4.6248302
2.9453936
3.8742368
-8.803425
7.51285
1.6855791
7.5865536
7.1789603
4.5040445
1.6961933
4.9630904
-8.067269
5.2070413
2.2869146
-4.3789754
0.7113444
-3.643922
3.2062628
-4.8855486
0.9920405
0.17762029
-1.9788485
4.2704396
-4.880689
-4.554558
-0.679688
2.659511
4.9701085
-3.496731
-8.593414
-8.984305
1.4091944
-10.477864
8.254759
-0.7368327
2.129227
-4.622836
2.9980583
-0.2818
2.6056159
-3.2575824
-5.4789705
-1.3232728
8.368418
-2.3720505
-5.949064
-1.1092514
3.4188485
7.3070745
2.552598
-4.707643
4.670425
-5.237447
-3.7584338
-5.061279
-7.1649184
4.5140967
1.150286
-4.713116
-6.8529873
-0.44740003
-2.9774294
2.788026
2.803568
2.7238226
5.8680573
1.0713223
-1.2850968
5.0218787
-0.250779
-0.5033294
-2.2398212
2.653986
5.585747
6.232348
-3.5521805
1.0424877
2.9761255
-3.465205
-3.4284375
4.196177
-2.4270344
4.4376774
-5.7045302
-4.37244
1.2038653
3.0120018
-5.2488103
4.3796763
-1.5479475
-5.939948
2.5998762
-1.1640712
0.6414917
3.0993123
0.22603697
-0.5643108
1.8594933
2.620064
3.4604323
-5.0522385
-2.180924
2.4760375
-0.4378865
3.0974376
-4.3658614
-4.5237255
3.8089383
-5.1208754
3.3495822
0.4814388
0.96989894
-4.035263
1.6861194
-4.953038
3.6792731
4.986185
2.1455348
2.5232472
1.6532276
-0.25748047
-0.32930395
-2.0133543
-1.0872407
-2.821424
0.3680948
3.9146814
-2.1674647
-0.34365132
-3.5458384
-6.3658137
2.99409
-2.1827242
3.002242
1.7186342
-7.622907
-0.0
1.7115408
11.418753
1.2352904
12.509851
-10.108657
7.9176316
0.8527102
6.8922567
3.3710449
-13.915937
-8.854974
-0.26155978
10.8586445
6.907957
-4.9903316
-6.245658
6.796391
1.5368413
-0.8983833
3.7529275
-3.3606524
-9.4236555
-7.8941445
6.8078623
-8.2855015
0.5403229
1.4723573
-0.2826898
-2.1043565
7.708787
-7.909564
3.614591
-9.216203
-8.830168
2.2319589
0.016984502
0.74861604
-1.2824992
-9.467167
8.010782
5.9769545
-2.8595042
-10.331579
-5.557398
-0.22430322
9.690514
1.4840946
5.793112
8.632645
4.4183583
5.6053257
-9.586771
-3.2600787
-7.5626426
2.7991292
0.06840995
6.3945656
-0.34242615
5.758948
-5.2306147
-5.335459
3.984796
4.050108
2.2471874
-0.476783
2.2679782
-1.5103072
-4.0107427
1.0075296
2.728893
1.4342113
3.685083
-10.432239
0.5695601
6.576246
4.500805
7.391043
6.1482396
0.972656
-5.7458215
1.2501553
1.6847887
8.503622
8.448244
-7.636237
10.695519
-0.69526
3.9662986
-0.47078726
-4.322968
-4.542719
8.29648
3.2748816
-9.007757
8.005707
0.6834666
-3.059475
-3.8773956
7.426911
-7.9081116
2.296498
-3.3804157
-7.4880376
-0.1712831
-3.8346636
-1.768181
4.008224
-6.647507
-2.8752573
-0.9885217
7.1792035
-6.951931
7.288098
6.2683034
6.3276577
-7.6314673
0.6154819
2.2803273
-2.6864686
3.9865782
3.968258
5.824623
-1.6073878
-4.7774596
2.0613363
-3.7601593
-3.172746
5.1067324
7.341048
-6.199703
7.426948
0.73706216
5.6057744
-7.101868
1.2470715
-4.3739796
-0.026143638
1.9478891
6.68817
3.415405
-5.052391
-4.404201
-2.9356391
-8.209223
4.3187985
8.366253
-0.308952
-4.076993
-1.5377932
-5.5547647
-0.05665642
-2.9070787
5.726211
4.798902
-3.1171303
-6.1728015
-0.6668119
-1.7378117
-4.768148
-7.3535733
4.4723024
5.8112097
6.5197268
7.4808817
-3.5187798
4.31146
0.031750783
-1.0110476
0.6783505
-6.334361
2.917145
-6.2306747
-7.813267
6.277632
-4.8633013
-0.8481826
-2.90778
-3.3024147
2.301711
-3.0633132
6.4133835
-3.4766262
1.1106726
-1.9333853
4.277435
-7.504948
-1.6937258
-7.0916734
-1.4209491
-3.926426
-2.7817438
8.465333
0.63621837
-10.711891
9.181582
10.369075
-5.259561
-6.4301486
5.2137985
4.594481
-5.1625156
-2.8578658
-2.6719122
-3.3120863
-1.0843986
7.435832
-3.9639509
-4.607476
3.998496
-1.8691592
5.0886307
-6.124917
5.4147673
4.7136593
-6.110295
0.90640724
3.9026043
-2.1002674
-5.7194495
-4.433557
-1.5909947
-0.212395
-3.0836585
-3.7093472
-2.4215055
3.2698061
3.5332737
5.8884106
-5.998862
0.4769692
-2.5677304
3.9587424
-0.8286739
4.2322197
7.322131
-6.361238
1.6793765
6.1056976
0.051542547
-6.5010195
7.0015264
1.0762545
-2.9845445
-4.817535
1.8543218
2.465433
-5.91744
-1.081529
-2.2792497
-1.0523733
-1.4011778
4.8302965
-1.3781085
2.631644
-4.3051057
0.847111
2.0045578
0.43795386
1.5318991
-1.0185612
-4.0341825
-1.6060414
2.2831588
2.1939712
-3.0157473
-2.8076634
-0.19791512
-4.046924
2.3535018
2.68545
-4.7304897
-4.3251085
3.5183752
-4.91519
2.6865258
-2.5108588
-3.7840483
-1.9038697
0.43201256
3.2501166
2.7507157
1.6664222
0.8373201
-4.6748104
-3.561229
2.0567737
-0.69259423
-1.055178
2.3777778
2.3148704
-3.1291332
-4.2355604
4.792126
-5.288255
5.790434
8.097839
-5.2893233
-8.232852
1.5099727
0.0
9.8527775
7.435753
3.1447299
9.260516
8.207446
-5.249702
8.140872
-2.7570422
2.0402095
-4.4305167
12.493888
14.596858
10.187819
7.523392
-13.190894
-3.3909824
1.961754
-5.1962295
9.169281
-10.2101345
-6.6727505
-3.4202542
-1.2105148
8.217197
-2.6768794
-10.174175
2.268325
-5.3367887
6.0553117
0.7950425
5.711247
-6.8666663
-6.698661
4.3763967
-7.7019114
-4.339967
-7.512906
-0.60086733
-4.7982388
-8.902786
-10.270935
-6.434903
6.115431
-1.3677677
13.088758
-0.630574
4.628954
10.077855
-6.3109965
-1.2381742
-7.544157
1.153214
-4.4418907
-8.045885
-4.7168064
-4.4199724
-6.5721426
-8.410236
-6.5791903
3.4696522
2.2194698
-7.3780975
4.1157665
-4.441418
-3.751529
-9.220495
3.3382657
-4.0632854
-3.6814163
-8.079701
10.804405
9.718597
6.7323527
9.033824
7.581725
-5.5500216
-5.013745
0.98533034
5.31026
-8.507971
1.6784202
7.2824993
-5.8306103
6.621751
-9.759935
-2.5298057
7.1175413
-4.968537
-9.508915
-5.6485634
-6.223481
9.268915
6.590776
-4.938011
9.043784
-10.238479
6.232345
-7.7248616
-1.2040187
-7.3349524
3.0431654
0.9636878
1.2598189
1.9143255
-5.038567
7.910986
-4.267605
-7.247089
-6.9117703
4.303888
6.573795
-7.9681745
-1.771141
2.7274692
3.7983205
-1.1752466
5.401495
6.411186
-2.6087222
-4.9261694
8.526278
-5.0693707
0.14139292
-8.217567
1.6748853
3.750625
3.8921502
-1.9999597
2.1313035
-0.03572752
-2.5662932
-0.20991516
-8.464261
0.03358045
4.379156
3.0054307
2.943628
3.6092129
1.5799004
1.0874156
-4.3412485
-8.18579
1.3447934
2.3405333
-7.058047
3.8574586
-5.47939
5.6771474
-7.725678
4.7089615
-4.5281467
-5.398273
-7.1930494
-5.272813
7.5638475
-3.6143878
-7.8965354
-7.4115214
0.8779773
6.1810923
2.373447
4.0671864
1.3230641
-0.2890562
-4.684778
0.261593
3.934829
-0.8755502
4.8438725
-6.400554
-0.98991764
-3.4549875
-4.421123
0.82782006
-5.6038933
-5.304222
-4.389109
-7.9601603
-0.16820017
7.993997
4.6087446
1.995803
1.550439
-0.24818604
1.5532298
-4.2645664
-3.4592805
5.8914704
-3.8050277
-4.559828
1.0571994
-6.8190274
1.184049
-3.6302686
-3.6701999
-9.314009
-6.9308004
-5.732588
-1.9481679
-4.042405
2.2181628
-1.4038796
7.6498303
3.13508
1.9073342
2.9996436
6.690926
-0.22147891
6.794112
8.707352
2.600971
-2.5819263
-5.733119
6.3167996
2.0738015
-8.770837
2.431485
5.80761
-5.8406305
6.2040935
-4.9787745
-6.9397297
7.748009
3.2824457
-2.8715122
3.6024446
5.7296133
4.3376617
-0.033566147
-6.0541315
-6.6551466
-0.40317908
-5.6076894
6.5418944
-1.8537422
1.9880586
3.152301
-3.8469944
0.168761
-7.366653
-1.0700825
-2.0530746
-5.215927
-4.134613
-6.257985
3.4014392
1.3825827
-0.71329904
3.2249346
4.202612
2.1514685
-1.6394596
-2.077007
-3.7026336
0.55329007
-1.8646797
2.7046452
1.6855472
1.7435281
-0.7614694
-3.5621216
-5.9060597
-0.4215144
0.51075685
-3.6937373
-3.522052
1.2861749
-3.3383918
2.0278587
4.3887663
-4.6163754
2.89462
-1.2588205
3.5823462
1.208728
-1.4811606
5.398607
-0.39046082
2.6302674
3.1213708
5.1253486
3.7312164
-2.6716847
-4.682325
-2.5840669
2.1334765
0.73129183
-3.7889736
6.0923963
-0.90744835
2.9006562
1.4603572
2.4938774
-1.0610578
-2.4448144
2.2927408
-3.0334008
-0.53167975
-3.4255624
-0.0
2.7052448
-13.157987
-12.182613
6.781254
-10.743606
-13.487576
6.4572115
0.92782605
-9.378355
1.6696662
-10.005474
-8.150528
5.735097
-2.7295692
-12.17241
0.9281333
11.727743
6.6625834
2.3510118
-8.756995
-9.647593
-4.8061953
7.0380106
-9.357983
-2.0719745
-9.857641
-0.50017726
-7.0484447
-4.3485446
-6.7827578
1.0436281
11.592981
0.838067
1.128189
-10.713513
-7.699739
2.388055
-0.5747595
-4.2338667
3.2039523
-4.154718
4.44092
9.22495
-6.692086
8.78069
-8.549179
-0.15963282
-2.8987179
-5.1526074
-9.841015
8.216647
7.6213474
8.045579
5.895223
7.791133
-2.3687966
-7.4561234
-2.1089942
5.522744
-2.0019283
8.886966
-3.1923013
-4.826707
-1.9885784
-7.375933
8.751312
0.74327147
1.2879772
6.4540687
-7.7293663
-0.47837403
-5.115245
5.2349343
-7.8260255
-6.078318
4.587812
-5.404584
7.4153757
6.882572
-6.592282
5.563557
-7.1057696
-5.0898633
3.0376265
9.586426
6.0010147
-7.3679585
4.7488866
-3.5505085
-8.408315
-4.026765
6.780096
6.2204504
-11.089042
-6.9808836
-4.808934
-5.1013384
-6.240126
-4.5563536
4.812541
6.009386
-1.0823569
3.3325462
6.162716
6.639278
5.830388
4.848548
-8.029794
-6.2801805
-6.8979716
1.8235793
4.68393
-4.237593
0.17850377
-2.0188506
-5.9697413
-6.613087
-3.9008794
5.794505
-2.3150694
3.6307378
3.6838853
0.30310482
-5.086636
-3.5895705
-4.4662256
-6.7079744
-7.96777
3.3132763
-0.4440964
0.027029496
4.0068345
1.5238223
-5.0792093
-5.9386888
0.78603804
-0.057277784
1.8463663
-1.412423
4.7908936
-7.603073
4.5618205
5.194486
5.5402703
2.2214801
6.519387
6.3202887
-0.23016602
0.75999
-3.661506
-3.3388376
-8.601201
-2.5768442
5.8152537
4.754693
-1.2825167
-6.5908885
4.748952
-6.9432425
-0.69525373
4.7273684
1.3085082
7.335566
5.092598
6.936695
-4.2032647
-4.0061746
4.3002505
-5.1425104
-6.855057
4.946226
-0.11010657
5.939882
0.0066179447
-2.6856687
-0.75575876
0.86193454
-2.9495947
0.2694102
-7.387127
4.9701037
1.7994688
-5.6663246
-6.192543
1.6638077
6.347678
4.579613
-4.4421167
3.49125
-3.4154203
-7.2443967
4.6804476
1.8620354
2.1958807
-0.0
-7.5516195
6.2155137
-1.3586653
-8.692856
-2.8457801
0.7755791
3.7827969
-4.6254587
0.76953834
-17.208817
-4.946834
10.918673
-5.7295322
1.9122455
-12.559039
-10.562479
-6.6209254
7.214353
-2.8979492
-4.4516144
-7.874795
-10.872455
7.2900977
8.6331215
-1.6507549
-9.185072
9.116289
-5.56995
-0.6226924
6.9844604
-4.872069
-2.1428099
10.275748
7.773138
-5.4105926
1.0038619
-2.7924066
-1.576494
-1.069054
-7.027606
-1.9766515
3.2644687
-0.33480936
-2.3001876
6.1847367
1.4496195
-3.4691906
-10.210124
-8.846078
-8.90175
-2.500151
-0.5557502
-5.8274307
-6.6400466
2.3590968
0.22504248
0.4823274
3.558767
6.6357703
-2.8199391
0.34454894
-10.59931
-1.5944963
-5.372138
-1.3759547
1.6812304
-6.3350163
2.4390564
-7.787086
-0.36883295
-1.0249687
-2.3991635
-0.7000811
-2.9798284
5.581054
5.109721
-7.704996
-8.008984
-4.516536
-3.4091303
3.0808728
-3.7137597
-9.553371
-2.4608316
-3.4622686
1.912922
-8.926348
2.3316538
-5.4208717
-1.5028884
7.7565126
8.628146
-2.0027373
-3.2386603
-1.3400118
-0.057953004
3.0777788
3.215042
-1.6820989
-6.361986
-2.014117
-1.6437682
-5.815548
-2.9169662
1.0991359
2.4762273
-3.605084
-5.975158
-4.937677
-2.9305775
1.2364587
-0.8820022
4.468459
-5.0266976
-6.292501
5.063809
4.7646813
-2.0144017
-0.53983724
4.40162
2.2899892
-3.9172525
3.0867276
2.8499599
2.2018113
2.6580756
-1.8799781
-0.022459785
6.385473
2.9713988
3.5172322
4.4636135
-2.5736015
-3.6551461
-4.024903
1.51363
-2.7666228
4.6648946
6.419847
4.841517
4.5790043
2.502227
4.28546
-0.5553306
4.665294
3.7983835
-1.787975
1.7077905
-1.0134807
7.711633
3.7245343
-2.5209658
-3.5106425
-2.4025974
5.2878985
4.4039793
1.3865391
0.74901235
3.7438707
0.1640257
-5.375092
4.8066034
1.8599693
-3.4001048
-4.948656
-1.482346
-6.998799
3.4557598
5.761733
-1.4069757
6.2432914
-6.0046296
7.217855
2.9339197
1.4714267
-7.789836
-7.5960283
-8.635863
-1.6020203
-5.9651513
-8.601785
3.516379
5.1792607
5.4180827
-4.681574
-4.5452123
-3.6311853
1.3434118
4.899395
-5.8622193
5.623047
-5.50584
-7.763984
-2.132732
-0.0
12.888903
-3.1462808
5.118376
-1.6961615
3.693344
-15.940089
-6.877119
13.820502
-5.8989964
-16.717182
-5.7814674
-2.8031187
1.7078887
-14.301305
5.918982
9.000993
-0.0072082235
3.8005521
-9.970826
6.9178786
9.877638
-2.80894
6.3451185
-3.251333
4.95837
1.0524124
1.0159571
-11.838551
-11.8512535
-10.785657
-0.784084
6.132173
-1.1293607
-6.615399
1.5986975
4.3085985
-6.4693875
-4.971058
3.1054568
10.045219
-8.647662
-0.31041947
-7.45626
-10.690072
-6.7897353
7.250326
6.26458
2.5112727
8.773695
1.2437382
-9.680763
-6.288663
0.070451275
0.9908287
-6.008154
3.3444653
-7.1344004
5.3204303
-2.7743492
-0.24096182
-1.4544837
-6.680703
-6.0038333
0.45679963
-0.1899908
-1.2945387
6.7359424
3.9508448
-1.8529373
-9.505229
-5.453287
2.7257519
9.32862
7.3252664
-0.49618408
-9.899399
5.954684
-3.7928836
0.14319658
-3.8142292
-9.440943
-11.2643795
-3.7181158
-7.6703844
-8.707279
-1.7862872
-1.2738266
5.6112294
3.725381
3.1443584
4.012865
-0.5395003
-8.879178
3.9376354
-2.0894527
-8.266341
-3.6876516
7.929386
-5.287921
1.5189873
4.6571217
6.9178576
5.1296997
6.6253967
2.7270787
-0.1686667
-5.3885555
-6.9749613
-3.802262
-0.5834974
7.2069707
-8.255345
-1.4682384
-3.0990462
-3.9426317
-6.454049
-1.9875592
-0.14371412
-8.595338
-2.182471
0.5190149
1.9651506
4.018139
6.6578245
4.057938
5.4195414
-5.187061
-1.5081726
-1.9235811
2.0289423
-6.1718707
-6.793343
5.790173
5.3318696
-5.574119
0.49162275
-7.9670553
-5.2211094
3.2231293
2.4148617
6.347093
2.6837685
-6.1484084
-6.238995
-4.819178
2.6943412
-0.44514808
-8.840547
-3.4208248
-6.4407926
-8.23874
1.4160708
-5.706819
-4.6556873
-1.4638062
-3.0732994
-3.004836
2.323307
-5.397135
1.2443724
7.2283583
6.3533497
3.4260879
6.1168227
3.7892332
-8.481585
-3.8001947
7.418424
-1.3957667
-0.3856655
-6.6095843
-7.547949
0.85580915
-5.5488343
-0.89285326
4.123309
7.4113793
-0.5089599
-1.1200821
-0.5576955
-3.7859607
-5.055659
7.2632136
-0.50833833
-4.81618
-7.2734466
-8.40872
2.0732055
0.48521417
-0.7042473
0.33089602
3.8662338
-0.37421358
-1.5837221
0.8978305
-3.4765828
3.625425
-1.5170475
-5.021555
3.3885396
0.115328945
0.91213804
-1.8214003
1.1137038
-1.6768774
0.998725
0.07377293
-1.2989657
-2.5690773
1.395729
0.8614438
-1.042608
-0.46366462
1.421451
-1.5118389
5.2036443
4.529711
0.0038419534
-2.3452048
-1.9090925
0.52005154
-0.52181965
0.6123634
1.7482649
-2.989601
-0.61327446
1.4922168
-1.7737256
0.09956102
-1.2114183
-2.192674
3.2263556
0.7026206
1.6968057
3.78909
0.37052464
-3.2822478
-0.3208545
1.1040368
-0.64367336
0.044418156
1.7745721
0.81168544
0.44740498
-0.9444113
-1.0485191
-0.3458574
0.6996132
-2.6559763
-1.6528318
0.5030877
0.7221021
-0.14758857
-0.7201554
-1.5917007
1.9381899
-1.6265131
0.40563193
-1.684461
0.34114152
2.3144324
0.07391182
-1.0442697
-0.23193936
-0.4046804
-1.5866853
0.06377824
-1.5655917
-1.0597786
-1.6714504
-3.1868384
-0.8083238
-0.30485797
0.68434376
1.62836
0.5676559
2.043313
0.1001254
2.1557302
0.04769791
1.2553587
0.26287752
1.8608149
1.885586
-0.21034382
-2.4694655
-2.077898
0.38821036
2.2690563
-1.4678823
0.6015773
0.57075787
0.9444592
1.0064526
-0.06609566
-0.7707541
0.44683635
-1.4674196
-0.18668751
-0.0
-4.7318177
9.371258
4.074051
1.0119005
2.599942
-4.0828342
2.0275989
0.7273755
-0.947842
-5.4480805
3.5143507
3.4008954
5.148503
-3.50745
-2.6760054
-2.233721
-2.897428
-0.59755945
-0.77552456
0.42737785
3.3196902
-1.8925823
3.1744583
3.1838927
4.4406524
1.3501797
3.1477263
4.316614
1.3381084
1.1833581
-0.5120446
-0.9493629
-2.313963
3.3154469
3.1263409
2.0403802
0.6136164
2.5983605
5.6597958
1.2171878
0.8895485
2.3217008
-4.2557516
5.638836
-4.595168
4.9021006
-3.7793999
6.296345
0.98941445
-1.7105722
-2.6344109
0.8940573
-0.86644995
5.39039
-0.14368877
0.64842695
-0.2539427
1.7647206
-1.5637403
0.20728023
-1.5597388
0.5857315
-1.8582625
-3.6136703
-0.84443367
-0.3534863
-0.8665438
-2.9757292
2.0391114
3.3850553
0.8105527
1.4675766
-1.8921717
3.3344204
0.87059706
-1.2176155
-2.2039413
-2.1995552
2.0696194
0.08216331
-1.4021431
2.5036604
2.022674
-0.78101
-2.3482766
-0.3942734
0.38634977
3.3567612
4.669947
-1.5580255
0.5626794
2.2310648
-2.1256723
-0.66689676
-1.0751537
3.0540082
0.5181617
-5.459626
2.1669567
1.837338
2.1542263
3.2655768
-2.3139687
-2.0810905
-1.7154378
1.4512832
-0.4110329
-1.0588614
-1.3662213
3.4411445
0.43314752
-0.30778235
-1.048516
-2.642074
1.2346151
3.4638035
2.7568135
-4.050007
-1.5816044
0.496377
1.1331427
2.4688778
2.165587
-0.91726273
1.6813112
2.5513911
-0.8915103
0.8645237
1.1876084
3.4764109
1.4366926
0.29750288
1.5463012
2.6925757
-1.2306159
-0.72325015
-1.3177934
-1.925968
0.29686043
1.2391058
-3.8326623
-2.0911458
-2.602853
0.48339647
0.4708878
-1.7075706
1.3480705
-3.9406798
0.46928185
3.695614
3.688066
-0.84300286
1.6104491
2.8969958
3.1247756
1.0317832
-1.6902913
0.7039331
1.8432704
4.8343744
-3.0176141
-1.0590854
-0.13049474
-1.6297325
0.3085886
0.95528996
3.5003219
2.6044269
-0.6564399
1.225476
-1.8609029
-1.4991678
-1.3035539
-1.2700269
-3.9827862
2.4553282
-0.61733973
-1.2892759
-1.7670385
1.7818421
-2.5550451
-3.401813
1.4327258
-3.8529289
0.5992378
0.29731166
3.8781927
-1.132632
-0.112811565
-2.5748713
1.3449634
5.6836815
-1.967616
-1.2328658
2.8453448
-5.4708676
-3.437892
1.1395159
-0.71663296
-0.192787
-0.09814741
1.3377415
-2.597382
1.7111824
3.086239
-3.2615685
-0.30001047
-2.3361688
-1.9984527
-2.7475345
4.072751
-4.10961
0.32014748
-0.46365023
-4.350341
3.1603184
-0.4705795
-2.8223956
-0.68466574
0.15583256
-1.7449378
0.2703221
1.4126265
-0.8924954
1.2354993
0.0068188263
2.3145688
-3.335116
0.33488867
-3.607355
0.20096
-1.1286088
-0.12540859
2.936967
-3.3599317
1.3331498
2.0045087
-4.0145035
0.5452541
-4.4130945
-2.1893184
2.8727424
-2.4334397
-2.3490243
-0.2728248
0.14873603
-0.6856122
2.2517292
2.369042
0.33406413
1.382336
2.6080422
3.4744892
-0.18995917
-1.1507803
0.28921202
-0.72207665
-1.4781392
2.8999267
0.51197046
-0.07347904
-1.0791589
0.6045374
-0.6331999
-0.4253139
1.4614812
-0.41030812
1.1098061
1.1862037
1.1487187
1.9230077
-2.8348792
-0.69803387
-1.4808578
-0.7179518
-2.0594578
-0.16722327
1.7362205
0.36026496
-0.84284097
2.062007
1.3381305
0.27962804
-0.88509345
0.37878382
-0.77141005
2.4377618
0.16197214
1.8683757
0.32760966
0.85641503
-3.7684848
-1.4727283
-1.5699016
3.748799
-1.4399995
2.8850598
-1.7093524
0.37276322
0.0
-0.8550252
10.285456
-5.6769023
-0.3386039
-0.42930427
-2.4801877
-3.3011794
-1.6923163
-0.6071974
-4.799376
-1.764946
8.496263
-3.1911368
-3.6780984
0.7746602
-2.128889
-3.332689
3.7938404
-1.0067252
6.7079124
0.046569128
5.214944
1.309735
-2.0817218
-3.837753
0.44212303
3.846493
-7.7318506
6.0635805
-0.29499474
-4.1049747
2.8705103
3.737691
3.3882937
-3.0496156
5.9383044
3.0582342
-1.2144411
-6.243425
3.0251384
1.5639273
1.4564673
0.5364959
1.4944873
-1.8618402
-3.4791324
1.9540672
-2.0232074
0.7559938
-3.6568658
0.46948177
1.0389142
-1.3744655
-3.1406476
2.333397
-1.9884751
-0.57749796
3.5160618
-1.6847384
-0.97106665
-2.1357832
-1.985701
2.4869392
1.9436405
-2.9820216
4.961039
4.101611
-1.5395559
-2.380576
-0.17910783
0.34356067
-6.8517885
-5.410847
0.46996954
4.297926
-3.5824594
1.1659206
3.485141
5.0046406
2.8291516
-0.39016762
2.7425401
-1.6016102
0.65684736
-0.24324994
-1.737515
-6.9812365
-0.3087905
3.080756
2.4870198
1.7483745
2.8618033
2.6221888
-1.4457843
-2.5960872
-1.4681919
0.07893752
-0.9850834
-0.10266482
-5.938952
0.99226695
3.4284258
1.9076378
2.5292194
1.2302281
1.8818221
2.4244566
-0.82302034
1.1205028
-0.5675256
1.7743545
-0.5429232
-2.8649049
3.2896352
-0.997301
-4.332705
5.763561
2.8089402
2.54092
-0.68384576
-1.4724067
-1.1078439
-2.3428988
4.9807334
3.605335
3.9113717
1.3192035
-1.8983765
-2.6739357
-1.6532886
-2.7896578
1.9917724
0.29603475
0.23219791
-1.3690704
-0.5857836
-3.2036545
-1.2269329
0.22067548
-0.38646898
4.241993
3.932971
-0.066580094
-0.083350606
-2.6627173
-0.930205
-2.6728308
1.3525658
1.2083468
-2.321007
1.5536563
-2.3975167
3.2768831
-1.4055204
0.6412658
-0.19343951
-3.004014
-0.45788616
-0.38289356
-1.4743664
2.1161394
2.1541286
3.4359276
1.4561944
1.4124113
3.6482232
0.6634824
-1.750011
-3.588766
-0.060046367
3.2257872
-4.029728
1.3644158
0.38722724
-0.88713676
-1.4947846
-2.1396232
-3.7962878
-1.8088084
0.5923277
-0.13230838
-1.4653347
3.0414975
5.4365706
2.7406797
-3.0674598
0.20256281
0.31541726
3.2295575
-1.5854938
2.219167
8.700209
1.4363472
-0.40891477
-1.3185275
9.119732
5.1446495
0.78870225
-2.712756
-1.3415593
-0.85726225
-2.2193127
1.1177852
0.28448647
1.6375691
0.13299018
1.8176379
0.34548965
-0.47390345
5.445804
-1.9189969
-1.732265
0.8093539
-1.1594135
1.7236292
5.285487
-4.13911
-1.8071688
1.6717461
-1.749819
2.8415167
2.0570426
1.209491
-0.2486553
2.811209
0.64465487
-0.5844468
1.6072414
-0.5055523
1.8472538
0.6950651
-4.1055174
0.9487162
0.5230494
-1.3098768
2.3856783
-3.047712
-2.2250144
-1.3833555
1.1922975
-2.2547498
0.8969155
-0.24316493
0.13521622
-1.4151036
-2.743162
-0.97106326
2.1943054
3.0345483
-3.919689
-0.8212148
-0.7775948
-1.2983395
-1.7876164
-0.386528
-2.5856674
1.1300818
-2.6581724
0.5738425
-1.5587481
-1.6989394
3.3730195
-0.28815776
2.6295059
-1.5383232
2.278655
2.7993171
-1.1619368
-2.3332367
-0.6906696
1.4347526
-1.5790446
-0.5289583
-3.1355662
-0.25863576
-0.15719546
1.2861851
0.39167795
-1.1641101
-1.8660989
-0.4854054
2.258918
-1.5236487
-2.303645
2.0179927
-2.2570374
4.1401834
-2.3161206
0.3280459
1.375686
-3.1870623
3.539837
-2.0790703
5.0751367
-2.9066079
0.86064935
3.8502128
-1.0751203
-1.42194
0.0
0.32527804
3.8887568
-4.1453114
1.888656
-7.589838
-2.19038
4.5391355
-2.5559216
6.021212
-3.8622108
2.3941462
4.079109
-1.2277211
2.3209088
-0.57393193
-4.182124
3.7115006
-0.54704905
-3.4589236
-1.0590574
-2.0245697
-0.84331715
-1.4500582
2.6431596
5.2090735
-1.5207448
1.4699823
1.778112
-1.9046607
0.8823161
-0.70356905
3.8240633
-6.5841703
1.5361193
1.0404994
4.0465436
-2.5294707
0.84677124
-3.5365975
6.7867203
-0.37933022
-0.5405872
-4.3037076
-2.9591823
-1.2514833
0.79947513
-1.5744054
-3.8212297
-5.032745
-2.2835338
1.5313371
4.6263895
-2.202537
0.032546602
-1.8806307
2.2705631
5.917306
-0.33656943
-2.4063962
2.8006809
0.50354207
4.915332
-3.2079546
2.7307045
-5.5677934
5.9064484
-2.0575504
-2.988193
3.4011352
0.07482187
2.827332
-0.2537968
1.3179518
5.6358685
1.7615389
1.3468564
-2.0982382
-1.8592035
3.6635423
-1.7789057
-4.845014
-2.7896953
2.073132
-0.7485856
-1.3717124
2.199695
0.9651045
2.2824123
1.2872506
-5.0705204
4.4854026
-1.5073282
-4.569615
-3.7662828
-2.4422536
2.793753
-4.945588
-4.2913885
-0.03218996
2.2093985
-0.5858375
-2.6789951
0.5960734
1.1072714
-3.5737393
0.5044212
-0.06205097
1.1955596
-1.4273479
5.3672395
-0.32499588
-4.4446726
-0.5300455
4.2864404
-0.45250875
-2.4365215
-3.4520714
5.8779244
-2.1808558
1.9733588
-0.6827548
-2.50475
-4.030661
-1.2623329
2.8090293
0.64814353
-1.6699158
-2.355521
3.3019297
-2.9752712
1.907494
-2.2737155
-0.28154007
0.31587484
6.7886086
-2.088795
-1.6358378
-1.1178129
0.6190847
-0.4272796
2.638556
-3.1517577
0.08767064
-1.9334787
-1.4072466
-3.9009044
0.17382419
0.068435006
-0.6367959
1.1484009
-1.8790865
-4.8315425
-2.9393613
1.5957092
-0.3552374
-0.0908619
-2.5502586
1.2023408
1.4533621
4.049126
0.0696766
-1.1960685
2.748579
-0.7228172
3.4186168
-0.5814692
3.10935
5.2399626
-3.4407544
1.6014339
6.471512
1.3363576
-0.6026179
3.5493894
0.33763075
3.0047107
-1.3954966
3.5222626
-1.678246
-3.2496092
0.5144364
-3.0367265
-3.8019867
3.08299
0.038302533
-3.1367126
0.93096703
2.3880253
4.3470325
0.65799373
1.6510361
0.14090866
1.1013478
0.3698542
-0.0
-2.2677898
10.666805
0.9581492
3.1258557
4.030914
3.086383
-3.0552301
-5.5344176
-1.902313
-0.61360824
-2.8739734
8.978851
0.8153281
-1.6122202
1.5482408
-3.411571
-3.170669
1.449588
1.850025
-3.8747847
2.8756025
1.1019535
1.0565403
3.987295
-2.4140909
-1.6649736
1.4577706
4.635729
-1.6644756
1.1776038
0.91856426
3.7107093
4.1945333
-1.4219662
3.4822984
3.1416216
-3.503072
2.010127
-7.8272176
0.23450918
0.26697445
0.8888873
-2.7944682
2.7758892
3.0909877
-2.7634313
2.3659317
-1.4533275
1.3141328
-1.6300514
0.81992406
-2.390043
1.0585315
0.4282333
0.42140895
-0.43459272
-4.9191437
0.53010803
3.3055065
0.31557006
-1.0969026
-3.9200418
3.1540928
2.3832934
1.4317791
0.6721052
-4.125236
-0.6304139
0.2589912
1.3550023
-0.8168528
-3.6353083
0.117219836
2.1040094
-6.6378274
-3.4992592
-1.379104
4.0403595
0.17638682
1.595372
-1.7075368
-4.4309983
-1.2440203
4.426467
0.12582509
2.0053241
1.6684972
-2.547278
-1.998192
-5.4756308
-0.6878217
1.1482065
2.6035197
0.5206075
-0.13878684
-5.583396
-2.033728
-0.86100525
2.6122937
-2.390589
0.9984728
-0.28593072
1.0182269
0.237502
-0.058349717
-1.9573319
-1.4747986
3.0225751
-2.0293841
0.52029806
-0.13922371
1.6089399
1.5739582
-4.4664855
-1.3445673
-0.06109041
-1.4369727
3.7305994
-3.2966807
1.678726
-1.7827022
-3.1714613
1.7705545
5.604471
-0.05045602
-4.823994
0.47235703
-0.65860313
-3.3398833
-2.7762046
0.68749
-5.576066
0.21766469
-0.77503276
-1.8530208
-3.289357
4.462702
1.8174872
1.8010323
-0.26387927
-0.110493295
-2.4064076
3.6109433
1.2305032
1.9639311
0.46453375
-1.9847829
1.0733774
1.1075472
-1.256145
-0.44539768
-1.0950655
-1.6199027
2.9722552
-0.4491282
-0.6503571
0.58156794
-0.3337531
0.29248166
2.0757072
3.0068724
-0.63284135
-0.9258375
0.0039252094
-2.0981011
-1.9493978
-1.4804486
-0.68911064
3.2915325
2.8234613
3.5930915
-4.598437
-2.1235688
-0.66451705
-0.42521566
-0.8368954
-3.9915855
-1.087246
3.4064736
-1.4892126
-0.20658475
0.4855244
0.36913526
-0.06681739
0.38070872
1.1376712
-2.3861482
0.7529557
1.8210785
1.8064909
1.034348
1.1060315
0.94750506
-3.381973
0.0
6.9468417
10.533822
-0.5985214
3.3751714
-1.1826178
-6.3065014
0.057633102
-4.596808
1.2252467
0.042596374
4.250389
-3.9977496
6.3089237
0.42287213
-7.842367
-0.50015664
4.1478744
-5.463088
1.0027835
3.1410418
-2.313257
2.8126152
1.2280359
-5.1334434
1.9132485
-1.3970927
-0.5940657
4.837556
1.1913395
-0.15501042
-1.5533465
5.2851534
-0.53668976
3.0204182
-1.3204651
-4.6644835
-5.979148
-6.6184783
-0.33332306
-1.8134952
-2.2175968
-4.5598283
-0.4681993
1.7333341
0.4128682
4.5803566
-1.9324294
-2.2945824
1.2750926
7.6357403
-2.4192982
1.8443496
2.9870262
3.3850918
-3.8904426
-1.7431351
-1.1060123
2.9630911
2.1323712
-6.6894126
0.70355475
0.6008639
-1.0278281
-1.9415492
-0.6359473
1.3986399
8.169008
4.5264106
-2.5486562
6.412097
0.7856035
-5.559515
-3.6782384
-5.6061296
3.650237
1.691741
-1.2473038
-1.4324634
-3.2340374
1.1308684
0.36533538
2.0134625
-4.097561
7.682103
1.9159734
3.867208
1.8307487
2.4210265
-0.15078151
-1.2859106
-2.5297647
-1.483527
0.64585716
1.9290572
1.5864421
-4.215836
3.088264
2.0474756
2.446078
4.165522
-0.44285852
0.93859524
3.1982057
1.9170685
-1.2217734
1.9721597
0.8745564
-1.0827196
1.2025487
2.735516
-0.0906579
-6.3453007
1.8386726
1.1345848
-6.734713
-0.57751906
4.7506237
-1.3453523
-1.4940723
-1.9277408
-0.2962557
2.820555
-1.945114
0.42271012
-2.4118757
0.6919691
-3.5286613
2.4888234
-1.5954952
0.47143987
-1.711113
-2.8593736
-1.5018201
-2.6843393
-2.3070006
-0.03111547
2.0796225
-1.1262149
0.45392305
3.10001
-0.79299915
-2.737428
-3.6382227
-0.9404848
-4.1456017
1.845149
3.1765423
-3.53623
2.3405933
0.13118263
0.72064006
3.1499662
1.7746876
0.07268162
0.15169287
-1.7314078
-2.404006
2.893801
-1.713405
1.2608931
-0.3763847
-1.0202639
-0.7949226
-2.573901
0.52489763
0.92347264
-0.09357457
-3.1127524
0.33756974
-2.0567636
2.0008008
-0.77191067
0.16677637
3.5689538
-0.8644152
-0.6856278
-3.5706868
1.0265642
0.6410939
-1.3989596
-4.2505503
4.21994
-0.15971044
-0.039583784
3.4253232
-3.1390078
0.060083836
-2.5279655
3.8169484
-0.80580556
-0.90559256
10.65961
0.5820715
-1.6573215
-0.52744305
4.538305
1.745737
-2.6727211
-3.857186
4.6149592
2.8274539
-1.3373021
-4.939475
1.7940592
-1.4343133
-0.5530494
-5.3151355
0.5387182
0.32388172
1.9132046
-2.787431
3.0242105
0.80848384
-2.7226436
2.9158013
0.6505934
1.9679621
0.21755281
-0.55551744
1.3176497
-1.7496057
0.27729225
-5.5854464
-2.8999932
-1.5324476
0.5793784
4.703521
-0.20039573
-0.3683626
2.3995423
-1.4983941
-2.0165973
-1.2562395
0.88448644
3.960462
-1.6397499
-1.7475188
-0.27168706
-3.0327914
1.8574427
-0.6268012
-0.15905985
-3.4012716
0.3799644
0.3003785
0.21831748
3.324668
0.123912305
4.5102925
0.7054336
0.19782998
-2.9045959
-1.3036925
-0.6222284
-1.1159186
-0.058877945
-0.7274992
-1.977372
-1.6960537
-0.53879464
0.093446314
-1.7276448
3.398997
-1.5072333
-5.642529
1.2993541
-1.328087
0.6133234
3.1862397
-2.8094947
-0.7933749
-0.74500567
3.5224543
0.6628885
1.4872298
3.5715544
3.5541098
0.032245066
-0.19221169
-0.83326966
0.16000247
-0.368043
2.859223
-0.81756383
2.382899
-2.0732036
2.0666955
-2.063318
1.9146842
-1.9672464
-0.61387885
2.9540956
-0.4337994
-0.5860949
-2.5974143
1.5608375
-1.543849
-0.8478935
4.7207475
0.0
3.7211497
10.332819
-6.268635
5.9235826
1.4343237
-3.5395913
-0.7292144
1.8377649
-1.330345
-6.411596
-6.152163
0.28746024
0.08892785
-3.8588054
1.8992579
2.3152468
1.2454016
-0.1521825
-0.8567063
-1.117563
-0.4382913
-4.9452486
8.38
-0.4260614
4.552912
4.579995
-6.0858955
-5.308893
-0.8333278
-2.902296
4.427836
2.054971
-1.7429981
-3.569374
-6.0739074
-2.271379
2.6463249
-3.8562226
-3.6332903
6.52992
-1.1769637
-2.9421785
0.08642196
-0.810535
3.5015173
4.0211535
1.0938439
-2.9406517
-2.007894
1.2384164
1.7880708
-3.4044344
-0.3007055
-3.4440093
-1.025482
-3.6771057
-3.1666617
1.128844
1.6285167
-0.6861798
-4.585747
1.1170845
3.6620467
0.61786324
0.4956387
-1.6989487
-2.553722
2.2521226
-2.1980243
3.4301562
1.795057
-0.48399758
1.3824185
-2.6476018
-1.8170602
0.3334147
5.730463
0.83805823
4.966836
2.6838222
-2.8513792
-1.7520313
2.141964
0.9762846
-1.4427173
-2.5662105
2.0757444
-2.7150946
-0.72280216
-2.7821517
1.1740927
-1.8640411
2.1846547
0.33179855
-1.1747402
5.5677223
-2.6062236
3.0978622
2.5198014
0.2996813
-3.8968182
-2.8613706
2.5552511
-2.8572998
0.13673767
-0.06969086
3.1511629
3.8617876
3.0124702
-4.0694523
-0.9422231
3.991443
-1.5630918
0.9675412
1.7898777
1.2138608
-3.2560105
-3.0863836
1.0021558
-1.4220165
0.10071281
-2.4938345
0.08227062
-1.0834137
-2.0974438
0.55908865
3.202066
3.3891385
-1.8237834
-2.0619674
1.5399181
-0.85893
-3.7690861
-3.989527
0.8774853
-2.0761042
4.885731
-0.37033865
-1.517017
4.552828
1.850959
-2.7765718
-5.50235
-0.32491523
-5.0623255
-3.8360639
2.074475
-1.4559159
1.322822
-0.27544066
1.947273
3.4447684
2.4279964
-2.0319214
-2.118517
-0.21628213
1.6227739
1.6760255
-3.13348
-5.1997757
-2.170266
0.27141255
1.8775802
-2.428957
3.6069746
-0.038343474
-2.7579427
2.0794578
-2.9397755
0.747885
1.7834731
-0.86654925
-0.040128518
0.96704
-5.175898
0.6065546
2.6701212
3.509433
2.5600944
-3.5141022
-2.0811102
0.11509952
-2.9174604
1.3199793
4.403446
-0.12921543
-1.386064
-0.29969174
1.4841573
0.010500499
0.058686607
8.209225
2.2703595
-4.3947053
-5.0712647
2.6009655
-3.24561
-2.4967787
2.812216
3.323747
-2.5098758
-2.2745848
-4.8738956
0.6171307
0.57879364
1.2168455
4.7697697
-0.35981107
2.7008703
-6.157432
3.394861
1.7145214
-3.3939924
0.8454499
-3.6958342
-4.964113
0.31198013
-1.01969
-1.9204575
-0.6523418
2.7967732
0.6936713
3.5844545
-3.032755
-0.30915076
0.6192608
0.95189023
-2.6201696
-0.009650868
2.7290401
-2.2597272
-1.7601507
-0.48674104
-5.7430935
-0.44713265
1.9186828
-2.5344694
2.0428464
-1.9573808
-5.327052
0.24406776
0.7685858
-0.35029355
-3.1206481
-0.35214916
1.8604063
1.238405
-1.0666417
-0.12706193
-0.4603008
-0.5590811
-0.3939569
-4.4845724
-0.2492482
-2.2201717
3.4814417
1.7848014
-3.4810593
-2.55708
-2.47322
-0.43443808
0.861329
-2.1565428
3.2863986
1.2665675
0.06413767
1.6459702
-0.22277868
-0.5232481
1.1595439
-1.4723514
0.9423105
0.6619582
-2.4567385
-0.37854892
-1.964282
-0.1004616
1.3742039
0.92823976
-0.14746045
2.1185827
4.6122904
1.0098594
-0.9645868
1.4016412
-1.81613
0.95377064
-3.3900359
-1.904547
1.9609593
-0.7949359
4.689621
-0.022002595
0.8878056
-7.4963546
0.9504336
-1.2572099
-0.46099386
0.9770382
-0.0
-4.0795016
14.42485
1.8403131
3.1414485
4.920561
-3.1822627
-1.7838132
-1.8239998
0.6604684
-1.6076744
-6.090693
-4.441462
4.659107
-4.330309
2.1927416
6.524398
-4.3308153
2.2015746
-2.098124
5.2918234
1.479293
-3.479029
-2.6742177
-2.86497
-4.205058
4.6352735
-4.4835157
-2.9317396
-5.203279
0.30956656
3.0709615
2.0922208
0.95815486
-7.116228
-5.5008554
5.395578
-3.8225145
3.8424835
2.3879237
-4.7209773
1.3898734
-1.6040167
-3.121551
-7.4300613
-5.4612813
-2.5337603
-8.370098
-4.306902
-6.963207
5.600829
1.5616688
-0.6809086
3.4657688
3.9181564
-6.3814178
-3.265721
-1.2776748
0.6132479
1.1091511
0.26567787
2.299297
-0.56788343
-0.73343813
-1.3889205
-1.6285787
-2.8273458
1.4477868
-2.1872663
-0.46515262
1.2825183
-3.2032094
-1.6741487
-1.3126713
-1.1608508
0.10706657
-3.6180725
-3.1334214
-0.10451309
1.6216646
2.9028077
-0.69105536
-4.925686
0.88413143
-2.498307
-1.8955756
-0.11879125
-6.791684
4.0705304
-0.46479592
-2.0761793
2.1706426
-1.5791159
7.6427097
-3.0906928
3.6484911
-4.279589
4.2484264
-0.52077985
-0.8002426
-2.0278065
5.6522675
-3.421801
0.46552902
2.1854198
-3.8042142
3.56828
1.4317139
0.20378894
-1.0837004
-4.3448086
4.6131926
7.0923285
-2.0054944
-4.130539
3.5087411
-2.1835074
-5.9889417
5.2699437
0.8575958
-0.5094365
-3.2933216
3.7556353
2.6142511
-4.152032
4.0647054
4.274312
-2.2570248
1.5280952
-2.347976
1.2271743
0.5271892
2.4578238
-4.1062794
1.2806317
1.751057
3.4791846
1.7360618
-2.1435397
-2.8988094
-0.8078774
-0.1372046
1.53112
0.38718367
-2.2021844
4.146009
-1.4829164
-2.8493752
1.1434038
-0.41771075
-3.160176
1.9511449
-2.3336298
4.188201
-1.1040288
2.7036734
-2.3504603
-0.84843206
0.46355498
2.2340586
0.9867091
4.7027187
0.4700297
-2.9143403
4.13929
7.0537524
3.1501431
-4.6646366
-2.4133494
-3.5212688
-4.551231
0.5790717
-2.4790583
1.6096247
-3.4165168
5.9345803
-0.17890608
0.80105484
4.972057
-1.7547601
-3.1935616
-4.8519998
-0.2012907
1.3372808
-0.77698225
1.0987668
3.2988079
1.7812564
2.9736183
1.6857913
-2.0786455
-2.0340033
9.146419
-1.0908298
-2.895591
3.1941066
-0.4745578
-8.895737
0.6412326
5.08272
2.8239825
-2.406236
-0.60978425
-3.117146
0.48870128
4.79261
1.128859
7.8380017
-0.98267835
1.4788843
-5.233516
-0.93446225
2.2475646
0.78897667
4.1628265
1.1296464
-3.5442598
-1.5065798
-3.0338085
0.047014657
0.08964681
1.8184853
1.0278792
3.2479694
2.2142324
-0.2898363
1.4295617
2.2175014
-0.4401625
-2.7628634
0.84905046
-4.771963
-1.0444547
-0.12948045
-0.53619355
-0.4943743
-1.4359255
1.1644413
0.673635
-0.8501941
0.37837943
0.5685156
2.1106985
-2.9638855
0.13603279
1.7280037
2.4607625
2.7927785
-4.4224586
1.9166381
0.91252357
0.65191
0.76386553
1.4867843
0.27427247
0.5092843
5.984801
0.43503657
-0.501697
5.9226246
-1.4692172
-2.1778855
1.7235632
0.87445885
0.09401253
0.14491454
-0.47277203
-1.9680755
-2.6767552
0.2548951
-1.397221
-0.3269589
-0.9927207
0.40392542
4.9809113
1.0086683
-0.09756347
3.0950963
-0.3522554
-0.52387536
-2.4208863
-0.959733
-0.9449597
1.8755349
-0.12010266
2.8341737
0.23697701
3.1278882
0.98665243
1.5642571
0.9345139
1.54847
0.32262397
-1.2829086
2.732124
5.1229544
3.3373015
-0.69862056
1.992848
-0.38849068
0.0
5.525743
11.461984
-10.76294
-0.37409925
-5.7404923
-3.535616
-8.255273
-1.019104
-2.6300476
0.90228206
8.213562
3.5643904
-2.8587687
3.6184366
2.66428
1.4122906
-2.8035204
-3.761913
5.125748
10.429272
-0.58653927
4.625075
2.494639
-6.036816
-4.26233
-1.2442088
3.3729522
5.4368596
1.938819
-1.28664
8.860562
-1.578005
5.483522
1.6119925
-3.254627
-4.579514
-2.5171704
-3.8412745
-5.3370233
5.775111
-6.204823
1.9771236
-2.1971452
1.2902814
0.59408647
-1.1304542
-2.2980204
-0.43572074
3.62189
-2.5321066
-6.0834413
-0.8034599
-0.024820218
-10.553023
0.08369134
-0.9406566
-5.024709
-3.3247714
7.354109
4.6909437
-3.4966824
-4.5360627
0.9888564
-2.1839705
0.28796902
0.31173864
0.014578001
-0.9747188
-4.620499
-0.025380492
2.6506572
-2.8608825
-0.8659831
5.343403
2.7714012
2.6838489
-4.215341
6.171569
-2.8266234
1.6978675
-2.1404674
2.4619102
-3.7285209
4.9748626
6.321379
7.791802
-0.23957108
1.514404
4.892838
-4.182754
1.3994107
-1.8559004
-1.0759159
-4.328507
-1.9299728
7.990986
-2.3016167
-6.3488545
-0.23838943
-0.57098943
-1.6584196
-3.378968
1.5096302
-6.5664377
0.11775023
1.9835992
-3.0483415
0.7882278
4.209604
-1.5575302
-1.6098874
4.844643
0.64572024
4.4786625
2.6326716
-0.3583764
-2.1179194
0.7018679
1.4118124
-1.6717035
-3.7385235
5.831958
3.2460046
0.16455075
1.3846164
2.3337984
-1.3326555
-5.010887
-7.4033217
0.6540518
2.700937
-0.40873364
2.169277
-1.2627368
0.27169323
-1.0759699
0.23682122
-3.167686
2.0067291
0.39784858
-6.467596
-6.195386
-0.24358459
1.2038052
1.808439
-3.177018
0.72187954
-0.5161356
-0.017979935
2.1166902
0.56463104
1.6653516
6.2291126
-2.6594157
0.88240457
-1.0988371
0.35208252
1.0496649
3.0083299
-2.0502558
-2.1417584
-2.2268894
-1.1775417
1.7514706
1.7953944
-0.5333136
-3.6393569
-5.948944
-1.3096913
-1.0744982
5.039026
3.9152653
-1.8302808
3.1357603
3.9478984
2.609566
-4.492064
-2.2639866
-1.0631841
5.063209
-0.5914165
3.1036298
-3.9725943
5.09162
-0.2008011
1.2785995
-1.735647
-0.43116316
2.7073827
4.0729833
-0.49567184
-3.0695615
2.8972025
-3.10339
0.0
4.555848
13.449922
-2.6468616
-2.8163998
11.782428
-0.79636455
-0.40022522
3.8218188
3.6241589
-7.4571476
-8.935813
-7.5694494
-6.131337
-3.0827131
-5.7802763
4.0915456
2.2847877
4.5356164
-3.005689
4.787983
1.1272091
-0.045519162
-7.065777
2.1757247
2.4292436
6.0399547
3.9474242
-6.7513604
1.1272272
-5.0154743
-6.4263
-1.7359209
-4.4750423
-0.60779566
1.193989
-4.269094
5.498783
3.4916854
3.2466772
3.0391314
-3.128362
-0.34009254
-1.6942556
0.061659817
0.4822147
2.82315
2.9210045
-4.2811174
5.3478518
3.5099835
1.5238042
3.3714745
-3.5075755
2.0197105
-0.107916795
3.6466036
-6.7241335
3.287836
-0.30326587
1.1065377
-2.5649118
-2.7489064
1.0082535
0.5005738
2.0490618
-7.0358505
-0.097160734
2.7601233
-6.240539
-0.04438991
0.0542673
-6.2026734
-2.1875854
-4.3571205
-1.1611247
0.5929064
1.3930347
1.5910624
0.5171422
1.6039443
-0.07145486
-0.7860673
-0.5266619
5.756589
-1.7611898
-0.42413944
3.0639968
-1.8432637
-1.6002604
-5.902686
1.3059827
-0.745965
0.23814559
1.9604493
-0.12275762
-0.5638541
-0.4004562
2.883807
7.623505
3.9500775
1.707139
-3.0153263
-3.5213547
-4.665421
2.7837174
4.5116243
0.39381284
3.1948261
-0.07504534
-0.09834705
0.06428192
-4.2236147
-0.16818018
-0.31704345
3.0454595
0.6733659
-2.117135
-7.2101636
0.8474469
0.87820035
-0.13122864
0.9524051
-7.9085426
2.707635
4.0696898
-2.9518375
0.99618715
2.0621107
-0.47062814
-2.5624177
-0.96668065
2.772331
1.4602087
2.2598112
0.9150403
-4.386319
0.48585978
5.1714954
3.9057624
-0.6047518
3.8127272
-0.8762275
-2.6805942
-0.66944826
-2.5128634
1.2896839
6.057596
-3.503472
-3.015423
1.26019
-0.89697504
2.4844346
1.5144717
-3.136935
0.8701081
2.66595
2.9877539
-0.86171234
0.25372154
-3.1848557
1.6020924
-1.550086
-3.402139
-1.8708639
-0.48865128
5.3841057
-2.3290446
-1.688182
-1.3178536
0.10398276
3.7747498
-6.1837435
-2.8389874
-0.8662212
-3.482739
0.7889258
4.7802634
-0.04987806
3.7561133
0.049980946
1.1364188
-3.5896735
-3.8511732
6.9876914
-1.7194734
-5.0176706
-5.353745
-2.4293199
1.0807687
-5.5674844
2.98142
-0.8773961
3.5879037
-1.5951844
-0.0
-9.649437
12.397104
2.1808653
-3.6296916
4.681347
-3.119294
5.476363
0.38862085
2.5712106
-4.819603
-2.5691679
5.451141
-0.8713507
-0.8638705
-2.2479177
-2.0084074
0.8301523
-2.383951
-2.7454848
2.198705
-6.334414
4.404913
-5.571515
-2.7652276
3.339625
0.7444805
-1.2397887
-0.37696785
1.0925361
-1.3092046
-1.6944867
-0.02826272
-2.0026982
-0.2973619
-3.2957096
2.6392927
-4.719782
1.9014189
-1.2600145
-5.3560233
1.2100713
1.3153604
1.9014907
-3.6540172
-1.9744678
-0.16703935
2.3002422
-1.163667
-0.6039322
-1.0546685
-1.8678912
-0.6168459
-7.138244
-2.9104629
-0.3959245
0.3002704
-1.9919162
0.19615963
3.5052364
-0.27760938
3.484114
7.008813
-2.8463092
-0.3720252
3.2982109
-0.735061
0.54669106
2.3363485
-5.0390635
-1.4038967
-5.0887165
0.455297
-3.8241422
0.7682378
-2.7919712
-1.0648372
4.2666936
0.74562484
2.411264
2.1601496
6.116678
-1.123128
0.0390998
-0.72408956
-2.1947103
-2.09846
1.3160456
-4.29275
-2.561314
1.0616125
1.4411353
0.36936033
0.7079737
3.1739347
3.4142041
5.815807
1.1239998
0.97602576
-1.933467
-2.8424935
-3.7248442
0.18162921
2.4713297
-0.7616792
2.2091327
-5.6971245
-0.36326778
-1.8394558
-2.8195271
4.726561
6.7015276
5.190302
2.3626297
-2.7411835
-3.4055734
0.49612522
2.6357307
-3.1155338
3.5045695
-2.1692634
0.99588317
0.24855892
2.5392332
3.1191869
1.6021665
-6.304507
-3.8505125
0.0230295
-5.1343236
0.16849452
-4.670466
-2.127592
2.2372503
2.790116
-1.3822081
-2.0769055
-4.8074965
0.9071174
-2.232665
3.477542
-3.1301413
2.3076406
1.1581113
0.016319923
-4.2435246
3.4782028
-2.7240438
-1.5859485
2.3758392
-3.2782502
-7.7136664
0.6460475
2.3224547
0.7821742
-4.012687
-1.0411227
1.3563526
-1.4157137
-3.2233112
-1.5269948
-2.912222
2.2324069
-2.8514714
-2.7956855
1.013052
-1.016199
-1.7905387
0.4306067
-0.7129087
1.6735618
0.8026654
2.6629379
-2.4593484
2.00531
-1.1772871
1.3752722
-1.1455063
1.2556801
2.23178
-2.5212574
3.6800485
1.8298453
3.291523
-0.45181653
1.8224524
-2.8094213
0.08509406
-0.33909217
1.2818638
-0.15710674
1.2940314
5.929189
-1.2936009
-4.068169
1.6336024
-4.3321366
3.1593523
0.19829805
-5.6947575
1.3498505
0.06343438
3.0641093
-3.6832676
0.85328484
5.961071
-0.5925174
0.33806452
3.805123
1.8763666
4.0811234
0.29603744
-2.9242654
-3.8818288
-2.0922499
2.2521265
5.3370976
0.1343025
0.75674236
-0.90130717
-1.1537057
-0.34011877
-1.4642583
-0.39054516
0.7573574
0.5555981
-3.2147229
-1.0041786
-2.3282998
-0.5848943
1.7595127
1.4753605
2.2563043
-2.021219
2.3363225
1.3881981
0.45040756
-4.182174
-0.80953044
-2.6248112
0.39159122
1.9276896
-0.9061744
-0.28990573
1.5183825
-0.7878327
-0.57456744
-1.2726939
-2.3894236
-0.24715999
-3.937616
1.6187762
-0.37911978
-6.0857573
0.12163731
-3.1867828
2.9607818
-0.7906901
-2.3138337
-1.1892636
0.5421846
-0.4896745
1.8335847
-1.8394438
0.9187492
-3.5598083
-2.9878457
0.6651422
0.87710476
1.39052
1.8040992
1.9172093
1.8739895
0.2581896
0.295863
2.7893705
-3.2222984
-5.5437703
-1.9345124
0.43657747
3.051789
1.1349218
-1.4678158
-1.4964863
-0.9771563
-1.6107041
3.0616968
-1.4365871
1.9011796
3.3599198
-1.5213966
4.0060954
1.3873087
-1.0104103
-3.071075
2.811204
4.510744
-1.7139542
1.6518627
-1.1258503
-0.0
-2.7039087
8.184357
-0.73136103
-3.7936678
-2.3514898
-1.9316208
-3.344467
3.8947973
5.3587995
6.410615
-4.2323966
7.639374
-10.068689
1.963574
-0.7493084
4.083968
1.497846
2.7069366
-1.866903
3.2360237
3.110628
4.4092855
-4.9070244
4.676492
6.2813234
-1.0536926
5.119782
0.4884134
-1.8754076
2.2158594
-3.9759505
-1.5935825
-1.1102027
2.9480135
1.8284233
-0.34807676
-3.2282808
-2.4031653
-3.8338826
-1.7382658
-2.783924
1.7055573
1.8501579
1.0131105
0.21932743
-3.3432233
-3.6078866
0.24827127
-0.7681181
3.5221574
-1.116932
-3.3623729
-5.1706743
1.7921015
0.39496568
-1.2212286
3.6915934
1.0900408
3.7365797
2.1314933
2.7392616
-1.2260535
4.2487555
-4.387577
4.459926
2.3197198
-1.8906296
-7.180415
-3.5851753
1.3293521
3.0187228
4.810513
1.8853465
-6.046007
5.6078486
1.4017916
-5.487181
2.8088412
-3.7803426
-3.8688889
-3.6418173
-1.1897905
-1.5528696
2.5167642
1.3451746
0.79616255
-6.648034
-0.37787217
-0.56087077
-3.1293643
-0.7469182
6.298476
-0.09923918
2.4866219
0.86351836
-0.693617
0.4233025
-4.732899
-4.1085114
4.0764036
-3.3285923
-1.6813443
-3.9037297
-1.6417106
7.1622157
-5.8995175
-0.64159966
-2.617001
2.5914378
0.7018552
-2.4253254
-2.5027223
4.146177
2.1585758
2.3772757
-3.155633
-2.1991415
1.2578465
-3.0642793
-1.3009971
-1.5498929
1.4054112
0.54608446
2.2113278
-1.5018241
-0.3895631
1.490954
1.5845724
2.198789
-1.4271355
0.39921007
3.322263
-0.14988515
1.0356321
-0.60818297
0.52142715
-1.2914295
-5.76293
2.5432878
-0.37101418
-0.05946992
3.2939637
2.4774797
-0.82952124
4.756532
-0.62254643
-2.244651
1.6402875
-0.66731024
2.3978977
2.639801
-1.5661544
-1.9528251
0.54651177
0.469499
2.907074
-3.6111693
1.8021859
2.0659666
5.6952357
-4.0615115
-3.6665757
0.4192137
-3.0183914
0.32618666
4.056231
-0.75903803
-1.0692415
-2.7370934
4.4397626
-0.15438086
5.1683054
-4.7201343
0.43808785
-6.703155
-0.23016535
-3.791176
-1.2649122
4.707635
0.6006545
-3.0837665
-5.3564606
-1.1957854
1.7412429
-0.28646073
0.63783664
-0.34223524
-4.543637
2.4026034
0.1727469
-1.1576511
7.109523
-2.0363522
-4.407953
1.3008819
6.155845
1.0919795
-1.7189436
0.12666644
1.9385731
-6.975915
-2.1604912
-1.6993138
2.9048436
-2.991682
0.9251228
2.83643
-1.866679
-4.596992
6.2000084
1.7680336
-4.8847356
2.4047596
2.7976334
-0.7879206
4.976064
2.257732
3.6316013
-3.930119
-1.3468333
0.32715875
-3.37116
-2.472291
-0.98652
-2.1060777
-2.263257
3.9946764
-2.1434956
1.0817566
1.1483866
1.7270212
2.8245196
-0.33531627
1.937203
1.006114
-1.4504274
-0.26869273
-3.9578311
0.015449458
-1.7339646
2.3193288
-1.3561336
-2.368518
-0.61850756
-0.1329691
-3.0915027
-1.1359035
-1.5898902
3.2351525
3.4648194
1.9515963
-3.265992
-3.0638657
2.6459618
0.50965756
-0.69147986
1.0083033
-0.26287785
1.7271233
2.7316058
-1.8116732
-3.6098914
-1.7930135
1.3879341
-1.1258411
-0.47781578
0.57353127
-0.45834973
0.9204564
-1.1721535
3.4178944
1.7954984
0.40607986
0.35752168
-1.7714325
2.077094
-3.9943657
-1.572677
-0.5980059
-1.0117745
0.61351997
0.21666579
-1.736585
2.1228795
3.1583192
2.7162275
0.23904654
0.165837
-5.592598
-3.2609918
-0.11368437
3.6700547
-3.3926754
3.661585
-2.1302195
-2.091349
0.20683858
-4.860284
0.15698002
-0.0
-1.8640256
5.326496
-1.43569
-1.816749
-2.1599095
-0.9368346
-2.0954087
2.3577015
6.285149
-3.7805042
-0.99859893
5.4017797
0.79557276
6.6861
0.03246494
-1.5424615
-0.74653137
-6.938241
-2.6788208
4.54749
6.8245277
0.29803503
3.2666142
-1.4638743
-2.2885315
-0.8322034
-7.346076
3.393024
-0.19591027
-2.9326632
3.7415142
-0.53209716
1.5773683
-1.6243033
7.2891755
6.7572894
6.1735935
0.11942634
1.0418942
6.297873
-1.4917595
-0.83180463
4.123111
4.752925
-3.0197403
-0.25528502
-4.7634683
8.350452
4.7273674
1.6380649
-3.9611862
2.7848601
0.8734517
5.8247366
-3.254127
1.1660696
1.7371991
-0.032703903
-3.2470248
-1.6236827
4.5576386
-5.6806426
1.9675282
1.3343725
2.5511978
-3.1697392
2.298446
2.782477
-2.0998363
0.2618761
0.14451684
-1.128628
-0.30983713
-0.31365997
7.7399697
3.0810928
1.2105876
-5.4424424
4.116231
1.8325337
-5.9265294
-3.157896
3.078639
0.11021885
-4.3495626
-0.086780265
-3.6777742
3.3233497
-3.728498
6.695884
-0.71534497
-2.232052
1.2808616
0.65683603
2.3003216
2.3530192
1.7363578
2.8473911
1.8587539
2.704525
4.6225643
-1.7053735
1.2846768
1.2514198
0.33057696
-5.718918
1.3750695
0.6701133
1.8259007
-1.8792659
3.1252367
-2.279715
-2.390691
1.8290641
-2.0272813
-2.1006143
1.3963718
-5.577467
2.2489202
-3.9300537
3.9501207
-2.6575263
-0.2932096
5.287364
2.0188353
-3.518686
-2.079159
-0.053347863
1.1106565
2.8594475
-1.503577
1.8957907
-4.2594995
-2.2205493
-2.2882364
-7.87066
-2.4235823
2.950914
-2.5867755
-1.1570572
2.016727
0.84045285
-2.5608766
-3.6304889
0.17779467
-4.9096375
0.92369455
-1.3245941
0.59237546
1.3438529
-2.2779129
-3.3124378
-1.7694955
-4.658622
5.3232036
-0.104921795
-2.8675053
2.4631114
2.1725457
0.6628777
3.5149035
-3.615172
-2.7484984
3.687482
1.5982603
-1.4026889
-0.4307686
2.584528
0.21936227
-0.9478479
-4.6926107
6.2838225
0.021891754
1.7453934
0.09661919
-2.826667
-6.4528623
0.7389896
1.5842049
-2.9857752
-2.22048
1.2332966
4.999143
3.0778954
0.70955783
-2.5852263
-4.638471
-1.6637616
-1.0905225
-1.5357916
3.2817302
8.150951
3.4578974
-5.8003144
-2.1788127
-8.980378
-1.7618263
1.7337216
-0.61587226
-1.3763672
5.067544
-1.0700192
-1.1435696
-1.6409762
5.7679152
1.2066611
-1.615442
0.1841178
-3.207663
-5.533294
-1.0122627
-5.9725246
2.7611313
0.18075626
1.9364145
5.4401135
-1.7766086
0.43265846
0.6648995
0.7905704
-0.79588944
0.49088144
5.1572104
-1.4770054
3.208256
-0.124807455
2.398528
-1.4068688
-0.12346661
0.37120992
-4.359156
-0.4314793
-0.4387504
-3.269428
-1.912957
-1.0073596
1.0475376
0.28092986
-0.65382457
0.71706426
-2.4992254
3.0197184
-2.7086508
1.8976182
0.27921996
-2.209733
3.9382327
0.76841
-1.4833096
4.0691376
0.45567477
-1.077319
3.317849
-1.1823772
-0.72660404
2.8599179
-0.42688227
0.120187774
1.7599856
2.4226747
-1.1489997
-3.072871
1.0140992
-0.46577224
2.3320415
-1.0656848
-0.59503436
-3.3385034
0.8202212
0.5037439
-1.2909558
-3.4391582
2.246448
1.1787639
-0.6844553
1.340723
-1.1461576
2.2260334
0.9522465
3.4553683
0.025723038
0.58044016
5.3108206
0.13911392
1.7169816
1.6114075
-0.44414485
0.27098507
-2.5321646
0.51281387
0.42201278
-0.9945384
-1.0762697
-0.98865134
-0.31394592
-1.6031783
2.2532187
-0.8629205
-0.34447464
0.0
-11.490566
8.93571
1.2802688
-1.9009799
5.4565597
-3.2511668
-8.589359
0.3391108
3.0610754
1.0115578
-3.2108393
-0.57411516
-4.1115804
1.5958561
-1.3640318
0.39456764
4.770013
-6.1556005
2.7610307
2.8351421
1.682064
3.8487535
-8.301544
-4.9120274
0.86470455
-4.7927666
-2.184506
-1.3322136
0.16878207
-1.8891952
-0.64273053
5.121445
0.06430641
3.4464972
-0.6289299
0.4068839
5.273563
6.6000566
-4.8422203
-0.15689024
6.4779897
1.9191947
-6.030587
5.4928894
-1.7898228
-0.1899331
-4.166154
-6.399287
-3.5325775
7.4167776
-2.026318
-6.6699643
-4.1164126
3.5102947
0.5485983
7.436811
-4.217923
3.592576
1.8075073
-0.38870424
0.8127203
5.72044
1.4169686
-3.2537832
4.8823023
4.7786455
-6.4827776
1.7488613
3.390007
2.9398212
-4.3888254
-0.3782404
6.172284
3.1714623
3.508408
-2.2329307
4.3400984
0.5823331
1.1697528
-5.237372
2.0859547
2.752605
-3.7884717
0.21323206
0.09870582
-4.775379
-6.245595
-4.457845
-5.6434107
-0.90583944
3.8313577
5.004612
-0.22891524
2.5049767
6.151736
-1.2687252
-0.7785376
-2.6128404
-2.3547251
-4.201224
-0.306145
-1.2119069
-3.216054
-5.793815
0.09171246
-5.47907
1.5766151
0.54688543
-1.7395924
1.6202482
-0.7002286
-2.7520008
0.21276267
2.1830897
2.2484608
-1.1581672
1.5494881
-2.3862307
-2.2251108
0.66222
-0.8224019
0.6857668
-2.907819
1.4369069
3.154568
1.2033418
-0.98061365
-3.474042
2.1794798
-0.31565344
-1.4876486
1.7619001
0.15656571
0.8176614
1.5890633
2.5503058
-4.40769
0.98171717
-0.7769139
3.294908
0.32663116
3.1481988
-2.8286047
3.3207395
-0.08038266
0.20332026
5.446139
-3.5908155
0.63444
-4.1673555
1.2144607
-3.26875
-2.3533733
-4.9165874
1.2516483
-1.0679256
-0.90200526
-1.7667257
-6.558197
5.527807
-0.18835613
2.020563
-0.8836232
3.8460817
0.26343894
-1.0774443
2.1102114
0.09954426
1.3189971
-1.993076
1.7106453
-3.093699
-0.26294822
-3.5122561
2.0246434
-1.617237
0.058280587
1.2891473
0.116964325
-0.2566305
-0.9546674
1.3409677
-0.2819469
-1.0913315
0.8254258
1.9559432
0.6485826
-2.0652676
-3.1839578
3.8528633
-3.6583548
3.7115583
1.3492764
-2.0421197
-0.0
13.184143
6.8203955
4.0950503
-0.2312116
-4.5754075
-6.5831504
0.35461628
3.2575135
4.246849
-4.437735
-1.978112
6.638907
-3.1655557
-4.465682
3.8430173
-4.8442755
2.0486827
1.8213587
-5.8577266
0.4120042
-3.9417186
-3.6838133
-4.8496795
0.77072555
-7.6675982
0.45438954
1.5213674
-2.301785
-0.56789494
-2.4601572
1.5267557
3.413645
6.195913
-2.2880871
4.4751477
-1.6808404
3.1115594
-1.4516836
1.6726662
-3.2549257
-5.4999094
-0.9497498
-2.538661
-1.914666
0.13642094
3.208463
-7.1120644
5.5675926
4.9782524
2.955663
3.9474714
2.0960119
2.3936052
5.0691733
-5.632844
2.5254593
-0.44743693
4.5425954
-6.160648
2.2302132
-1.2161677
-7.020014
-6.575137
-1.2170141
0.60804844
1.9782377
3.1429093
-0.16858289
4.129519
-2.5643046
2.6209614
2.0515049
0.62841827
-5.4865704
-4.4618278
-2.3932252
-0.14418174
-1.5519131
1.3521594
-2.2313476
-3.3310757
-0.4401193
1.7479352
-2.0336413
-0.78416693
5.84885
8.448333
-0.26815182
0.41432855
-2.8584864
3.2438033
-1.7305566
-10.030068
-0.42649862
-1.2782929
-6.8665895
-1.8949136
6.36169
-2.81232
-0.16579518
0.010877186
-1.797539
-3.5069172
-1.8685158
-1.1528529
3.3700707
0.30684447
1.3279142
2.2626526
-3.8085089
-1.8068485
-6.5798287
-0.85286796
-1.5139402
-0.1594509
0.83549166
0.57816935
-1.6126167
0.6873276
-1.3207208
-0.22265348
-1.962837
1.0158093
-5.222957
-1.3347683
-1.8830495
-1.879946
1.2734195
4.3129373
1.5298344
1.8669225
-2.5442972
-2.7811935
1.4345316
-2.6920543
-1.4103466
2.1644175
3.600981
-1.8629295
0.6537368
-2.7966974
3.9157352
1.0715494
-1.2727016
0.35427693
1.715674
2.6888523
-2.7287729
1.5605271
0.38117406
2.0594726
2.6183307
0.1082935
-1.8238719
-2.4090908
-1.9724114
0.08748092
1.4018445
-4.0022287
-2.263278
2.2934659
1.876965
1.518086
-0.9566926
0.16742074
0.20292988
-0.21483907
-0.20619349
0.49505568
2.925218
2.2924476
-2.998162
1.2090772
-0.3543424
1.2783782
0.5142082
-4.389565
-3.831934
0.7756254
-2.3977203
2.7910395
-1.7819853
1.2050903
1.8925227
-0.7048787
2.6099203
2.2612038
-0.08495686
-2.2532923
0.011955172
-1.2012771
-0.4273374
-0.15345477
-0.7227748
0.0
2.381252
11.666542
-2.3336818
-5.4219832
-2.4844625
-4.123788
2.3244827
1.6975747
-2.8008263
-5.7055855
-2.2793424
4.7497134
-1.3477982
-1.3790592
1.1941549
-5.5524287
-0.829067
0.5145198
3.806426
3.521777
0.66184163
1.5222813
-1.8579503
-5.208397
0.47305998
1.1794063
-2.749859
-2.2301486
3.7464037
0.88191426
-6.290535
-0.26206565
3.5125399
2.2027502
-0.24711095
1.3028755
4.380134
-3.3215916
-5.68685
2.198314
-4.025902
-5.501218
8.394701
-4.080794
-4.245129
1.4197131
-3.2768352
4.830776
2.0821683
3.6880846
-1.3623732
-3.354004
-1.437724
-6.5712895
-2.0698645
-5.6918125
-0.014283343
0.36727816
-5.2879186
1.1596133
1.3868185
-0.12343808
4.185021
0.45036337
-1.5086524
6.9015994
1.1731894
-0.7474797
2.178474
-0.9492147
0.69647306
-6.2046256
-1.9757223
-4.071161
-4.6604676
-6.6792774
-1.2121675
-3.0464456
-1.2377337
-1.0713003
-7.2036257
-4.8226056
0.9403281
9.493812
-4.801389
4.057783
0.7012677
-5.369394
-1.4071492
1.4971135
-1.0656338
1.001192
-0.044196174
4.450276
-2.2546475
-4.754331
2.8388426
4.3159046
-1.5824525
0.51529765
2.0798836
0.8470255
6.5508995
3.8073652
2.4300475
3.2459047
0.4244464
-1.6769712
2.3255322
-3.9868026
0.6960515
2.0060062
-0.3533322
-1.5801477
-0.64172685
-5.1185117
3.3554373
1.5631242
1.7132527
2.079806
-1.4045882
-1.3374883
3.9009223
0.07208774
2.0718691
3.0954726
0.5697008
4.4521017
3.0554936
-2.6220014
-2.1691728
-1.8225614
2.5824919
-1.022651
4.416075
1.7981446
-1.6333827
-2.193546
-0.84048724
0.9004878
1.0531886
0.8378601
3.346298
1.5068022
-1.0446343
0.6980343
-1.2334017
-1.3704351
-4.525622
-3.4495282
0.9906161
0.05042288
1.0642588
-2.5207276
-1.3619636
-4.2613606
3.826239
2.9716423
-3.9792185
-4.9854627
0.5515951
-0.99776393
-1.4983937
2.7777221
-3.291304
1.4514809
-4.2003317
-0.371585
1.4460309
2.9148085
2.3493266
4.136133
-2.6068556
0.28021407
1.1527573
-3.2851481
-4.5009103
-0.30024993
-0.96422154
0.14974876
1.0929744
1.8856579
2.1975288
-1.8208658
-0.03537333
-0.8480461
-2.0811796
-0.13599344
-0.11023218
-5.235541
0.7158646
-2.3836207
11.143051
12.716265
-4.0377207
8.636439
-7.790896
-5.9027834
4.7797637
1.8065567
6.953542
6.175675
-8.961208
0.9260818
-1.0307149
-8.873311
1.1334254
-3.0414076
-4.56438
4.059924
-1.0847923
-6.7758665
6.3990645
4.7508006
-3.8563552
7.756962
0.27044636
-5.55666
6.57934
-6.1331143
1.3198743
7.4473743
-2.08811
-3.0452924
-7.3832498
5.016747
3.2369032
-5.153167
-7.6868134
4.0969253
1.2901881
3.3856251
-3.3768842
2.0442111
8.546507
7.826344
-4.13483
2.1966913
5.3510365
3.4698548
-4.147601
-2.4185638
6.9685187
-7.8829355
-6.191819
-8.208289
-3.9669795
-6.016216
-1.5815779
5.9869723
2.8595648
-2.4158816
4.0664277
6.2605643
-3.8860013
-3.6502664
0.70384026
4.9762826
-6.1113267
2.807928
-4.9010653
-4.424343
-0.03462625
1.52631
3.713667
-5.6012726
-5.310401
-6.201963
2.6631832
1.8926616
3.1417522
4.8686852
3.676273
5.502527
-3.7291148
-2.2969694
0.79266274
6.205453
4.016847
-4.571703
-2.7506692
4.8932214
-4.100941
-0.52366287
-4.9295435
4.579688
-2.9793885
3.49453
-5.044382
-5.2446656
4.967338
3.3661785
-4.166327
5.831085
-0.6962226
-0.8740629
3.8148992
-7.2632785
8.142638
0.0
-8.501956
-15.387456
15.42431
12.595246
1.6156335
16.759718
7.852956
1.6623878
-14.4436
17.757519
2.0863535
-5.4206905
9.563262
-5.422024
7.9779944
16.082512
-3.4538825
-1.0095123
-9.966644
11.074947
3.1318974
1.0919002
-8.339371
5.388469
4.235781
-11.859961
-4.4976034
-9.245464
-0.7507541
-8.518121
-0.06739576
0.22461987
-8.5238285
7.4508758
-4.411138
9.1866
-7.050935
-4.5622087
-11.651159
10.197631
-5.313314
1.1701345
10.871853
2.0366776
9.309704
-7.583451
-11.377689
4.998903
6.5058827
3.4728646
7.5331025
4.5556617
5.087136
-9.469859
7.907064
-9.222084
-10.982855
2.2238295
-6.2167993
-6.219883
1.7393241
-10.02563
8.25255
-2.6054876
3.2425437
-5.767685
7.916401
3.4271264
8.203945
-3.8755934
-3.7117064
-1.9220124
10.797347
11.098636
-8.25412
-6.211259
-8.264588
9.648854
-4.509929
5.0618916
-6.881419
12.418735
0.5375043
8.247451
11.105698
10.2668495
-1.9763135
-6.2958612
-7.325891
10.38634
2.5092592
8.158805
-6.135939
-6.165663
3.8368452
9.032596
6.4694
-9.24088
-4.062383
2.2643557
6.1577253
4.129419
4.773051
-3.7565756
-0.3818666
-7.236561
8.25614
-2.535017
-6.229469
5.967833
7.2036057
-2.6021585
3.8303761
2.5460289
-5.3620663
1.7603225
2.0789967
-7.7156677
-1.2111856
-7.1147776
-1.6024401
-0.105183646
-6.7289424
7.7554717
-4.5632987
-4.749403
-4.303993
4.4983063
-7.5526304
7.2848573
-7.7826962
5.378118
-8.039276
3.5533848
-4.3046203
-8.749594
-1.8202183
1.7996304
-7.0017533
-7.795407
4.159775
6.1271877
-4.808956
8.362306
4.7421923
-0.9256155
-2.4418368
5.522402
-1.1370553
5.795955
3.955496
9.147517
-2.725336
-3.1236115
-9.623596
6.8778195
-9.649001
-7.1803637
3.5584261
7.3301044
3.7027166
-7.6617618
4.602845
8.514948
6.7268834
7.6429396
5.1138253
-0.6909923
-7.7030997
-7.369608
5.6551943
6.398557
-5.0790706
-2.891605
0.15076412
2.8828533
-1.3800722
-6.9237294
5.5265923
-9.416832
4.773791
7.4116845
-1.258127
-7.3683
7.102703
-5.0192227
0.75049645
6.3401546
2.1723943
1.8141893
5.5900416
8.861226
7.027295
6.428249
-10.902976
1.9237182
4.963459
-5.476736
-11.472822
0.8242616
-1.2924932
-1.0770364
0.60196775
-1.6231741
8.724678
-5.4484253
-5.901644
4.6665254
-7.555289
7.3701553
-1.3449224
-8.971638
-7.5767956
6.6032705
2.6378844
1.0230327
-3.7159138
-7.7760077
3.2251036
6.7532268
1.2627103
-4.0742555
6.5112743
-2.914205
7.7653327
7.897151
-4.936161
-4.5040374
5.6913
8.978729
-7.8577523
3.1542811
-0.8741039
-4.545484
-7.2117686
3.099413
-3.6446912
6.8773785
6.960882
2.205223
-7.883331
1.4651015
-2.9900792
-5.569853
-3.5614507
6.420762
7.8251643
5.069658
-3.2196639
2.7624202
4.749704
-2.2385733
-4.1267643
6.2926755
-4.500908
-0.59097594
-3.8211164
1.1890875
5.79209
1.3874733
0.43597314
3.6489599
-5.2294226
4.670894
-0.17649737
-3.4340444
5.3825974
-1.1085945
2.913666
-5.2087007
-4.386995
-3.8659756
-5.5231347
-6.3371563
3.7723646
4.536416
3.9368527
3.3522925
4.582917
6.347483
4.749869
-3.705629
4.457496
0.1722603
-4.7888827
-4.747774
-4.351578
5.595787
-0.17077734
3.4155395
-5.466784
-5.07917
0.41003057
-1.4062796
-3.779556
-5.9034367
-2.7367544
0.86121213
-7.8112135
0.0
-11.133738
-2.1056638
-3.7195845
-4.636052
14.245349
3.930567
-14.865605
11.863273
-1.8229431
4.0986867
-0.5864553
11.122159
14.4152975
15.81737
-2.9822776
-4.7436857
-1.7409412
14.409993
-10.079012
10.3514805
12.624176
10.627362
-10.489529
9.41633
11.601894
3.5406294
0.8881449
-12.431908
4.3804035
-0.34103042
-2.8475125
-2.4814563
6.8791494
1.7589788
-2.810226
0.15408607
-8.753004
-0.78833324
7.8594036
6.963963
-8.988856
-2.598045
0.010812496
0.24355362
12.86392
-2.5268333
-5.440712
9.316014
9.32939
6.875438
0.96989304
3.3102148
-8.963369
2.5628378
-7.808171
-10.137347
-7.7346926
10.439079
3.998761
3.2139983
10.592761
-7.60393
-10.632204
-11.153893
5.5806856
-10.95242
3.0735812
-11.0468445
0.9648331
4.6283307
-3.269281
-10.98565
-5.022269
10.728819
1.2147865
10.887454
-5.258367
10.767175
1.8040534
0.56121314
-5.547725
3.027655
-12.422988
-10.4896755
3.9127471
-1.9530159
-8.47872
10.523214
-4.3578343
7.6767764
7.4686112
1.0806702
-2.9271777
12.287498
-4.9007864
3.352292
-0.7503858
-4.240065
-3.6767042
-0.9836365
8.892135
-6.359413
-9.059516
-0.60836685
-0.6884167
-7.4118643
10.315311
-3.7937107
8.774207
2.212689
-0.15618302
-5.4683537
-1.5961666
6.9033318
1.7658318
7.908149
7.7403984
-0.5313704
6.2086864
-6.7227263
-2.7878811
4.5337753
-0.6589382
-2.9304762
5.368345
7.8226795
-3.658251
-2.1500475
-0.74448067
-0.4572142
-1.1658401
7.9162965
-9.135817
3.4346955
-7.411955
-7.67193
2.3500102
5.8070183
-2.2375996
2.1958754
-7.1231556
1.681919
-1.9628836
-1.604287
4.6324635
6.3040333
-7.577684
0.08448347
-7.1195474
7.3953457
10.387029
-7.8197045
7.7302623
1.5803916
-9.049646
1.9822085
5.721887
8.837711
-6.368101
4.366781
7.930387
4.445564
-5.560742
-0.14644638
-6.259024
-6.409711
-4.948032
0.666444
-7.3070936
3.9156945
-1.1461449
-3.453224
0.14536165
4.3994527
-8.188609
1.0805378
-6.1535454
5.6066685
1.4953082
-8.254136
8.922037
-7.720045
-2.4533293
-7.566223
8.391819
-0.94160277
7.0675306
-3.8650646
-0.46641892
-0.38856205
-4.5243974
-1.3904678
9.447808
-11.787524
-11.041058
4.757442
-9.955831
8.11571
7.7395263
-0.09886799
4.9734173
5.192915
7.0449696
-7.7056866
1.0606128
-0.7164804
-1.343508
-7.8389573
5.820987
6.9472804
-4.2886267
2.9510665
-3.175392
8.896615
2.9893577
-8.091522
-7.712548
7.5429893
1.0411015
-6.79912
2.6673234
4.173208
3.6456795
3.787779
-3.6899254
-4.2058463
-7.807891
-3.996522
1.4750693
-1.6310163
-6.2074146
-5.7036695
-4.010839
-3.1161265
3.834078
1.3628542
-5.95642
7.1365347
-1.5393596
1.5749285
0.20809358
-3.9221802
-3.298386
-3.0338516
3.742366
0.34275222
4.584901
0.1616222
-3.0100205
3.0743964
2.2389295
3.5122967
-5.6582546
-6.121992
-1.9178188
-1.3792832
2.1305382
0.82749915
-5.4118314
-1.6699771
3.9384696
-5.8371115
-4.6223426
3.2902591
-4.70848
4.3595166
-0.14109084
0.6057703
4.6458054
5.228655
-0.93270504
-4.507629
-0.0064824517
1.9759969
-5.432548
1.7065136
3.4663322
-5.867272
-4.5983024
3.0146737
-4.881892
0.3952542
4.5547957
1.7056128
1.5595365
-6.166834
-4.8398666
-4.058831
3.2723253
6.2022676
-2.2960625
2.2384403
2.2194371
6.8268175
-0.3013027
3.5680377
5.049108
4.8735466
5.6277113
-0.0
8.284106
1.9176282
-13.999297
11.922741
-7.318872
-17.19743
15.419606
12.202956
-14.809858
-5.4650283
-12.024299
3.7558575
-4.315029
-7.6527753
2.5483453
15.6650715
-7.334709
7.387618
-9.795186
9.619509
-6.9089227
8.298833
9.441067
-7.349651
7.8814034
6.394178
-6.142912
5.608981
10.85455
3.6365633
-4.7200837
5.342673
8.850969
-9.292855
-10.276555
-7.212688
-2.870184
4.561545
6.028936
-10.770278
10.427818
0.9963193
-7.938437
5.9326215
-13.400855
-12.681814
-8.05734
-3.449585
6.2819076
-8.790168
3.8472083
3.9716446
9.19264
1.30695
-0.072863825
-8.625861
-0.10159761
-10.942931
-10.812374
-10.714199
1.8845758
-1.268781
-11.007021
-1.7790201
4.4062867
-5.6332965
-7.293342
-7.3685007
-8.284701
7.4642878
0.18669645
-7.162713
10.744957
-11.077409
-6.819481
-11.0068655
-12.548621
10.928362
-7.4362707
12.57971
-8.1745825
7.363445
12.016313
8.547314
-3.258471
-12.527084
-2.0435936
5.726119
-1.3900231
-5.427687
-8.789737
8.696812
-6.76059
8.952109
-5.1569777
8.421388
6.057531
-9.598255
-1.3800713
-7.8776693
-5.084085
6.1383133
5.882509
-5.177414
-2.3455434
7.60169
7.725958
9.521286
4.731385
8.346311
1.7765908
7.585557
-7.5812306
-8.293781
5.7085605
-6.365846
-8.198321
-5.3616476
-4.8737407
-3.95963
3.0943124
-7.9219556
8.243376
-2.0196285
-6.9093924
5.872404
1.1797206
4.4998336
4.025986
7.848387
-1.6860651
-7.5734377
-3.040628
0.5912588
3.9193003
7.117796
7.7846346
-4.160303
7.8896627
0.86369747
7.636419
-3.3806221
-8.629023
-7.2820907
-0.55063874
1.7627244
-2.244752
-1.1040453
3.3357172
-7.7569127
-6.3842573
7.1880116
-1.2567631
-7.9517574
-8.486444
-8.003527
-6.069855
-3.5680938
4.275737
-7.4603505
-8.345876
-1.2165991
-4.4690332
6.7664557
0.8157608
4.933839
-7.7919884
-5.182025
-1.7003933
-6.54401
7.5658784
4.3376513
5.1110196
0.25375953
-3.4758809
5.608857
-4.354922
-6.7469816
-2.4394097
6.125012
-7.91994
-8.410864
8.212709
-0.9367872
-2.3286579
-0.27465117
-4.473829
8.154526
-8.226299
-7.8880706
-1.5560826
8.319045
-6.093945
-2.39663
0.0
3.2720797
6.339749
15.579685
-2.1962302
0.72673625
5.4417267
-1.5896558
15.374766
0.16563037
-1.351779
-7.295667
14.277656
14.526361
8.45347
2.9454312
-1.5019258
8.987007
3.3548594
-6.723552
-10.568314
-2.498825
-11.681665
11.635887
-8.007487
-1.2565453
1.4277303
-4.862609
9.943199
-10.0669
-12.501363
2.5278225
-9.163337
-9.473575
-10.685958
9.437378
-0.91329724
12.60098
8.224889
-2.4049706
11.679924
11.213289
-9.213766
-10.92151
-7.6911707
-6.9985833
-7.341901
6.4015007
4.0616627
11.470025
-7.730569
0.27675173
10.825931
-4.550437
-10.584287
10.74198
-10.373751
9.053212
12.21478
10.961258
1.828345
9.822991
-11.107902
3.718132
-5.723934
-6.197331
10.422095
1.3998542
-1.4425433
-5.525555
-12.693853
-2.7807782
9.551579
-2.5371132
2.1660652
-10.318235
-7.875706
-12.272795
3.4167168
-9.981378
8.937428
4.5408463
-9.367254
11.817503
3.09173
-3.8311996
-8.284005
-1.978664
0.30099583
4.6275043
-4.3010087
-5.17688
10.885063
-3.5667536
-12.664995
7.664019
3.3325346
-9.549445
7.2226677
-7.63844
3.1424701
6.066824
7.654326
-5.1912637
8.358519
-7.6383796
-1.4935344
-7.166284
-7.8134665
7.0197654
-1.3801888
-1.8457972
-4.8330092
-7.6683955
-0.44358087
8.036952
-2.3506484
-3.160053
7.123041
3.6281745
-6.6099052
2.8868768
-2.5181057
-0.051735513
6.981933
-7.9957805
7.625729
-4.2740555
4.07418
-3.2990289
-8.473833
5.4592524
1.7258316
-1.397559
-6.6711254
-8.229547
1.442459
-7.8609633
0.19020091
2.8792408
2.2336562
2.2308643
6.6617007
6.4987407
-4.9208493
4.835791
-2.8460608
4.2777195
-6.5173364
7.93634
-4.0778794
0.9371994
0.07177305
3.8316247
6.2697587
7.337934
3.3806782
-7.3479915
-4.7709064
1.4372919
-5.8741627
-5.167024
7.113464
1.9891425
-9.528981
-7.479412
2.966624
-6.546886
2.6869373
7.427596
-8.274563
-7.334887
-7.557365
1.3560363
-6.6822724
-4.478472
3.472598
-2.1994262
-0.24975434
-9.944967
8.847227
-8.019258
-1.8569709
-0.9145416
7.8875666
-7.8208485
4.9697766
2.443275
7.4045386
3.2879276
8.977823
-1.2766769
-6.5691576
4.714527
-4.164017
0.0
4.665482
7.618082
-15.403328
-11.588965
-15.463985
10.827921
-6.2980814
-8.6901655
1.4249496
-1.1375269
5.5211444
-9.489323
-15.093492
-6.2476377
-1.7932011
-1.516365
4.813187
-9.902049
-7.373783
-11.842237
4.5691323
9.165526
10.285091
12.502996
-5.189881
4.2551284
-10.1314
5.8576727
11.051874
-1.9358249
-6.623046
-10.347378
9.085492
-10.114109
8.7134
4.9447985
-6.0983796
6.889424
-9.946354
-8.122388
-4.6426444
9.64706
10.782106
8.445732
12.947971
3.7270787
10.8250885
-0.8497509
11.681755
5.2479815
-9.838783
2.303183
-10.180235
10.988056
-11.054733
6.3442874
2.0799441
12.545008
-11.081562
-10.674317
-11.1128
4.180294
-10.277599
4.2451677
-5.273777
0.7067378
-11.15074
-11.167795
-1.5894312
2.0672622
-7.9943085
1.389817
4.976556
-10.903306
0.45911518
-7.1533165
12.239282
9.354314
8.05318
1.9802226
3.949885
4.425952
-12.561483
7.1876874
-10.919343
12.050047
4.0084534
-8.661562
5.71033
5.21191
-4.4182076
9.66174
-8.862502
10.341989
-3.044811
5.4014993
10.783825
-0.039115973
-6.2649426
7.9025702
0.47540343
-5.364852
0.07792511
-7.6682253
-7.743323
-1.8385849
-3.3262975
2.776638
3.0616214
3.5064929
1.6825914
-7.6132593
3.1347978
-3.0649104
-4.31627
-1.654796
1.0733483
6.0296736
2.4099948
1.9907564
-4.445996
-1.4872593
-0.8544928
0.119996004
1.5831655
4.9282584
3.102523
-7.141695
5.4194503
4.138054
-2.6292093
-5.1115766
8.849425
2.9411948
-5.8126283
-3.474945
0.8227514
7.3835216
3.0436332
7.350888
4.4106793
-8.904884
4.811446
-4.0068984
1.7695693
7.0347333
7.5574284
-2.5851927
2.1135788
2.4164207
-5.8145657
-4.691586
-7.5913486
0.35349238
6.4006867
6.210211
-1.1359715
-4.2903504
3.2604623
6.3810706
-8.270041
-3.300922
1.0816025
7.0600457
-4.2697034
8.894395
-7.651132
3.5263617
2.7247784
-2.551168
6.8065705
-0.054928143
3.9519715
3.299034
8.327446
-2.3872395
-7.625473
-3.3474286
5.5762625
-3.6889758
1.2161295
3.334908
7.520385
0.55013305
0.44871518
-5.7270193
-1.3831605
-2.3426528
2.5735931
3.8086915
4.0623183
-5.512542
3.252554
6.0730042
-4.3790245
-1.2164774
3.646073
3.7496111
-4.3201985
3.5939803
0.7401824
1.9490824
-4.2711782
0.92424995
3.115852
0.7667862
1.9342744
-4.223451
1.4713935
4.6394362
-0.3042483
-0.2740119
-4.598307
3.8034587
2.8522062
-3.299292
3.8522637
-2.0768921
-1.0940763
3.116475
1.9947752
-1.5982902
-4.5813656
-1.1457895
1.7710246
-0.4368452
2.5640664
-2.398505
-1.3598809
-0.382883
1.1356959
1.6091328
-2.6347182
3.9022694
-4.964835
2.1346014
-0.6101649
1.8821584
1.9431245
-3.2966545
1.1221833
-0.211169
3.3690498
1.7121382
0.59714895
0.078908704
-2.6535676
-1.1510262
3.6307673
1.4625653
0.950902
0.9294845
0.42496887
-0.22774868
-0.49775943
0.16434303
-3.0495765
-1.9952902
-3.800289
0.95952713
0.9079397
-4.133794
1.4688063
1.4390522
-4.093045
-0.30792692
-1.3539305
-2.4991488
0.06706267
-2.6564655
1.9062855
-0.9919148
1.0829374
-4.508893
0.8666525
0.37296823
-2.14869
0.59777963
1.1933677
-2.9517293
0.57041603
2.5263085
1.6907774
0.4559558
2.1854322
-2.8064995
1.0014997
-0.5622627
-1.3854318
-1.3244271
0.4647577
-1.6847361
-1.005756
-4.071717
-2.4544902
3.0098245
-1.3504663
0.9951042
1.9940633
-0.0
5.4094753
-4.0798097
7.638887
-5.0062175
6.8116326
-3.8320246
7.2975903
-6.0892954
1.8420231
-3.6390774
3.5623224
5.7965455
1.5697511
6.078919
2.9968975
3.4054415
-3.5808854
-3.832274
0.48397917
-2.4915042
-6.4135313
-1.3503155
-1.0512754
-5.8813586
-2.7520983
-4.178715
-5.9009566
-6.758548
1.2295065
2.8762732
-3.5986989
-1.2356882
-3.0143266
2.4496558
0.49031875
-5.747081
4.013883
-3.459032
6.5207396
-0.86988497
4.429442
1.342764
-2.3171327
4.0805964
0.65324694
0.8441087
5.2940936
-3.7526612
-3.962698
4.301036
-1.0223675
-2.2354884
2.7261217
6.08501
2.820804
3.269035
-3.4489055
-4.182925
0.73492503
6.377296
-3.5847824
-4.227784
-6.377388
-2.470945
3.0422134
-4.107029
-7.6358624
3.8985767
6.462796
3.7784827
-4.745077
-2.985164
-0.019318076
-3.6867673
-3.9188313
1.7869763
-4.4964643
3.1134102
3.9353676
-5.359422
-1.1208963
1.123529
-4.470177
-2.342376
-3.7596986
6.1630564
-9.310191
5.85582
0.5355105
-6.405188
4.161804
4.536483
4.2899237
-1.9269619
5.4072976
7.381256
-5.797408
-2.3442597
0.5632716
-3.024807
-0.064874835
5.4040556
-0.62290907
0.36532107
-3.347994
-0.43841037
0.3794905
4.2186637
-2.9475346
1.2897587
2.005777
-3.752514
0.48123655
1.8673108
3.9210606
-2.1310668
-0.480845
-0.20521954
-0.31801406
2.2825139
-1.134605
1.1729275
2.98386
-2.280989
-0.6346673
1.1668819
3.595401
-0.6488865
5.2533917
3.3345115
-1.7210037
4.7600503
-1.7155433
2.4350402
-2.1257591
2.0315456
-0.40946525
-1.7888997
2.0708096
2.6505494
-0.40714985
4.639279
-4.922532
-5.4754987
-1.1936338
-0.27287385
1.233166
-1.9208894
0.147724
-1.3837109
0.3367117
4.935489
-1.0417517
-1.5299058
2.8072772
2.4916413
-0.40647277
0.17292957
1.3712366
0.24005075
-4.456321
3.703313
-0.07845498
0.53779894
-5.7281437
0.122580335
-5.093468
-2.8155153
-2.5921912
3.4063191
-4.264682
-1.6391382
-5.48361
-4.917667
0.37820682
-3.2293725
-2.4132645
-1.9406677
0.80369925
5.7824454
0.1881531
0.8000706
3.0765147
-1.3718203
-2.4818256
3.5645065
-1.4692988
-1.5350676
2.913386
3.521148
-2.8183281
-8.332864
4.019647
2.2683556
-1.6724709
-0.598616
3.6694639
3.739594
-6.2634954
-4.0669265
-4.480736
-0.541331
0.29196167
-2.2206259
3.1386747
3.3729994
-1.8057747
2.4062135
1.462785
-0.022717278
1.9131426
4.872716
1.5053236
6.121981
2.2182894
-1.4243659
1.522879
-0.3172969
3.927247
2.7913222
2.6954849
0.21194187
-4.302199
-2.011079
-3.3639543
-2.267714
2.2103748
2.643513
-0.43936855
0.1518186
0.25598797
-1.418454
0.08930518
2.8022017
2.04677
2.0818887
1.273151
-1.3547018
-0.3036946
0.5000795
-1.8868207
-3.3654802
0.88888264
0.9436977
1.7560219
4.940986
-1.0380961
2.924344
1.0500145
4.9038973
0.6032305
1.3807888
-4.122806
0.2754314
-1.2394315
0.86223114
-0.8239047
-4.8103313
0.9834049
-1.0434295
-0.11642196
-5.140765
2.0097976
-0.30599773
-4.687816
-0.60992
2.014728
-2.1871855
-2.3807411
0.76912016
-0.1917854
-1.8943555
-0.69498324
1.7939718
-0.85030574
0.6863322
2.342192
0.41806477
-0.3401947
-1.8483385
-1.0742472
-0.0074131885
-1.2873584
1.8929527
1.4287708
1.9150251
-0.68465394
-2.4324527
0.45803997
-3.4739833
1.4674581
2.3037755
-2.024878
-1.891308
-2.3167455
4.7956495
3.545
0.848161
-4.1943054
0.0
-6.5164456
-12.9263525
8.523572
7.893677
6.119832
8.236056
-3.8169947
-2.3134484
4.9965224
5.15587
7.605266
2.2752256
7.836773
6.7672405
-7.252037
-5.5658264
2.655418
-6.934815
-0.2766936
7.332042
-2.2517905
-0.7336153
4.5792437
0.090084255
-3.644458
-2.1165159
-9.061257
2.5129821
4.8785796
3.618364
-3.7101672
5.6199665
5.545648
3.6538653
4.951289
-3.7876053
2.1807232
1.0934451
-10.362183
-2.8605058
-5.172406
-0.6929005
-0.810933
0.75588006
7.7634687
1.5968633
0.78550905
11.486964
1.5341206
1.4003636
-1.2332251
-3.594347
-1.3881717
7.985537
-2.5935915
3.1265166
-0.7407881
2.9019253
2.674095
-6.892868
2.267292
-1.3916385
-0.737034
-2.3455684
0.51567256
-5.4315386
3.651778
-1.2634417
-0.47415778
0.89223194
-1.3439457
-7.0438285
-1.6259359
2.2082891
1.0361055
4.2502303
-1.079481
2.2298281
8.915494
-0.87446535
-3.074605
3.4992259
5.8772416
-6.914494
-0.88869596
-3.0043902
-7.2653275
-0.7157349
-1.5711644
-6.790721
-3.883223
5.7426734
5.1402755
-0.075233534
-1.718977
0.12573925
0.03633753
-7.0990605
0.9641706
-4.7056804
-0.5920483
-0.1158827
3.2321866
-3.0344336
-0.87467647
-0.5057763
-5.971989
-1.9845797
-3.086747
3.3440814
-3.4235508
2.3321233
-1.4752518
1.0248449
-1.6026928
4.920829
-1.8590319
3.3224125
-0.7481413
0.15251704
4.6075835
1.5561205
4.88519
6.6214824
2.8428261
1.8787502
2.5482137
1.8989116
3.7029297
-0.21658997
-0.13961042
-1.0857636
7.0479064
-0.9778654
-4.1754045
-2.0719259
-1.4795572
-0.6079992
2.9563363
2.6506677
-4.1042366
0.33610535
-1.2153493
-0.7688563
-3.9483533
4.6999726
-4.461724
-0.5798061
0.99329245
2.1680474
0.28126645
2.3830462
4.9671116
2.458744
5.27757
3.9389017
4.506386
-4.6169906
2.5645468
-5.1922507
2.6440587
1.0847762
-3.278417
-1.5619725
-0.040670056
0.14100362
1.3489275
2.2247372
0.14504984
1.4988556
0.22076267
-7.6152544
-3.6831908
-0.05974945
2.2078745
-3.6475692
-1.9024196
1.7544683
-4.471163
0.6998877
2.4977188
4.1452093
3.4034843
7.4594994
-0.38242638
-0.8001404
3.0944104
0.78617686
1.6914126
0.35571355
-1.8152691
-8.334316
-3.482913
5.7484994
0.26124465
-5.97129
2.9771342
2.9717214
-2.8979232
-3.5786288
0.48164675
0.49184173
-2.2063062
5.9920845
2.7240887
0.11606419
3.6362684
-4.109914
0.3299796
6.6435747
-1.8695788
3.7412884
1.9612278
3.0921648
2.8317783
0.30477786
-3.296516
-1.1443835
-0.5704873
-0.47236747
-2.2387824
-1.971351
1.1377108
2.798004
-0.05110618
-1.4036658
-2.4137328
-1.4650931
1.3454083
3.6573985
-1.8607653
-2.532359
2.5294907
-3.414143
1.4551293
4.188556
-0.29431313
-2.1824822
1.5274805
0.61205864
1.4109908
3.5810897
2.8316228
-1.170895
-1.5058498
0.09837895
3.1681683
1.5025789
2.9745986
-1.4101087
-4.1819096
2.6244452
2.5049837
2.351986
-1.3962322
-4.6639724
1.3044116
-1.29464
-4.5411763
1.8845171
-0.78591603
-5.380629
0.561294
-0.39911553
3.871109
-1.9365256
-0.6417676
-4.6922684
2.0013518
-1.6209396
-0.3309108
3.0576403
-0.62599117
-1.4251965
0.12865908
-1.5492611
-0.94139016
-0.6867876
0.64729315
-4.2948537
0.31398243
-0.19547376
5.648168
-3.159354
0.70471156
5.904784
-1.6034609
-0.39137155
0.40005136
0.98531747
0.71873075
5.5703845
-0.61512643
-5.272979
-0.124734625
-0.8638235
0.5572663
-1.8535169
-1.787844
-0.0
-6.2529387
-12.119351
-5.0034723
5.243122
-2.3094766
5.94787
10.683995
-1.1565444
10.6895275
6.059528
4.171779
5.8921084
7.809078
-6.8217354
-3.3903663
-8.016809
13.181953
3.3702762
4.3462825
10.279668
-4.8422
-0.9647604
-9.407239
-5.5741606
1.6536953
1.8619647
-9.3392315
-5.577706
3.3361578
0.72439754
1.8833306
-2.9006183
0.07359067
-0.23674494
-2.3330073
-3.6012673
1.8360924
2.678247
-7.3170714
-0.47119555
-0.69732964
2.4664762
2.1470358
9.8905325
-2.7605295
2.574784
5.025423
-7.226712
-0.45251608
-5.8067217
1.5127406
1.9380482
-6.294102
-4.2759285
-0.8722127
5.1692376
-8.476138
0.17449285
1.0484549
-3.6806107
2.442711
-1.783271
0.22599974
-1.172781
-5.994558
-5.437333
1.524374
0.9546769
0.20249479
3.6033163
5.552929
1.6617336
-2.4521847
0.8229096
7.771162
0.9844863
2.1155415
4.7351832
-0.787074
-2.4914906
9.437292
3.0762913
-1.182021
3.1122534
3.153762
2.3929567
-6.78591
0.50862324
6.2187877
-5.4920692
-3.3229861
0.76498926
1.5977248
5.662968
-4.825414
-8.720713
4.4908876
1.7825418
0.35566944
-0.5015382
1.3116055
-1.420832
-5.34226
-0.2903529
3.2883775
-2.6720939
-2.7557373
-1.1834627
0.812229
1.6714272
7.3638773
-3.2455056
-0.27928925
-1.5683732
0.55254674
-1.4252185
-7.568045
-1.3301347
2.5227861
-0.8120777
0.5722592
-5.2188997
4.831116
0.054961268
0.9699719
2.2423291
-0.38472492
4.158061
5.183196
-6.9262424
2.3547971
-0.38607526
-0.75366473
-2.0288484
-7.7375193
6.6898956
0.49913225
2.542614
-3.688701
0.12798333
-0.08593617
5.538936
-0.7602665
0.8800982
0.15436657
-0.18753277
4.002829
-5.0077305
5.431056
1.9478943
3.3476658
0.6785648
0.0953835
5.530055
2.8329036
4.643638
0.7047341
-2.4286451
7.33329
3.708605
-2.7599533
1.2702507
-0.5113839
0.6492576
-0.4951823
-6.099571
-1.4931965
-3.8750646
1.7854953
3.217483
-0.27687111
-5.4017706
2.7144015
-4.3706527
-2.9545507
-2.741162
-5.4395022
6.027271
-3.2626657
-0.42912677
3.0375977
1.1146116
4.5509734
6.774602
-3.188434
4.3542347
0.59559643
-0.5669271
-7.0548663
2.245042
-1.0570992
-2.1102495
-5.173752
2.6990905
0.0
6.5509524
-7.616505
-4.0645804
-5.7024302
7.324552
4.0340495
1.8527489
2.2997003
8.770491
-3.1291406
3.7958255
7.4496026
2.084914
3.8496761
5.145793
-5.197236
0.33662483
-4.614746
2.9391932
10.177582
-2.4325254
6.1536303
4.9301558
-6.8092847
5.886955
-2.3578365
3.4634209
-7.198568
-6.240775
1.3444297
-7.545649
-0.08136346
1.1905975
0.37590083
-7.86548
-4.1263156
-2.7966008
2.8717062
3.4148862
0.89322954
0.08320589
-1.7213197
5.879465
-4.006407
1.3258133
-0.7701299
-5.632511
3.2054787
1.5248163
0.14095567
5.968284
-7.378868
-3.355142
1.2144283
1.5086683
-0.05923018
-0.6637064
0.96691513
-2.182646
-2.9013135
0.3051575
2.261767
-6.559221
0.01910004
-0.13021469
1.9819654
5.021844
-1.1358356
-2.5199895
2.9435909
2.0504627
-2.6390738
-4.8733068
-1.0325767
2.783092
2.5895617
1.034395
-7.5195446
-3.266996
1.4263788
6.778189
-0.94643164
-1.0081624
-3.5055633
3.6662629
1.5372072
5.196735
0.5046081
0.3493356
-0.2275177
3.0191696
2.0246437
-7.044168
-1.1118497
-2.6704035
-2.3829105
-0.36968997
2.700587
-7.866024
-0.8425471
-4.7398925
3.4044654
-3.8539908
2.3085759
0.98886085
1.2896575
4.1660485
0.107959375
-1.1866064
-0.8557013
4.5248976
0.87948155
-1.5673872
-2.7219427
-4.4955807
-2.3691933
2.3267698
-1.5521463
2.6850908
1.1745926
2.0823185
2.3288937
4.6992702
3.6298108
1.7609975
-1.2261481
2.9198625
-0.6957075
4.6086507
-1.8087196
1.5945191
0.92436075
0.9161553
1.7970437
7.355583
1.1893659
-2.9277148
1.2002803
3.365471
2.9876275
-5.588156
-1.2340641
-3.2455094
-1.2769167
2.083136
-4.147894
-2.6365545
2.1881049
3.823594
0.9038233
1.1729299
-0.52874935
-1.8755373
-2.0243168
-1.9155861
1.4430898
-0.26181895
-0.12223327
-2.5661135
-4.269542
-0.3983867
-0.6448778
0.011728354
-0.4929907
3.6247146
-7.046587
4.205073
3.0280201
-1.454296
-1.8458453
5.167595
-2.9197314
0.1770679
1.8894048
-2.4711666
0.4147852
-1.5063848
3.307501
-0.2594592
-1.9170225
-2.0571148
-2.5215342
-0.19463205
-2.403579
-1.6426029
0.7517637
-1.2293329
-1.2454143
3.6999383
4.4659576
0.39959264
3.4410186
-2.7743514
0.12209047
-0.0
4.607288
-11.885128
-3.241316
9.810083
0.7616263
5.22282
6.983488
-2.7263553
3.7708967
0.7877114
-3.0565624
6.017961
2.8815794
5.129087
-5.4552603
-3.614514
-4.1667943
-0.2337296
-3.0321558
1.0478009
-1.1432567
8.551088
-9.439212
-0.6363156
-0.25761223
5.911393
4.9259324
4.475941
-1.8399688
6.006092
2.3523538
-9.518188
-0.9296932
0.23787704
-6.3139906
-7.0339828
5.6774173
-3.9438264
1.7078269
6.698204
-1.9240001
2.4603055
-4.93055
0.20890369
-7.2016435
-0.053329784
3.3769686
-3.9377718
1.6103016
-4.8149843
-2.9500506
-0.45872957
4.932772
-3.2468026
0.9396168
2.3875494
7.585922
-0.67858493
5.1305094
-4.327771
-2.1286807
-1.7293931
-4.8997064
-0.627187
3.5709696
3.141898
1.8216512
-1.1814439
-0.038044818
2.3990736
2.7101126
1.2616168
-1.5146039
5.0011106
1.4540261
3.6331575
-0.17138162
4.089159
5.751888
3.6638854
3.8255854
3.1832652
-1.6507695
-2.1739283
-3.9428217
3.4547858
4.042898
-2.566275
-3.7432125
2.1405323
-6.0233436
1.7783508
-1.7384758
5.8498044
1.1698259
-3.7132568
5.506272
-1.4265596
0.95721424
-0.45980555
2.5794842
-0.27106944
-0.032688398
-7.252112
-2.703493
-7.5387735
-2.737938
2.8238811
2.3136222
3.0542245
0.71102697
6.36124
-4.2523856
0.13004814
5.32829
0.88044554
-1.3107202
-4.211149
2.9166
0.36389637
0.71451706
3.2119203
-0.0060618124
-2.5962892
-1.4484813
-5.782701
0.95865077
-5.2397604
2.606599
1.8464924
-1.6880347
-0.5514501
4.136388
2.85579
2.1366265
1.4071443
0.14816694
-0.34339172
-7.0839953
0.3119514
1.0863134
7.429604
-3.3265803
1.4960804
5.757125
4.324783
1.5845772
-2.188627
-2.6449456
2.6375544
-1.084194
2.6083963
1.005405
3.6536179
3.1158543
2.586833
-2.5226085
0.37632027
1.8737365
-5.694495
2.346661
-1.207053
0.5150664
-0.080226496
-0.3878357
-0.8094151
1.4288807
-4.589054
-0.6264063
4.5452876
3.6993294
3.710005
1.8605068
1.1884582
-3.1288714
2.6578128
-5.529282
0.28907102
3.5902767
1.2768108
-0.40564507
-4.637131
-3.8239226
-1.566279
2.3913972
-1.7151015
4.8574595
2.9253662
-1.0203097
4.3888707
1.6264539
-6.7340455
-2.6733844
4.8566203
-1.0022922
-3.5126202
-5.3576565
2.2450461
3.4567108
-5.4814463
3.5527103
-4.346937
7.6162505
1.2726346
0.43807372
-3.1011822
1.1851128
1.7420019
2.0852542
-2.3902755
0.41054025
-4.13851
0.030129844
-0.47159028
-4.9444737
-5.4463844
1.4249772
4.4201355
0.4155868
-0.8768421
1.5687133
4.394641
1.5226581
-4.0906825
-3.13811
-0.042072203
2.3326876
-1.1814239
-2.0218036
0.4820694
4.16632
-0.5552716
-0.73078334
-2.151481
-3.4006944
0.46941864
-1.6682974
0.046904538
-3.815751
-0.5243622
-3.7661903
-1.5930794
-3.8905945
-0.35375607
-2.7173536
-2.1253169
0.41610983
0.009173589
1.2004824
2.8133743
4.3522816
-1.3910669
-5.390988
-4.9252787
-2.271804
-2.5072227
2.1981423
1.940374
2.4235206
-1.2247906
-1.8444598
-0.039023
3.3714814
-2.3419414
-2.9575155
-0.4593103
-0.5148447
0.5791662
-0.5525445
-1.4282339
0.47942358
-1.9418958
1.7448632
0.52043736
-1.2543557
-0.17175889
0.50064594
-0.5356932
1.4447938
-1.3697667
0.6590455
-0.2930204
-5.2584686
-0.91560704
3.2511928
1.0940453
0.020947132
0.88978595
0.5103265
-1.0417066
-0.56223613
0.74908924
0.9413673
-1.6077564
2.3190582
-3.5947669
-2.703427
1.0927377
-2.2985306
0.0
-5.2775683
-8.97685
-6.389365
-5.9786377
6.4416337
6.8557873
5.607995
-3.2060163
3.8547554
0.18810311
-6.5131116
-2.16197
-5.8506722
6.124502
6.353827
4.6468334
-3.0316534
-4.70773
7.1684737
1.3876705
-1.4284904
0.10753497
10.562377
2.2293365
-0.70335066
-1.7320209
-1.2234591
3.6141276
-2.724302
-0.186602
6.5774097
-2.475297
2.211113
-1.8555721
-0.9518618
-2.9378536
-4.34246
2.1215458
-1.732277
2.492508
1.9196177
-0.7403333
3.258073
-4.2599325
1.8278394
-1.9845095
-1.7615396
-6.421875
-6.2540402
5.4085107
0.50220656
3.0208235
2.8559864
2.3071995
-0.76748353
5.2243505
0.27399844
7.3811293
1.017484
1.4248857
-6.652929
1.4564594
0.79024017
4.112395
-2.6882753
1.8716397
2.6562526
1.3420618
8.394247
-2.9645686
-1.7208138
3.002415
-1.4822527
-2.1244688
0.0949091
5.933983
1.546367
5.7009563
2.1882668
-3.6562476
-3.4432628
5.3999557
2.5715623
-2.8051543
-5.444966
-4.526313
4.297348
0.93192154
-5.922894
7.946371
-4.978272
0.9518618
0.9028287
3.6820407
-0.30590346
0.8018706
-2.4741247
0.73060477
2.0263345
1.1507077
3.9929867
-0.96959686
-3.0653176
1.4131066
-5.207474
3.3170788
-1.7524762
3.6519358
-2.850212
1.7619305
2.210357
-4.6127486
-1.8780704
1.882675
-0.9403132
-4.1126933
-1.8149451
-1.8128774
-5.0577455
2.8941164
5.50945
-5.3621397
2.0388782
-5.637563
-0.15757118
-5.017394
2.055089
-3.6002042
1.2703543
3.7671978
-1.890074
1.1019094
-4.6427712
-3.026869
3.1528192
3.418009
2.3420892
-5.5697017
-1.1950468
3.904413
-3.7815316
1.5870993
-1.1860522
4.6173387
-1.8027372
-0.87312365
1.3248165
-0.9520118
3.034091
-0.66636217
-2.0412192
2.2284694
2.7320528
0.361359
-0.94914746
3.944076
-2.3608007
-2.048879
5.342923
5.6658463
-1.0327859
0.9218602
3.245652
-1.6836643
4.6827865
3.0628598
-1.9508077
-3.7873147
3.7983956
-3.4204867
5.5513196
2.1840382
1.2301993
-0.69688666
1.0093828
2.2287695
-2.6745827
-1.182289
-0.6147722
-2.4590633
3.0952373
0.67584336
-2.8452425
1.9019237
3.0083816
2.2894075
-1.752534
0.5954562
2.133573
-1.1356351
-4.833757
-8.146747
5.011832
6.2832866
1.6192743
1.1334339
-6.925321
4.000857
3.4687526
-1.3607674
-3.8483198
4.688904
4.200577
-0.6553726
2.917239
0.40677667
-5.8423634
2.9320133
-1.6779916
4.741898
-3.180766
0.9214618
1.6795175
2.2340598
1.1973221
8.19889
-3.4530168
-0.701803
-1.3569477
0.8699308
0.3667948
-5.0788045
-1.5722306
-1.2985927
-3.6283288
2.2468417
-5.0471187
2.6107557
2.402293
-1.8908508
-2.7325108
1.3372375
-0.5551563
-3.6043508
0.9006275
0.0732113
2.3492618
-5.471946
-3.775198
-1.9102203
-0.9142839
2.2432275
2.2322834
-2.3093772
2.7815456
-4.685747
-2.661636
2.5716171
3.268164
-2.97843
-1.240568
3.8689744
-2.7205348
-2.899104
1.257869
1.6305326
-4.120667
-0.4464824
-3.5514262
4.0018907
1.4898098
2.6650302
1.3927493
0.07788088
2.0013735
2.9081564
-2.392816
-4.4168916
2.4684417
-3.4200802
1.8219386
-2.469786
-1.9176906
3.7021453
0.7564951
-0.6118323
-0.27324456
1.116957
-3.2394092
3.2828085
-1.5299816
-2.0485933
5.262692
0.92172325
-1.3842269
-0.5241368
0.18349653
-0.32829544
-1.4418322
3.9956675
0.82306916
3.9965394
2.3970802
-0.24331439
-0.112375975
4.289865
-1.2483182
-5.296297
-0.64162296
-0.0
-6.2713537
-13.191921
9.599044
6.2119546
9.741929
10.734679
-8.09005
1.5601866
-0.034153886
0.18777645
0.43615678
-9.213991
-3.4985657
6.018791
5.0241237
-0.7596155
-5.5005093
-5.720711
-2.6947117
2.5015845
1.494218
1.2348385
3.585006
-10.439889
2.4923854
-1.595112
0.006441893
1.6924733
4.956597
-1.0924386
4.914006
5.9700193
-1.7136301
4.410617
5.0720253
2.1266224
-5.7880044
-3.0626116
6.2847266
-6.6746206
3.2654285
1.3601862
-6.1386504
-6.3869796
1.5004609
2.906144
6.1659145
2.1495125
3.158985
-1.2180882
-6.085666
-1.4266535
-4.9654164
-2.9880779
5.7186413
0.4224319
-1.5125867
-0.7959156
-0.5334033
-7.703024
0.10281295
-0.38118473
0.16780001
3.3039632
-3.8887787
-2.3486059
1.5146736
-2.9849014
-3.09701
-4.2687216
1.2498846
0.014168303
5.1434636
2.3551068
0.26135984
-4.580043
-0.2272948
-5.1696615
7.423322
-4.123275
8.976532
-3.2627828
-1.7170761
-4.206409
-2.7144032
1.3521366
3.3567617
-6.611249
3.0697758
5.25465
-0.14759316
-3.613226
-1.5470796
-5.1423936
-5.7011485
-6.510877
-5.654237
-1.1224887
-0.050164573
-5.963188
-0.8170347
-1.8104393
-2.5246832
3.8096864
-2.5265057
6.5761986
5.120222
-1.9193494
4.60078
-2.0899706
-4.230632
-0.28232884
4.6480722
1.2012085
2.818157
1.5855781
3.1678112
-0.033064358
-0.38272935
2.413077
3.1373098
0.06808555
-2.1475866
4.1819706
4.202719
-2.1700234
-2.2530968
1.8729615
5.6042023
-0.25214007
2.5252216
0.95408845
2.0106115
-1.460612
-1.5795022
1.4027199
1.5928824
1.8570352
2.1586423
-4.871698
0.81065214
-3.3130476
-1.1830289
0.9009251
-0.50494784
0.80024064
0.9338384
0.16135594
-1.4161866
4.515808
1.5128996
-2.9790568
-6.0624514
-0.7787477
-0.11738152
4.953665
0.5878533
2.076538
-0.6243703
-4.89579
1.0484811
0.8659376
4.852219
-3.6090267
-5.559216
4.534574
-3.944467
0.7626961
-2.650611
-1.1948243
-3.2352312
0.025468634
-3.0737123
3.2473807
-0.48717532
-1.9269546
-0.41357395
6.0118375
0.028753143
2.4347901
-0.24793237
4.743554
-2.2670698
7.8619623
-4.7016306
1.9592271
3.0548508
0.35296848
1.6080334
1.5231764
0.035598427
-9.386163
1.3565319
1.7220136
1.6602981
1.464647
-6.2023787
2.097105
2.5318053
-1.109147
3.5910687
1.4207082
-6.3926516
0.7065925
-5.002195
-0.46087903
4.8829837
1.820163
1.5563183
4.850139
1.1701641
4.150074
-1.3780879
0.9287544
-1.7999524
4.39314
-2.1495113
0.5227786
2.4695833
0.97223336
0.39158887
-1.2759744
1.7615011
-0.7388222
1.9556221
-2.2317462
1.0245818
-1.6616832
-1.6926651
0.75690764
2.9550588
1.9269818
0.21109772
2.7601097
-3.2930748
-3.1808977
0.2830754
-0.9164753
-2.2822013
3.307046
-2.863778
1.435571
-1.7038413
1.206257
2.7280424
-2.442555
-4.144965
-1.323372
-1.2054881
-3.2515821
-0.14461301
-1.072567
-4.2790766
-3.295109
0.12249045
0.6001335
0.4987431
-0.69869477
-1.9018942
0.492637
0.95924616
0.87562555
0.5100585
0.4371501
5.1788907
-3.0149899
-2.4253194
-4.7794538
1.670027
-0.6926281
-1.5236868
2.588455
0.13508457
3.3890991
2.0927038
0.6163323
1.3502672
0.12754558
1.4137819
-4.670233
3.510582
0.4439455
1.3756663
2.0931263
-0.5686196
-4.7546053
-2.5745814
-0.24112232
-4.6436696
-1.6985228
2.6378584
5.188262
-1.3976213
1.3360907
-4.1524305
-1.4725362
-1.1453614
0.21196893
1.7213813
-0.0
-7.3575644
-14.576935
4.0073423
3.4855986
2.6678271
2.5108886
11.429391
-1.7995067
-3.4436376
-6.6651254
4.2228456
-12.073875
-5.5431485
-2.922439
0.10638783
-0.37040612
-0.10016973
3.8601563
-1.7422454
7.1616454
-0.89422727
2.17502
9.840312
9.741059
-0.36004776
3.3121588
-6.4722137
-3.5648935
1.071684
2.6613333
1.5403523
0.9469631
-0.494085
0.5470423
2.6948164
-3.330619
-0.72510016
0.78013766
4.949751
1.1775787
-0.66089547
-0.2249717
2.0919595
10.42249
-0.105666816
-3.6639452
3.4684746
-0.94187444
1.4228894
2.668441
7.1358457
-0.9087212
-0.9628715
1.4344339
2.2484212
-6.6293306
-0.4777603
2.5202773
-0.12298272
-4.935931
1.9381053
3.1458724
0.24040915
2.861741
1.7695714
-4.3967743
2.1640842
-2.7688363
-1.0515754
0.3884503
-2.205687
-1.179229
-1.3456552
3.6854336
-4.8067074
-3.2004654
-1.0216116
2.9024332
-5.6218534
-1.3585861
-4.8944936
3.8608463
-2.0334363
-4.374102
2.3642452
-1.1440524
2.9664915
2.445699
-0.08728172
1.6952319
-0.08891399
4.6089997
3.143664
0.58527136
2.0607479
2.6031535
-2.7959602
-2.4750133
0.4765777
5.126104
1.3683679
-0.25489035
4.931895
2.383876
1.5640184
4.4026747
4.040154
1.5898005
-0.16332015
1.1928545
5.3359942
-4.4020295
2.5647607
1.2913435
-2.8171904
-0.6313409
2.5985584
3.606258
1.9162207
-0.9251095
1.0800174
1.5025606
-5.5131435
2.1282928
-1.9362161
-0.1046217
-1.0560546
0.4679594
-2.801284
3.4378448
-5.8644753
-1.1252353
-0.07801615
-1.7406383
-0.87756133
-2.5938034
-2.841262
-1.8184252
-0.32431448
-2.5129435
0.4256588
-3.076563
-1.1280279
-0.25466955
-2.6787589
-1.180612
-5.105181
-6.8675528
-2.0024874
0.51827264
-1.9387593
0.23330636
7.151387
-7.4181976
-2.9696455
1.5701196
-1.196839
0.34011537
1.1649997
7.5138645
-0.9499472
0.2647141
1.8667586
1.1962514
0.8885801
1.9130448
3.0017784
-1.927676
0.8851385
-0.06949958
-7.14664
3.4300747
0.49582472
-3.070553
0.6551286
-0.9386092
-1.4168149
-0.99652797
-2.9899893
1.1986878
1.7260847
-0.7175842
0.015577764
-5.9994926
-1.0510542
0.39281362
-0.958606
0.5982402
2.4679382
2.894057
0.54836106
-0.6970954
-4.0149045
-0.7939157
-0.0
11.107072
-11.897007
3.412298
1.712997
-7.3742065
-3.2531033
9.499817
2.0536377
-6.8551774
15.53189
3.546525
-9.905893
2.460813
6.2753744
3.2669797
2.631134
-1.2425412
-1.4050865
7.8394074
-4.480375
6.356654
7.5586615
-2.963923
0.6560994
1.8189843
2.9467573
-3.0648499
2.9590592
-4.6604676
0.2534202
-6.733675
4.1872625
-1.1921089
-2.8773804
6.416585
1.7914153
-4.119155
-3.4837327
-8.142988
8.264304
1.4647683
0.32323435
5.739001
5.815223
-0.96568257
3.932762
3.6056938
5.861441
0.55701697
-0.020815387
4.6853313
0.58219504
-0.88433343
4.4334564
-0.7501993
2.7859643
3.5620952
-0.9784094
-1.1651343
7.4845767
3.808521
8.159322
-1.3805851
-2.3591914
-0.2745371
8.630523
0.6413727
-1.0419993
-5.2911997
8.064495
-1.0362132
6.2265625
-3.2149954
2.8613994
-7.9603543
-0.6520504
2.2087457
4.199129
1.0286752
-4.370662
6.9473767
0.5743125
-0.21558428
-6.0322804
-3.4223504
-4.478687
4.078724
-0.31031355
5.409024
-0.84747785
1.9066824
2.220687
-1.6304046
-3.515401
2.6430874
8.736447
0.45752332
-3.1496892
-0.48119953
4.3623724
-2.7289987
-2.7787526
-5.048953
2.5238874
-3.7141001
-7.989574
0.028410038
0.19022714
-1.7279782
1.3533719
2.1678865
1.8449528
2.4773016
-0.68148565
-1.7574822
-0.7280757
1.2897563
-3.1403682
-4.751351
1.7427709
3.8583426
-2.1167295
-4.5817966
-7.2288613
1.6679298
-1.2990127
1.7272769
-1.6164098
-6.3516307
-1.4665437
2.9572983
-0.8042263
1.7874211
-1.885788
1.2031717
3.8111951
-1.4940523
1.7598722
-0.07082945
-1.6895592
6.3388753
-2.8401315
-1.0252329
2.1133673
0.2874366
0.4780194
-1.5117366
3.6485634
3.0220397
2.2798011
1.789023
-1.63119
-3.8835814
5.4784794
-0.8428225
-3.5261924
1.4253929
1.2257313
-3.3345957
-0.79289454
-0.241765
1.0557278
1.8492461
-0.9208368
4.89675
0.2147038
4.3967347
-4.4941936
-0.8561955
-2.1630843
-5.589882
0.57524866
-1.4266245
4.9881268
-0.016994553
-3.6889384
-2.2384644
-3.2880476
2.9318664
1.503948
-0.5239283
-0.33188382
2.0632126
-2.2734518
-3.6701052
-1.0892593
0.76352257
-0.6570732
6.302488
3.9758577
-2.7267451
4.9261427
2.1433063
-4.316124
-0.0
8.139937
-13.024493
-6.031733
6.3616004
-2.3640747
5.4994206
10.760816
-0.12754123
1.3262602
4.123492
6.7817388
-8.46938
1.2897763
5.0767617
-1.8190607
4.43123
-5.7329
11.561247
-3.7363644
-5.5454903
6.8142796
1.8111614
0.618288
6.537987
-1.3397444
0.52656764
3.5826833
-3.8292472
7.053291
-5.687494
-6.369579
-3.6750646
0.40408152
-4.901136
-6.3435087
0.19432534
0.7205557
6.4308753
-2.2925096
1.8223217
-2.2956727
-6.18139
8.024256
-1.2017106
0.3987867
-1.807711
0.25615188
2.8232768
-2.6589985
1.7994692
-5.908956
-2.9181092
-5.025055
1.0407248
-5.8225064
2.0762677
-0.5923768
-7.0995727
0.5507387
-5.12982
-2.191185
-0.2441461
8.181333
0.38836417
-3.3171365
-6.802427
7.04042
-3.615506
-2.274598
6.566369
2.4238634
-2.1266735
3.7969356
-2.7639172
4.353781
-2.0144641
-4.451044
1.6879506
-0.9509429
-4.551355
3.223634
-1.4768894
0.06298444
-3.014107
-0.0751605
-0.20980148
1.9369508
6.543049
3.512375
6.936843
3.407475
0.5940846
4.9119177
-1.1659862
3.9419315
-2.194569
1.8684754
-4.95957
1.795149
-5.97166
-4.3300085
4.372982
-2.2676702
-3.6128738
-5.152528
3.1187043
-2.1111279
3.268701
-0.28465396
-2.9379919
-2.4422011
1.9576209
-3.5754976
-0.4812142
-2.4602928
2.8454275
4.4062743
7.6581125
0.25834513
-4.7720165
1.8909944
2.060026
5.136962
4.027529
7.4402685
-6.441431
-0.6555917
-3.1310635
1.6165842
-0.30092886
1.9250947
-1.105266
-1.2441602
-1.137076
-0.86237854
-3.8612766
3.1193771
1.6033335
2.9066267
-0.7484167
-7.205076
3.4619741
-1.4648701
1.6739646
2.0403166
3.8838797
3.1137638
-3.837205
1.1302449
2.9306524
-3.3759098
-6.3315187
-0.7720871
-0.3858528
-1.3783103
5.187457
4.314686
-1.8134134
3.7824225
6.4806395
0.7880899
0.5006652
0.27916658
-3.6099625
3.5068393
-0.8689345
0.6874807
4.36345
0.7361441
-1.6569599
-3.1820006
-2.8373942
-6.1106668
2.7610874
-2.1966636
-4.4202423
-4.5938983
-4.796672
1.8579216
-3.7299056
-2.570718
2.6930592
1.341839
-4.2874207
-5.033215
-4.9512615
-2.291192
4.767546
-4.244919
-5.078734
-2.0302155
2.623111
-8.068378
1.9624585
3.5823703
8.583905
-0.8965385
1.1253327
4.2374277
-0.16541159
-2.8673055
-1.3928484
-8.298825
-1.7051227
2.822671
-0.86169696
4.125201
0.9434756
1.1291381
0.7207091
1.4823352
4.6652875
0.34410816
6.104965
-0.5697421
-1.471591
-0.366974
-2.7225852
-2.7727988
3.4193952
2.8736587
-0.6446396
-3.4947226
-2.2474768
-0.57176644
0.37374738
1.3902284
2.530572
2.7580855
1.3709898
-0.86800295
-4.321652
-5.7681303
2.2366107
4.840967
-3.7630126
-2.895527
1.7999225
6.49618
-2.3963015
0.23936293
1.1162872
-1.6720544
3.3581133
-0.54749036
-2.413282
-2.2839596
-2.3699937
3.134371
-1.6470559
0.772109
-2.238339
4.590449
1.076505
-2.0029917
-2.13655
-1.1306906
0.5261988
3.8870068
-1.8111274
-1.0691128
-3.123736
0.41204017
-2.3955195
1.4061335
0.9740113
-0.011050857
-0.59216
0.51550317
0.13827074
-0.9202539
-4.599959
-3.2909853
5.667107
2.8706925
2.4330816
2.5429869
0.76050955
-3.1033468
-0.8367895
0.6379046
-1.4053192
-3.1201134
-4.9557137
-2.696506
1.7518641
-2.3439095
-1.4195864
3.7987578
1.780558
-0.6520618
-2.5643332
0.44538966
-4.652899
0.60647625
-5.289373
-1.4143858
-5.6130853
4.5175586
-0.0
-3.4491878
1.674957
5.397693
2.419163
-9.099158
5.0696616
10.68803
-2.5284822
-3.234421
12.293931
3.8304987
-0.5437212
7.501534
7.6112814
2.2956069
7.406167
8.062625
-3.7077188
-3.4867778
-2.2457395
-3.4913902
-3.0202425
-6.0266314
7.861447
6.319621
-6.37177
3.4985158
0.40204114
-1.9468786
-1.7537028
-2.55789
0.016201789
8.041663
-2.3457735
-2.2129562
0.87023014
-4.1558757
3.4553866
-1.9528284
-3.4029486
0.68012714
-3.4348645
-0.7363551
-5.0313826
-3.4192488
0.42017904
6.5073643
4.931542
-1.9769757
1.7527064
-0.37351862
-3.000456
-2.33101
-4.588977
2.500169
4.327798
2.8748355
4.9656415
1.9294138
-0.31985462
-6.2959204
-1.3939854
-6.9827456
-0.49432826
3.34427
-1.7396755
1.7663294
-7.374172
-1.434033
2.8695083
-1.7367517
8.534392
1.2555313
3.9693413
-0.9111891
-3.0030842
-5.667573
-9.209166
-0.5357031
-3.7526188
-3.3112261
-4.2624607
-1.2650812
0.5683077
-4.1983943
-3.0371313
-2.2257228
5.1866817
-1.7736973
0.55244017
-2.3754022
-2.1058102
1.3931502
-6.351715
-1.8340297
-5.2000046
5.996184
4.3143964
-0.5343661
2.745661
-4.314922
0.44008604
-2.251695
-4.9226127
-7.19683
-6.670896
3.4797592
3.2463918
2.755298
1.4637449
-5.030871
2.517408
2.8936012
0.7082518
4.3169074
3.34048
2.3748152
-4.91817
3.3140638
-0.107415676
-1.1386489
3.3138902
7.4301825
4.524048
3.4870803
1.7276016
2.083596
-2.4650354
1.1069033
1.448406
-6.89836
-0.00799803
2.3506005
-0.99489486
-0.34334555
3.4394176
-5.653387
3.7239966
2.055777
-5.6870084
-1.9131043
-0.46265414
-0.6261621
-2.378755
0.8560528
-1.497419
1.5496418
2.3389518
-2.402244
-3.1562743
0.6828854
-3.512596
0.071974404
-2.0943797
-1.2677827
-1.5575039
-2.43097
-2.5680094
1.5884317
0.5019913
-2.8688076
0.24497262
-2.3372593
0.07651901
-5.5083313
1.5917766
0.16165547
5.1975193
-1.969521
0.5949049
-0.018956093
0.54379296
3.2320962
1.1627799
-5.894838
2.9743786
1.0064692
-4.9277816
1.9334656
4.8115544
4.0529675
-2.11457
5.577003
-5.534154
-0.25868058
2.3503315
0.8744106
-1.0498352
-0.027519962
6.0212164
1.2482375
0.41797557
7.277504
3.2647562
-5.5452857
-3.3003047
-9.725225
2.0973213
3.828562
0.26029146
-0.5259542
-1.61114
2.3963304
-3.163224
-4.7378707
0.6415684
2.1576223
-4.6666293
1.8110601
3.2074373
-2.8147705
2.8665977
4.0227313
-0.45261264
-1.7590946
2.4566348
3.0730884
-2.9894657
2.8125725
-0.40858147
-0.9155065
-2.2712097
-1.9060663
-0.6663493
1.8518012
5.181229
-1.8165373
-1.4793849
-2.295961
-0.41685864
2.028919
0.85836226
-8.165478
3.6871462
-2.269822
-0.92007357
0.25260413
-5.0415273
-6.1562095
0.32864127
1.117284
0.16632879
-1.4216843
1.5845051
-1.3274913
2.241131
2.0238268
4.356554
-1.0775675
-0.30622375
-0.4144977
-1.0623
-3.3823462
-3.57266
1.8112961
4.596774
-1.5581862
0.7329382
3.446747
-3.3029122
1.3556739
4.203497
0.8846004
-3.2620525
1.5030178
4.029173
-0.14608099
0.05881274
-2.4133987
-0.087764286
-0.5214748
0.47742614
-1.773053
3.00372
-1.769496
3.102573
-3.4038885
-1.4137225
-1.7027497
1.2115703
2.4148932
-0.21669337
-5.3652906
-3.0393515
3.475245
-0.21072352
0.6508315
-1.0424684
0.41515744
-2.7252235
-2.638678
3.0025225
0.5695187
-1.7033492
5.384349
2.394134
2.3448927
2.652266
0.23036645
-0.0
-6.8398714
1.3679926
3.861228
-3.8791673
-8.031365
-1.2898012
10.928529
-0.050714664
-8.267922
3.5551178
4.971427
-12.229668
2.2765799
2.1132958
4.7811575
9.644213
0.2144115
2.5221765
-1.3059242
1.1880792
5.5320663
1.3244021
5.8782973
-4.1719565
-2.4471576
0.40980986
-8.270579
-6.6890965
5.30857
1.2549015
3.4666533
2.934881
1.3689909
-0.116753876
1.763314
-12.255974
7.141808
2.5228302
0.3418129
3.911348
6.499014
6.32709
1.7972699
7.663221
-8.889763
2.4597025
-3.6888456
0.6426549
4.3356605
-0.17711113
4.7161827
-7.390509
-0.68585265
-2.8049753
-2.1283872
-1.855002
3.4783044
2.6487134
3.493521
3.3016737
0.00084165984
-1.6536748
-3.0293663
3.1741552
-3.8437297
-9.554864
1.4571348
-4.2879405
-2.1690223
-1.8774418
0.69259715
-5.2094955
-3.3744528
0.8420232
4.468206
3.1019077
2.4995372
-3.4642532
-4.451115
-3.456091
2.3526366
1.6775775
4.0636854
-5.7508535
2.1862688
4.5409894
5.5745482
-0.7995826
-0.5832116
0.9232495
-1.2241104
5.8420644
5.3685308
-0.50087535
3.8324876
4.057529
-1.6381654
0.04973595
-1.789923
-1.7378443
3.3987916
4.418117
-4.250491
0.79821324
-2.9403107
-2.7605743
5.121126
-2.1072588
3.826569
1.4810045
-2.2485075
0.6696261
0.5822644
-5.4577527
0.12202162
1.2989339
2.029429
-5.307561
2.17387
4.2616415
-5.010875
-1.746495
3.0662932
-8.349655
-2.8563676
1.7121419
-1.5972029
-1.3343688
1.3882722
7.254844
-6.5549064
-2.9460044
0.4042401
-1.5790504
-5.4503727
4.850195
6.7133517
-4.5350904
0.3152143
-2.411637
-6.032377
3.581043
0.1848395
-1.053106
-2.8561652
-1.310948
6.4816604
-5.1706314
-0.93809044
-2.941137
6.008466
0.4215367
-0.29568535
-0.8283738
-6.53645
3.2776294
4.6672535
-4.9090257
-0.3828331
-1.5078773
-0.10030596
-0.13925125
3.5427232
-2.7851288
-2.0374544
4.4776645
-6.083324
2.2872381
4.490363
3.7791169
-2.6607049
1.0742544
-3.9670713
-3.4247215
4.5100145
-2.715762
3.7831333
0.13770786
2.515925
3.620671
-5.831479
-2.4059522
3.0186417
-0.92978007
-4.5667768
2.1435056
-2.4954996
1.7461083
-3.2413642
3.909426
1.4019642
-4.671153
-7.075241
1.4007952
-1.7319665
-9.079103
-6.3248987
7.061084
4.6995482
-0.2550068
-1.8314083
3.2533593
-7.2972584
-2.0290663
1.9436382
-1.7994212
-0.85832816
-1.2879398
0.6944342
-3.9531603
-3.5342705
1.0423594
-3.2416046
-5.814119
-2.0547285
6.758794
0.486739
4.1955185
-0.69491553
-7.1168723
2.8223543
-0.8699545
0.43291447
3.062081
2.411729
-0.66392046
2.467683
2.2611527
-0.8023475
-3.0068076
1.153146
-4.1211686
4.5885015
-4.041032
4.5503087
-3.1476405
2.6917577
1.5169485
-3.013343
0.36806345
-0.23346871
-2.3965073
5.309172
0.2619396
0.88696367
-2.31794
-0.7482757
-3.9628093
0.4014651
1.547975
4.2333083
-3.420831
-0.094063595
-1.4845884
-2.1185102
2.0547655
1.8934879
-0.8072417
4.032234
-3.689411
0.9129013
-1.0549569
-0.13740462
-1.4391963
1.6007612
-0.4687558
-1.7656764
2.2154818
-0.2786002
-1.1827935
2.364225
0.066341996
-0.56331795
4.3894863
-2.4566007
-1.6655672
2.047851
1.7900637
1.0475556
1.6099879
0.87629884
0.78611547
5.0724583
4.1532035
-2.638584
-2.2897675
-4.1707144
0.8700339
-2.323951
-0.040251255
-0.6488949
-2.2257414
0.9602995
2.094482
-2.3493567
4.5928006
4.2790613
2.6626108
-3.2885814
0.0
1.3444405
0.25672856
0.35867283
-3.96984
4.4066916
-2.02339
2.464462
-4.3953094
-11.604118
1.2308936
-5.568651
3.0295398
-0.07679726
-5.9427247
4.778965
-6.8735805
10.081682
7.4896817
9.743574
-9.585704
-10.4115095
-5.9731417
9.393197
8.147828
6.1454964
-0.426278
-3.4786105
0.39847678
-5.628661
3.6922998
0.03883577
3.173035
-4.285022
4.365758
2.1951666
-3.2377481
2.653842
-7.265611
1.2621714
6.8249736
-2.7329886
-6.776149
9.268253
1.2907004
-4.796008
5.6769514
1.7962981
-7.958847
1.4790306
-4.2352586
-3.0042284
-0.9885313
7.2383213
0.9537361
0.25165287
3.8195357
-4.5826693
2.2711322
-3.4400399
10.247107
-2.7714462
-7.859893
6.661986
-1.7605689
6.1715994
6.2805443
0.3096951
-3.2711496
4.072829
-5.637169
-4.559965
-1.6229607
-7.379148
-1.5969448
-3.9952714
7.25982
1.439565
-3.0561812
-1.4479394
-2.9195325
4.344822
-3.3045673
6.5554585
-2.8815248
-5.7379475
3.7727065
-5.657173
2.237201
-4.328215
1.5498031
3.477015
5.2190924
7.1548676
-2.766992
0.39737898
-3.0857584
1.6973395
1.0404041
0.870807
2.8478746
-4.383496
4.885659
3.695375
-2.7785773
-3.5335124
4.347672
-1.7956614
-1.6675645
3.0703275
-3.3006454
4.3017993
0.6333113
1.6860238
-1.3011022
1.5037553
-0.74747944
6.716118
-1.232751
-0.38071722
1.4136374
-2.1708174
-5.825269
-4.1718335
-6.070743
4.078058
1.0487092
3.819301
-6.449223
7.6839843
5.662392
-2.0620096
2.6063833
2.9302812
-3.1081905
-5.882208
6.0273743
1.6894677
-2.181807
5.0811667
4.2182627
0.2611869
0.91726273
-5.646077
-0.7451338
4.981006
0.44387767
-5.049215
-6.6421456
0.42343405
3.8511853
3.3721616
0.30164504
1.5605277
-0.3577503
-2.667304
3.1162016
-5.575796
-2.497903
-3.5553904
-1.2554153
-0.03796778
-0.42148197
5.168187
-0.9837601
6.5315013
5.9672785
3.267872
-0.24293347
6.1929736
-2.5910616
-1.6889886
5.4642
-5.1591477
2.3642998
2.3103526
-3.1283815
-1.4300885
-2.7719316
2.203084
0.30071056
-3.1012247
2.6908767
1.472492
3.6590428
2.6114988
0.15909533
-4.1317406
-7.0141816
7.0875435
-6.4411163
-2.32932
-1.7399423
-0.6593269
-0.5850599
-0.0
3.8470752
-1.5347668
-8.38593
1.1691154
-6.1422443
-9.999866
13.438498
2.7357354
4.125215
-9.514176
4.7788057
2.0976284
-4.207677
-2.4633393
-7.1126094
-3.5477023
5.5700226
-3.5028963
-1.7885348
2.353363
-5.3757696
-1.3177212
-2.059656
3.8778553
-1.6138576
2.514532
7.6224113
6.268019
2.1264524
0.9862986
-4.6370673
-3.7868657
-4.2175245
-4.641936
2.5659187
-5.210345
4.8473835
-4.9188523
-3.0330677
-2.406012
-3.7577734
-1.6850508
3.882098
-1.2686542
-5.240043
-0.432571
-0.47880113
6.3567743
-1.0671012
-5.599305
4.6422834
3.4739618
2.8754673
-6.447353
-3.0297303
1.9472016
6.933237
2.1499646
0.19864453
-7.1702485
0.37893617
2.8881335
4.915218
-0.060482282
-1.4126
0.757267
-0.19283876
5.481142
-4.61503
0.8237183
-1.5313106
-8.153954
-2.783702
-0.8870137
-8.872222
-4.4350953
-5.149962
-2.0151174
-5.4487286
2.7441037
4.535579
5.747498
3.7036114
-1.7994645
0.40226015
-0.7517967
-5.6339917
2.1697407
0.35269058
-2.0283692
-3.568986
-1.2865239
3.8064203
-1.9147078
2.6644738
-2.631469
1.6587327
4.5600986
3.1385212
-5.941432
3.2288375
-2.0000153
-2.4364061
-0.90804696
-5.164256
3.3108222
3.8239007
3.0940266
-2.488649
2.3851724
-7.0241504
6.527165
5.5924306
-1.8584728
1.2173625
2.1776736
-3.1009886
3.1203177
-1.5203063
-4.423167
3.1825206
3.7767413
6.5928774
-1.8279836
1.3414931
-3.0608604
2.1568491
6.896073
1.3907589
0.8091676
5.1735125
3.294578
-0.24357027
-5.2916307
-1.633993
1.4523273
-4.9446144
-4.0389996
-0.9085926
-4.871736
-3.4148202
0.40523404
4.1586385
3.659507
-3.2633746
-2.7145917
-2.9746573
3.6827364
0.2623645
-1.3714507
4.955677
0.5551259
1.2189226
-0.71350926
0.07108804
-1.361621
5.711729
-4.1329856
2.8550098
-4.0015717
1.6053534
2.8847976
-5.199673
-1.707609
0.40513685
3.1704965
-1.9148657
-0.80290556
-4.2006683
-0.4890466
-7.019919
0.86423403
0.74056005
0.85297585
1.979993
-4.911331
5.522924
-1.412848
-0.33694902
-1.021249
2.115662
-0.8714441
0.9113924
-1.6762173
1.7351441
-4.1854157
1.9919767
3.5757105
6.7338676
3.301741
-0.58805877
3.0234196
2.4546087
3.2598634
0.0
-12.704447
2.2206156
1.8690954
5.28096
-7.666813
11.466288
5.2230487
2.8906193
-7.905102
8.50353
-3.9314144
4.3763704
-8.797199
-0.26441768
6.554914
-4.703406
-11.331086
-1.2373092
4.107375
-5.496598
2.9839208
5.014369
3.6702507
-8.262308
-3.0966141
-8.216425
8.576847
-7.85373
1.0281315
-7.1515045
4.407926
5.4521046
8.200039
-4.427085
-0.48727724
9.675409
1.5780003
-2.7237878
-4.0830183
-1.0556056
0.15003352
6.7456255
-1.1310548
0.36161107
-3.5399044
0.9068747
6.292858
-3.070559
-3.263171
-5.0489807
0.21348232
0.5594397
-0.36332026
-1.5611321
1.8404473
-3.6274228
-4.350258
2.87257
-2.0949173
5.7137485
-1.7798516
5.1917286
2.9472978
-0.20495668
-2.8177147
-2.4915643
-3.3970876
4.2741485
1.2385261
3.8219857
0.27992833
-3.8978295
2.9678605
-1.9205258
2.1687775
7.0044065
-4.3119736
-0.19361815
2.3969326
-5.247087
1.1765361
0.008176378
0.4862835
3.2832696
3.3926973
-4.069892
-3.3881953
-6.238331
-0.41721672
9.185273
7.7264466
-6.6186724
0.19812655
2.9773035
0.99815845
4.3218923
0.15409711
1.4897091
0.048343737
-7.8560786
6.01237
4.789673
0.16290289
2.0501795
-4.2274137
7.104926
-1.790711
2.688079
7.3642287
-1.8620305
0.14480703
8.046575
-0.9567771
-3.31319
1.5278045
2.0226824
1.8562173
-1.6282766
-0.08106671
-2.195283
0.25581947
1.910595
5.2212925
-1.7755888
3.0364997
-2.9099028
3.4642773
3.6219742
-1.8313203
1.4059203
-2.419951
2.4120972
-5.6199493
-3.0271993
4.583793
-6.1262474
-0.34729803
2.5701137
-1.0048314
-1.3829087
5.2920656
4.769632
-3.9923143
-2.3496976
-4.026653
-0.9906641
-3.3493018
7.214555
-1.1459008
3.3543913
-2.1268036
-0.014639144
3.8785071
2.2895985
-1.6521755
2.0131366
0.50851786
0.91332644
-0.4010378
-4.83211
5.0262704
0.8020481
3.4839885
-0.58446944
-2.223466
5.624868
-5.555451
-3.08949
-4.792736
-2.3161807
5.9905596
-2.1888528
4.9999986
1.4275887
-5.1993866
-2.468946
2.14027
2.68868
-4.3242574
-0.45184258
4.7178025
1.4978826
-5.868631
-3.7246585
-4.7321935
2.0077987
2.5997076
-0.42372286
3.7137957
0.8915976
-3.0702114
1.2486837
0.88584936
0.5632674
-5.500865
-1.4873937
1.701494
-0.93727154
-4.173825
2.8245988
3.3104107
-1.4171951
4.8585925
-2.3779109
-5.7350945
0.7599651
0.5656275
-5.90402
0.31811664
2.0297422
3.169501
-0.2922019
5.4378147
-0.33872446
-2.5725775
2.4142299
5.9021583
4.214105
-3.5565255
-4.0719557
-2.5920336
-5.561355
2.503875
0.25783378
2.5819457
3.1350951
-0.99096507
-3.0409305
2.6586714
-3.9723918
0.29883915
-2.9778776
3.3302882
3.9150925
2.8258982
-5.665397
2.3158858
0.7467699
1.9357053
-0.56653297
-4.3785663
-3.5379796
-3.0364943
-3.5260677
-1.2300256
-5.536662
-3.5106032
-0.046700217
2.287032
3.945082
2.7222455
-1.7630316
2.0924315
0.24424747
1.5917416
0.7589547
2.6879978
3.2752564
0.524196
1.3662583
-0.36307213
2.0192697
-2.5224178
-0.9545678
0.920491
-3.5874913
0.18781137
6.0568023
-1.510424
-2.3556325
0.6932756
-0.8920533
-0.7233094
0.41098037
-1.2065954
-1.8146455
-0.15762843
2.021595
5.2969418
-4.372802
-2.4732132
1.9924322
-0.6235372
-0.9264313
0.44857585
6.025196
-2.8157153
-2.5994883
1.3283286
0.5955899
-3.7607086
0.9464744
0.4489954
-1.3413762
-5.3260303
-4.3344355
5.1399703
2.9153662
2.4405744
0.0
-5.397011
-2.7323003
6.1638494
-3.1828358
-3.3522716
7.3697243
5.931823
4.0853534
6.0379972
2.6340098
10.168948
1.2090454
-6.0141115
-1.1453625
-9.682139
1.26115
-3.8013556
0.34671172
4.30104
-1.0291693
-3.921936
-8.010559
-5.9990788
0.62723094
1.1989506
-1.2067924
1.4709159
6.784233
-6.329063
-5.4988894
6.9245267
-1.1524141
-0.2015561
1.2213451
1.022913
4.543065
-4.4857235
-0.8238924
0.6642377
1.8360337
-6.285399
-0.39310125
-4.0629926
-3.1450927
6.73934
-1.4777879
5.5965967
3.3196478
3.3082917
-6.7244143
0.07980173
3.2395368
-7.8942637
0.19796
-2.5128136
-2.9480743
-7.1387906
-5.527002
3.0800157
2.5046046
3.0404763
1.7895805
-6.8403926
-3.6314719
1.7659945
-0.9243779
3.1857011
-1.6465213
4.8124847
-0.25896305
0.5567767
-0.6543745
3.842767
6.9956255
-3.5819402
5.1173644
1.7137203
-0.8319654
2.0346706
7.0632734
-2.921213
-5.9058433
-5.52324
4.6608887
4.8302736
0.73897684
-1.8433915
3.21668
0.99908245
0.4893916
3.4857664
-0.24827696
6.1522994
-1.4602545
8.026242
-1.1231037
6.2131453
-4.06242
-1.2951643
-5.293289
-1.0612643
3.1633847
1.0397997
-2.1193213
-2.0909812
-1.2627983
-0.5445711
3.1735642
-1.3954493
1.9106616
3.252176
-1.5881046
0.2814352
-1.548685
-4.7718363
0.6194233
1.3868228
-7.417292
4.9188304
-3.878843
3.552357
-0.021343235
-5.743486
-2.1451507
0.08680332
7.0486107
6.0215416
-0.27179915
-1.9839084
5.1476264
3.7306027
0.14657103
-2.9736464
-0.37294355
0.6788253
-0.032554436
-2.8141785
6.0483303
-1.4726413
-2.4942384
-0.08286296
0.8604026
1.0025171
-2.2813423
1.1623456
-1.0673373
1.8645393
6.0528994
-0.1366509
-3.694748
-3.0060434
-1.7665502
-1.2087358
-5.4101133
-3.1336422
0.7934205
2.1031406
7.0591893
-5.801438
-2.8353596
3.6967561
1.8220545
-3.1657684
3.774555
4.7699966
3.9068923
-0.42939213
-0.3377492
-4.755285
1.4633545
2.0026803
-2.0127845
-1.5578301
-1.6171697
-3.2604873
1.2280169
1.2068205
-1.4517109
-2.3188348
0.16859247
3.408816
2.8322573
-1.5212122
4.0043697
0.71361804
2.511797
-0.66795766
-3.7791762
-2.927336
-3.0778806
-2.3589518
2.668123
-2.63117
4.597974
-3.234387
2.8091426
5.3502207
-2.6343412
-5.211078
-2.925449
-0.48694265
-5.8678174
-8.272057
-5.4467325
2.409847
-5.675278
4.4875207
-5.0915227
-1.4723552
4.038214
0.62079275
-0.28797045
2.4109359
2.0211842
0.3843314
-7.9296575
-0.7288399
4.7102427
-0.9272197
-5.899825
3.7670295
-7.9320254
-0.29264098
0.16574137
-2.6163166
-2.984842
-1.2407937
1.5792065
0.4159887
7.666907
1.1015214
-6.199592
0.4659494
-2.7576811
-3.7830257
1.2888411
1.0101453
2.7786405
-0.84901136
4.631174
3.367744
1.3737272
-2.1252046
0.24837443
-1.7208495
1.4277222
-0.5563338
-1.3240031
0.8071973
-0.973399
0.87262493
3.1080778
1.6625898
0.293869
-0.94219846
-4.0533338
-2.2806125
-0.46943945
0.16265623
-0.7476125
2.8728662
0.89960027
-1.087574
-5.024916
2.9546452
-2.6272264
0.44803149
1.0863075
-0.6184002
-3.4389174
-3.2520146
-0.050970405
-2.2737267
3.7465596
1.8488227
0.47562978
1.0645038
-3.7867894
0.21237464
4.1738296
0.1303512
0.88432163
-2.4785407
0.520313
-0.07415892
3.7362013
1.7051713
1.0485588
-2.4822898
-3.6770134
1.2458533
-0.7148423
1.0455127
-6.5631905
-2.5639677
-2.419264
3.171055
-0.33556798
2.3193626
0.0
-3.6913748
-2.0383394
8.966977
2.4053986
-9.707342
4.058876
-10.030059
5.472897
-1.8387488
5.915182
-13.147685
2.6941202
-0.9400396
-5.353952
5.279724
1.0707297
7.2337313
-1.4489484
2.246948
-2.276222
-2.4420457
-2.3129158
3.2822192
-0.40361297
8.0467
-7.3148465
0.122014865
3.339352
-0.9716588
-1.7317364
5.0127835
-5.6808543
-0.76716214
-5.9726944
9.972644
1.7427647
-6.303338
-6.946053
-2.1157312
-5.3732347
-4.8727283
-4.778702
-5.760739
-6.299184
1.0393528
1.7147965
-2.0359118
-0.70739025
-1.5447832
-0.40977353
-4.638089
-7.200068
-0.5887168
-2.5903838
4.410873
-5.596089
-0.43682608
-0.9826141
-7.3292875
10.507725
1.3563442
-1.8097873
-1.1757962
-1.5136155
-2.7556102
-7.2671504
-6.01046
-5.2762136
3.9481344
5.9383826
3.092217
-0.93958247
2.5000796
6.1798306
0.90074176
-0.057858508
-1.3618068
4.9436455
6.7237053
2.4228358
-8.297872
-3.9283016
-0.5233845
-1.4442663
-9.213015
0.5053303
6.1931767
-1.3263994
-5.042314
0.9374761
1.5347716
1.2914289
-1.754
2.503571
-1.4785367
-0.9336462
-0.7148622
4.663568
3.7733195
-2.0880914
4.9747987
1.2365994
-1.8598108
-2.386044
3.310458
0.57010716
-2.7291665
-0.8292563
1.1876451
-3.589604
2.2104187
-4.3800716
-0.79999626
2.8762355
1.5424659
-1.0698894
4.507649
6.9123774
-2.9794471
4.1594906
-2.0278597
-2.6696532
5.412453
3.2927125
-6.9543896
-1.1057222
-2.2088227
3.7000961
-6.379425
-7.8707013
-2.595583
3.9869337
-3.445021
-2.126661
1.5787524
3.070024
-2.7817206
2.6170528
-3.895867
-0.39941406
4.4118867
2.5363173
2.2681637
-2.2683573
-3.6276553
-0.22266617
-6.7169895
2.8960998
-1.753072
-0.42493954
4.7334905
1.449924
-0.27035245
-6.008477
4.164257
-3.3822875
2.65329
-0.7576518
-5.2311034
1.2378881
-1.5981939
1.306734
4.2549253
1.1803484
-0.26565048
-2.5673728
-0.26392022
-2.363209
-0.051824003
0.08541896
2.0368774
-7.4306517
0.026300564
1.3748909
0.5263375
-1.8082601
0.93538463
-2.7767427
-0.45080036
-0.68086123
-0.8655192
2.2438047
-0.12263552
6.244629
-1.2619873
-2.7202394
-4.8346844
3.0283499
-2.3905566
2.9796
0.66663915
-9.223433
-3.3624382
-0.13275461
-2.083123
1.0752553
7.1183596
2.4371603
3.6581233
3.658522
-1.5002067
0.6733718
3.5753975
2.8179095
1.8099103
-2.9970088
0.007793859
-2.2510538
-1.6416775
8.080748
2.0451787
-4.003738
-4.729559
-0.7663313
-4.657288
2.6437678
-1.056202
2.2584898
3.3224332
-1.765003
5.5969563
2.9793632
1.2288944
4.419729
3.4881399
1.0354829
6.250354
-3.0416534
0.6139106
3.8498023
-0.08438588
1.3015859
2.1366658
0.34313262
-3.0923946
4.5801992
0.21535043
-2.897549
1.3187908
-6.874995
2.0957868
-2.3179564
-2.129079
-0.16388828
2.9665103
6.1276965
2.40226
0.8222513
-2.921815
2.5532136
1.7438095
-4.450557
4.109223
2.2133486
-0.31002742
-1.1974558
1.8605617
1.4231664
-0.8109691
-2.5393684
-2.0669062
-0.5902052
4.032497
3.2439396
3.3212128
-2.8889763
0.6837753
0.11868595
-0.16039275
-1.9486555
-3.816266
-0.2616187
-0.87518483
-4.5937023
3.4648273
-1.4511151
4.0167027
2.3540254
-0.74538755
-2.7530015
1.6306757
0.25386518
-5.040114
-0.31084985
4.2007403
1.8783693
4.264879
-2.0677452
0.42455706
2.5510662
0.22814713
-0.7438135
-1.3353285
-5.9001255
-0.8919385
3.2606416
-5.105977
0.048428413
0.6894871
-0.0
8.811035
6.647819
-3.7242439
-5.201607
3.116568
1.2528012
5.4729757
-4.4900165
13.185017
-0.8379652
-4.8908777
11.3693695
10.616301
-0.18779422
4.076693
0.43790066
7.303902
1.9658961
-4.083222
0.06782765
2.3020904
1.8268224
0.31959993
-4.863854
-1.8804363
3.7895606
10.251928
8.865129
-1.9744097
-2.315419
3.586929
1.9065073
9.720504
-3.2229066
-3.037596
0.15892224
4.30617
3.4771965
-2.2006433
1.4955455
2.624363
1.3321617
1.1521015
-3.1612504
2.7677343
0.33346215
6.373822
-1.0283089
2.0491595
3.2692208
-1.8966781
4.5100183
2.7301042
-4.175658
1.3018366
-2.595079
-1.8115524
-0.9901127
-4.528681
3.9865594
-4.957936
2.113925
-4.747604
10.719757
1.3332602
4.239058
-6.565372
-0.8854596
-1.3339475
-4.758102
4.750968
4.9291525
-1.3730785
2.1592767
0.7036226
-2.009879
-1.9825581
-3.3712935
-6.581686
-7.014342
-4.133604
6.19156
-4.65422
-6.9342656
4.796401
7.8640456
8.472727
1.2701641
5.2471113
-6.8596034
5.9968815
-0.20319402
1.9557468
7.5641356
-0.6434325
9.2000065
-3.9363356
2.205079
5.6790204
-5.754282
-2.02732
-6.4788966
-2.2272437
1.8564041
-3.6348405
-1.2371844
-0.23553608
2.5276732
-3.181609
-6.2261653
-4.6830244
6.3110437
1.8172857
-0.065746985
-4.8780766
-4.2700734
-0.36435133
4.9456987
-2.9849713
6.856071
2.2762117
0.21484172
4.974063
-6.3028455
3.0569673
-3.3114195
4.019931
-2.0382957
-3.8567648
-5.5390124
1.3400201
-0.28173366
3.2464917
0.116839774
-4.4458117
6.208928
-3.5277052
0.48930654
0.4564138
-0.2515935
-1.8291832
1.3489484
5.36524
1.9126997
0.83566695
3.5066962
-2.586221
2.1937532
1.1273706
1.3798217
1.6537201
-3.6616917
-2.5184958
-0.50677454
0.9140248
6.2219954
3.8956451
3.247237
-4.386389
-6.0847645
1.8534025
2.157441
1.4969894
-1.3012938
-2.2716057
-3.1793478
-3.64612
3.5564566
0.26909316
-2.5884113
-2.3339384
-6.0169106
-0.80247515
3.0191286
-2.3842657
3.919121
2.8744261
-0.53125095
-1.4809742
3.1040063
3.5200818
-3.6039033
3.4653976
3.4696472
2.7171772
-4.173122
-0.4873527
1.7128069
3.604946
-4.362045
-0.080172665
-2.255417
-2.1001282
-7.1894426
-0.0
3.3416495
0.12667911
4.0760617
-4.245271
-2.7569938
-4.152638
0.96724236
5.3108892
11.131646
3.8854687
-0.638922
10.158288
5.9729123
0.7714883
-2.6057649
4.9896364
7.4755836
2.7704837
1.2036343
7.981259
5.738641
-4.412798
6.361412
-2.3872135
-7.065153
3.7054403
1.2019417
1.5317565
2.118431
0.22198787
-1.9211764
3.653692
-4.82889
4.384092
-0.94863695
2.7940218
0.760713
-1.0417771
5.5572968
5.921199
-2.9462407
-2.3667839
-9.196178
-4.7364483
8.21902
0.010053127
-3.039949
-0.41321826
9.122839
-2.7663465
-5.9104567
5.4616737
-0.16929194
-9.517165
7.6484976
3.1059306
1.7683779
0.06482536
-1.837704
3.7833815
0.66766566
3.362291
3.8388426
0.097062394
3.1307042
2.2337885
-0.7735851
-1.9286065
-5.6098347
5.0688186
2.2901065
1.1186182
0.46491307
-8.57402
-4.130038
-0.6900901
0.7061996
9.169458
-5.846331
4.822152
6.51482
3.3878083
3.6640677
4.100789
9.423249
0.925035
-3.2266333
-4.6587462
1.3849075
0.61847496
-1.3327215
3.6761823
-8.585779
0.77688295
5.200917
5.04673
0.74025553
4.330435
3.5478673
5.717488
-1.6331418
1.3048213
-0.6928717
-5.61182
2.1426146
-3.1470397
-1.9953035
-5.2041163
0.7737149
3.338885
6.872053
-2.840505
-1.7092477
0.8690951
-0.8843965
-2.7113354
0.6725013
5.177096
0.8512321
5.9038315
-4.353097
1.0210856
4.516779
-2.9150035
-0.44523793
0.38826764
-1.1614052
-2.8770468
3.871113
-5.8567414
-1.6558682
7.852075
-0.57223356
3.8019443
-1.6867855
2.2700045
2.0728843
-0.33720115
-5.4447794
1.4583812
-1.7591119
-4.761974
0.79510206
6.3474436
-0.6903823
-2.2529259
-7.266786
-4.1652203
-3.6367528
-3.6469147
4.4500647
1.5387195
-4.3459134
-3.5650525
-0.4946871
1.6932414
-3.6706238
-3.6883352
-3.495801
-0.8465975
-1.0957772
-1.0714492
2.6378846
0.37214077
1.866873
0.62828505
1.376411
-0.5427794
2.773213
-0.34760174
-7.359983
3.214385
-3.1837287
-1.8649526
0.9957015
-2.564528
-6.1506495
1.7723341
-1.7368882
3.2192202
2.3971615
-2.4515386
0.35395393
6.8434114
-3.9503334
1.8265334
1.4330257
-2.6096363
0.48216787
6.7374682
-2.720583
4.1977725
4.3189306
-0.90598834
0.0
-0.21342477
-0.69802666
-6.9178905
1.7014215
10.730135
-4.8354487
0.11828075
10.980542
-1.3681428
1.1871747
-2.7328553
3.249564
5.9752965
4.187087
-5.5914106
1.5039067
-9.828999
-6.366006
7.548987
-8.779208
-0.3178636
-0.54834396
7.1044745
3.9520657
4.0204334
-4.6331444
8.119133
-6.17371
-4.304878
-3.7000713
6.1236277
-0.10686887
1.2408314
-3.190986
1.5833791
6.7869334
-6.3292885
4.305741
0.29058677
-2.212514
5.364338
-2.013435
4.981297
5.519802
3.851739
2.6045473
2.5414176
-7.238249
-5.0728374
3.8560112
7.978439
1.8475178
5.020537
7.7255135
-2.447706
1.4654884
5.6525393
2.8476155
-8.650303
1.2443467
3.0763946
1.919953
-2.1340559
5.999622
-1.4103621
1.4824219
-1.138533
7.3507648
1.2266225
2.3410106
2.6606617
-0.14835858
-3.8206058
1.33136
3.2441819
-0.5280403
-3.1700642
-2.3146966
-2.773896
-1.0254309
-4.9407716
-0.5074702
5.9199386
-1.0060627
-0.28041217
-1.7347343
-5.65284
-2.7276592
-3.0983953
1.819342
9.077032
-1.9984643
4.115721
-4.8522205
1.0182976
6.506614
-0.05290369
-4.8729625
3.4151752
-0.4288125
-7.7572412
3.9615755
-4.165613
0.02619118
4.5315437
4.295958
-2.407907
-5.14773
1.4754058
0.3787747
-5.034495
-7.442891
-5.2236376
1.311343
0.5830748
0.606706
-5.132634
0.6455433
-4.3562646
-0.8887156
2.4011943
-1.1877668
-1.1065174
-5.7570324
0.9645884
2.9216835
-0.94308424
-0.45001054
-2.610168
6.8328347
1.27651
1.66876
-2.379426
-4.9981365
-2.352464
2.8878572
-0.24274802
1.5299038
1.0878987
0.0075410716
0.24891819
-5.724156
4.176264
7.040835
-3.1773286
1.0673162
-5.06862
-1.1682113
-0.43628514
-0.84173095
1.0639627
1.8596991
5.514758
-4.047537
2.9354594
-4.3244185
-4.2009287
-0.86710083
2.053031
-0.8853448
7.460174
0.57345086
4.0958486
0.20463829
-3.3882349
5.1583166
-1.9789712
-7.1431327
-4.348962
-2.0452516
-4.342964
5.770527
3.2012396
-0.40881836
4.5226297
-4.727944
2.2183762
2.770776
-2.3988974
2.348401
1.3941221
-1.6690397
-0.64286554
6.198134
-6.7772517
3.6923168
-2.3700273
0.47418857
-2.3985977
-0.58417267
-0.0035955964
-8.044849
-3.814191
1.6926051
1.5340788
0.3589445
-1.5447881
2.7897956
1.5611465
-1.265617
-4.906005
-1.3263693
3.430849
2.0030437
1.3780988
2.151985
2.0806267
-2.2973862
-1.1133919
1.2890556
0.9647011
-1.4843708
3.3182871
-0.20148316
-1.4831926
-2.5246396
-3.381193
0.31960827
0.8339546
-0.8382309
2.4369266
2.8932524
1.4872581
-3.0217242
1.874251
3.1333296
-3.3553383
2.9607399
-0.4353446
-0.6959729
-1.6194133
-3.3239026
0.7101522
-3.606288
-4.0318174
-1.4058646
0.16432703
0.4742755
1.17819
2.1144724
-0.84615856
1.905609
-0.88160396
4.951477
1.4508382
-2.3974898
-2.377924
-0.5224682
-1.7458224
-1.2895931
1.2786155
-1.057146
-1.9212033
-0.21583825
2.5442033
-2.859528
0.6647979
0.16440238
2.7219007
-2.8631825
-1.1511723
0.36865115
-0.14413416
1.8431455
-2.678934
1.249797
0.1288289
-0.33253184
2.7476785
-1.8425864
-0.7053047
0.8384538
3.6482472
0.5561251
-2.9522915
1.721827
0.37370086
-0.046517767
0.21934222
5.3383975
1.6048892
-1.2582594
-4.215366
2.6459846
2.66133
0.3859271
4.3821354
0.6413848
0.27025205
1.345175
-1.2503185
0.32605383
-2.00355
3.8183732
1.613066
3.8311772
2.1501548
-2.456641
0.34990436
-0.0
-4.3473897
-9.592332
4.1859913
0.6133101
-3.5260808
3.7991652
2.7474635
-3.9435472
-1.207604
5.768293
12.146603
5.008816
-3.004459
3.304593
-1.4901848
1.4468766
-4.538649
-5.0225706
2.5443606
-2.8758993
1.314308
0.3145225
2.0420818
-5.97151
-2.0413003
2.36537
0.94856143
1.7251391
4.904959
-1.5044445
1.9505866
-0.16126779
-1.8048514
-2.6592364
-4.488064
2.2347794
-0.6127969
-0.34392005
-5.0220637
-3.646578
6.4040713
-2.5498638
0.23819207
4.7055426
-1.7861384
0.53220457
3.7676432
5.313528
1.5805966
-0.8721142
-1.1043268
2.1440825
-1.9517922
-0.2828228
-3.3382473
-4.652153
5.2925787
6.2081385
-0.2817987
-3.098303
1.031516
-1.9346261
0.74612725
-1.3472133
1.2687654
-0.48184338
0.13271931
-2.0666583
2.7761097
1.8712726
1.9339921
-3.8887107
-2.3759181
5.657986
3.8318608
-3.4187922
-4.6752152
-2.0495582
-0.29462555
8.298568
2.419008
0.12818258
2.3778474
-4.4755664
0.6406356
-1.1173099
2.9113543
-0.93261254
2.3120785
3.605884
-2.6305299
-0.6900615
0.9808867
-2.8328867
-4.4973736
3.327817
5.143275
2.650433
-3.3962412
2.9245477
0.90841407
0.3192133
0.5843541
3.764855
-6.0287094
-1.8208319
-0.86196434
3.0215695
0.57875717
-0.78947884
-2.0535042
-1.864495
-4.9512186
4.113066
-0.54320943
-3.6725628
1.2909608
-5.207935
2.0162978
2.5984974
-1.4095862
3.6249738
-1.6188132
-1.4234375
0.84297174
-4.0311346
1.3936548
2.6937923
-1.4493275
2.971878
-1.0396328
-2.8520296
0.6271611
-1.2529706
-0.7547238
1.7803036
1.0493453
0.70443344
0.16801484
-5.313557
-0.51796937
6.0943193
1.4291582
-0.122972764
1.8000845
0.9886547
-3.8344414
6.036927
-0.44042343
0.012768134
1.4993047
-3.9407523
2.490221
4.9523573
2.2854397
4.8692336
-0.12111063
4.6789136
5.136915
1.0341604
-1.1666473
-3.6879869
2.832967
5.1262574
3.3992612
0.10766227
0.8664715
-0.45317295
1.2623092
-0.03742996
-2.6262777
-0.7212174
-2.4059453
4.716935
-4.2215276
3.9119542
0.27822086
4.028489
3.62534
-0.06497203
2.774049
1.5291178
2.1484501
0.44643676
0.28714386
3.6023533
0.56932575
1.3352063
-3.8020287
0.5508621
-2.5700378
-7.6004424
-0.17583558
2.7269027
0.025136478
-2.2141411
-5.285306
1.6132623
2.4033434
1.2073865
-1.6932753
-3.1071393
3.254519
0.018187085
-5.342799
-0.60741955
0.32741475
-2.857099
1.3465121
5.294939
-3.0333862
6.520355
-5.0603805
0.7398582
-2.8014627
-4.619426
-1.2679644
-1.1180458
-0.5186743
-0.6776143
-2.8675165
1.5809486
-2.9177651
2.202352
0.74472964
2.5770633
-1.1891918
-4.3055606
-0.50268334
1.1705172
-1.4226534
3.5942578
-1.081748
1.356802
-0.79035217
1.3457159
-0.6211111
-2.3053508
1.6297851
-3.1402254
-2.3725426
-1.1807817
-1.1911812
1.6237626
3.2949402
0.36845502
1.0413209
0.8227157
3.124556
2.6218197
1.7511327
-2.8538647
-1.8198167
-1.0331762
-3.022181
-0.042671293
-1.8799566
-1.7596161
-3.976706
-1.1275259
-1.2710522
-3.0833948
0.86817366
1.3103924
3.823246
-1.0791014
-4.0454254
-1.117167
-1.7700799
0.9080676
2.9037635
-3.1981032
2.5630448
-3.605469
-1.4666336
1.857443
-0.403462
1.809418
-2.1160135
-1.4972756
2.237319
0.15151574
0.6400314
1.7074379
3.7169192
4.9850664
-0.45536375
-0.9134305
2.514384
-3.3172
-0.91971886
-3.288871
0.13880183
0.016260292
-2.9654052
-2.650122
1.2358751
1.6725802
0.11741148
-0.0
-3.9196794
-5.775426
3.8257422
-2.1147518
-1.5070763
5.393417
-6.2532053
6.6541276
7.7848444
-0.31197575
8.687747
6.308687
2.3745077
4.7164483
7.6889358
-4.6263475
2.325856
-4.821271
-6.1448584
-3.728448
5.1170816
6.526944
0.5107292
2.2355263
-4.490513
-6.1681695
-8.200516
-1.0861951
-0.9353405
-5.150934
2.7666047
0.003898907
4.1509647
0.8352569
-0.54326814
-2.9253247
-1.2760662
0.45694602
2.6817598
3.7246068
2.8204734
0.39056933
0.13265312
-2.4495285
-4.033411
0.25729105
-1.8713472
-5.440138
-2.1251276
-3.5288677
7.1919885
0.20931108
-2.1886797
-3.6044729
0.64654434
3.296249
-3.1192772
-0.57749116
2.1874568
-1.8306638
-2.7469926
1.0531242
-2.1585681
-0.7137785
2.0243127
6.9690166
1.5552166
-0.52385545
6.544962
-1.7733269
-3.2343225
1.9679799
-0.8720545
-3.3498914
-4.5668397
4.601245
-0.29562825
2.263663
-0.77972865
2.42391
-2.187019
-0.110739544
0.55209523
0.5997927
0.14472222
0.33627853
5.4470744
0.8550589
1.0517651
-7.2996492
-3.4220645
-0.36367953
-5.634688
2.0673757
1.1622828
-0.20955023
3.990707
3.6550026
1.1742376
0.38089287
2.9069912
-5.0930047
2.8345077
4.5744586
-1.4347237
1.5955586
0.32787985
-1.1594661
-0.90521985
0.507772
3.3360178
-2.02039
-5.0789504
0.9106053
-0.4790081
3.13787
6.7222357
0.7567726
-1.4308782
-2.271478
-0.44232142
4.643679
-0.065322846
-3.829372
2.8408444
-2.2107112
-4.0324945
2.2097635
2.586596
5.4870906
-1.0094042
-1.2914124
-0.5583171
0.19230527
-2.3174546
-1.695579
-3.857976
0.10794432
3.033632
3.7139046
-1.2730606
1.2981077
-0.8808555
1.8971463
-0.013115285
1.371452
2.7062664
-1.1384616
0.147191
-3.4295704
1.6924529
2.6233435
3.9361959
2.7147858
-1.0131551
-1.6190208
-2.2810075
-6.4486146
-1.384247
5.4991546
-2.0477424
0.007280129
-0.13638408
-1.3105044
-0.14291325
1.3021872
3.7096314
-5.644112
2.351631
-1.7711159
0.09670931
6.0441084
2.4148123
-5.2291985
2.4359207
1.5060141
-2.2218146
-5.520067
-1.8234205
1.6931249
-4.8218894
-3.695518
4.6488533
-1.1227435
-0.2339252
2.4468668
-1.6051776
-3.1091442
0.9499826
3.1718287
0.67910105
-8.534493
2.7893605
2.1931162
-0.37354183
6.462873
1.4541855
4.475021
2.412651
-1.2671808
-3.806413
-2.9242668
-2.3742735
-0.6517705
2.5999608
-2.2733288
5.430655
3.753106
0.7619305
7.9958982
-3.971723
2.030379
-0.24205567
2.181349
2.675893
4.6561084
3.541378
2.8971658
-0.31408206
1.6159964
-2.2886174
-0.9239822
2.6564555
-1.3809843
-0.5966431
-0.057697248
-0.6668158
-0.20935644
2.48686
-1.0786687
1.098479
0.20588855
-1.7347757
1.4737973
-4.23501
2.694378
3.7357097
0.80144227
2.3296223
-2.877863
0.3275612
-3.2686918
-1.9625219
-2.9467344
0.79344624
1.195953
1.3544918
-0.48878926
-0.73262197
-4.479866
-2.5012736
-0.7188271
2.6675322
-0.5698127
2.1019435
0.16774225
2.250277
-1.4639213
0.6773204
0.5398862
-2.159551
-1.9875528
-0.35241106
0.7118684
2.2234821
-0.064084135
-0.3364975
-5.6512337
0.16048631
-0.33345187
-2.4497936
-2.0405858
2.9226143
0.58184177
-2.3256989
-1.9682814
-0.88823336
1.3559718
-3.4343476
1.4854728
0.47309718
1.1905541
3.211518
1.0933014
3.6323044
5.105428
1.1894351
-2.4943948
-2.3787339
2.914131
-1.3617389
-1.8059994
-2.229937
-5.819607
-0.6049852
1.4915344
0.7912826
1.4881877
3.7527766
0.0
-3.4165428
-8.568357
0.14334187
-3.4333196
9.210035
5.1165466
-5.2294946
3.203418
-2.6496058
-4.7832346
-4.7466564
3.3407946
5.946164
-4.560288
-1.8846014
-6.204878
6.1098685
6.816251
-1.6445551
8.559298
-0.6879028
1.9583583
-8.623732
0.96933264
5.6598873
-1.5587342
4.7623825
-0.5727885
-0.6025192
-1.0639913
-5.724401
-9.168649
-5.001678
0.93613034
-0.43469286
-1.1123648
4.4819636
-4.2262454
-0.015247981
4.8720956
0.5100818
-2.5634067
-0.66941017
6.5296893
-1.4280894
2.8795223
-5.069101
-7.6813498
1.5824994
1.8633438
-3.9011095
1.3802648
0.4370563
-8.120418
0.45026076
-2.8320966
1.0337918
-5.3534894
3.7809005
4.907603
-3.9394422
0.41966206
2.2320962
3.8911157
-2.3751802
5.7852755
2.3159122
-2.614938
3.4964073
-0.7300732
6.998371
5.2327895
-0.40040138
1.4505551
7.7378297
2.006408
-3.1127143
0.20213053
5.615431
0.023729747
1.1887045
1.7235793
2.0346441
-6.757385
-2.956675
0.3112767
1.8831544
5.046911
1.6703417
-8.248141
-1.899314
-0.39711836
-2.6363895
0.30540362
-8.065527
-5.896844
2.78884
-1.8031468
2.462676
-3.7055972
2.3482537
-0.61343503
-0.32347047
0.05560412
2.4754796
5.2730784
-1.4193698
-1.1122013
4.197063
2.6883566
-0.5224688
0.8054282
-3.1246858
-0.0039492906
2.2944815
-1.9937963
0.75057876
-1.6750056
-0.5009082
-2.180991
0.97673106
0.60319537
-3.7956462
-3.4381428
4.013164
3.8397026
2.089932
2.3517327
-0.37277094
0.20951332
-2.1875045
1.3421283
-1.93148
-0.1804871
7.4770865
5.2292843
-4.5189433
-2.6269097
3.1632822
-1.7087544
0.42052224
4.9183
-1.7517498
0.46884832
-1.883044
-0.64721847
1.6820072
-3.658556
3.5546951
0.8763294
1.9941266
1.2106632
-2.6998131
-1.1225734
-1.198124
2.0870562
-4.8002934
0.7784629
-0.958164
-1.127339
-3.3150966
1.7475632
0.4701715
-0.13805923
-4.681737
0.21874237
1.2436767
0.08867095
-0.3476439
1.1959907
4.8712654
1.3717641
-0.5724553
1.1609294
-3.5651278
-0.09881705
-3.454749
5.443343
-0.17923923
0.5658034
2.8647535
-3.3373451
-5.1138563
1.5337514
0.99745876
0.7234236
-2.0917687
1.9233241
7.061223
-2.235302
-5.6302247
4.1046686
1.7829056
0.21210295
0.0
4.7057405
-6.7866383
-1.8307433
8.529402
-7.917727
-2.0984538
-5.1101546
-1.7809377
3.482254
-4.967314
2.948354
0.8125599
-1.4398923
7.409445
-6.6306977
-3.0457034
3.4202557
-6.4285197
3.8137634
-3.2741015
1.9330804
-4.6916976
-1.2947243
0.95935017
-2.5214965
-5.950659
-1.6609122
-2.6875868
2.0955806
1.8827451
6.088654
8.1404085
2.9049182
0.90492046
-3.7284973
-6.4210014
3.433183
3.9076643
-0.25244325
-3.0282571
2.589335
-2.8098316
4.7662306
4.835855
-3.4098463
-0.21367374
-6.384224
-4.473849
-4.55539
2.5554738
-2.03284
-2.4971669
-2.1319537
-0.48819277
6.574346
-1.7624028
0.70724577
0.48329008
2.9146006
-1.8369865
-4.4437103
3.967309
3.33129
-2.6214206
-3.2208905
7.070532
4.6579294
2.8349826
-4.644104
-0.6595024
1.2384235
1.1769546
-1.0443012
-1.2349508
-2.6772892
1.4318665
2.562631
-1.5414447
-5.1712165
-1.269825
-5.218294
1.2088765
-2.613505
0.36610803
3.7493773
0.3905736
1.24506
0.39532676
3.0593033
-2.3142247
-2.744963
-3.0945263
4.221118
1.5949266
-2.6919248
-2.357408
0.026314849
-0.41286895
5.441529
1.7354507
2.2463734
-2.1953151
1.8772705
-3.375382
-2.663889
-6.713821
0.7580608
-0.6042192
-1.834909
4.157215
0.83962387
6.822274
-0.33385944
-0.8362332
0.6494615
-0.9392955
1.9731574
7.4388204
3.4010086
-1.5920978
-0.036280766
-0.7369878
6.464486
-1.1428945
-4.4763107
2.2830143
4.032156
2.629951
5.7833414
-3.9825099
0.43881688
0.12701207
2.3556926
1.4530231
-3.98285
5.349254
-1.116911
-1.1876649
0.4112915
-1.3163216
2.1672938
-5.4448223
3.3902435
-0.13571589
-1.4098043
0.62331676
-5.4205747
2.3637545
0.13226438
-1.339095
-3.5125186
-0.00918907
-1.2016329
0.13777891
-4.8133197
0.7868127
-1.1305776
-2.9298427
2.8326094
-0.8760237
2.356562
0.53568965
-0.17892562
1.6809363
-6.216984
1.336143
-3.5179837
-2.4220881
-1.4735379
0.11371483
1.1805105
2.9242187
-2.525205
-1.7112967
-4.781531
-2.2043462
-1.3107568
-7.170347
4.4681263
-0.53137136
-1.3969862
-2.2274683
0.18526176
-4.0503373
1.2043302
1.2718364
-0.6931842
0.13973315
-3.1531253
-2.177842
-0.8427289
1.6577773
-1.7817718
0.45757625
-0.0
6.024372
-6.72076
-0.55432296
-2.5169754
-6.9092994
6.456941
-7.3012104
7.599212
-6.7430453
0.8513706
-6.8875732
-2.9911356
3.523774
-3.142041
-0.6855408
-5.730001
-1.0758969
7.5597987
1.8364036
7.521131
0.37799135
1.7883924
-3.1242344
-1.9240533
-0.42848772
-2.034228
1.3137295
-5.7392273
-0.3530534
-0.42459288
2.463145
6.6776733
-1.6127936
0.9327375
6.065728
5.162132
2.8257306
-0.83954895
-1.0567287
-4.043076
-7.4952917
-1.296865
3.8827286
-3.9360216
-3.3180654
2.7656252
-3.8142495
1.7049557
3.4341025
2.4406412
1.8992403
2.2071452
4.0826616
-5.070612
0.9615602
-5.657146
5.245688
-0.2770401
-2.8552847
-1.0893966
0.31684208
-2.5582225
-5.591499
1.9346923
6.7221003
8.040881
-0.06919546
-4.4305143
-4.7673264
1.4624817
2.6846166
-5.996802
2.5168986
2.6889703
4.178544
1.8063806
-3.035081
1.9746045
2.4108603
-2.0852044
-1.3006718
-0.730347
5.308728
1.559872
-0.6098422
-10.076143
-3.3360233
2.5609632
-3.7168722
-0.07637471
-1.789304
-3.2871747
-3.9684486
-1.6111829
-0.17486383
7.417175
-0.72214484
0.05680959
-6.5314736
-3.2876043
4.2448134
-2.4482718
2.9386692
1.2436373
4.1760406
4.3079734
2.064803
-0.5185336
-2.852272
-4.9408813
1.0733144
-3.5253985
-3.1532676
2.1512504
-3.193719
-0.8307716
-2.9045725
-3.6556475
-3.2922232
-4.6409574
-4.66281
-3.0750291
5.020688
2.5580087
5.500754
1.7721826
6.657081
-4.614755
3.6402638
-0.89444363
-1.0654708
1.4286664
4.3220673
3.9887462
-7.464583
1.9325811
-4.6257057
-1.9018743
-4.9771795
-2.9252322
5.6366205
4.1640368
-1.1210018
0.6695614
1.3588313
-0.015650146
-1.2152148
-0.45735687
2.5600204
-3.3733
-1.9318532
2.5773778
-4.2127686
2.4762173
0.102320455
0.21599738
2.7061894
-0.14201383
5.2844214
5.4141893
-4.510723
3.0284624
-3.325967
2.7376966
3.8581395
-2.7367566
3.321794
-3.4935155
-1.9507517
0.8864082
-1.2391808
5.249712
0.5916536
3.44674
3.0985055
-2.5750542
-2.9133582
-2.4110487
-0.529043
-0.8032604
-2.7654686
-4.143063
3.404623
-5.945439
1.427928
-3.8737996
-2.1840563
1.1800203
0.290143
2.0524015
1.1405591
-0.3816033
0.35181898
1.2330025
-1.7207074
-0.84270316
0.029070307
-2.3281002
-5.443864
3.0255837
1.2445534
-4.434931
-3.189954
0.6757367
5.6905026
2.4177883
-0.7844011
-1.3707783
-0.74078953
-1.3026891
4.9516897
-1.3619732
4.328365
-2.1671438
-1.0186692
2.9709399
-3.876004
2.8095322
-3.576772
2.848073
-4.3093204
0.8565617
-3.0106976
-4.004034
-1.8527838
3.4825504
-4.951945
0.26896206
1.7424401
-0.28019705
2.8718584
-0.12537673
2.2406328
1.5193079
5.6636834
0.97113615
1.7171655
-1.3517569
-3.222436
-2.1252847
0.8560877
1.8044726
-0.41247672
-1.528338
-0.49228147
0.124003895
0.30591232
0.65440446
1.4082044
-1.0176978
0.93513346
1.1405491
3.3392036
-2.7155972
2.0671864
0.11218371
1.540102
-0.2263548
-3.9555383
1.9499428
1.5948135
0.73350453
2.9831414
0.74771744
-1.0329566
-1.3226552
-0.13223708
-0.86848634
-0.6482528
3.076458
-0.8554129
-1.2200531
0.9666043
2.8187668
-1.3778342
-0.40843582
0.88725597
0.8077659
1.6229606
-0.7051522
0.5532619
-3.2158332
-0.23363009
-2.815964
0.3758686
-2.1704268
1.7763394
0.17380051
2.2850907
1.1010201
0.5816564
2.6674635
-2.5166478
1.815557
4.4927363
-0.36288306
-4.084458
1.5888592
2.285598
0.0
5.085251
6.146798
-4.2947464
-0.35071012
3.1808517
-5.150909
-4.198775
3.277914
7.2390933
5.0183687
-4.009482
-3.3127573
4.1708407
-1.6203607
-6.772852
3.03058
1.3156984
0.7066165
-3.5344193
1.1093913
-3.8660686
4.293278
-7.4290204
-3.1517334
3.511754
4.542325
-1.2042289
0.6915455
-0.24617678
-3.2688067
0.016077273
1.3412335
-2.8287659
0.89527506
-0.9618702
-0.14073615
0.15670055
4.691626
-1.6939658
-1.707651
-2.890084
-4.517825
8.07168
-10.924907
-6.6206565
-5.2805743
-1.8219397
-3.668726
5.4034457
0.4075891
-7.231467
-0.7431811
0.14332987
-6.852794
1.8807381
-0.31629074
4.8454432
-1.6612531
-2.8961737
4.9901485
-0.8552556
-2.5912519
-1.4719566
-3.117456
1.1011146
-1.4387267
-3.838175
-3.4996824
3.8040388
0.7468548
4.8007584
0.5804178
3.2194479
2.1914277
1.1091979
-3.3363574
0.32934028
-0.16957286
-2.0922434
1.8064927
1.8741953
2.4452212
-2.3228667
-5.9600425
1.8252388
2.0270066
-0.582047
-0.3253086
-2.6233895
4.814059
-4.5095816
0.4330277
0.9841152
-0.494847
2.4603078
-3.1820345
2.4882236
-0.74404067
4.1903768
3.4879248
-1.8485469
-2.707064
-4.5524707
-1.1883178
-1.6478819
-6.525818
-1.8754722
-1.6822938
-3.4831958
-1.0490627
-3.5015278
-3.7649977
4.8283987
3.774011
0.35312587
-4.3455276
-4.3182955
-2.7442005
-1.4958433
1.1693928
-1.7426584
3.6450675
-2.9274232
-1.2855822
-1.5440543
1.014839
-2.1518903
-1.938786
-0.85315764
-3.7603931
-1.4037541
-0.5160277
-0.576227
0.7803853
-1.0991076
-7.5621176
1.1071085
-0.9395678
-1.2151371
0.6132234
2.7201755
-5.3925633
4.903803
0.34696743
-1.8323808
3.5601375
-5.8280053
-2.4913642
-1.8438748
-1.9602765
0.8068822
2.3785398
-1.9118143
-0.41525006
0.24249388
-1.221429
-3.114623
-2.2283292
-0.3708081
-1.4821692
3.8321471
0.39861336
-0.49471465
0.14614078
0.6855664
-3.1202686
3.4436462
0.31706166
0.99567294
-2.9495609
-0.34171057
0.0011795936
-1.4483535
-2.704098
3.1721258
1.2244079
0.46573985
7.214644
0.34711608
2.3116195
2.1977172
-3.0710208
2.9403536
2.330065
0.9105327
-0.4588058
0.46830413
0.6969046
-2.6279643
1.1318527
-0.12774335
2.3711133
1.0451745
-2.7882729
-1.8050704
-0.4717745
-6.5990367
-3.805839
1.755015
2.2086937
4.8835564
0.90026367
-4.305122
-1.3851216
-1.0422965
-1.5787057
-1.9478395
-0.94329935
-3.6677628
1.2672254
2.6882927
2.681949
-0.16955516
-1.7192297
-3.582272
-3.9949656
1.1796887
-0.8660802
0.7151925
0.7451657
2.306949
0.6297881
1.121453
-1.1980218
-1.9003013
1.4752641
0.7204093
5.1751366
2.5823414
-1.6045935
1.127267
-3.3292055
-3.7673037
-2.8443434
-0.84496933
2.7986915
3.6938498
3.5387478
-0.9954575
1.7281717
-2.1441014
-3.5235884
-0.6124974
-2.1896093
2.2441688
0.9055695
-2.0411298
1.1446335
0.77335215
-0.27941433
-1.6381388
2.606666
-3.0134192
-0.8756002
-4.4584794
-0.64416826
-0.4063562
-0.11198897
2.1936243
0.34958187
2.1772864
0.8942338
0.4799189
1.3411348
-5.009659
-1.4189837
-4.6256847
3.0280135
-0.22928362
1.5650144
1.7426839
2.377256
-0.76986474
-1.2074488
0.3927412
3.8565688
-0.11965122
-5.154727
-0.90747887
1.1559302
-2.7119296
0.22653936
1.3081049
-2.1484916
-1.2388507
-5.1718564
-2.5017982
3.3905625
0.82837963
-1.1596209
-0.097881496
1.485242
0.9940174
-0.99334335
2.3658655
2.1093233
-0.058680087
-3.1279373
-1.8849043
-0.0
-4.0452647
4.0620837
-2.4464023
-6.007602
3.6649628
3.3281858
-2.1809967
3.5577755
-7.451698
-6.3883452
-4.8396816
-8.896468
-3.0009222
2.832022
-0.9599262
-0.71699613
-1.4982697
-2.629649
5.2910676
5.315236
-2.6106262
4.4763517
-1.6075983
0.95460486
-2.247904
4.345086
-1.880983
9.042585
0.33068708
-2.9465268
4.2510934
-7.87485
-0.29690707
-6.111855
4.526708
2.467179
2.9453561
-3.9587827
-6.1627855
4.9954205
-2.2306705
-3.3072371
0.6033401
4.6573286
-5.721613
-3.3761346
-5.7571363
-4.3405495
-1.2730064
-2.6056879
-0.7576911
-3.2911518
-6.3999286
-6.1919727
-1.3598919
-0.72346413
-6.5408263
0.91208357
7.4956126
7.36211
0.13549359
2.737083
0.46202406
-0.19165233
4.2553616
9.492892
0.78781515
1.503185
-1.4701937
-2.672128
0.29381076
-5.1960015
-5.617838
6.2343516
0.7747543
-1.564374
3.4104757
2.2336597
-2.191659
2.6377242
2.6950836
-4.3782835
-2.6616166
-5.570839
-1.7902511
1.8648669
-5.528112
0.60681754
-3.6863468
-0.40080553
5.2933817
4.1840096
6.967284
-2.1496253
1.0422353
-1.8224864
-5.7869453
-2.0767486
-2.6036215
3.5249465
4.022027
-4.8117023
2.8033764
1.2368573
0.30755752
-6.891001
-1.2653201
1.3748561
-0.3240652
-5.246001
3.667118
-4.3333335
-2.7031605
3.6828895
0.6127048
3.4986386
4.8725243
-0.012523904
-3.111531
-5.1293197
-0.5253601
-4.2329497
-3.5359042
-7.6939135
2.286179
-0.72954655
0.4322796
-1.7018746
-2.1143985
5.144425
1.2318019
-0.45667136
2.6159263
2.32539
2.3005278
-3.259068
-2.383822
-0.61770815
-2.531968
-0.95479846
-2.0221853
-0.98388046
-3.401028
1.9610363
1.7647512
-0.08279482
-4.4258695
-6.098093
1.2979866
-1.5636111
3.4273279
0.88997877
2.8218172
0.65152615
-4.129168
-2.3012424
1.154279
-0.68802774
-1.609551
-0.25267905
-3.2623484
1.2442757
-3.5747433
3.0508394
-5.2678742
5.887577
-0.48652756
1.2024908
-1.6403961
1.2141339
1.2199479
-0.65071255
1.4188223
1.6179397
3.6579626
1.0583173
1.2434248
3.547867
-0.62028205
0.44044635
-2.2703202
-1.4410863
1.4382968
-3.1391845
-0.2870617
-1.3593118
-1.6059852
1.6539809
-0.52923226
-0.4399411
-0.76766837
8.082302
-1.6759977
-2.673735
-1.7535566
3.8655522
6.891491
-0.2394548
-5.935037
-1.3407319
6.423508
-4.9831667
3.4014018
1.3669959
5.770797
2.7014837
-6.737566
-2.8497071
-1.7532496
-7.0970917
-0.06627121
-4.8423805
1.8219211
-0.36555
0.39544222
4.341901
-5.2978015
-2.4335442
-4.109928
-1.6194124
-0.61098325
0.6931631
-2.0147781
2.4532993
3.4106145
1.0684979
3.4987264
1.3366464
0.5111975
-2.981295
1.0157899
-0.5539858
0.3258425
-1.0163385
0.590913
-2.1612096
-0.37252426
-0.2359758
-0.542464
1.2026818
-1.2047511
-1.2298281
-2.7623305
-3.5014553
0.9067358
0.6197729
1.2575417
3.2125003
-2.947388
-0.74657243
-0.6419292
-2.1741009
-4.946389
0.9738706
-2.142526
-5.147971
-0.96784425
-2.3517787
1.7795055
1.1531521
-0.24120758
-1.3253348
-2.2350767
-0.09692781
-1.5168765
-1.5113997
1.0626574
4.2389264
3.743597
2.6813502
-2.0987754
-1.0413369
1.2548481
-3.933284
-0.65948534
0.74210393
-2.5753026
0.3770943
0.8345434
4.9319844
1.4838709
1.4363008
6.0161595
3.4402149
0.7063947
-6.0668645
2.5488253
1.9715024
1.1310537
-2.10806
-0.9139395
4.801047
-2.011821
-4.0805993
6.502011
2.9463227
-3.6424181
2.4018898
4.495595
0.0
4.469154
6.110161
-10.875887
-6.5330057
8.333558
-2.407358
-5.7483134
4.121473
6.9416223
12.096128
7.482454
-5.427153
7.8456984
3.4072409
-0.004311483
7.817743
-13.989254
-3.9620676
8.7918005
-8.259456
3.4012516
-2.879713
1.2138432
3.41848
3.075541
4.4519367
0.30376363
9.039934
-2.7480934
2.3786848
5.4464235
1.1739919
-2.8095846
-1.204937
-8.050593
-8.583258
1.801409
-4.128212
1.2559408
4.290239
-0.61529726
-2.0052977
-2.4616694
-9.423834
-0.7698432
-0.08923967
-0.8364462
-2.2735112
1.1529202
1.6296117
-1.5488696
-2.873876
-4.4411426
0.15763538
-1.9798162
-4.3685184
2.1782463
2.1515925
6.0971007
0.29300925
2.6723416
4.4220824
0.17300475
0.36088425
-4.540809
-2.2281544
4.7516694
-3.0148084
-5.2671957
-1.0340123
-1.894578
3.0341966
-3.6543427
2.0601642
-0.83893657
-5.1194677
3.148567
4.5668063
-2.132561
1.1706518
-1.6547214
-0.7292961
-4.5524173
-2.935872
-0.008115285
2.4676352
10.350403
-4.278734
4.4762926
6.9539104
-0.7995044
4.2321153
3.893452
6.8106747
-0.55848974
0.005688243
4.069086
-4.4949875
3.609435
1.747064
-1.2403936
-1.1623541
-0.8362044
0.6987288
7.6776395
-4.024862
-4.65827
-1.5206329
3.2194717
0.07969551
-5.8380713
5.0341077
-2.5134847
-2.2740743
0.45394266
0.7454198
-7.3413305
2.8193614
-3.2927244
-3.1677973
0.3251957
-0.33061615
-1.1596587
-2.0890105
1.669871
-0.7496749
-2.0897958
-4.0363855
2.4699793
-0.296944
2.4405172
2.689864
3.3089733
-2.2484534
6.151163
1.5117562
-0.71398234
1.4662135
-1.2948283
-2.579838
-2.2604456
2.219919
-3.1301453
-2.50569
-0.18796633
-0.9339578
-6.4142594
-0.9346483
1.55695
1.5665395
-0.001388673
-0.036569465
5.4482193
3.136254
0.9434596
-1.5845805
-0.9700373
1.1571956
-1.9954011
-1.4401767
-1.4810334
-3.4949772
-0.64513785
-0.28628063
5.961241
-6.6859455
0.600981
2.3233266
0.8569173
2.0037525
3.1514556
-3.800572
-1.5267111
-0.3041231
4.169021
0.79611766
-1.9837158
-2.4579213
3.27875
0.57677066
-3.397115
0.3408038
-7.8069234
5.0121765
3.857245
2.0416725
3.8060548
2.189517
-6.808199
-2.6258676
2.8447006
-0.70368576
2.3192396
3.584597
-0.0
-1.0546252
10.89899
-0.78272223
-8.235658
8.885003
-3.9203825
-8.227081
5.1558943
-4.5436654
-9.675155
-7.160217
4.657491
-6.732579
-6.1491494
-4.7164645
0.073113464
-7.199649
7.4525094
-3.0945625
-6.8632817
0.54017806
2.3441844
-2.1755075
-1.5733765
3.0707307
5.6064157
4.1912527
6.8108234
-3.5590088
0.2654026
-2.7636442
-2.8812628
-0.3479816
-3.5277953
-5.1751776
-0.46647137
4.2590394
1.4501219
-3.4229357
2.605266
0.022203965
2.7674778
-3.3039093
-4.3693004
-2.9590888
-2.4048824
-1.0274066
-4.739908
-0.6075348
-3.733537
-1.1684986
-2.2652197
0.20133571
-0.63175964
1.795348
-4.238356
-3.7313972
-1.7308893
4.609872
2.7279737
2.500934
1.4399784
5.109831
0.6568683
2.6495497
-7.4115596
-1.8662685
-3.5118356
-5.7964935
-1.0378565
-5.7350116
3.9332287
2.5467782
1.0271735
-6.6909924
6.174124
-1.9315834
6.8294044
-4.2271056
6.0769773
-2.1257212
4.9381623
-0.79598993
8.05866
-3.3571122
-1.6229584
0.29343057
-4.2884965
-3.3796148
-3.8017724
3.3678277
5.6794844
-0.7890735
-1.7554307
5.244784
-1.8579482
1.0230492
-1.3420452
-0.8197628
0.5771216
1.9062712
0.842653
-1.7458278
4.0229425
-2.5623708
-1.2439873
-0.22996897
-0.9117345
-1.4265102
1.5617291
-5.432435
-6.6912704
-0.010816608
1.286708
1.841422
6.4858394
4.9931626
-4.8223658
-1.1471466
0.76163477
0.30985686
1.578761
-6.8086867
0.06938846
-4.780268
-0.8436163
1.0390458
-1.0509806
-5.049664
-1.8048887
5.4932737
-2.2281382
-0.3840891
0.03279722
-7.462978
-6.2159786
-2.2718766
0.91195065
-1.0738614
-3.1477764
3.2979743
-4.829516
-3.1948652
1.7226533
-1.6920462
-4.467619
-3.9496896
0.6985695
-3.4097989
-1.4245504
0.38703912
-1.6744587
-1.3179986
5.2406893
2.9476056
-0.074284405
0.8103049
-1.3810828
4.634765
-3.2335548
-1.085072
-2.1985717
0.13406925
-2.6391146
-6.144811
-4.986414
2.002976
-2.3234007
-0.7528763
-3.1792624
-1.6818912
-5.4577847
2.1352077
0.7311832
-1.4515859
0.7381933
-1.4003307
4.211322
-3.4374301
-0.015552538
0.47862932
-1.1046251
-5.0614824
-3.4042146
3.2216108
0.33295235
1.6057178
2.5397985
-2.681725
-0.13704263
2.097834
-0.5745773
3.894069
-0.7096127
0.0
1.1482251
10.722644
-4.103589
-2.6256478
-10.146505
-4.9706593
6.905251
-0.087703995
4.744083
-4.6386347
4.0854573
-7.4928308
6.3050165
5.6578803
-2.8832998
6.376406
1.9087236
-0.9778833
-6.055102
2.8959424
0.4394736
-4.240906
1.3492161
-0.83871937
5.1479664
-0.03073658
0.6874673
-7.678037
1.1059612
4.398905
-5.8151274
5.0329595
-0.84640545
4.642285
-0.4553886
0.58525264
-2.506568
-2.2973237
-2.9284887
0.89757234
-1.4238559
0.39782667
0.95272607
4.3340187
0.15267831
0.05047115
4.0085893
-2.181475
-2.2822237
0.07247704
2.9412904
-0.38907892
-4.067003
6.742308
-1.5710287
-0.25384316
-3.2949843
0.13465883
-2.0849376
-3.0866144
-0.26805612
4.1308537
3.9851758
-4.3450665
-4.3059516
-6.938897
-3.141794
1.5578623
-0.5462085
-1.4070255
-2.6501448
2.2869792
-2.137097
2.0800726
-3.6726012
1.7890818
-0.61655027
-0.27098763
1.6003219
0.3462533
3.728861
2.7486503
-3.2629595
-2.261821
0.04767245
-1.9902624
7.119215
1.1674824
-0.2899025
2.8075335
-3.7641106
-3.0578415
6.532043
5.708107
-1.9590294
-0.30965528
5.3410873
-0.57373977
-5.7732677
4.6807003
5.9319053
-0.29334083
1.0478767
5.278633
-2.1834953
1.5637118
0.7752712
-3.2779477
1.8072441
0.6163513
4.8646173
-0.31384695
0.65414923
-2.117891
3.4319844
-1.9429867
3.6079113
-2.5834665
1.5268955
-2.6620226
3.9491298
1.501337
-3.9069028
-2.920064
-1.4381019
0.96088576
-0.29060766
0.05659448
0.69127357
3.0890725
-2.0832646
-2.2148585
-0.40615612
-0.9845846
-1.4109417
1.6221806
2.0301876
-0.84932387
1.3460885
2.495145
-5.2952642
1.167053
-2.608234
3.6146939
-0.27267605
0.6902328
4.416007
-4.2570925
1.5373629
-1.3938831
1.7629133
-1.9996092
-3.1386604
0.36635727
-3.8418016
-2.2749803
3.791956
2.1952353
-2.7022305
1.9694376
-2.3531632
1.5586904
-3.7892087
-0.17456134
0.64288765
5.5417647
3.8828468
-5.747619
-3.4723632
3.3299952
3.315431
1.9007894
-1.1845791
-4.1318984
2.015035
-2.813723
3.705051
3.987245
-2.0609417
-1.2269804
4.706096
2.2767296
2.149143
-4.2652674
3.1272852
0.59365237
-3.9539871
-2.1231596
-0.8124242
0.22203095
-1.0222712
-4.716713
-2.9746737
-0.7979334
1.5407565
4.6718736
-5.2822065
-0.8021555
2.7906554
0.4588451
-2.4074702
-3.7520428
-1.8080521
0.45992586
5.7926946
1.5856881
1.5185869
-2.2931132
3.4118145
-4.7290444
0.1499742
-2.6781611
3.3742557
-4.3380218
-2.1664386
-2.48895
3.9806552
-4.039994
1.1626272
3.139526
-1.9480371
0.24591708
-2.6732755
-0.36462423
-1.6160028
-0.68993324
-1.5991422
0.55327994
0.20054457
-2.140931
-0.04379008
1.2959061
-3.547219
-1.1434594
2.5244486
-1.3219656
-2.1519697
-1.9235569
-0.25388926
3.5558035
2.642372
-2.503002
-2.5098796
2.417681
-0.6258573
2.639067
1.4912275
-1.1746372
2.5347772
-3.5505948
-1.9796815
-3.8901381
0.5984796
4.662181
0.576382
-3.2576277
-1.4638127
-0.50460386
-0.25653708
1.7132849
3.1022966
0.7692178
-4.4412017
-0.24910673
4.5952244
-2.4646578
-1.4840907
0.55554837
-2.2137551
0.8607215
-2.3392901
0.22901878
-4.3169436
0.109420754
-0.43352902
0.3313493
2.2210522
-0.23299384
-1.8024138
-0.23780678
-1.807159
0.32928076
1.315583
2.7784228
0.08646505
-3.2381256
-0.31218645
0.046203878
-0.999165
-2.8423815
2.127421
-1.7737042
1.365911
1.5927035
-3.39113
-0.21216463
-0.6173326
4.2294297
2.0068245
-0.0
-7.4728136
-1.0783467
1.9274688
1.0081389
3.7003455
-1.45814
-2.1507258
1.5670117
7.479131
4.3109055
5.2082877
-3.1793754
4.486804
-2.8290331
-5.1818323
-0.7247409
3.3174415
2.9152575
-0.2892281
-0.42191482
-3.860111
-6.0107336
-5.2520266
-1.195383
-0.45893645
-4.5366716
-6.7277775
-1.9686238
4.668181
4.491217
-9.682106
2.841033
-1.2385753
-0.05455811
-5.2649455
1.7979654
3.8573935
-3.3372505
-3.9427724
3.1978412
0.9346084
-1.7615479
-0.280352
7.8275204
-3.502581
-1.7387661
-2.4872856
-1.8169729
5.8603597
1.1970716
-1.9503624
0.9191772
-1.009825
7.675643
-2.1749368
5.1083336
3.0541084
-2.900565
2.505766
-1.0077358
2.3679197
-2.7159953
-1.0823392
-2.9607365
-3.4978697
-7.010851
-6.698876
-0.027760088
1.870919
1.7672044
-0.89573056
-2.7477646
4.463445
-4.375081
2.603348
-4.7465744
-0.03677859
-3.8892343
-2.5017447
-2.1509943
-3.6622422
2.4274943
-4.5270376
-2.6431038
1.386442
3.3127658
-4.712288
-0.8376798
1.2515861
3.2765067
-3.7980072
-0.8598619
-1.6623676
4.1263857
2.3076558
-3.0648131
-0.040586676
3.732577
0.19444506
0.32407042
1.1683061
1.6301093
-0.08392085
-0.97293556
6.6611476
1.2851377
3.5379162
3.9202552
-2.0017102
1.5730637
-2.9948866
6.023467
-2.0961347
-0.6381514
4.2835956
-4.544867
1.9498193
0.15982816
-2.6647387
-0.3329137
1.7102691
0.6544507
-1.0752461
1.5545844
1.699945
4.737774
0.24924578
-1.3294928
4.1219535
-3.7286775
-0.2949323
0.90279174
1.7520314
0.87784547
1.870959
-3.31133
-0.8661164
-1.5094162
-0.8235965
1.0692916
0.71361685
-4.5517974
1.5552828
3.9584281
0.6769368
2.9478014
2.4286497
1.7309664
1.3212501
-2.9096034
-1.5074403
-2.513494
3.5248606
5.900733
-6.0224643
-0.12918396
3.3547263
0.52384573
-6.6152134
2.2240117
4.3892465
2.7201974
1.1727542
-1.5752565
6.4639773
-3.4874027
3.1389797
-2.8134189
-3.0013554
1.5295844
-4.1866813
-0.9740197
2.779043
3.5280511
0.3957502
4.1042533
0.70460886
-3.824657
-4.1325173
1.370736
-3.322404
-0.33463934
-5.145785
3.9699678
-0.80446434
-1.8364565
-3.3189936
0.6274821
2.0844715
1.217887
-0.5195888
-4.32815
4.4268203
4.6576324
1.418637
-5.6484756
-4.8612857
-2.2387233
5.2745543
4.2170806
2.1461508
0.8095461
7.904003
0.8226071
-1.5251164
0.11914474
-4.68033
-0.3835659
-0.21709858
3.3589807
-0.2602174
-2.319249
-4.3428946
-5.402779
-2.7466135
-0.20264408
0.9289577
-1.1770072
4.3080587
-3.3983395
-5.307327
3.836473
0.7621225
4.728203
2.047008
3.8022785
3.038881
6.6557345
0.13717544
1.8783257
-2.692421
-3.2604063
-4.3685036
-2.907228
3.2457254
2.7743146
-6.1399736
1.4592737
-0.34228802
-1.6370168
3.6507368
3.0949147
-1.1521285
2.054977
-0.059057757
0.7452079
0.74417317
2.2706223
0.60473835
-4.1380696
-0.86144555
1.5711771
2.6180625
0.36406055
-1.4233191
1.1284853
-0.46810266
1.2789452
-2.7826343
-0.63024193
-1.5817132
0.6166545
-0.2336094
4.3930845
3.359246
0.59401584
-0.948516
1.5233362
0.30993706
-3.4910402
-2.139515
0.21427251
-0.8691606
3.4532676
-0.9679369
1.724896
1.3246552
-2.7728257
0.4313884
-0.9823757
0.4624527
0.08903938
2.165655
1.0921509
0.7477135
-3.000799
-2.897704
1.1559532
-2.3706682
-1.3256031
0.43628693
-0.66431564
2.050018
-3.6992185
-6.738695
-0.059494633
0.32711378
-1.944722
0.3156016
-0.0
-7.3839245
-5.9067564
4.5870285
-5.5831046
-2.4066515
6.7160745
-2.394272
8.38397
1.8800545
6.858797
-1.0030395
-6.202604
0.8435387
-4.794022
-6.9076176
3.349419
-8.100572
2.1221476
0.6963866
3.7483406
0.66485304
-3.9217064
2.0745664
-1.6809044
1.3343108
-0.5168879
-6.128498
-1.7951167
-0.37484398
1.6131628
-0.65083534
-5.3113236
-0.0934614
-1.2884382
-7.898806
-7.3863487
-1.6456516
-0.7348762
-4.5963507
0.37745
0.21783975
-3.2014735
2.7272575
0.06956212
5.2897763
-1.838038
6.4642253
1.6221944
2.8743603
2.1383946
-1.149238
4.073549
5.458657
2.1160495
1.2803012
3.0671625
0.0663384
-1.3696983
0.114904895
-7.169665
-0.5062404
-1.3889112
1.5352708
6.6359863
3.9589417
-6.8836613
-0.16077292
2.6233952
0.57221764
0.26470754
0.14305282
0.5663475
2.581277
-3.8145342
-1.7565193
1.6586233
-1.7045346
-0.7444925
0.8940437
4.2468557
-2.0820832
0.8514399
6.3570924
2.6473794
1.7357473
3.5775075
-3.4901056
-3.0553
0.39888272
-2.5484922
3.995045
0.2489381
-5.6026297
0.6889525
3.7564385
-2.6785583
-2.5317202
3.5046868
0.17238075
5.799819
0.58724284
-3.3401515
3.7951005
2.1276624
2.7765517
-0.10025514
-0.51409197
1.886805
0.18602979
-0.43190145
-3.3629467
1.7605506
-0.6918003
2.8269017
2.5577028
-2.4445002
1.0744026
3.9322534
1.2043784
-3.9611216
4.5561614
-1.3101428
-2.5268342
-0.44899723
2.3145185
6.1133857
-3.7505834
2.1308937
-6.013274
-3.2953026
1.4375486
2.2810292
-0.30247375
-0.7609161
4.211663
1.5464834
-0.13493615
-3.8209476
-4.105557
0.7801761
4.041706
3.9862735
-0.5938633
1.3937036
4.064173
-1.5268627
-3.7766485
2.839283
-0.42704108
2.7201695
-2.7779427
-1.7370812
4.2463903
5.3166842
3.461097
1.8035885
-1.9700478
0.719295
-4.5142837
2.7912695
3.151544
0.3847806
-0.7366358
1.663418
-3.670358
-0.20525801
-3.1405551
0.9117477
-0.761852
-0.22434232
0.119452134
-2.6613193
-1.353554
-1.2573198
-1.5119427
1.6798189
-3.2187726
0.1650632
2.407981
-0.6933005
-3.0831618
-0.28426784
-0.72278506
7.300628
3.465884
-1.4618894
1.074249
1.8535495
-2.1297138
-1.1649506
-3.5199864
-5.931723
-3.0821626
5.425402
-1.3927397
-7.3697996
-4.139422
-0.67247844
0.70458317
2.184204
7.238127
1.4689647
7.5387774
1.7250007
-5.03163
-1.9345055
-0.45808595
-0.71954656
-2.091538
1.2224401
-0.7407384
0.9347589
-0.28794038
0.893751
-0.28902772
-3.292167
-0.042094238
2.788573
4.5554233
3.2079642
1.053176
-1.198455
1.1661615
0.061213434
1.0946988
1.0508533
-1.0286489
1.3741391
-0.4440454
-0.71988505
1.5034082
-0.3311786
-1.2235184
2.2476466
-3.4074094
-3.7641892
0.7706319
-1.4987777
-0.13702169
3.0287352
-0.0007247641
-3.1844347
-1.2603345
-2.8732655
0.4771083
-0.4815046
-0.5375791
3.7111816
-2.4291441
-3.3217561
-0.3140474
1.1432389
3.3340657
1.9474986
-1.0599684
2.4959564
0.87890327
1.6591798
3.2535818
-0.6946022
-0.61878246
1.3948649
-0.17940457
-2.6504276
-0.5440124
2.9517665
-1.4551864
-1.2651305
-2.446145
0.33986416
2.2865732
0.7775779
3.0279124
2.1483603
2.0941818
0.39401647
4.6509185
-1.8490572
1.5235595
-4.6068873
0.5207847
1.0887108
-2.9755147
-1.641046
2.3601136
2.3350723
-1.496437
1.3928894
1.6063102
1.868307
3.1123943
2.1595263
-1.0548908
-0.60086536
3.1823113
2.6380577
3.7848516
3.5318034
0.3665235
-0.0
-2.896126
-9.208832
8.241443
-4.6640615
8.562616
2.4793024
-1.0103052
1.556312
6.006965
-1.3465273
-0.10972883
-5.0982256
-7.8224273
-1.3749325
3.4808908
12.841038
0.24109626
-1.3931844
-1.6262305
-10.540491
-3.2743611
5.3073964
-3.308899
1.6584014
1.4727167
-0.8939973
-6.9093523
-2.1034136
-0.10664495
-3.3259206
-6.588034
1.1464727
-1.3214121
-0.29646122
9.908194
0.7158152
0.67677087
0.015510993
-7.1652064
9.827331
2.760771
6.974523
2.6170053
1.926926
-0.9363155
1.630284
6.9436717
-7.6032557
-5.392444
-3.1529489
-3.2932339
-6.8992333
0.16122404
6.3768225
1.6032188
1.6206074
-5.2960663
-4.02958
-1.5164225
-2.5106463
-5.760161
3.3200796
-2.7673073
0.631469
-0.35393575
-5.14825
-1.0953106
-3.538083
8.846128
-0.77436054
2.136071
-6.418262
0.30561578
-0.7123225
1.5958934
-3.8697085
-3.6299474
-2.0698807
0.24484874
0.9433114
-0.6809867
-3.7057683
-2.3487756
2.0688868
-1.9910865
-4.702266
1.0323596
-4.9452686
4.8223844
-1.1257685
3.2796009
-0.43973127
-4.8965554
-6.3397045
0.37810788
3.723965
-7.747368
-1.0468162
1.5718135
-0.96751606
1.2603018
1.7716141
-3.9962258
0.19028428
-6.0717735
-6.915297
-1.4567462
-0.14433807
1.0110425
2.777857
0.70724547
5.39306
-0.9890509
-1.6838007
-1.4277655
-4.008433
0.7051429
0.17753755
-2.5184627
-1.5553943
0.7871604
2.4719079
-4.769027
-4.2328706
-1.510536
-2.4530356
1.4043477
1.8952962
6.0412908
0.35070017
0.07296757
-2.3184948
2.0852203
-0.33969498
0.021744069
-3.8211703
0.23237525
-1.2815919
-1.1486241
-3.0412364
3.664065
-5.8391204
2.951647
-1.7640376
2.2044387
0.19138843
-0.7883725
-0.61707926
2.9977334
6.4874063
-0.039786417
-1.8082147
2.8847196
5.9019575
-2.8146317
1.1450809
1.840685
0.1600239
0.8212998
-5.265733
-2.2846107
-3.050516
0.6085878
2.3721583
-1.9035463
-4.398452
1.6528447
0.2007932
-3.9586022
1.9797156
-4.773162
-3.24223
2.5139627
-1.5648187
0.4990443
-0.7176246
-0.88909745
6.86491
-0.47512186
-3.4943337
-3.0998833
1.4164735
-2.9082067
-4.2250686
-1.0399408
-0.9140094
1.7799299
-1.9702061
-1.5691153
-1.6660991
-0.5291686
-1.4448124
1.8075377
-0.88090974
0.0
-0.11996232
-9.297609
1.8890207
-9.084175
-8.121481
4.6822577
8.545281
2.4110107
-2.371944
-2.2862597
-1.2376765
-7.685592
3.8439465
0.30055708
0.20710656
6.054386
-3.850403
6.4681582
1.6447788
4.6532493
-0.09239429
3.8899367
-2.7602394
-1.300612
0.93150854
-0.15729839
-6.1836658
-1.1217561
0.64944607
-5.2245245
1.2265182
2.181002
-0.18149805
2.3633533
1.9493023
7.554647
-1.0325918
-1.7352453
-2.030659
-0.3700818
-6.18785
0.713438
-3.423453
0.4196249
2.680938
1.9466225
3.1750884
4.383079
4.3729672
2.1321518
-0.7936
0.9255083
-2.6633146
-7.7158985
-0.7582365
-3.1810527
6.9499726
1.4880214
-0.1368812
-8.613366
0.66738194
3.8129032
-2.8231554
4.7871704
0.36334378
0.3994663
-0.55255204
-1.7505608
0.5482549
-3.065583
-1.1250774
-1.4238393
3.0104303
-7.319236
4.5301204
2.1118968
-1.3477262
2.4368372
2.682274
2.3565135
-0.52475137
1.4626456
-0.9509318
0.34814465
-2.7731047
-3.2976196
-3.274785
-0.26438412
-1.8669521
-4.0858817
1.8218397
2.4415545
1.9319409
-2.8662143
2.2786472
5.521141
0.84478956
2.086794
-0.2272538
-0.008142108
-0.23477027
-3.5888436
4.5739145
-1.7103574
2.5530772
2.5684786
0.60139316
2.684986
1.1043457
-0.6058905
-6.571316
-2.7089517
0.74830604
0.68670124
-0.6994123
1.1895058
3.4940124
1.5793107
-2.9446688
-0.57192194
-0.5995458
0.612733
-1.0243223
3.521113
1.176412
-3.3218305
-1.1605842
-0.021770585
2.256401
-1.8909287
0.17941982
-2.7170413
-2.543515
-0.94603413
-0.6064216
1.5892406
0.5467467
3.5928547
-2.448041
-3.79233
-0.9115089
0.5352162
0.9276338
-1.5785495
1.5477113
0.17998444
0.07915712
-0.20595354
3.0269718
2.2629423
-4.217671
-0.4443271
-1.4497942
0.58047163
2.965565
-0.61863095
-3.0184526
-0.55343544
-2.6672542
2.518028
-3.3882651
1.4577293
-0.8185227
-1.396767
-1.2525276
3.0304863
-4.1615815
-5.269166
2.2383626
-0.82257986
-1.3000942
0.26242697
2.4663854
-0.8441182
-0.9836015
-0.015035698
3.8759751
0.050847366
2.6687567
0.05463568
-0.15776269
1.5999742
-0.6474859
-0.07205053
-0.09195528
2.279177
-0.87089765
1.029416
5.0210896
-0.4474957
4.5931683
-3.3866491
1.3916895
2.953
0.0
3.078347
-8.654818
-1.5696081
0.5012735
-4.601628
2.397178
4.4824567
-1.3962723
3.516548
2.992064
6.7689676
-9.634764
5.420921
3.566181
-5.404603
2.1883135
6.3737974
-1.6340235
2.5162234
-5.684308
3.963498
5.7585444
5.2663813
5.086712
-2.5760214
-1.8555459
-8.953647
2.3140142
4.2730184
-5.261184
2.3776147
2.6773915
6.0059986
-1.8034542
-4.881019
6.280636
-2.4580526
6.819426
0.01806337
-0.26348636
0.10237589
-3.7984781
-2.5755284
-0.4642277
2.0207372
2.2604635
-4.7047234
-3.0053236
-0.5574815
2.3646708
1.129266
-2.7606266
2.392975
-1.5509619
-5.6605363
-0.9016767
-3.5734265
0.4751142
4.2365475
0.10509945
2.625239
4.5843344
-0.75604767
-4.7003765
6.2494693
-0.35385293
4.3738537
1.1767892
2.7841456
3.3300567
-2.4461708
-7.5080233
-1.2374845
-2.408261
-5.8545804
1.8619885
4.0396895
-2.643535
3.4696343
-1.0738221
4.873579
-1.3833051
-6.017386
-2.9337468
-0.16095152
-3.371894
-6.976537
-0.42050552
-0.9847911
-0.4762007
-1.259186
0.035862274
-2.129017
-1.3170726
-1.0153469
-1.343037
0.9849501
-1.7507608
-1.7692264
5.097225
-2.46104
2.4487162
-1.1386261
-1.083095
1.120652
-5.691649
-0.07940672
4.6219397
-6.8238325
-2.653507
0.8479096
-2.1152067
1.6370035
0.71040094
5.3994036
6.3778005
-5.9813614
0.17269948
0.5395362
-4.493194
-2.8881996
4.08504
0.22773622
0.17009363
3.263807
2.4220765
-3.2248354
-2.6238792
2.8099337
-8.083107
2.5426953
1.4401796
0.20618178
1.252941
-3.4486892
-0.96935016
-1.9619359
-3.0619402
0.9906945
-0.92250013
-1.6708182
-1.4101248
-5.314988
2.770917
-2.5575392
1.9676853
-3.7896862
-3.3844547
0.8854751
-2.3059754
-5.4941344
0.96515393
4.772767
-0.6379185
2.568904
2.3601232
-1.2154064
4.9141603
0.21427786
-0.4257148
-1.4478211
4.4732347
3.7834797
-4.338999
5.2032123
-3.8282135
1.1622738
3.2204266
-1.2691813
-0.15770155
-0.27723035
-4.635819
0.75154907
-0.7231499
0.98544925
2.7901323
-4.108932
7.645407
-0.50818443
-1.1373192
0.62057036
0.09630264
2.1541572
4.175299
-1.429137
-0.3384572
-1.0529044
4.629117
-2.587705
6.3517575
-5.599986
-11.189029
-3.8219507
12.72998
0.66518915
-12.72983
11.172385
11.173195
-12.729837
-11.189781
8.971376
-7.9099627
8.991619
7.8566704
8.999988
8.999993
8.99781
6.431573
-7.8145456
-4.570904
7.9098525
8.999169
-8.999934
8.998851
7.909943
-9.0
7.909859
-7.9038973
-0.76688987
7.9063835
-7.9093003
0.39422357
-7.908665
-3.9986503
-7.90917
-7.9099984
-7.895262
-2.8344722
6.617129
8.999847
-7.909926
6.5538287
8.999904
7.9084754
3.6451354
-7.9097443
-8.999979
8.995756
-8.999908
7.760901
-7.9099717
7.9096303
-3.1174166
-4.8004065
4.7643585
-8.9997425
7.90912
7.9076505
-5.5977607
6.3599772
-5.5828004
3.3428748
-6.359795
-6.3599477
3.3942344
6.3598046
5.5982485
-5.5999494
-6.357473
-5.599094
-5.560279
-5.9123416
2.6234035
4.300618
-2.995543
-6.3599715
5.59999
6.359954
-5.5858283
-2.6884959
6.359946
-5.596382
6.3599553
6.3599844
5.3667526
6.3599234
-6.3596053
6.3597245
-6.2362833
2.903016
-5.599939
-5.597054
6.344662
-5.599908
-5.597013
-6.359816
5.5995474
5.599989
6.3599143
6.0489492
0.8149021
6.3589296
5.5999737
8.26286
7.909984
-8.039991
-8.41936
8.039793
5.4613037
0.0
-15.589194
-15.478263
15.589927
15.792227
15.58978
17.965218
-15.574054
15.83
-9.445845
-17.99873
15.548236
-15.829966
15.589981
3.5946355
15.5899725
-17.99667
-15.589924
15.829944
11.727824
-11.188488
-11.369996
-11.909819
-11.724895
11.189857
-11.369556
-11.909899
2.169327
-12.726153
0.82131034
12.540525
11.712862
-10.477926
11.369961
11.909897
-11.729996
-11.189947
-11.369981
11.025105
11.729967
11.189942
-6.6424823
-11.90384
7.0400004
12.72965
14.698673
3.8498087
-2.4259174
11.183483
11.369331
-11.909876
-11.01983
-5.1216245
-11.189805
11.019366
11.189955
9.361942
-11.008478
-12.729697
11.189962
10.986711
7.507338
-11.188025
-11.019907
-11.145991
4.526118
11.000585
11.189997
-11.170173
-10.793322
12.711008
-11.189987
11.019975
-11.189952
11.189375
6.230494
11.17361
-12.687969
-10.994474
11.189998
12.729173
11.019299
12.73
-12.71529
-11.019215
11.189986
-12.722461
-11.02
11.189973
-11.189642
11.019737
-11.189979
4.2983017
2.836347
-12.729982
-11.188443
8.386361
-11.052626
-11.189923
-7.7899766
8.999968
9.135161
7.908418
1.1917472
-7.904179
-8.289481
-7.909863
9.027697
8.918368
-8.038568
8.4199705
8.288456
-0.61226356
5.649969
-8.350769
-4.9682946
8.418529
-7.789964
-8.99992
9.097854
0.17202364
9.119782
6.2749825
-2.8634188
-7.9099565
-4.560867
-8.419229
8.039971
-6.8428254
8.289704
-7.90993
-9.13964
9.579741
8.038789
-8.404952
0.3421702
8.999955
1.3882189
-7.9060707
-7.1509504
-7.902498
-8.287377
-6.5046844
4.005145
8.419983
9.139988
9.579973
-8.2892275
-7.9099092
7.806338
-2.5141032
9.139952
9.579766
7.7899857
-8.99974
-8.409867
-8.999909
10.386001
8.99963
-8.289955
-7.9099402
-8.039997
-8.401413
-9.13948
9.57977
-8.2899
7.909939
8.012895
8.41995
8.039958
-8.409643
-7.7893624
8.9999895
4.3598156
-7.909861
-9.134639
7.9099913
8.289845
-7.909988
-9.139906
-9.579887
-8.04
-8.419949
8.289985
7.9098606
6.9573393
-8.416061
-8.039992
-8.419954
-5.6
6.353536
5.5994864
-11.189874
-11.189996
12.72995
11.187153
-12.729842
11.189668
11.18996
-12.729634
3.3657525
-8.999992
7.909946
8.998158
-7.9087777
8.999655
8.86521
-8.996929
-7.909828
-7.909983
8.999924
-7.909912
8.999972
8.999923
8.996119
-7.907022
8.999004
7.909981
7.9095855
-7.909984
7.91
-7.9099364
-8.999994
4.0589013
-0.27942443
-7.9064636
7.9099393
-7.9084444
3.7152953
-7.828161
-8.99974
-7.909972
7.8967366
-8.998681
-0.2626112
8.996584
6.7124476
-8.824772
6.3678184
-8.999963
7.908153
-3.6729023
-7.7632904
-7.8936768
-7.9098964
-0.5222734
8.999658
-0.8701044
7.791494
-5.5910635
6.313039
5.5998416
5.599987
-6.359202
-6.068569
-5.5935707
6.359528
5.5819325
-0.4315189
-6.346245
-5.6
5.599884
-6.3599696
5.599677
5.218952
-6.359871
-6.3599963
0.4701865
-6.3599706
5.5999947
4.043064
-6.36
4.985594
-2.7482364
-6.359952
-5.5999928
-6.34288
6.3599906
6.3599563
6.359965
-6.3599696
-1.8318954
-5.599932
-6.3597813
-5.5997133
5.5769873
6.356575
5.599915
3.4733799
-6.359984
6.3566794
4.2194295
6.359925
-5.599562
7.7827387
-8.999982
4.6329956
-7.91
9.139827
-7.9099927
0.0
-15.513546
-15.809544
15.589925
15.829043
15.589689
9.684866
15.588393
6.32558
-15.589895
-17.999453
15.5858965
12.132165
6.9913483
4.560769
15.585475
-17.953892
-15.589972
-15.8288765
-10.932393
-7.775528
12.919264
-9.379774
-11.018323
12.729438
12.919234
2.0185714
4.8425727
12.72989
-14.699801
-12.729883
-11.019905
12.725818
-12.916
11.189996
11.01887
12.729774
12.83384
7.5934706
-11.017781
12.729963
-12.919971
-11.189992
-0.87512946
-2.6577532
14.699097
12.729949
11.01993
-12.700614
-12.919588
-11.186406
-11.0198965
-11.187156
11.131962
-11.018362
11.17614
-11.1811075
-9.394392
-12.724258
-11.18998
-11.018913
-11.189949
-11.189681
4.1329017
2.959797
-11.189989
-6.9789767
-11.189996
2.3405094
11.019881
12.73
11.189992
-4.297141
-11.19
11.18113
-11.012887
11.187702
-12.404522
-11.019126
-11.189824
-12.675355
11.019991
-12.724259
-12.725935
-11.01991
-11.184503
12.728977
10.751339
11.189996
11.189975
11.019982
-11.189992
-4.816971
11.016566
12.729996
11.189947
-10.897463
-11.189609
11.189969
-7.7898145
8.999976
-9.139399
2.526289
-9.089312
-7.909962
7.7877626
8.995693
10.389868
0.32353392
-9.14
-7.90873
-7.789873
-8.999992
-9.13619
-6.4562306
-6.0678234
7.909975
-7.7211223
-8.999985
-9.139872
-5.111623
9.139975
-7.909265
-7.789957
8.999616
9.1399975
-3.8932607
-9.1393795
7.909741
-7.789961
8.991219
8.902811
-8.999853
9.139985
7.909988
7.756112
8.999992
-9.124401
1.394152
-3.2443707
7.90998
7.7880635
-8.999934
9.139857
-7.9099894
-10.389882
8.999884
-7.7795763
8.999423
6.722816
7.9099545
10.389922
8.998969
7.7899594
8.995663
-10.365769
-5.109601
-10.38995
-8.923526
-7.789833
-8.999921
6.464167
7.9099936
10.389988
-1.1383946
-7.7193217
-8.999982
-9.139061
-7.8946543
-9.139957
-7.388524
-7.789962
-8.993086
-9.139497
7.9036927
-9.14
-7.9099584
7.7899933
8.999962
10.38851
-8.99996
9.138585
7.9099855
-0.092909366
-0.42335984
2.3047073
-7.8525496
9.139988
7.9099736
-5.595402
6.3599825
-5.5999327
-11.186891
-11.189992
-0.6499075
-4.236476
-12.729884
11.189902
11.180566
-12.729792
-11.189071
8.9999
-7.6097217
-8.9731
7.9096694
-8.999745
8.999655
8.999961
-5.6034756
7.783373
8.998667
-7.9072294
8.915203
8.999822
8.989649
-7.909287
3.0624363
7.891951
-7.9092755
-4.9406686
7.909995
-7.89313
8.999925
7.909979
7.909939
-7.865794
1.2516003
-7.9099903
7.909916
7.8582296
8.953708
7.9099817
7.91
8.993839
-7.9082274
8.9999695
7.91
-0.81882423
8.999977
-8.999982
7.9098034
-7.901791
7.9096456
5.139859
7.9099903
-1.1009291
8.944756
3.9910138
-0.31476092
-4.230669
6.3577785
5.5993333
-5.5994825
6.3549714
6.356863
-5.5999312
-6.296975
-5.5495777
-5.5998883
6.3599863
5.5997524
5.5993996
6.359939
-5.5986934
5.5999637
-6.3597236
-6.359558
-5.599995
6.36
-0.12122573
6.359972
-6.3599715
-5.599962
6.357229
-6.3598413
-5.5999827
-3.909561
-6.358986
-6.302478
6.335948
6.356586
5.599533
-5.5999875
-6.35999
-5.594882
-0.0745162
6.359604
5.5538034
5.596049
6.359568
6.295418
-5.5998836
-6.35994
-5.599968
8.289945
-7.9099627
3.4753082
-8.419996
-8.039877
-8.419871
-0.0
15.589585
-15.829485
15.5898485
-15.827051
-15.489296
17.99835
-15.589944
-15.829987
-15.573987
-17.998577
-10.569021
15.827379
15.589216
15.824582
-15.587535
-17.98647
9.291989
15.829949
-10.99989
-12.729828
-9.374823
0.7338968
11.019586
12.725813
12.8078985
-11.189894
-11.019674
-12.729961
-14.699916
12.729953
11.014749
-12.729727
12.919972
-11.189333
-11.729684
-11.189801
5.704114
11.90999
-11.727622
11.189817
-11.369854
-11.902239
11.016523
-12.729024
-14.6999655
-12.729953
11.729313
-11.189972
11.369638
-11.909224
-11.019923
-11.189372
11.189894
11.019796
-11.18999
-11.189991
-11.01946
12.729746
11.189848
-11.01929
11.189664
-11.189898
11.01963
11.189213
-9.777032
-11.012938
-11.189976
-11.179608
-11.019979
12.729753
-11.189451
-11.019996
11.187891
-11.189965
-11.018421
4.9930534
-12.728048
10.798794
-3.166287
-7.3749003
-11.018217
12.725171
-12.729634
-11.018947
-11.189814
10.246321
-11.019339
11.189927
11.189964
-11.019587
-11.188859
-11.18915
-3.0104094
-12.725703
11.187646
-11.015553
9.298733
-11.187757
8.288747
7.9095955
8.02202
-5.0107183
-8.039322
-3.7007287
8.253568
-7.889011
-7.1513624
9.579897
-8.02268
-8.419726
-8.289926
7.8613634
8.030846
-8.418543
8.039967
8.41968
8.288318
4.7631087
8.04
8.419698
3.9973686
-8.419976
-8.240849
1.1190253
1.8822317
-8.419983
-8.039713
7.9202476
-8.284194
7.9096518
-9.133607
9.58
-7.859811
-0.9303198
-8.289012
-7.909938
-8.039976
-8.418882
-8.03863
8.419651
7.754926
8.999975
-9.13621
-4.881486
10.389922
5.1239133
-7.7897243
8.999505
9.138595
0.9836286
-4.338612
8.999994
0.11974819
8.999715
-10.389892
6.0140524
10.301371
-5.8873286
-7.789975
-8.999929
9.137493
7.906947
-8.348986
8.689872
-8.288599
7.9099927
8.039959
8.404589
2.685809
-1.004074
8.215887
7.909193
8.039974
1.5641162
-5.9571714
8.418081
-3.537653
7.9099336
-9.139913
-9.57869
-6.106665
-1.8914553
8.283251
7.906528
8.0303
7.4776716
8.039894
8.379058
8.289449
7.9099655
8.039963
-4.190075
7.354476
8.398789
0.0
15.589609
-5.1450543
-5.5077605
15.829896
-15.573253
17.951569
-15.58987
15.83
-15.589851
-17.999825
15.149097
15.829359
15.587476
-15.829569
15.589209
-12.011128
15.586355
-15.829886
-2.9099016
11.010789
-8.709326
-11.908935
11.729975
-11.035953
11.369785
-11.909691
-11.019583
12.632318
14.699817
-12.69989
2.2656295
-11.189927
-1.2867807
11.909392
11.019958
-12.729982
-12.919201
8.861131
11.019989
12.729756
10.649155
-11.189883
-11.019939
-12.7294
4.3345175
12.627675
-10.985088
-12.729356
-2.0489287
-4.589852
11.019948
9.4334755
11.1890955
11.018849
-11.189954
-11.189902
-11.019877
-12.7219515
2.506023
-11.019991
10.854503
6.1513724
11.0174
11.171448
-11.177087
-0.38945934
11.189833
11.189993
-10.968005
12.717085
-11.171223
-11.019552
11.189857
-11.187433
10.4778805
-11.189797
-12.729822
-11.019446
-11.18989
-12.729969
11.019907
7.9520264
-12.317685
11.0192995
11.19
12.729994
-11.001173
-10.806689
-11.19
10.656872
-11.189618
11.134962
-11.019932
-12.729986
-11.1812525
-11.017727
-11.189397
-11.189977
1.4451265
7.909388
3.9520578
-8.41984
8.039978
-8.411402
-7.7899036
8.999959
-10.169641
-8.942847
9.139995
7.908912
1.8373501
7.909497
8.039999
-8.391108
-7.183637
8.416716
-8.289983
-7.907904
8.039979
-3.6158218
-8.039792
8.42
8.289964
-7.909995
8.031416
8.399596
-7.6953764
-8.419779
7.7841797
-8.998586
10.389935
-8.913964
-9.138936
6.7018375
-8.289974
7.908956
3.1215029
-8.419571
8.017946
-0.12374682
1.6384592
-7.909231
-8.039987
-8.419969
-9.13998
-9.579268
-6.963126
-7.909641
-8.036964
-8.400562
-9.108994
9.579961
-7.785891
8.999814
-10.389586
-8.999964
10.389064
8.996193
-7.910131
-7.9099774
-8.039994
5.9786086
-9.139015
-9.56199
8.2614355
7.909813
8.0398035
-8.419882
-1.3292432
-8.419967
8.289972
7.9098744
-8.03979
-8.419197
-8.039914
8.419189
7.789919
-8.999869
-10.380709
2.4389377
-9.139971
7.91
8.289396
7.907975
-1.3017786
-8.419994
-8.039945
8.419955
-7.761659
-8.997726
9.139784
7.1079865
-9.136004
-7.909902
0.0
-15.58993
-7.8994713
15.589974
-15.829957
15.589985
17.989622
-15.5872755
-15.799027
-15.589902
-17.999908
-15.588167
15.828718
15.58996
15.793969
-15.580815
-17.99791
15.589747
-15.828862
-11.018763
12.729846
8.877718
-8.283272
11.019866
-12.729919
12.915259
-6.840439
11.01958
-11.085914
-14.699703
6.413924
-11.019985
12.728056
12.919651
11.179746
11.0198555
-12.729745
-12.919992
-5.040091
-11.019991
-12.72994
-8.491124
-7.60358
10.988918
-12.728676
14.6978655
-12.72999
-11.019995
12.729884
12.919985
11.189551
11.01999
-11.189584
-7.8603764
-11.016325
11.189935
10.859684
11.019987
12.729925
-1.6431422
11.008674
-11.144225
-11.189947
11.019972
11.188721
11.188647
-10.995087
11.1898985
-11.189987
11.0197525
-12.729895
-11.189982
10.756692
-11.189957
11.189996
11.019814
11.1866665
-12.729971
-11.01978
11.18839
12.727707
10.320086
-12.712785
12.729768
11.018984
-11.19
12.233297
10.677856
11.1861515
11.189174
11.019841
11.177472
-11.090364
11.0195055
-12.729931
-4.8674226
11.019839
11.18997
-11.188779
7.789991
8.994491
-9.135311
-7.9099975
3.575981
-7.9099307
-7.7899585
-8.998417
8.982242
-8.998423
-6.0711613
-7.909966
-7.789807
-8.99996
9.137559
7.8989553
9.13778
7.909645
-6.2831845
8.988972
9.137478
-5.9218845
0.13620383
2.1285737
7.7898784
-8.999763
9.12302
-7.9093075
-9.139914
-7.909832
7.7817674
8.999937
-10.347966
8.994693
-5.938543
-7.907181
-6.9320016
8.992757
3.2813268
-7.909895
-7.8627973
-7.9009194
-7.7774916
8.999442
-6.01375
-5.8988023
10.389853
8.99996
-7.789825
8.416262
-1.061732
7.907874
10.389962
7.057859
7.7894897
8.997764
0.9791106
-1.3222369
5.901149
9.0
7.7899847
8.999795
-9.14
7.8954287
10.388418
8.999992
-7.7899203
8.999989
9.139775
-7.9094667
-9.139975
-7.8999534
-7.775256
-8.991837
-9.14
-7.909926
-9.139757
7.909952
-7.788794
8.999976
-10.388695
8.999996
-9.13919
-7.9099107
7.787966
-8.999834
9.139162
7.9099827
-9.139883
-7.909968
-2.397293
-0.19005528
-2.7054949
-3.934788
-1.3671995
1.3180189
0.8063785
0.014213324
-2.3142862
5.588262
-0.81187874
-1.6857437
-1.5560213
-2.8916233
-0.470722
1.8555557
-2.5598762
0.5234169
-0.015224781
-0.08232442
0.90637803
1.4943446
1.6391464
1.5094826
-3.5770893
2.7559617
2.5610654
-0.770205
-0.902386
-0.5023512
-3.3258011
-1.3742934
2.3583653
-2.7812304
1.7664983
2.7393548
-2.4384804
3.4726243
0.7272528
-1.3845524
0.5279496
-0.8818518
3.5340571
0.009240683
5.7552733
-2.7929006
-0.70691127
-2.532289
-3.7462924
-0.13891369
2.6677246
2.0962477
-2.811565
-1.1699686
-0.49124947
-2.313943
0.78057694
3.364732
1.0193038
1.118071
-2.18883
3.7260492
4.693148
3.4585278
-0.956872
-0.063901305
-0.017912336
-0.4950819
-1.2743887
2.0351436
-0.43606836
0.35873118
-2.3370316
0.34508115
-0.9644803
-0.29539967
0.72110736
1.5167896
0.18552005
-3.0689468
0.57182956
1.010406
0.20222808
3.307536
3.0718844
-2.9351149
-2.008168
2.1513507
-3.3351343
0.5647248
-0.2916667
-2.197927
0.12989351
0.4827544
-0.76648027
0.052661475
-1.2778795
4.688644
2.9982605
-1.7063003
1.781524
-0.6122527
2.4317715
-2.9120936
0.7559617
-3.7154038
4.130559
-2.426204
5.371618
2.955222
-4.525965
0.0
-3.747794
7.812469
-0.33845225
-1.5525856
-4.9091125
-4.772492
8.691786
3.034744
-0.2966009
-5.6685343
-1.4703556
5.9092674
-1.564348
0.5153245
7.1168313
-0.12817484
-1.9443882
0.8684136
-1.9879601
-1.565451
-2.1716645
-0.20127451
2.3663917
5.606811
1.0923686
0.6346665
-6.729275
1.4427139
5.059052
-0.62698567
-2.896408
-2.7861948
-5.326077
0.36003092
-2.2586498
-7.7217813
0.40488246
2.9113903
-0.33414686
-2.9756901
6.154282
-3.9427671
2.607323
1.7161163
2.2733893
0.31570038
1.5236484
-2.5180597
-3.8045738
-1.7460502
-6.62142
-4.3862267
-2.7783928
3.166601
-5.0176687
-5.004114
2.1540341
1.9383441
2.9482372
0.30960655
4.061903
1.6971288
-0.5234488
-2.9304695
-2.2531261
3.2281487
0.22520722
-1.9368864
-0.9501187
2.123682
-5.675845
1.3697999
0.6529664
-4.086491
0.6319399
2.0130541
3.8272686
-6.6999307
2.6189778
3.080895
0.74066657
2.3461373
-0.77592856
4.29468
-0.34072244
-0.6894476
-3.9085238
-3.314247
3.9669316
-1.4678705
-1.1531485
-0.8320404
-1.4011225
0.88019335
2.0457416
-1.9404987
-0.50324494
-1.6944174
0.8061868
0.61908746
1.229422
-0.17998578
-1.0049362
1.4393512
-3.7775824
2.3627248
3.2268007
-2.8808405
-0.25365853
-0.9088704
-6.009622
-4.9798684
-0.62646234
1.7598065
-3.4480383
-1.7996193
3.4785767
1.5979934
-2.545288
1.17174
0.75060076
-2.81198
0.009428386
-2.9733942
0.3090398
-1.8958833
-1.3561916
-0.11231437
-1.5088964
-0.17384359
1.6184112
-2.0736237
-1.321417
-2.489065
-2.5202692
7.0885105
1.6471075
2.2531815
-0.83779275
-2.0597036
-1.4907739
-6.2932386
-0.2650887
1.9538037
4.3694506
5.460916
3.6651416
-0.13924296
1.6735889
0.21490557
3.6424654
0.9092565
2.7181756
3.166258
-2.4255192
-3.2682443
3.5937915
3.2026591
1.4327971
0.42283756
0.517593
2.026513
5.623278
1.670933
4.00014
2.6113153
-0.3172618
-0.14771943
-0.44556776
-3.103814
-1.6668271
2.3485684
-0.71138155
-2.2212226
-0.24814624
-3.0864089
0.6266854
1.7209812
0.89271444
-3.8054712
4.080854
1.2886785
2.9547338
2.5222332
-0.17893893
4.5223923
-0.00084625994
-3.3469381
-2.4256387
3.7613118
-0.1944201
1.5630895
-1.2617164
-0.7399046
0.592554
1.8073514
-4.3050885
3.3500855
-0.97619194
-3.9093814
-0.9615216
-0.9215684
-5.730504
0.67995447
2.615154
1.4309475
-6.579138
0.039496694
-2.4478467
2.6449506
1.0193923
-2.0985816
1.3342532
-0.5819628
0.46145707
3.0051832
-0.09212605
1.3192177
1.230681
-3.4582171
1.7397531
0.3885523
4.256898
4.321439
1.0660858
-4.3858423
0.86887425
0.054594792
2.3057923
1.5138702
1.8889225
0.42093322
-0.3070756
-0.44334295
-2.8970816
0.96773714
4.603316
-2.1262224
0.8763875
-2.7593493
-0.31631446
-1.8012973
-1.2773712
-0.42044646
5.3834567
2.8467498
3.0337508
0.61706495
-3.934099
3.8318243
1.8575914
0.3847459
3.7880044
-0.6316061
-3.0807831
-3.5996277
-2.2142155
2.3029773
1.0925837
-2.5404778
-3.2099226
2.8050892
2.4563656
2.9891298
0.14144829
0.90757793
-1.5992982
-3.2168708
-1.9427013
2.8687413
-0.83266777
2.7162511
-1.1596752
-4.579915
-1.1792818
-1.8419788
1.646425
0.253632
-4.1893916
-2.0176451
2.4698906
1.296154
0.011906068
-2.1319478
1.955981
4.0174446
1.6803893
-1.44514
4.6089334
-0.6012899
-0.8111519
-2.288541
-1.4411298
-3.050909
4.81534
-4.817385
-2.5411932
-1.06079
0.8807481
0.0
0.9184892
0.6549488
-0.9718645
-5.7544875
2.1846323
2.8676844
-4.429934
5.509224
2.5511806
6.278082
-3.1441414
5.484833
2.062458
-2.1568313
0.39516795
-4.1467867
-0.4525847
0.50630116
-1.8874512
8.8056555
-0.3763542
1.3498265
-5.3703218
3.5521166
1.01501
-3.8748124
0.9743831
-2.626428
0.08212386
-3.7703857
1.945872
7.830978
-0.42074525
-0.9379349
-3.3431242
-3.286635
0.9012916
-2.0309389
-10.286342
-8.743003
4.2135696
4.6494155
-3.1171887
-4.0543265
1.2692574
0.16289228
-0.697491
0.62098104
3.3067882
-1.4863857
-0.7655517
4.781009
-0.10126064
-4.5792685
-4.4785743
2.868173
-1.6446877
-0.8426477
-2.0082643
0.7191147
2.8626642
1.6373818
1.6928144
-1.5628242
2.8730643
-3.371856
3.6804597
5.785329
6.0952783
0.00027907515
1.7707435
3.4942043
-1.9264958
1.4984945
7.0202093
3.410718
-1.0565238
3.4914615
3.7979996
-1.0421025
2.202296
0.6516552
0.57279545
1.3700546
0.21654733
-2.6030283
3.5548778
-2.531832
1.2982277
6.8337336
3.5214937
-0.58175445
-2.8495626
6.327962
3.4133475
0.68778527
1.1361219
-0.4784451
1.4489254
-2.478066
1.3207554
-2.476678
3.495895
-3.590039
4.811168
1.4056321
2.970772
-2.3175619
5.2819114
-3.1899784
-2.5397918
-4.1457458
-0.8239667
-1.5066295
-3.979875
3.8941848
2.5657504
-4.677433
-2.29523
5.0956087
-3.5262778
-1.4302044
6.3793516
-4.015038
-0.653553
-2.7634978
-2.749154
2.7593918
2.502426
-8.2577095
1.325445
-2.7005987
2.586957
1.4650038
-3.3866417
5.592656
0.101787716
1.3371396
4.0835924
0.3418736
2.8778582
1.6681521
4.4758263
-1.4742329
2.2692623
-0.19101113
-3.3588521
1.9545722
1.4845945
2.5794785
-4.038517
-2.0819767
3.3964179
4.186801
-2.5825937
-1.3187358
-0.9490381
0.21402985
-0.1401256
4.3685756
-3.1062193
-1.3363909
-0.4864154
-2.0592625
-5.4217415
1.5242155
-0.85648155
5.059574
5.7202535
2.2179391
-6.393389
-1.367985
1.2837516
0.4294958
1.3458477
-3.2694557
7.017219
-3.2326543
-0.6390249
0.9914833
1.1881342
-0.8550097
1.1363205
-3.9841995
-3.7129593
0.66415775
0.35796538
1.6285427
-0.7970576
0.6706831
-0.81848466
0.9326654
-0.30662677
-2.798544
2.9589565
2.4962509
5.7969203
0.38720277
-4.400346
-2.283754
0.87517494
-0.8124409
8.201737
-0.33761054
1.9741795
5.35407
2.3288937
-4.715697
-3.9289675
-3.0927486
3.9276443
-6.281664
-1.6379081
-1.9875542
-5.2453737
-0.4767299
2.409299
-1.4432061
0.97964597
-1.2037675
0.5319433
4.3682756
1.3579062
-1.2980553
0.04981253
-0.8422503
1.0934021
0.28004935
1.4158081
-0.6949373
-3.1608455
-1.7090253
-1.4305508
-0.36278886
1.3875273
5.5278645
-2.9818873
-0.6866884
-0.25090572
-3.2931612
0.33793813
2.4876266
0.6546634
-0.22716127
-3.3576407
3.2946837
2.0724516
-3.8678067
1.765756
-3.3219664
0.13910033
-3.3533602
-1.4310141
0.4739222
1.4591578
-2.3098779
-0.37916473
1.6843098
0.23563984
1.4076645
0.0934136
-1.8000481
1.4188259
-1.2498882
-0.79009837
-3.0506532
-0.8156771
0.18892711
1.6158426
-0.46713105
-0.36647597
-2.8209033
1.1305125
-5.0059376
-4.4298334
1.7842441
-4.583511
0.7775944
-2.7052577
-2.529967
2.0328832
-1.2894772
2.450288
3.1206408
1.5835832
4.3838134
2.696112
1.1462579
-0.043691933
-1.8241985
-1.229204
-4.73363
-1.0545452
-5.324694
-2.0410447
-2.2833674
0.32567054
7.2431297
5.6905785
-0.0
-2.5414305
-0.82828075
-3.5091262
7.6905956
10.827027
-3.2205098
0.9834786
-4.7875733
3.4517517
5.8804793
-7.1255913
7.9383893
0.30816418
-4.5013876
-5.505128
1.4707733
5.017327
-3.0530217
8.47329
-1.7223358
-0.67160636
3.9086435
-4.961684
-0.74101985
1.9109674
5.00261
-6.479993
-0.7542429
-1.5601934
-2.2077372
-3.3194191
2.535569
-4.1337476
1.0010791
-5.930454
-8.572002
-3.1017272
-5.218056
2.3483267
3.663205
0.76633453
2.0121436
-0.012460465
-0.65136755
-1.305036
2.269472
-9.723234
-4.732816
0.4708055
-2.5368316
2.8806114
0.30305815
-2.5044935
3.9110098
-3.4623883
-1.041669
-2.7202625
-7.4554453
7.9765863
7.294029
-6.2438045
-0.3065952
-5.1718197
-0.46843392
-3.2554245
-0.98748183
0.16150385
3.392193
-3.019501
-0.40953448
3.1616862
0.19032806
0.8844382
-2.3224907
-2.4933076
0.739027
-6.930373
0.60692656
5.020657
0.7243914
-7.8614426
-3.256888
4.670334
4.6044292
-3.4811826
-4.480611
-0.23802021
-1.9192082
8.081186
3.2527316
-6.8855615
-0.5225684
-1.7124512
-0.82316196
-8.569729
0.0894291
-0.15987882
3.750691
1.8140237
-5.7980256
-2.406303
-0.65296435
-2.1806753
-1.2105157
-2.7861006
-1.332131
3.672248
0.5326603
-2.2089412
-5.9232006
-4.2462664
-4.100903
3.5907512
-2.9883747
-3.3750226
-0.82311314
1.5787408
-1.6270957
-2.4659598
0.935252
-0.7562248
0.4718741
0.9901936
-1.1113682
1.0143701
0.69007397
-0.8300511
-5.7027917
-2.2879803
-1.9828022
1.5749769
2.291684
0.1277525
4.5613275
-0.5479375
-3.6570954
0.38209417
2.2213569
-2.1904833
-5.280488
0.5137805
1.1754565
0.38533613
-5.844358
-2.730292
1.0359633
2.3251033
-2.49424
3.4399438
2.9068778
0.4274716
-1.1614652
-3.6342
-2.713157
-2.2723844
4.9240294
0.7481747
0.48456845
1.5732332
0.4516517
-3.029843
1.4159915
1.8573896
-2.6951313
5.8735886
-6.4103003
-1.1007985
-1.0785099
-0.8331067
0.12494159
5.957899
5.024536
-3.704013
-2.1420243
4.2394342
3.687907
0.32497188
-5.1817594
1.479699
0.53853863
-0.45209694
-3.158606
2.6190174
-2.1946387
-3.143421
-0.7555553
4.0888753
2.8917103
-1.7546763
5.827913
-1.4112625
1.3362367
5.232841
0.5008078
0.0
-1.7027631
4.2854505
5.2823253
-3.1053815
1.1684542
0.011643635
8.85269
1.6328803
-0.17906429
8.840237
5.13269
5.0004478
-4.238744
7.4399242
1.1739603
-3.24448
0.43484965
-6.3982005
-3.4129882
3.188332
-0.46524155
-4.782036
-7.5981493
0.21940804
-0.4128648
2.9408054
-5.2018456
-3.705455
4.5788913
0.7649786
1.6805177
-4.5951056
-2.3359008
-2.0281603
-1.1199651
-3.318437
3.9494307
7.590698
-9.309712
-3.2140343
-2.2244964
-1.2810756
-4.6730566
-1.0262591
-1.8908975
-0.9273805
5.5978274
2.5579557
1.1181058
2.012039
7.693504
-0.88281536
0.26285094
-1.3645643
-2.4045217
3.1123059
-3.8605387
1.2953745
-1.0103341
-5.814742
1.903381
0.87782717
-6.0410495
2.0843012
-3.1088972
-0.39617908
-1.0755498
-1.3443508
8.547743
-4.985968
-0.5633451
-4.224469
1.880452
-1.4413242
-4.253801
-2.9470482
1.2520905
-1.8995878
-1.4781281
-2.3152564
-0.19752817
3.0679152
1.8812033
1.8193183
-2.1237009
3.7067807
-6.096369
4.103815
4.143577
-5.4659643
-2.1324844
-0.049562175
0.69638205
-2.2722068
0.7769127
-3.9163458
-0.036324825
4.300605
0.35367566
0.2621899
1.1570948
0.8407599
0.79811835
-2.68238
-2.0857103
7.083149
1.4904307
1.4518368
-0.46870884
-1.7191687
0.6579773
6.4977927
-3.8337796
-1.3049525
2.7922418
-0.4967453
1.3766665
6.4563737
-2.8101065
4.4346704
-2.5315204
-0.9444569
-0.13013022
-0.91897136
-3.052037
-4.915192
-1.7153881
-2.9843717
6.5577474
-5.490634
-1.0539795
2.4561818
4.0712805
3.0244415
-4.973401
2.3399987
1.22309
-0.9026085
2.8229578
1.9278852
2.7500076
-0.63034123
0.1789445
4.4142056
-4.169772
-0.9751205
0.116870716
-2.083067
-1.9359812
2.5666559
-3.0259922
0.36740693
6.211447
-5.0494704
-1.3318856
0.10626168
-0.22786404
1.1183256
4.5982537
-3.918642
0.37078956
-2.6611035
0.550134
-0.27108523
4.493645
-7.0044646
-1.6252432
-3.084973
-0.30998367
-0.20385891
1.9587367
-7.1616898
-3.9999275
-5.66556
-1.490231
1.1516914
-4.8106723
-1.8384309
2.2637937
-0.00046795746
-2.4184139
-1.9428265
-2.574101
2.138358
5.9178524
0.70741314
0.45359406
-1.8824973
-5.4143863
-0.6656187
0.4132815
-1.0799481
3.2069523
-0.1412026
-0.0
0.3465927
4.25845
9.325895
7.121463
3.477579
-5.3880196
-1.083703
-7.549203
0.52688456
-6.2970977
-5.8371286
7.5037446
-5.714672
1.3011638
2.5662227
-6.0941496
4.3123956
-3.6134436
3.3953717
1.237246
3.312669
-5.306874
2.1131792
-5.530576
-3.376339
-1.4077022
-6.9733095
5.867571
0.8139555
3.213593
4.3230877
2.686591
3.4995623
1.8927044
2.3619545
4.3575583
-0.4119238
1.7969799
-0.66340584
-1.1802329
2.2068512
0.7803806
0.9827823
-0.3801639
2.5107427
3.1348186
-7.761152
3.024598
7.4484234
4.2109694
5.4264164
-2.1692846
-3.6360548
-5.1799583
-3.241416
3.3876793
1.036874
-1.0397074
1.2351661
2.5148268
1.5382953
-3.3057125
5.8045883
-1.782995
1.8455971
-5.79444
2.9766777
-3.5697253
2.994588
-2.2287045
2.4979756
-3.970007
-2.9483778
-1.1576391
-8.150437
1.9200404
-1.4699881
4.025776
-3.3168194
4.650343
1.9584112
-3.2794187
3.2612803
3.4515667
-1.5520716
-2.821895
-2.245662
-3.1578364
-0.33138973
2.1335475
1.7387395
7.9898996
-6.843709
-2.15005
0.016236188
0.52671254
-2.686767
3.5105832
0.8198228
4.3133597
-4.671865
-4.0227876
-0.8115817
-3.8575988
1.6835055
-2.5974257
-2.83123
2.0179741
-2.1701214
-1.4864789
-0.011090724
-8.168162
0.8874099
4.3272567
0.123101674
-1.4854754
0.15802158
0.59882236
-2.3151433
5.0509233
-1.5407112
-0.8324215
0.29053983
-1.4323437
4.4424686
-2.2405055
-5.8646274
1.0189067
0.83271503
7.2949324
0.49299416
-2.5270975
2.6801846
1.8532462
2.3028886
-0.28420502
-1.6755306
0.78851277
4.949283
-0.64822626
-1.0688409
-2.856185
-0.22928348
0.6237164
3.2616777
-2.9862514
-3.3639832
-1.2650592
1.9570746
3.1568947
3.7912498
-4.0240064
3.7449977
-6.164324
1.136789
-3.0840096
-2.2010128
-1.9015095
-3.0313249
5.376263
-0.59652936
-3.7741966
2.043747
2.9704163
4.5553827
1.1079044
3.1987846
-2.077518
1.3231256
-0.407743
2.560523
1.4779615
2.625706
2.0526867
-1.1477766
0.64867634
-3.3480427
-1.2399291
3.12912
-0.711641
-0.13350424
3.954868
2.495267
1.4766008
2.191703
-2.7777638
0.5864868
-0.39036787
-0.52550966
0.3176421
-1.053956
0.5065856
2.049528
-0.9882071
0.86117715
-0.689979
-1.1970307
1.1617569
2.8595166
1.564798
-0.14826016
-1.08113
0.10152201
1.2143148
-0.20725653
-1.1762956
0.23099087
0.42459482
1.4368944
-0.36059415
0.370791
0.21511787
-0.7293399
-0.12147892
0.25236848
0.26951203
1.4483521
-1.0791478
-0.9191973
2.1800418
-1.805268
-1.7982426
0.35326284
0.7768038
0.32591265
-1.2462399
-0.5556412
1.7500927
-1.130586
-1.697021
-0.92417544
0.6072468
-0.64482254
-0.69273823
0.13486488
1.1542504
0.29192913
-0.9646142
-0.76985675
0.46970814
-0.22524457
-0.20955685
0.581556
0.40401
0.9115747
-0.2806083
1.419532
0.08407725
-0.2603184
-0.23889156
1.520699
-0.21639013
0.35304144
-1.315592
-1.7041837
-0.33012012
0.52710515
0.82926553
-0.33124632
-0.7632646
-0.56479543
0.31871304
1.2147963
-1.1074941
-0.29639962
-1.0596966
0.061053652
-0.31668437
-0.4353615
0.87685835
0.32196015
-0.54549694
-0.30720812
-0.20063555
0.8282785
0.6956614
-0.37537694
0.6881548
-1.1488522
0.21858077
-0.26223525
-1.0793216
-0.39607814
-0.13232672
-0.60418504
-0.41691306
-0.29250872
-1.3571409
0.23895416
0.27908078
0.38020658
-0.35950953
-0.16194633
-1.4013649
-0.8072125
1.8413576
-1.8676531
-2.9752088
1.1127782
-0.0
-0.4373025
-2.1448357
-2.3616986
4.04002
-1.7770684
1.8900788
0.28810373
-2.137229
-1.8547837
-2.3863447
0.25035092
-8.623452
0.33583465
6.704039
-0.82643116
1.8985752
3.8491716
7.0911803
2.5830953
-0.7571937
-3.6698172
3.388279
-3.3279364
0.027879925
0.4437532
-1.8464044
-1.825217
0.36291873
4.393886
1.8509662
2.3871558
-1.4985
3.1469274
-0.492892
3.7525694
0.113270834
-1.4396542
-0.84130543
0.23600413
0.87569696
1.9619539
4.145834
0.676919
1.9187608
-3.0117965
0.54448444
-0.6325968
0.675417
3.2130907
1.5991318
-1.7788563
-1.1292518
-3.580647
1.1501783
-4.6633058
-1.2845541
1.3239686
-0.63807935
-1.2084024
2.2303462
-0.6916139
2.08467
1.9010175
1.4008089
-0.70095
0.70819736
2.7748618
0.64801425
1.9189041
-2.3878853
-0.8228076
-3.2739398
1.7652546
-2.5073438
0.97186065
0.84144694
-2.7959259
-0.38670477
0.80996126
-0.56490785
-0.48788577
4.0315285
-0.30546612
0.7271599
-0.21590324
4.166439
-0.5390462
-5.12357
-5.1972723
-1.8549773
-1.0884912
-1.4445442
-3.1942775
-0.2564768
-2.5198722
2.662432
-1.6318153
-0.7116082
1.2931165
-2.7636523
0.29140884
0.56463665
-0.27873093
0.8260159
0.4837075
-2.5106251
-2.9239051
-2.602992
-1.5330039
-0.79474115
-0.831648
2.331406
-2.569089
2.1043983
1.8494283
0.47101173
-1.1520103
1.322159
0.052359916
0.57664585
2.5112336
0.4588368
0.41079667
0.7598784
0.7343938
-0.16185427
4.0927243
3.4786963
1.7737
1.1491234
-2.1664922
1.5618465
0.7584598
2.5629132
-1.4909335
-1.366752
2.1782002
-1.0262647
-0.18346682
-1.7258244
2.7041614
1.411866
-0.589085
1.6972903
-4.3027325
3.000623
1.6476296
1.6029242
0.8783023
3.0690122
0.27963254
2.5145667
0.7335817
1.0038007
1.0341393
-1.7515521
-2.824757
1.4503434
2.0774662
-0.32502952
0.87371707
-0.5883973
0.8877508
-1.8487678
0.81429315
-2.0210252
1.3179016
0.88972324
1.9664581
0.44328398
0.33706892
-0.04806439
-6.3318925
-2.460695
5.925717
-0.38449085
-1.5926908
-2.0078955
0.8218128
0.80163544
0.6174221
1.557259
-0.32249698
-1.0852505
1.115796
6.2850237
-0.18343592
-2.776038
-0.3295442
0.6441112
1.743454
10.89116
-10.745062
5.6022954
-2.0054007
1.4236733
0.11173076
0.17380893
0.22669445
-0.010805924
0.915572
-0.58607656
0.65182835
-0.34041318
0.49453112
0.30494142
0.6284506
0.3081343
0.25026968
0.506588
0.6544607
0.1479451
0.5813031
-0.3948679
0.3750815
-0.5726595
-0.4985697
-1.2425655
0.04073842
-0.41252065
-0.48535326
1.0214001
-0.2667101
0.82799333
-1.185149
1.7249146
0.02682361
0.62706375
-0.46634474
-1.5845224
-0.33887023
-1.286036
-0.75526845
-0.47818676
0.010902501
-0.24628423
-0.6611371
0.34052178
-0.3776096
0.38344753
-0.41724136
0.6710621
0.00254994
0.2885652
-0.14319125
-0.6190849
0.0011050032
-0.43004683
0.5359494
0.7521126
0.56351906
-0.036676105
0.7856853
-1.4746865
0.20791368
0.68787307
-1.1805433
-0.48230487
0.21426247
-0.4172673
0.84900314
0.07230141
-0.17203872
-0.0837922
0.15511145
0.46732178
0.46031836
0.27208135
0.31757188
-0.39677027
-0.5233802
1.2049992
0.8562305
-0.45309243
0.39433295
-0.005982696
-0.42441756
-1.1117678
0.2631792
-0.47623175
-0.78996456
-0.4317591
-0.8892468
0.28322786
0.35260448
-0.8207836
0.09472491
0.08030824
-0.85832316
-0.3787191
0.086202964
-0.9377154
-0.18663995
0.6230027
-0.15786466
0.23000336
-4.3058634
0.8208822
-3.8834436
0.0
-4.0604477
13.8740225
-0.45538944
-2.1544752
-4.094277
4.251395
-2.0716207
-3.8065484
-5.691198
-2.315721
-4.698088
-14.562818
-2.059766
13.284664
-1.8976014
-11.821916
2.5342512
-2.6851926
-1.8803573
-0.5628616
0.47769785
-5.246282
-0.64614
-2.1091087
-0.7392027
-2.0934672
-1.0162731
0.47886455
-0.9153049
-0.47696796
-0.90484333
0.1040116
-1.3028626
-0.16518684
-3.1777341
0.26044622
4.310242
-1.5168298
-2.0786757
-2.0696573
2.4754398
-3.9948142
2.2386775
-0.56032646
0.7339965
-0.5967707
1.9977044
-1.6271498
-1.6948116
-2.565674
-0.40794474
-6.043744
-3.4917018
0.783116
-3.1570723
0.6590848
-0.7713603
-2.6164546
-6.327113
0.81816274
-0.11838748
-0.12284303
-0.8372129
-2.6314712
-0.23239914
3.0016313
-1.9380324
3.2645335
1.2781467
-0.35084638
-2.5478928
4.135889
-0.6905302
-1.3519298
-1.2270947
1.2969315
0.8244366
-1.6334296
-0.5614027
0.6026915
-1.0483451
-3.2642992
-0.7834858
0.23589063
-0.8791403
2.0704854
1.1389635
2.1842487
2.152157
0.25378287
-0.24461633
1.6664445
-0.39240307
-0.8491028
3.0694747
0.39302802
-0.00890604
-1.9250876
3.5171843
1.165691
2.1153352
-1.9423344
1.9647019
2.908826
1.6839917
1.180242
1.4314352
0.09651351
-0.18027756
-5.965319
2.1691551
1.8915777
1.9741479
-1.2915485
-1.8877
0.8760694
1.197046
0.39848274
0.56807834
-1.5837817
-0.6355521
-5.681868
-0.52944267
-2.5596583
0.7559544
-1.03032
-0.0041275807
7.328305
0.20761296
-0.3508109
2.5655832
-1.4564207
1.0758363
-2.509292
-1.5331869
-1.4534973
0.3259333
-0.04959583
-1.2705994
-1.8109522
1.7977017
-0.5862479
2.6423614
2.347281
-5.8005543
-1.5364909
-0.34130487
-0.39531696
3.1018019
0.37652862
0.3986432
-1.0811626
1.0496966
-0.106071986
0.3582949
0.9159549
0.52688044
0.25831234
-0.6103924
-0.07204394
0.4636113
0.5846998
1.2581142
1.1164649
0.50324565
0.079522006
-0.47889507
5.7907953
-1.062673
-2.0409753
-3.88938
-0.7372191
-0.25789806
1.622388
-1.8017403
4.3840027
0.12396202
1.5172935
0.70126677
-1.0125949
1.7168009
2.983668
-2.0840945
1.5828131
0.2858019
0.31026867
0.9518699
-2.7366054
-0.8180805
-0.5182072
-2.8829305
-6.3741746
2.7700534
4.0193825
-1.9482789
2.4126484
0.2569442
-0.5331434
-1.6395143
-0.51854956
0.10756251
0.93861866
0.27887747
-1.7385304
-1.3942068
-2.5062623
0.2397905
2.6444912
-0.8829211
0.36207458
1.0240927
-0.7970674
0.30633166
-0.76951516
1.0724572
0.16793771
1.6123995
5.1640778
-1.4237217
4.8081684
-0.06895726
1.0663811
-1.425475
-4.7207637
0.9869846
-1.9956207
-1.1355516
1.0490553
0.76929873
3.3874445
-1.1067954
-1.6301688
1.1049802
3.471809
-1.0870266
-0.021327797
2.4200125
-0.9086224
-1.1619172
1.1195325
-0.47493955
-1.2462887
0.38654873
-3.5560136
0.7602399
0.14568716
0.36065206
4.4764123
0.55614674
0.4691729
1.0971099
0.33835775
-0.5079088
2.4921563
0.5882286
0.44569126
-0.17278944
-1.3773388
-0.80338955
-2.2624907
1.5223134
0.65856004
2.2569494
-1.2108648
0.99876255
2.4256177
1.3913066
0.6257586
-1.3549536
0.04531761
0.057021268
3.1754394
0.0011516938
0.066779815
-0.5579274
-0.7403578
0.86600256
-2.784154
-0.07043483
-0.10203573
2.9700725
-0.7061459
1.0311042
-3.866825
0.9336066
-0.9643195
0.27630287
-1.5171473
-0.5243788
2.475653
0.80524933
-1.0967075
0.19990727
5.9478946
-0.5757565
-0.20721897
3.6460109
-1.842027
1.0703442
-0.0
0.64577585
14.901977
-4.0379443
-6.2889266
2.165673
3.187593
1.3748626
-5.553878
-1.4243056
-1.595351
-1.8660699
-4.34973
-0.28220183
3.8026803
9.388524
4.095435
-0.5514576
9.931086
4.464256
3.4843504
2.4833856
0.6527529
1.0233288
-1.8863962
3.0448992
2.13444
0.033082534
1.532186
2.7900476
-0.057733197
-1.6931067
1.841987
3.4462695
1.1716954
3.835716
-2.7280676
4.2791862
5.010462
-1.234144
-2.5655677
4.6760373
-2.5050292
4.4031177
-1.2823181
3.4440084
-0.7058463
-0.12618414
-1.2324646
-0.50082517
-1.2533138
3.0964367
-1.7458119
-6.6792994
2.109792
-0.44388276
4.347919
-1.0102044
4.2186785
1.290417
-1.057045
-3.226909
-5.4719334
-4.161328
1.0505892
-2.2281733
-0.5775048
-3.9236395
-2.3718913
1.9885422
-0.48744023
-0.82006663
0.5635216
-0.742521
2.7706013
-8.775404
7.023672
1.2204893
0.5603539
-1.6408111
4.313059
-0.44667444
-1.9244642
4.1849113
2.6742473
1.1558712
-2.5977373
-5.218337
-2.886423
4.260749
0.633817
-3.6472137
-2.4283454
0.6038664
-3.291944
0.07323065
-2.0608754
3.8014984
-2.0321026
-1.1744896
-1.9942716
0.58052117
1.155218
1.1363362
1.1830038
3.5587997
-0.52697384
1.1422048
-2.261132
-1.7303956
-2.5658898
3.9971435
2.3835678
5.0573754
1.5669857
0.9188984
3.5342436
-0.027745282
-0.0856708
3.0318432
-1.8954123
-2.5295057
-1.4337234
2.2030797
2.252466
0.17783846
-2.6316006
1.9522065
7.542561
4.4085503
0.9328067
-0.04055319
1.1776031
-4.106167
0.34777316
-0.2755674
0.1773895
-2.331274
1.9079683
0.48447862
-3.2100594
-4.6309385
3.3430877
-1.7739302
0.5520198
-0.6598288
-0.97433925
2.5779176
-1.9050615
5.431308
-0.7175178
-3.478644
0.70130134
-0.41883388
-0.014273969
1.249562
1.2038314
-6.16674
-0.2767208
-1.0804534
1.6181571
4.9903846
3.1758506
2.488836
-0.06691722
-4.052604
1.9221436
1.4728854
-2.4577854
1.7065943
-1.3664747
0.097875476
-2.863333
1.8550745
-5.936369
-3.7296412
1.8552401
5.815219
-0.76263267
0.69264454
-3.1446044
-1.0781567
1.8355078
1.0322828
-1.9699521
-1.6738161
5.5225263
1.269541
0.45495188
-2.4918869
2.4751756
2.9708767
-3.9102535
-2.7850907
-7.073175
0.0
4.2521796
8.54175
3.7668464
9.877957
7.8895817
2.7569613
2.0029511
-0.63125163
-5.161881
-2.888712
-0.72563344
-10.929579
1.6856775
3.7860734
-4.275929
-7.7373757
-4.2041855
-1.2752576
3.784688
4.1481633
-2.5060635
2.9985666
-7.0515437
-0.41015586
-2.5228713
-3.8127573
0.25592783
6.1792974
4.8474307
-1.4781238
-2.6428282
3.7808633
-5.2276225
2.826233
-7.269113
-2.9455793
6.386122
-0.3137307
5.089462
-1.7568716
9.613762
0.38613927
-1.8325013
-3.0597448
5.954962
7.166838
3.2969189
-2.9042695
-0.12873164
-0.6747011
0.52963275
5.8686905
0.3929258
-1.7525874
0.41642553
5.543103
-2.6194057
2.0922472
-1.1300797
0.38900295
-2.9009135
-1.6910566
-0.018357903
0.23894146
0.8467063
-1.9889354
3.964018
-6.168174
0.8533036
1.4033891
3.720685
2.6046398
0.008682482
-1.6156384
5.0141773
1.4198679
9.553868
2.7856367
2.0629432
-6.462522
0.51658386
0.9561936
-3.3388567
2.273138
-5.9657283
-5.2290916
-3.821596
-9.756084
-0.12496413
-3.4008744
-3.529511
6.7853637
-1.7409483
10.108285
6.343126
-3.945949
-1.3011482
5.7132998
-3.9354389
2.5179324
-2.5397663
3.2039678
-1.7130116
-1.1086435
1.1819644
-3.903732
0.69387877
3.695506
-2.7130582
-3.5086715
0.41984424
-2.8739314
1.4561521
5.9049478
-4.384043
0.8725688
1.2512993
-0.5343548
1.687801
-4.7983937
-0.8933542
2.9342086
-0.13688807
-0.68632746
3.7951639
2.4364913
0.82395494
-2.8092945
3.2687314
0.780244
-0.55450916
-5.5847898
4.2373137
-3.6138926
2.8576093
-2.3900125
3.6146278
-0.44594535
4.814091
-0.916223
3.283603
1.2609885
-5.238533
2.56043
0.22515595
2.0041554
-0.079851426
-1.0700735
4.0569453
4.906359
-0.2538553
0.19492345
1.428103
3.4014096
-1.5763074
-3.5001929
8.210054
-0.3707204
-1.4155813
-1.5399498
-1.4091003
1.9483393
2.7178485
2.3470862
-3.8574648
1.1206008
4.71484
5.362672
-2.3427281
-3.5056872
-2.333724
-4.863449
-3.392551
-4.399929
-3.3543515
-1.4180652
-0.77826375
3.1541598
-6.22732
-0.93619955
4.412181
-3.8619115
-3.9189146
4.7598886
-5.479417
4.041692
2.9092011
1.0995398
-3.506132
-3.2488022
-1.1395614
0.51762676
4.4878316
3.655008
0.0
-2.9584248
12.297562
-3.7218127
-10.074317
0.59406966
9.041918
-1.9781071
-13.61876
-5.332555
-0.4397851
-1.4135783
12.274384
-1.9982955
10.958579
-3.884029
0.9026498
-10.880603
2.439615
-4.372348
-0.7143407
0.864939
6.310363
-3.0892115
-1.1378876
-1.45446
-1.0275836
-4.3450794
-1.3700395
4.414404
6.282144
-2.4951217
3.947482
-0.81071436
9.244426
-6.0946965
-4.5441036
-0.5295139
7.9320006
-3.4408433
0.73447394
-0.5474357
-9.453965
0.7581201
4.7838583
-4.948175
5.3752365
-1.3447804
1.4253173
3.6251385
-5.5340056
4.97798
1.9959675
-7.8879795
2.8053675
0.98494506
-1.2807003
2.9036903
0.033043202
0.123940796
0.40041414
6.3892145
-3.2677972
3.4656782
-3.4409475
5.3827662
4.83199
-1.9971361
2.607951
-0.6047502
4.693218
-1.1487778
1.398505
-0.980907
3.4254584
1.4452207
1.5482637
0.5128969
-1.3977008
0.7170247
-0.2698044
-0.62567824
1.040406
5.291131
2.3372307
7.0536523
-2.5007873
-7.4229884
-9.985683
0.806213
0.026920766
6.564417
4.843778
2.2010946
8.224238
-2.2512014
-0.3808667
-1.9547873
-0.39718977
-2.1962447
0.38565496
-1.8611529
1.2402542
0.20058113
3.1167269
0.4707547
3.0568185
-6.2351007
0.8238272
-3.0845487
-0.31369054
-0.7664379
1.8470657
4.3301964
-5.33806
2.5326848
-1.5316207
-0.66224986
0.73070353
4.5651083
-2.7709033
-2.005661
-5.157206
0.038635872
0.1165139
0.3783648
1.9501678
3.175475
-7.259862
1.9500568
2.7640417
5.516837
4.690966
2.3560839
0.13408099
3.0450869
-2.512433
1.1152489
3.885047
-4.0979404
-1.8080173
1.3988115
3.8167558
6.326491
3.0341904
-6.5173297
0.68241876
4.0305724
-0.7995842
7.365146
5.392962
-1.5623732
1.1213815
3.2269156
-1.2603769
4.310838
4.628832
0.54473245
-5.645344
0.02959754
0.7615005
3.863903
-4.4709167
-2.0170755
3.9277048
2.897955
1.8305808
6.5460043
0.37271112
4.9026613
-2.5219505
0.7203627
3.9780374
5.6896014
-5.2007537
-3.0204115
-2.3063827
-2.1218462
-0.592989
5.1706448
2.9051936
-5.933342
5.06263
-1.4411613
-0.56985945
4.1569104
5.3767776
-2.7934456
-4.8476424
-1.0975087
2.1235824
2.0133517
-7.401693
0.8876634
3.311181
-4.291375
0.8850236
0.7860797
-0.03801021
-0.17893723
-1.7003568
3.7121158
0.042255923
6.106587
-0.6363747
-0.7415708
-0.13305436
-2.0344334
-1.8382548
1.3874918
1.9677329
-2.6064878
-0.89440835
2.8595004
3.6701016
-0.31756786
2.1683505
3.4023333
-3.1180613
1.8291891
-0.96809965
0.2503914
1.3646381
5.326132
1.7329429
-1.7828199
2.7836254
1.5370979
0.3216492
0.042623483
2.2363083
-2.632272
-0.75943625
4.384273
0.18443799
1.1394149
0.4500579
-4.3606396
-0.33354175
-3.3875823
-0.7000958
0.8776424
-0.7868008
0.9919789
-3.3008063
-2.7645593
-0.042652357
5.3789277
1.5270189
-1.5361725
-3.2378273
-0.65868646
-0.21392012
1.4690229
1.6815344
-0.9254689
1.3711581
0.078794904
-2.3093388
-0.7660157
-0.59362596
-1.4421625
-0.33003262
1.5634204
0.23190346
-0.47123224
0.6646028
-0.15066369
1.6191311
3.5661373
0.4360114
1.1388581
1.0995048
-0.8840927
1.2946786
1.9455749
-3.0878625
-3.4276264
1.735698
-0.30639598
1.1257509
1.4687107
2.1814435
2.5691805
-3.8512723
3.0860763
-1.8016332
-0.63652915
-1.7546084
-3.177884
0.62676597
-0.8937928
-2.2965305
-1.6785395
-2.627452
0.45320955
-2.1595755
-0.73616487
0.88849187
1.0836607
-0.0
-1.5735654
-8.735429
-4.3991966
-0.8016771
-5.8440537
2.4741342
-7.9079533
-0.5170901
5.2060905
-1.7028568
8.9666605
-2.7945938
4.56038
-0.97511053
2.8482475
6.0916624
0.8039399
-0.08343577
3.831215
6.553579
3.5330405
3.7067018
-1.466335
3.5096338
-3.7452874
-6.1180334
0.6571118
-2.8615842
-2.0910418
-4.5390277
1.0541127
-5.09914
6.797734
0.5694363
0.6172976
-2.2479024
3.5345182
-0.7697713
3.08281
3.3765354
-2.7947545
-4.4722905
6.2622433
0.7850135
0.7161863
1.8583848
4.6676397
-0.6909094
1.4721856
0.18167686
-2.2075043
-4.9459105
3.2844303
-1.2817185
1.8875736
-0.13935003
-0.7475962
0.018309394
3.8672934
3.20442
0.4001844
-1.8592976
-5.0623956
-2.4396064
-3.839368
-8.626747
-4.1837325
0.16585678
-3.939234
-0.07725011
-2.8181012
4.5217686
0.33973163
-4.6922455
-5.35121
-5.846711
-4.4417396
3.850575
-0.7767041
-3.82617
2.2830017
-1.4716007
0.08564082
2.2861192
2.238414
4.3488264
-1.6943939
2.7769718
0.38542482
0.2803594
-0.94993514
3.8311145
-1.198626
1.2709869
2.52485
0.10500714
-1.214322
-3.1851206
-2.2858872
2.2584398
1.544283
-3.9563978
-4.2212157
-1.2417619
-2.6568336
-5.89414
1.3748598
3.4962606
4.8436537
-4.257704
4.0696025
-0.40601456
-0.6208749
-2.1416566
-1.358054
3.5027719
2.1280088
-0.3238477
-0.95450556
0.8031389
-1.6521021
-1.204282
-1.5247624
-1.6553068
2.9495122
-0.2337239
-4.2951827
-2.0372384
-0.84159124
-1.9224664
2.2971628
0.5884362
2.0404997
0.41475126
0.47621265
4.1208253
-4.3522058
-0.96294105
-3.8850775
2.5360544
-0.85624623
-1.3382499
0.18445139
1.4904735
-3.3270946
-1.6529322
-3.2711856
-0.14561102
3.9344275
2.3327146
2.85757
3.2484264
2.7451499
3.369057
1.3610717
-1.0072138
2.6855006
0.81182814
1.882244
1.9471596
-2.2262943
-3.259871
-1.7141933
-1.3156008
2.4395468
-1.8743427
0.22773825
-2.3427067
-0.6690045
-1.1528794
-0.95986104
4.825406
-1.8339934
0.44569018
0.28148526
-5.4279847
2.8588743
0.5289198
0.35703334
-3.6580975
-0.6062451
-0.01559314
-0.122757696
-0.709531
2.5728064
2.378983
-2.09936
2.4229193
-0.004125474
2.4642549
1.7491444
-1.9986176
0.26952827
3.2967944
2.2044346
3.9226677
-0.9247143
2.7459838
0.9886063
-1.6305197
6.0426145
-2.9224617
4.341455
0.203032
-0.4829649
1.8416758
4.36375
1.7627442
-0.11201239
1.451549
0.31699812
2.8466012
-0.64459836
1.5252337
-0.2624063
-0.9152798
-2.720482
-3.6933308
4.617917
5.440933
0.97362834
1.3249358
2.236212
-2.782502
3.709583
5.3281827
-2.0769963
0.06284735
2.6052368
-0.59849566
-1.3823323
1.4657328
0.7880562
-0.2738611
0.50756484
-1.1009974
-0.48271388
3.076887
1.2806367
2.3558986
-2.314765
-2.2905583
3.2070522
2.5139306
-1.9291884
-2.3304358
3.3456633
-3.0908177
1.6929357
-4.279921
0.782158
2.6682093
-0.6796014
-0.40081766
-1.121164
0.2493104
-1.1307969
-1.7262257
4.8879642
0.959076
-0.94261235
1.1564449
-1.5673432
-0.7383562
1.4100275
-1.1167462
-0.75633895
-0.4720694
0.42565814
-0.22788669
2.6765437
2.3267694
-0.6006051
-1.6832274
-1.1850652
-2.4345574
-4.859188
-4.1116557
0.7976177
0.14993592
-1.7635922
0.99393386
1.830744
2.3323476
-0.16867979
-2.4447975
-3.2936263
-0.81081617
0.6403805
-1.4415171
1.0069505
1.2376007
1.1888016
2.4253778
-2.0727966
-1.847652
0.21677183
2.825979
-1.1626662
0.0
-4.4818506
-11.618782
-3.3232372
0.9369122
-4.2926745
7.576263
-3.84376
1.4425595
10.763045
-1.0803027
6.5269046
-0.9117243
-5.513387
-0.7787079
0.17217623
-6.693883
7.592801
0.57462114
-6.580479
-4.1864405
4.3503504
-0.114099495
-2.6890883
-5.159884
-5.1786947
2.3512833
2.7245955
1.5310975
-2.3561296
-3.6751504
2.320935
-0.60531497
4.4963703
-5.8626513
-0.7363433
3.4786725
-1.3840032
-4.7999754
-2.2587793
7.9347653
8.403138
1.0818892
-5.781687
6.6621237
-2.5707364
0.5957365
2.6575184
-1.9628738
-4.8900394
-7.0402527
4.3214593
1.2182276
5.186507
-7.7558637
2.8310804
5.268051
3.4079041
2.9558291
2.492069
-0.48301393
1.2261854
-0.69127876
8.874134
0.3089605
-1.5274756
5.4955807
2.2198215
-1.5583361
-0.70688784
-2.0478036
0.60666245
1.660864
-1.3139336
-0.33259484
-3.1928144
-0.37635982
-0.24393491
-10.211013
1.9281476
3.4577615
-2.716934
2.975924
-4.0992455
-8.665968
0.8412924
-1.8024795
6.659225
2.0811186
5.1663046
0.52486634
-0.87207633
4.732925
2.4988616
2.3704271
2.0165844
4.570702
2.505022
2.932797
3.5897734
-3.0538397
4.309079
-3.2119634
1.5784631
-2.4939995
0.33898526
6.251793
0.21401547
0.65271974
-7.692665
-1.5649433
-1.04285
2.0615096
-1.9564965
2.7939794
-0.92410713
2.9322038
3.3331952
5.1536956
-1.3124532
2.1688755
-2.898773
0.9922178
0.7900597
5.0449953
-0.67813486
0.87982684
-2.2084584
-0.76454824
0.7599003
-7.40827
-2.2684727
-1.7634768
-2.082705
-4.2703114
-0.003414615
2.9422014
0.6674169
-2.698755
2.7664704
-2.689454
-1.3155185
-0.7965181
2.3155172
-4.2906566
-1.4355028
2.0006745
-4.8687534
3.485395
-0.3546054
-1.125273
-0.98967916
5.022973
5.9604816
-2.486577
0.32163548
0.9065995
2.985174
-1.2786273
-5.966802
1.8883715
3.1321702
0.056365706
0.6473006
3.61452
4.0958185
-3.5236392
2.372242
-1.4328352
0.870621
-1.9662424
-0.5726913
7.078597
-3.3858988
0.87775594
-0.45284837
3.5653844
1.9909011
7.0536423
0.20634371
0.19816726
3.8879218
-3.2490654
1.8864233
-6.491365
2.20866
-1.119435
-3.685641
1.336194
0.53039217
-5.364452
-1.6264997
-8.783213
2.0523205
-0.12125739
-1.3590908
3.6841972
5.2222857
-4.6298847
-0.30807647
6.247576
1.7945065
2.5553887
-5.6482787
2.7277784
1.502487
1.0193939
0.21243879
-1.3494505
-0.051571645
6.7294536
2.2141492
-2.1414192
-1.5084541
2.6933138
-0.5840079
-3.1770222
1.1862468
0.9153479
-4.3101215
1.7429246
6.979489
1.3411946
-0.34371576
-3.2362955
-2.9262235
-1.2077013
3.7964263
-1.4044312
-0.63750154
4.00848
2.527972
0.14545073
1.1803582
2.1838102
-0.33976
0.43006524
-2.8929012
-2.0674505
-2.1410933
3.691349
0.29319793
-4.9971905
-0.64876765
-3.1983905
-2.299425
-0.26935098
-2.0878923
2.5168273
0.75009227
-4.0892444
0.54818106
0.932649
5.612575
-0.058930147
-1.9970037
3.0275269
0.92299443
-1.4793427
-0.052485127
-1.420652
0.25659275
2.7369
-3.1801407
-0.5483842
-2.0879045
0.6587948
0.23526083
-4.225426
0.43956926
0.48424023
0.46973932
2.873975
-2.1087136
0.6151377
-2.4401584
1.0024767
-0.90920997
-0.23940788
-1.002658
0.15210877
-1.3566407
-2.043333
5.170312
-1.4209359
1.5841873
1.9544891
3.264314
-1.487267
-4.557022
-1.1160449
2.2659667
0.33430588
0.099704854
-2.8981495
-0.29762158
3.2788348
-0.50083804
-1.5956224
-2.006691
-0.0
6.986684
-11.918802
3.16005
-1.6820443
9.158376
6.389926
3.253178
1.4115485
-6.840099
-9.77758
-4.6491885
-1.8309866
-8.211199
4.1644273
2.0871565
1.7393084
7.11506
-2.3614507
-0.46785986
5.040636
6.5752707
-2.9823663
-3.69444
-1.7048231
-5.832004
2.1887279
1.7160037
-0.23506314
-2.0885088
1.122639
1.2054584
3.6653082
3.8995607
-1.4958199
4.1286683
2.0508378
2.5865672
1.5788132
-2.0414367
1.2579948
-3.3587413
0.94861144
3.4821935
-7.2447286
-1.2519087
-2.1308362
-1.0541967
-0.24451682
2.2411323
0.3927639
0.94504625
1.0993664
-3.4628491
-2.5959642
-2.0218344
-4.168849
-1.3413767
-1.803648
9.110738
2.668018
-0.12344329
3.7102878
5.226916
-1.9417307
-4.8396196
3.4068294
0.17036848
-1.6754073
1.217456
1.4010406
-1.9937482
3.291968
-0.5468587
-1.0907694
0.56244665
-4.647594
0.92096627
9.486358
0.3661948
-0.22782081
4.865445
0.7025665
-4.721082
4.757374
-0.52248037
-1.9488077
1.4072424
-1.557944
4.3089294
-1.3939812
0.011093279
0.29804906
-3.6546092
0.3074468
3.3186905
-0.8887868
0.8495582
0.07770627
2.3507152
0.6850415
-4.0881324
0.7560671
-2.3894064
1.1721861
0.38205025
-0.91297203
-1.4183587
2.1591918
2.801964
0.30405077
-0.9178218
-6.827157
2.0024936
1.1893715
-0.34253374
1.3788939
4.235226
2.7204943
-3.9330077
2.6412597
-0.15474133
-3.5107372
5.3187866
-7.2231054
1.1537324
1.213783
-0.3076786
3.71856
3.7584612
6.855735
-0.07777593
0.35903287
3.7458425
1.1843119
-4.917343
5.5276537
-2.7697768
0.021834444
0.3650896
-0.34059456
-0.9038329
0.26089385
-0.9118142
0.7020866
-0.5081871
-0.8470018
-1.8477309
-0.74305123
2.5296679
4.8722844
3.6348002
0.39833465
-6.6516232
7.641505
0.4932063
-1.7676765
-1.6969975
2.249726
3.6443617
-6.0239716
-1.0014694
-4.2636366
-1.438219
-0.50106585
2.775652
-4.8252854
-1.4488074
2.321436
2.3177667
0.78340316
2.4447813
-1.1634542
2.915956
-1.3232031
-5.328111
-3.2066724
0.55935746
-3.277168
-0.42360574
-1.6201748
-1.5972337
1.6293741
0.42468917
-3.8318331
-1.7179902
0.47490257
0.7656784
1.0193107
5.671581
-1.5251722
-0.29692936
-2.1198134
-0.5784223
1.6204455
0.0
-3.3763113
-10.789444
-7.9406023
8.854789
-0.75227094
-2.1015794
0.8183833
-2.0613697
0.52043706
-10.835897
-4.641432
-6.6709743
-9.081096
0.8575394
4.1411657
7.315614
7.0210247
3.428825
-3.2306864
-4.7893953
-0.44190818
-7.4121265
0.7572995
1.9337127
-4.9346576
-8.205267
2.3914115
-9.4408655
4.340728
3.2697725
2.4123266
4.5766516
2.7271726
2.0800679
1.8413919
9.917684
-0.10025548
2.6078146
-9.61337
-3.8501117
-1.4915985
-5.0649543
-3.7211566
-10.586142
4.307965
0.30873865
1.1210625
7.369202
4.7423425
3.0501094
5.7748632
3.2574682
-0.016371114
-0.0017400701
-4.9179745
-8.458691
-4.0166
-0.15641832
-1.0862476
6.177529
2.8304546
2.3861978
-6.2721534
0.87166977
-4.108029
-1.5917462
2.6226852
2.2636738
-2.4163024
0.016380537
0.80484474
-7.683719
-0.7084768
-3.0797622
-2.0446305
-0.1430939
-2.7401202
-1.3123496
3.476942
3.9424214
-6.745819
0.28806937
0.7846947
-9.909399
0.13316521
-5.6616945
-0.035692614
-5.1514864
1.6409619
-6.557252
-1.0011394
-0.48863122
0.89286906
2.658358
-0.9712127
-1.7625177
-2.8690631
-1.1301463
0.38612816
5.5586915
1.57052
1.9868861
2.6676524
-2.746622
-5.1705794
5.7113247
0.3066212
-1.094152
6.2900696
-4.8334136
-5.0680375
1.7664375
-1.9579979
0.3265698
1.4925661
-0.7599136
-3.4724739
4.0151024
-2.3639486
2.4168947
-5.1884303
-0.8551505
3.1701825
-5.1962175
-1.7608426
-2.8578029
0.6844949
-2.2626035
5.9006085
4.5386224
1.212595
1.4215407
-1.6707608
1.003957
-1.9737557
-6.896666
0.7306157
-2.397848
1.404686
5.8290944
0.71692353
3.5215719
0.5570406
0.0048607145
-1.4626908
0.90212387
2.5517788
-3.7748077
-3.666156
2.1528683
-1.6918502
0.3153233
-5.5588007
-3.3957715
0.4295865
-0.7395102
-0.7585827
-1.361718
4.6123757
-0.027428988
1.6351223
-2.047774
-1.5520014
1.1656703
6.3845162
-0.56730175
1.4116478
1.7391852
1.7892215
2.8329937
5.611623
-0.47433925
0.3873911
2.7717645
-0.7839378
1.119033
2.2622786
-3.8307946
-1.9922831
-3.4954023
2.2282808
-4.2430143
-1.977941
7.6041408
1.6170461
1.5734309
-0.0028160189
-3.0192523
-1.1170267
-0.6777613
2.7053874
-3.8841891
2.672612
2.2859645
0.0
-2.6862874
-10.308726
2.080295
-10.18666
3.6415455
4.2769694
8.66913
7.186752
-3.0165834
5.4993043
2.1163266
-6.3952174
5.3030396
7.067785
1.771539
6.3584094
-10.631663
-0.29842612
3.9257965
-3.0006146
-3.9992287
4.8967266
-4.4810104
6.5189376
3.44163
3.9491496
8.915857
-4.4257684
-0.5068006
4.5631046
-7.8788114
-2.884073
-4.4547944
3.596406
2.444261
3.7085364
4.09688
-2.6849353
2.489588
3.005663
-5.552263
-0.06236103
-1.2853067
1.6201446
-3.507145
0.09670178
1.3762108
-8.440019
-0.43703863
-1.0864677
-1.6850874
0.8912005
-3.7340589
5.5825925
-3.6387527
4.5852103
-8.156938
-0.8915631
1.9471499
-2.40417
0.5148213
6.6438775
-2.3744745
-7.210744
1.2626567
-1.6369575
-1.4601842
-4.1260667
-3.077196
-4.673135
5.8230195
0.72381896
-5.201959
-0.6614704
1.4587276
7.5695415
1.1496464
-1.9281125
-0.005512441
3.7353516
0.9958884
3.6771352
-0.4934638
3.13486
4.435912
-0.32083738
1.2505567
-3.1687286
1.0384845
3.0541945
1.2838454
3.7592678
1.4015723
-1.0891274
-4.947919
-5.017053
-2.4050424
4.8023067
0.7111003
-3.1571898
-0.8498548
1.6343472
-0.7973187
1.5537164
-2.2086523
-1.0966265
0.25664935
-0.9829908
-1.1574116
0.10769299
2.40931
5.553855
2.5728695
-3.5098908
4.508594
-0.8824876
-3.7255864
2.1506248
4.7771473
-2.790909
0.7120403
0.74232817
-3.3485582
-4.9420557
-5.742335
-1.339252
3.58409
-4.9305534
1.849031
0.36191002
-0.14651175
-2.199894
-4.728895
1.3511666
1.9689364
4.6761537
4.1211433
-3.1400166
2.3436375
-0.89963704
-3.3231616
3.6185186
-2.4737241
7.044609
1.5405351
1.8690128
6.333379
6.1611104
-0.4779367
2.3986158
-0.9480459
-0.24496561
3.7741163
-1.8517326
-1.5099685
5.73532
3.6197822
-2.8331182
-0.46245664
-7.1833854
-1.225512
4.622334
-6.61692
3.6670222
-0.3924735
4.47052
3.5887287
3.053201
2.0167289
0.28806978
-6.794226
-0.45137608
1.5378623
-3.2509844
-6.914024
5.103368
-5.21232
3.4752011
3.5300286
-1.5550284
5.393104
-2.092934
6.310182
-4.135265
2.6770487
3.221751
-0.35800734
3.1212115
-0.44737667
0.9440166
1.3556509
5.2043514
-3.8347318
-4.1388264
0.52135766
-2.7552428
3.011857
-4.4979734
-2.0916514
3.9357326
0.60775304
3.810518
-1.5241896
-0.9274326
-2.0906537
3.3396785
-0.47472337
2.6799936
-1.1348081
-0.6515774
-3.5819998
-0.4407861
3.0766973
-1.5229455
1.7882133
2.359462
4.529321
-4.4354606
-3.4600737
-0.891437
1.5571226
-3.3200986
-1.6449968
2.609444
-3.7053294
1.0576438
2.0630672
-2.2393181
2.1354768
1.4599153
0.5450846
3.646168
-0.33322972
4.9599752
-1.5319213
3.995581
-3.541339
-0.9102281
3.177258
-0.64794326
-0.50135154
0.8440396
-0.7490604
3.3879297
-4.5067825
-1.8873534
-0.39228225
-2.2160292
-2.992732
-1.9983457
3.5241647
2.5613215
-3.651961
-0.23707046
-0.1560575
-1.7513038
-0.41093907
-2.1098716
3.349362
-1.9068719
2.442122
3.6007695
-1.0266358
-0.7158909
1.1445674
-1.4787265
-0.6508055
-3.1623795
2.2394962
-0.47662336
-4.7289634
2.4624836
-2.0361118
2.8279576
-1.3847992
-1.4839761
1.17166
0.32260868
2.4002838
-0.99428844
-0.11603502
3.1558094
1.3115814
-0.6097433
-1.9570872
-5.475341
0.33580673
0.3046914
2.0384173
-2.0903459
-0.16198409
-1.8535262
0.5785002
-3.4678972
-0.5043178
0.80037105
-0.28499633
-0.45920753
-3.463734
-0.0
0.4069276
10.558952
-1.9083012
0.73333174
6.0269628
-0.9637317
7.3042026
0.42347488
-0.39115423
-3.2787404
1.5167897
-0.8693916
6.630508
-6.685259
-3.7661517
-1.4683033
0.058139753
4.49655
-7.667182
0.7556239
3.8611012
-4.2643075
-0.9156911
2.9898584
4.2135725
0.6174274
2.7145057
8.635137
0.108078904
-0.61370736
-8.105843
-0.45638412
-1.7857604
1.3371278
-0.93983567
0.82374555
-2.403915
0.9037788
8.159554
-1.7512069
2.6824949
3.239761
-2.9206645
2.355721
-5.257935
4.508572
-1.571841
-0.45513475
2.7627916
-2.8225474
-3.496101
-0.848
-2.2028244
5.9725256
5.580091
1.3886714
-1.802579
-1.1460662
-1.7635496
0.8778038
-2.3310442
-4.9775753
-1.8453362
-3.3681662
-3.5978546
0.9269671
0.22194976
-2.5522988
3.5845745
4.2711954
-4.8571925
2.7368982
-1.7947727
0.6798399
-2.4784932
-0.5986309
0.07025158
-3.4699445
1.881444
-4.857313
-0.41896653
2.5317202
4.793978
3.4098341
-4.9101934
-1.29841
2.6614618
0.70258915
4.3459735
2.166902
0.16166395
4.456303
-7.8914523
-0.31034553
0.8300901
-1.6797755
-1.5216556
-1.9844782
1.3440497
5.5954537
-1.360199
0.9379422
1.9078789
1.985759
-3.6004946
4.0051684
-0.39459258
0.18871479
-4.193794
3.2408645
-0.2885803
1.8341912
-0.17251045
-2.4963927
-1.0811456
3.8405304
6.0601625
-5.8877
-1.7352976
-1.958323
4.909415
4.200466
2.1133647
1.9776247
-0.7183243
1.4998071
2.4241211
3.7250447
-5.263033
0.60031533
0.4156104
1.7100861
2.8361688
1.6063881
-0.0009608526
-3.6398242
-0.049034625
-3.2829897
-0.6221181
-2.2547615
6.019332
-6.913065
-3.0598433
-0.6297121
0.6323819
-4.64794
4.128129
-6.273683
0.30576244
3.619067
0.18914516
-0.8491422
2.7731931
-0.6065091
1.1429473
-3.1095088
-1.7657102
-0.04134758
0.40883544
2.7879767
-3.127199
-1.2666049
2.0407665
-4.4390745
1.1685526
-1.8280761
2.8568509
-1.750725
0.40804425
0.37891433
3.237402
-1.0497767
-0.73924303
-0.19509147
-3.4803748
0.7205154
-1.3359612
-0.37666658
-1.4153872
2.9306068
-0.57179135
-2.416173
0.752009
-5.4953814
-3.0432398
-0.7488174
7.165672
1.0301726
-0.6572411
-0.41151944
-0.67904526
2.2692745
-2.6117823
-1.7031101
1.234007
-7.663981
-2.9671462
-0.10406811
0.36623618
1.2119292
0.34628356
2.393562
-0.046607133
-0.49333435
2.0402553
-5.636513
-2.990087
-2.1104379
-4.797877
-2.533825
4.670533
-1.816731
-2.1653886
-1.0465506
-4.8482175
-0.91037846
0.24633253
-2.4704683
1.3151001
0.6467742
-0.13636155
-0.78598636
-0.8817662
-1.7037606
0.11599763
-0.6903954
2.6022716
-1.8669229
2.7127604
-1.1195334
2.0712051
-1.0770924
-1.3799374
5.1455083
-3.9785545
0.9530478
-0.47725186
-4.9454827
0.5600573
-2.7269444
-0.49371272
1.6560887
-3.2351236
-4.9828343
-1.4258277
-1.3449817
1.12824
2.5015244
-0.3975201
-0.8065315
-0.7424651
1.4471918
1.5478139
-0.8385762
1.8360798
1.0909872
-0.54094326
-1.2787309
3.059378
0.5389761
-0.84630096
-2.3836389
-0.78498423
0.30778918
-0.20694695
-0.26556885
0.30127132
4.0749674
1.419192
-0.9103445
-1.0111282
-3.4831946
-0.82692575
-2.559538
0.3020094
-1.154245
4.316831
2.5627148
0.90479493
1.3430209
1.0440593
0.76596355
-5.145718
-0.30616415
2.7440295
1.0817108
4.454799
1.9155132
5.732872
1.7867936
2.384522
-3.9341457
-1.3819704
2.3509438
4.7715163
0.12056718
1.8282907
-0.4064074
-2.1295373
0.0
0.93448466
13.739487
-3.3911014
-1.6345333
0.7338898
-0.9569941
-7.7465043
0.5617816
-4.311396
-8.014301
-1.350233
8.810611
-4.8384542
-5.9128118
1.5390085
-0.64544576
1.781679
6.0805154
-1.6303151
5.7612505
0.74344397
3.9008658
4.7960663
-0.14798698
-4.5781054
-0.4517365
7.5674205
-9.828388
7.2796063
-3.385378
-6.8601913
7.377284
5.519284
-0.78530747
-1.2741247
8.184813
6.342087
-3.3460877
-3.484506
3.1726673
0.6957167
0.7771808
-1.0780373
0.07403994
-0.86420184
-3.8038266
-4.2040124
-0.19451998
-0.075264
-2.8968759
-4.610362
-2.0787263
3.867203
2.4642735
0.3859582
-3.2438948
1.356713
2.722889
2.2934792
-5.8038487
-1.7067767
0.8168487
2.8921926
1.3391839
-2.8708363
8.381533
1.1791799
1.7183039
-6.262227
-0.46300304
3.6225896
-5.883425
-2.5317123
-4.032107
0.83314395
-0.53203416
-1.0184637
1.3729353
4.5867677
6.5087104
-4.4330497
0.8858597
0.036554717
1.8477852
-1.0304911
0.10275939
-4.9523067
3.327002
1.0970297
-0.1076905
2.6036093
1.3061922
-0.37213314
-0.3614445
-4.275583
2.477804
0.79501563
1.2399682
-0.023306267
-4.089655
-0.99588436
2.4329152
2.083878
3.7347765
-1.5528567
0.73729324
3.1309545
-0.3625084
1.9268368
-1.2149845
-2.7081902
-2.1553004
-0.9466954
3.260127
-0.47816777
-5.126736
2.4384706
-0.30992207
2.7421737
-4.3720145
-0.9610447
-2.9892974
-0.41485864
3.938285
1.3128363
4.7932587
2.8389726
-0.6717042
0.6726926
-4.1189637
-3.4998932
2.6115077
-0.643415
3.319777
-2.4829316
0.2765968
-3.746265
-0.2749999
-0.0005955431
-3.429371
7.095047
2.32315
3.7688532
0.058072306
-2.2563996
-0.28790054
-0.8570944
0.24074169
0.86435014
1.5484335
2.2709918
0.3693861
0.5564214
-3.456349
1.2581601
0.5371714
0.22169039
3.445025
-0.88016856
-7.614863
4.9555063
0.9494604
4.800388
-0.7885684
3.7901049
-0.6729625
1.3912519
-2.3734756
-4.0571637
2.9979496
-3.7019103
-1.3833376
1.7818332
1.1649317
-1.9997357
1.7110455
-1.7041799
-4.1266136
-3.4081128
2.752113
-1.2458072
0.07168616
4.0118303
6.879908
1.1641978
-3.8305469
1.4113272
3.09013
2.074511
2.478225
2.324041
7.7527795
0.24632181
-1.934
0.48703948
7.100105
3.5253408
1.1640565
-3.0096881
-1.8360511
-2.820985
-0.82401377
0.96807945
0.654081
4.1486387
0.79678833
-3.0183609
-0.5197888
-0.8430672
2.4964116
-2.4042814
0.20228902
2.165485
2.4461548
3.1751688
4.0441866
-2.9853404
-4.0318923
0.09884369
-3.4020755
4.3990192
2.0759535
0.12560782
2.0078912
1.5542058
-0.73508203
1.1064768
2.294578
-0.74192333
2.4277873
1.4080709
-3.004396
1.5439634
3.763239
-1.8103037
2.5536213
-1.8067261
-1.7190195
-0.5812559
-1.0304691
-1.3114804
4.2508516
-1.8098857
-0.09119489
-0.049326107
-0.7993467
-1.787894
-0.8081428
3.992592
-0.015668914
0.1175923
-2.2598839
-1.9379321
-2.0141058
-0.13762166
-0.14245476
1.1196778
-2.0606897
3.574174
-1.1132557
-1.8598089
-3.6737995
-0.8407152
2.8719623
-0.19374458
3.3989503
0.8146394
-1.0875052
-1.9021627
-0.6691349
1.8528509
-1.4604907
-1.362474
-5.400686
0.07454039
-0.13386191
-3.7109041
0.5189504
-1.1358569
-2.7471821
-0.4058769
1.8921207
-1.9932663
-3.6814868
1.7331795
4.288338
2.2696805
-2.849053
3.4162087
1.7260689
-1.6845182
-2.7332778
-1.4015938
4.2947865
-0.17457359
3.9939806
3.1365151
-0.18195923
-2.3232274
0.0
5.472941
4.9694924
-6.143576
-0.10372444
-5.2395597
-0.3057909
4.241371
1.2419881
-1.0102528
-11.479083
1.3308262
3.174517
-4.7758446
4.3882318
3.83651
-3.211481
10.453095
-1.7393677
1.3685913
-5.492693
0.85476834
-0.8100725
0.28555387
-3.3704548
6.823331
0.45295724
4.3008986
-1.5013572
-2.8525562
1.0389448
-1.1527086
5.773129
-6.247
-0.06297063
-2.8083007
7.97185
2.599289
0.5789328
-2.3605697
6.76767
-4.943406
0.087571524
-5.458922
-6.016438
-3.9731002
2.5402853
-5.8574467
-3.9678214
-3.3329601
-5.0339255
0.13813291
3.0970914
-2.6068172
-9.405864
-0.6456545
-0.3009062
5.202523
1.1793426
-2.5395894
3.26091
2.899208
3.2534232
-7.6559806
-3.3187947
-6.288917
6.8312855
0.6557505
0.5039701
-0.4141063
0.2965203
2.0298433
6.7363114
-1.1664064
5.2334538
0.43494424
1.701171
-2.33027
1.4838727
1.611846
-0.4462168
-8.404112
-2.1723785
1.2126329
-7.4115543
0.97658217
3.377594
-1.1483083
5.7094283
1.1951977
-1.5742825
1.3013315
-2.2869866
-9.578451
-2.8599472
-1.8005993
6.495757
-1.3564943
-5.48274
-2.5955205
2.3353248
1.7392864
-4.648594
4.1113296
3.3378897
0.39950678
-4.8614235
-2.5614147
-0.7269503
-1.0728503
3.716856
2.0892215
-1.7483194
-0.80106026
2.4007897
-1.629456
-1.0271415
2.5387547
-2.0053542
-0.64053816
2.3676448
-0.7796223
-2.7306428
-3.2448454
2.922335
1.858432
-2.9613984
-3.873117
-2.1031926
4.8054485
4.0370426
-1.224785
-3.5472324
0.2143837
0.042466648
1.4236084
-4.8359017
-3.4166627
0.18960968
1.7187587
1.0712503
0.8238787
6.14846
1.9613701
-4.1740475
-2.0840523
-4.903079
-4.775473
-6.2255344
1.4996939
-0.15798335
-3.8989084
-3.7937353
-2.112453
-1.017328
0.2354304
-1.8692977
-1.9247358
1.4166017
-0.77864784
2.8327777
-0.325845
-1.181937
2.609628
-1.3169563
7.2381907
-5.2194033
2.9131749
1.3638953
-2.1256685
4.010683
3.9022937
-2.1815772
1.2663145
2.2504063
1.4635962
1.8085443
-6.4147024
0.33484137
-0.7483789
-5.6394873
0.31641725
-4.3009787
-1.2582475
2.586044
-0.7661013
-5.533719
0.01596984
2.6372087
1.1626602
-0.14982124
3.319756
-2.5218482
4.11245
2.9813397
-0.0
-0.26169106
11.688452
-4.64232
5.5332623
-0.77017295
-0.27781835
-7.397588
-7.531034
4.7562466
2.0860841
-3.9204476
6.9282517
5.555311
-0.13868193
-6.4024806
0.5756133
-1.4915228
-1.0471781
3.673017
-6.841495
3.9047058
-0.6480111
9.470746
0.8747654
0.5743628
-0.04288209
4.91577
11.3861065
-2.706248
3.735984
1.2209158
5.958094
3.119331
-2.6718724
4.8513093
6.896672
-4.108009
1.9541537
-6.216936
-7.1081023
-0.1285628
1.4982034
-0.59496504
6.444911
1.6145053
-5.1266236
-1.8107854
6.029763
5.5260487
-1.9711692
1.7705344
-1.415696
0.7447689
1.0096198
-1.0091453
-3.4477837
-3.2837129
-0.3960599
3.2717035
-4.9654627
0.14481704
-3.4242346
6.5639806
1.4352161
3.187785
4.662133
-4.1575794
1.9658114
-4.2456408
1.3966002
2.5853016
3.7156043
-1.5371054
1.2433181
-6.3061094
-3.7427232
-0.124198414
1.4334352
-1.7442966
1.515891
-3.395691
0.953176
0.37227863
4.3515105
-0.14313798
2.808595
-3.399953
-2.1962156
0.92854017
-7.6608663
1.1762664
1.539022
3.4971414
-0.96414393
-0.5724154
-9.538731
0.18173204
-4.432816
-1.3512206
-0.9909631
0.08975719
0.43942806
2.0782597
2.4794755
-1.7395147
5.9553323
-2.642714
1.1080151
-2.0676432
-2.077211
-5.5945387
4.706362
3.613035
-3.6634707
-1.9703535
0.7331962
1.6081386
2.0786846
-4.4298472
6.960504
-3.0110562
-3.4455225
5.954472
-0.029899746
-0.036201946
-6.1876364
-1.7453636
-3.8243883
-3.2780247
-5.3466697
0.540715
-7.012163
0.055076353
-1.3385668
-7.405804
1.737843
4.052513
2.5500457
4.638055
-4.561052
1.1847172
-1.9058994
0.7790038
-0.30959487
6.056923
-2.8961694
-4.6353087
0.45848098
-0.06318779
0.109544076
-0.0026808006
-4.233864
-4.9787483
-1.5127511
-0.6280707
-1.0971934
1.7446833
0.05721827
-2.1818113
-0.743566
3.1442685
0.6607177
-1.4935844
2.7497935
-2.3905082
-4.3630724
0.03581191
-1.497145
4.008685
0.025750617
1.7470715
-2.2388346
-1.0120888
-1.6353996
-0.5496857
-0.6981793
-4.707047
-4.310032
4.599976
-0.14267543
0.5800049
0.2584818
-0.9331809
4.2413306
0.18536492
-0.90998346
0.32771027
-0.30002943
1.2554842
3.8163176
-1.7944674
-0.9176306
3.0598571
-0.11185892
0.0
0.7226599
9.97917
-5.299931
3.474497
0.6739545
-6.587778
2.9628782
-5.8567953
0.8567073
-2.7240994
8.807756
-2.6337097
4.9148417
3.7419238
-9.334021
0.9274095
-1.1760919
-7.333673
0.5876874
0.31438145
-0.678229
0.82654685
3.7702045
-3.2820232
5.6845202
-2.0387995
-3.0690806
4.4170656
3.395576
-1.1294706
-6.2536893
10.999326
1.4387182
0.5516709
-7.854635
-8.608906
-6.68286
-9.421459
2.332801
2.6353843
1.024981
-3.9975598
-0.22616352
3.9856458
1.3740227
3.9021306
1.1200229
-3.9403098
4.417357
5.5197783
-2.3355014
0.3842817
4.7459946
-3.2203984
-7.353122
-1.1234515
1.6862965
-1.6918224
-0.48136577
-1.8753488
2.4693367
2.845848
5.19372
-2.1647365
-2.7722056
-2.0168922
2.4536595
1.4438229
0.08413464
1.5383248
-0.563111
-8.801564
-0.2934648
-3.5955846
-5.9186683
1.7537962
1.7141353
6.6749144
-4.2861204
-1.4292248
-7.0104113
0.44748488
-2.3096385
9.58385
4.0131145
4.2301154
-1.7048781
-1.7768544
0.48427716
-4.7757826
-6.2837253
-2.241635
8.009315
-3.421682
2.3793216
-2.8685193
2.683264
2.538095
4.3473544
3.7443695
-2.7596142
-1.1920229
1.8977073
-0.07412537
-4.2285166
4.434985
-1.4604532
-2.8234847
4.7300706
0.7920824
1.0757792
-8.385568
1.1582016
-0.0025637362
-5.6033645
-1.7629553
3.0741975
0.04789125
-1.6030947
2.2516243
3.2986429
-0.17386347
-4.9435983
-1.0472957
-2.6792014
-4.0796437
-0.4976417
0.85243267
3.1405263
0.30390552
-0.013788916
-1.7881439
0.6172922
-2.4869053
6.219113
-1.6824003
0.56394345
2.097792
0.44585612
1.2557634
-4.6957107
-5.7436237
-3.751623
1.7341897
-4.1746073
-1.7213457
-3.667356
1.7930434
0.28172952
-4.0408726
3.56432
1.8696167
1.5398953
-6.6931095
-0.11273794
-0.89613855
-1.7946475
0.754264
-2.932308
0.24447152
-3.137028
-0.3802631
0.344931
-4.5519257
2.1006925
-0.08543651
-1.0181594
-3.4273582
-1.3989193
1.7350949
0.07269944
3.5095177
-3.3245058
6.780369
2.2100065
1.1421484
-1.1005555
-6.697837
-0.7048111
0.050981924
-1.6732596
-0.1941058
3.1508472
5.7468677
2.0905135
-4.004327
2.9156842
-2.289108
0.4482977
-0.33873296
-0.041079395
-0.99836063
-0.47364643
-1.6663322
-0.75254756
1.4224014
1.0632659
-1.1098914
-1.3694423
1.1101506
-0.75636405
0.38557726
-1.0602126
-0.44283414
-1.3768737
0.134329
-0.9179752
-0.7822111
0.4450849
0.74763167
0.7750473
-0.3733685
0.8005172
0.85598326
-0.5132589
1.6569661
2.4160085
-0.5939856
-0.82344246
0.48755482
0.66123027
-0.20444453
0.08849597
0.33797523
0.14324406
0.032340985
0.53345484
-1.0774192
-0.15766858
-0.4780089
-0.62546563
0.5298933
-0.42930982
0.33864656
-0.43058679
0.002105294
-0.20201194
-0.62791455
-0.19233766
-2.3520885
-0.9776964
0.13844453
0.40470615
0.89916164
0.11298616
-0.73963845
1.0253417
-0.17120558
-0.18051492
0.1993865
0.44682953
0.7265746
-0.0020001254
-0.33471957
-0.9294687
0.40000227
-0.46847647
0.88453853
0.03997918
0.41557354
0.86288506
-0.10410498
0.34573013
-0.5243666
0.39213073
0.5602799
-0.71013165
-0.925205
-0.4273372
-0.1868821
-0.9457451
-0.34989023
-0.025229717
0.66481113
0.28823084
-0.2987832
-0.026099572
0.45745495
0.74607617
0.24095467
0.57503456
-0.10655209
0.75395924
0.07857323
0.5436778
-0.46324065
0.40134695
0.5510257
1.3209935
0.029675791
0.7169188
0.52444315
0.8143609
-0.6345894
1.8553708
0.0680732
0.5543633
-0.97763395
-0.31925306
-0.0
-4.6481977
0.75685245
1.2413093
2.2163742
-2.3372855
-0.7453665
1.0007344
-0.7891689
0.6530106
-3.2580385
1.3267336
0.84017456
2.1707468
-0.6517841
-2.6190526
0.71696717
-2.8356042
-1.6446323
-0.043745827
-0.034416985
0.6178494
-1.2510878
1.5117334
-1.1186535
0.09153696
1.5898752
0.7107393
1.0948614
-0.51945066
-0.2554739
-0.6149834
-0.52664065
-0.8658252
0.017395237
0.025165334
-0.072054364
-0.1539804
0.8458381
1.696102
0.08618798
0.69562304
0.14544119
-1.0725542
1.9679004
-1.0007732
2.5377328
-0.33456743
2.4576797
-0.16324505
0.61333126
-1.5206846
0.37014025
-0.49390095
1.7165837
0.3767244
2.3254344
-0.8829589
0.54310805
0.049413856
-1.2210332
-1.4583725
-1.2267104
0.20454404
1.031411
1.0334172
1.5085132
0.69566727
-0.26358956
1.7010802
0.9551339
0.45513955
-0.5791109
-2.1476994
-0.17682981
-0.47133875
-0.81624377
0.9514967
0.82109916
1.2752134
-0.10210736
0.6765128
1.4592948
1.7157042
-0.10487754
-0.4406761
-2.7134664
0.01312371
0.93096936
0.017972875
2.2325647
1.4280158
1.4850016
-1.0920063
-0.17191975
0.31513444
0.38599318
-0.72135365
-0.8143234
0.8282875
-0.2527388
-0.22539036
0.28074902
-0.80334747
0.40605855
-0.74803126
0.849408
-1.2722957
0.6258323
-0.5473375
0.6636844
1.7145156
0.59753436
-0.13766654
-0.009902214
-0.8184881
1.0944034
0.06637138
-0.45341074
-0.46011734
0.40999198
1.4625181
0.40306255
-0.3152158
0.35837063
0.9505638
-0.20976663
-0.77750665
0.22619078
-0.63950247
1.3792572
0.50689083
-0.6833234
-0.31574178
-0.3512857
0.58984894
-0.8245686
-0.31908855
-0.8341955
0.8604364
0.9567268
-0.93750703
-0.59501034
-0.58833545
0.8820799
-0.26809117
0.08800806
-1.4881022
-0.010751751
-0.33125117
1.9474062
0.005701199
-0.40827852
0.6330172
-0.8730144
0.930109
-0.69351494
0.5970281
0.5652856
1.5889223
0.22253715
-0.5582712
-1.1786772
0.33582237
0.6653097
-0.7027185
-0.45643714
0.5380345
0.6240256
2.2535481
-0.5409607
1.4491663
-0.87296945
1.2138431
-0.17895122
0.079729676
0.58749884
0.14823493
-0.26011932
0.36935645
1.7795812
0.43031684
0.5165833
0.5905707
-1.1548806
1.315676
0.18662807
2.0587473
-0.394564
0.101730734
-0.081799366
0.03799942
0.06548359
0.041041497
2.284989
-0.18086754
-1.6537846
-0.8811124
-0.6095948
-0.9054864
-0.36594248
0.64535886
0.803771
-0.30794224
1.3289993
1.2725416
-1.6396642
0.15139386
-0.94626576
-0.034808535
0.9944635
1.4040036
0.023411654
-0.1967519
-0.47764236
-0.5328457
0.54225755
0.10788642
-0.8657983
1.0991478
0.076459214
-0.6603605
1.3530835
0.011204852
-1.9526992
0.67068833
0.283619
0.6226624
-1.5539007
-0.96799403
-0.88105667
-0.11612073
0.41758952
-0.18927085
0.40895042
-0.22067982
1.2031832
-0.0020906301
-0.96320015
-0.82589364
-0.74222666
-1.0504807
0.07722562
-1.6589395
0.9085243
0.8060328
0.24001497
-0.69904447
0.95904285
1.3036453
-0.73023236
-0.14293313
0.36571106
0.20428011
0.0993072
0.29886955
-0.14175431
0.21272907
-0.6580434
0.46411842
-0.4969928
0.73515826
-0.37906802
-0.54729456
0.7067374
-0.068686076
-0.398913
-0.50465214
0.014034258
0.42935154
0.5958734
0.48614007
-0.34997547
-0.0220307
0.052919358
-0.7612648
-0.050435614
0.66694015
0.7505415
0.6674332
-0.57200444
0.026141575
-0.5487631
0.09717884
-0.0369873
-0.22919323
0.023646673
0.5861193
-0.7040884
-0.15358949
0.57027197
-0.38855246
-0.38226208
-0.7367012
0.4765275
2.0469306
-1.1941566
0.7588722
-0.5829104
-0.0037360573
0.0
-0.25828987
-0.035334054
2.2907655
-1.651468
-2.4010434
-0.053748414
-1.4015492
-0.74903095
0.21552482
0.11143434
0.37845773
3.9254358
-1.471797
-0.7993032
0.32822764
2.0714858
1.9363227
1.1810544
-2.3263478
3.3837745
-0.9560514
2.042795
-0.15321845
1.417834
0.69997704
0.5735956
-0.97599626
-1.5204728
2.6902015
2.1469715
-1.4027599
1.3097401
0.7923558
0.3100885
-1.0860703
1.0657487
0.15166709
-0.37149334
-0.7341278
0.3879134
-0.61974967
1.2205558
-1.3082966
-0.909566
-1.794694
-1.0786368
0.21573508
0.13432305
-0.6573401
-0.14305419
-0.25773445
0.22922687
-0.73071253
-0.67701167
-0.9155645
0.12367793
1.8975235
0.6438419
-1.9517934
-1.3912297
-3.4452553
0.07171685
-0.77359366
-0.42470962
-0.60421664
0.29056418
2.6301644
0.7646381
0.55852586
-1.1670252
0.18242483
-1.0599568
-1.3382181
-0.7354847
0.039836
-0.81328547
-0.21506986
-0.44455823
2.544429
0.60279375
-0.22177514
0.8765992
-1.120889
0.6841531
0.03153829
-1.1298484
-1.0322808
0.18506028
0.04534322
0.72583455
0.9732548
1.0906494
-1.1719273
1.4660033
-1.3802648
-0.073768355
-1.0885626
0.48345265
0.41526747
-1.1760627
0.08341949
1.3991929
0.5161127
-0.3096288
-0.03920597
-1.3373011
0.9370061
-0.24941273
0.3551498
-0.41217342
-0.60402846
-1.2027404
-0.97010666
1.7009909
-0.82661676
0.26427838
1.0219796
0.8047364
0.52476317
0.16958547
-1.6455178
0.0743534
-0.74718755
-0.05702335
0.22914587
0.9962834
-0.2408456
-1.0956126
-0.6027364
-0.9863389
-1.1382443
-1.3450773
0.18183148
0.32301316
0.47636023
0.6303141
-0.8883341
-0.48714668
1.0881505
-0.47458154
2.2103493
0.25810918
0.10263929
0.33760488
0.7328855
-1.3033774
-0.60711855
-0.19984084
1.6564642
0.5460899
0.2921157
-0.9025858
0.7504969
-0.5867205
-1.783224
-0.7487327
-1.7056844
-0.3697834
0.69827235
0.002410143
1.3785189
0.13933142
0.27996156
-1.13703
0.37685785
1.1667802
0.3683577
1.2558855
-1.3219924
0.12777488
1.0937608
-1.1254271
1.1969084
-0.6102484
0.3809113
-0.8900173
0.41395718
0.7425659
0.06283417
0.20091762
-0.4211902
0.6289115
0.07266023
-0.21742332
0.36146912
-1.6958166
-0.097620726
0.046993863
0.9724704
-0.09116833
0.22711025
-1.5570365
0.5196238
0.39368492
-0.5136548
2.7214253
1.2638537
0.72110665
-0.7702841
-2.121417
-0.6705811
-0.67659646
-0.73094475
0.5228128
-0.079931006
-0.7392387
0.43139303
-0.7588322
-0.6608581
0.925308
-0.67522407
-0.37713552
-0.66555494
1.0136348
0.25652987
1.363278
-0.52706915
-0.47786272
0.6088339
-1.1792804
0.94299775
0.44616055
0.2072296
-0.5704024
1.353423
0.328851
-1.0737293
1.9639355
-1.514695
0.5240748
0.51650506
0.111060016
1.0297647
0.33791408
1.1985515
0.5837851
-0.006690108
-1.2040104
1.202848
0.72493976
0.9807796
0.030749964
-1.5356605
1.1449782
-0.9907813
-0.12614976
0.47969058
1.0091876
0.95150506
-0.09698602
0.057668183
-0.75276554
0.5434901
0.07910919
0.7778095
-0.50132304
0.43176898
0.19465977
1.05967
0.4440174
-0.19712542
-0.27830145
-0.07131712
-0.26696882
0.06289953
0.51545036
0.9727616
-0.5988027
-0.1847904
-0.9664892
0.025975456
-0.69000655
0.12816378
-0.13101144
0.06888827
-0.29214618
0.8085432
-0.100678004
0.21375309
0.31241634
-0.69695985
0.181704
-0.4596821
-0.39709795
0.19811065
0.3436676
-0.139601
-0.10887023
-0.08695129
0.18512507
0.09458841
-0.1950294
-0.46622822
-0.16344123
0.65676
-0.65474117
1.2571766
-0.73053825
-0.42797405
0.0
-1.9336889
-1.5354948
-0.08320201
0.34204733
-1.735156
1.2849314
2.4732783
-2.2847373
-1.5040085
0.1791961
-0.619666
-1.248988
-1.6052953
0.54360104
1.7268932
-0.6565187
1.0181158
-1.2742715
-0.043474123
1.2235721
0.1016704
-0.53059006
-1.1065079
1.7800422
2.0941308
-1.33671
0.1497979
1.8066226
-1.5430689
1.8144976
-1.9765006
2.1685522
-1.866745
-0.42703423
0.19891723
1.5577387
-0.74747366
0.9835798
1.5491252
0.5006929
-1.0438232
-0.5785051
-1.8016331
-0.39535064
-1.3004711
1.338523
-1.212086
0.42363998
0.27887654
-0.45117316
-0.4740431
-0.2491567
0.88621527
-0.6471477
1.6899337
-0.045178913
1.6647341
0.6651587
0.35060498
0.76820046
1.7146813
2.2378416
-1.6443145
0.2776996
-2.2875473
-1.1740621
0.4148316
-1.3654971
0.0169848
0.07947118
0.67115533
-0.3314865
0.05002388
1.4918348
0.6220996
1.6994579
0.16611673
0.37754732
1.6624774
0.24877633
0.058747847
-0.24182431
-0.09128273
-1.6077123
-0.4286425
1.314418
-0.2038622
0.19287346
-0.5433137
-0.90981096
-1.0228912
-0.5424858
0.56092507
-0.9639199
-0.26111135
0.088815905
-0.86554754
-1.9817674
1.4362206
-0.8151759
-0.4525624
-0.16699885
0.39671385
-0.28446588
0.5730559
-0.3540583
-1.1207825
-0.67122155
-0.07070428
1.6542486
1.5134013
0.52059275
-0.74921125
1.3602601
-1.4699111
0.015497888
-0.8890397
-0.102422826
0.39565274
0.18634386
-1.2605256
-1.3144219
-0.5361409
-0.647497
0.9458347
0.69121534
-0.3033998
-0.9067405
-0.9277685
0.5280845
-0.5765798
-1.0376968
-2.095307
-0.9182964
1.6848505
-0.69136703
0.5476543
-0.49962905
0.86328113
-0.95036685
0.7653157
-0.10928932
0.81950766
-1.4903067
-1.4261751
-0.29297173
0.8327127
-0.34072024
-0.51433104
1.1114688
-0.5587754
-2.009288
0.019306669
-0.5332075
1.2184687
-0.7437278
-0.5682458
1.2109449
-0.58514965
-0.18310355
-2.0843892
-1.0014945
0.20448019
-0.118401624
1.3991392
1.584386
0.57921016
0.8218375
-1.5215087
1.2688898
0.6924462
1.2540748
-0.6302394
-0.45744616
0.79389346
1.0966307
-0.4777971
0.28504652
-0.6196212
-1.6678113
0.5228785
-0.5709233
-0.9366079
-0.3658667
-1.0667026
-2.1778092
0.5355307
-0.60464025
-0.4718165
-0.44826895
0.5066149
-1.4625251
0.6342979
0.22970189
-0.0
-0.8712752
-1.2977705
0.4821959
0.9418446
-1.0439034
0.69403505
-2.477172
-2.8714757
2.5067928
0.7093222
0.5910535
1.790163
0.44795027
0.054089263
0.041011263
1.5866307
-0.19960646
-1.0115346
0.87691474
-0.4940401
1.1546391
-0.62455493
0.38661474
-0.31867683
-0.3439696
-2.1357365
0.1818017
-0.10408304
-0.39364174
0.65696406
0.8489887
2.9026473
1.0567298
0.3355489
0.6321559
3.3902066
0.29316992
-0.72326964
-0.89459485
-0.11526355
1.8844025
-0.20495744
0.39280608
0.43429276
2.083976
0.430576
0.10823561
-0.11281911
-0.57694215
-0.4223267
-0.68081915
-0.43280575
0.1485009
-0.4627791
-1.231176
-0.56203693
-1.2164974
0.052250005
-0.535828
0.5664302
-0.20793353
-1.4775862
-0.50305635
0.34226328
0.6443401
1.2206105
-0.7840954
0.9588362
-0.06691196
0.7561991
1.3235754
0.21215482
0.18981141
1.1098146
-2.167962
0.40778908
-0.5188826
-1.5253115
0.70372313
1.3661112
-0.10139335
0.33876777
0.12998731
0.6449699
-1.2242016
1.2185229
-1.1241677
-1.7217084
0.22208588
-2.7861927
0.14898136
-1.2751993
1.074893
-1.0259883
0.9880087
-0.94192374
-0.6535835
-1.5798397
1.8240381
-0.17078704
1.4156446
0.8713786
0.70128894
-1.074439
-0.006593475
0.36450225
-1.087549
0.73222
-0.3463386
-0.3457014
0.04447553
0.06854304
-0.3425089
0.22854576
0.46516523
-0.5000072
-0.03786631
-0.37179992
-0.12855987
1.484085
-0.56345254
-1.4534082
0.05100753
0.31560224
0.10250967
-1.2871644
-0.8660833
-1.297265
0.12857397
-0.8797783
1.4449588
-1.4070185
-0.5012589
-0.96607435
-2.2087724
-0.5907687
1.6380628
-0.22871864
-0.10005489
-0.9368364
-0.7248621
0.20714511
0.45396677
-0.30631796
0.6339988
0.8671686
0.12801717
0.3343991
0.038026683
-0.69599974
-0.9233414
-1.527691
0.5223142
-0.7548318
0.8858687
0.027154235
-0.049940713
-0.23948376
-0.11837961
1.3347269
2.4506636
-0.32022065
0.88647664
0.9450357
0.6045296
-0.30528906
0.19268353
-0.5403743
0.5733106
-0.43916383
1.0182737
-0.066836156
0.6066322
-0.20189777
0.623929
-0.26754072
-1.8948562
1.8723823
0.8351029
-1.2282798
0.3033784
0.017703865
0.97466034
0.5749094
0.86163497
0.16597325
-0.24746574
0.46950892
0.012315275
0.47125793
-0.16246673
0.102688245
1.093775
-0.5225673
0.0
1.8650376
0.05361189
-1.3678895
0.1504592
-0.70558804
-3.5147505
0.057752013
-4.067529
2.3220224
-1.1037722
2.1339593
-3.778556
1.9131069
-1.0113775
-1.6693017
1.0750097
-1.8477082
-0.5658611
0.20677628
0.7419976
-2.0216444
-0.029252755
-0.09981259
-0.582256
-0.71842396
0.3551084
1.3268478
1.973794
-0.7338167
-1.3711354
-1.2977879
-0.24704702
-0.014227066
-0.30505124
-1.0096312
-1.078272
-1.7451153
-2.7071323
-0.29714954
1.8838427
0.7667568
-0.6229417
0.7345664
2.2727187
-1.0662961
1.0425924
1.6472055
-0.28606963
1.3330799
2.5023658
0.5728906
1.5150313
1.6062889
1.2630284
-1.6887304
1.1232114
0.9793292
-1.4727196
-0.59908557
-1.2891983
0.3101729
1.3146607
-0.25498375
0.39657947
-0.43035817
-0.29467332
1.4637274
-0.10089939
0.46157604
0.9695874
0.23823625
-1.5074862
-0.7734975
-1.6421223
-1.2516094
-0.3463769
-1.440714
1.0745026
-0.84627515
0.3214552
-0.38490537
-0.15441005
-1.6446626
1.1979145
0.13327916
0.87303126
1.6775178
0.5641348
2.1732535
-0.758688
0.94279337
1.7275758
-0.08520672
2.7066202
-1.4974306
0.7902068
0.1867476
0.8602431
-0.028979093
0.31415853
-1.0537703
0.09374348
0.93163013
0.46926406
0.3460035
-0.34794393
-0.25150326
-1.0072037
0.94913656
-0.2289366
0.8920803
-3.0155091
0.7132747
-0.10890056
-1.3523892
0.29925013
-0.30283973
0.31538162
-1.0729603
-0.82508975
0.86527544
0.19737753
-0.19867113
-0.36576837
0.48658565
-0.84747237
-0.42552572
0.5051842
-0.90323335
-2.0958207
0.7422592
-0.5877179
0.31402513
0.73125035
0.25086492
-0.72487617
0.24205728
-0.46450698
0.038380373
1.0323898
0.37133512
0.18030377
-0.3503333
0.7408237
-0.28802368
0.22659548
0.6008932
0.67501545
0.61986923
0.6810919
0.26627335
1.9935123
0.3240114
0.39451653
-1.1262568
0.17523994
-0.2996276
0.11599838
-0.4441947
1.255566
-0.6251022
-0.23026778
0.43629247
-1.2924416
0.2962343
1.1508576
0.007427874
-1.71204
-0.44949394
-0.6232124
0.61465883
-0.44906622
-0.074071065
0.9285358
-1.392627
0.5227269
1.0180765
-0.70848143
-0.41548768
-1.0518261
0.06532018
1.0946428
0.33933118
-0.42363513
1.1189147
-1.3828022
-0.13656802
0.026014153
